<?xml version="1.0" encoding="UTF-8" standalone="no"?>
<Clusters>
   <Cluster size="20">
      <Item iri="http://www.co-ode.org/ontologies/amino-acid/2006/05/18/amino-acid.owl#C"/>
      <Item iri="http://www.co-ode.org/ontologies/amino-acid/2006/05/18/amino-acid.owl#D"/>
      <Item iri="http://www.co-ode.org/ontologies/amino-acid/2006/05/18/amino-acid.owl#A"/>
      <Item iri="http://www.co-ode.org/ontologies/amino-acid/2006/05/18/amino-acid.owl#V"/>
      <Item iri="http://www.co-ode.org/ontologies/amino-acid/2006/05/18/amino-acid.owl#W"/>
      <Item iri="http://www.co-ode.org/ontologies/amino-acid/2006/05/18/amino-acid.owl#Y"/>
      <Item iri="http://www.co-ode.org/ontologies/amino-acid/2006/05/18/amino-acid.owl#T"/>
      <Item iri="http://www.co-ode.org/ontologies/amino-acid/2006/05/18/amino-acid.owl#S"/>
      <Item iri="http://www.co-ode.org/ontologies/amino-acid/2006/05/18/amino-acid.owl#R"/>
      <Item iri="http://www.co-ode.org/ontologies/amino-acid/2006/05/18/amino-acid.owl#Q"/>
      <Item iri="http://www.co-ode.org/ontologies/amino-acid/2006/05/18/amino-acid.owl#P"/>
      <Item iri="http://www.co-ode.org/ontologies/amino-acid/2006/05/18/amino-acid.owl#N"/>
      <Item iri="http://www.co-ode.org/ontologies/amino-acid/2006/05/18/amino-acid.owl#M"/>
      <Item iri="http://www.co-ode.org/ontologies/amino-acid/2006/05/18/amino-acid.owl#L"/>
      <Item iri="http://www.co-ode.org/ontologies/amino-acid/2006/05/18/amino-acid.owl#K"/>
      <Item iri="http://www.co-ode.org/ontologies/amino-acid/2006/05/18/amino-acid.owl#I"/>
      <Item iri="http://www.co-ode.org/ontologies/amino-acid/2006/05/18/amino-acid.owl#H"/>
      <Item iri="http://www.co-ode.org/ontologies/amino-acid/2006/05/18/amino-acid.owl#G"/>
      <Item iri="http://www.co-ode.org/ontologies/amino-acid/2006/05/18/amino-acid.owl#F"/>
      <Item iri="http://www.co-ode.org/ontologies/amino-acid/2006/05/18/amino-acid.owl#E"/>
      <Generalisations>
         <Generalisation axiom=" DisjointClasses: set(?AminoAcid.VALUES)" count="2" instantiationStats="?AminoAcid count: 20">
            <Axiom axiom=" DisjointClasses: A, C, D, E, F, G, I, K, L, M, N, P, Q, R, S, T, V, W, Y"/>
            <Axiom axiom=" DisjointClasses: A, C, D, E, F, G, H, I, K, L, M, N, P, Q, R, S, T, V, W, Y"/>
         </Generalisation>
         <Generalisation axiom="?AminoAcid_2 EquivalentTo ?AminoAcid_disjunction" count="1" instantiationStats="?AminoAcid count: 20; ?AminoAcid_2 count: 1">
            <Axiom axiom="AminoAcid EquivalentTo A or C or D or E or F or G or H or I or K or L or M or N or P or Q or R or S or T or V or W or Y"/>
         </Generalisation>
         <Generalisation axiom="?AminoAcid SubClassOf ?cluster_3 some ?PhysicoChemicalProperty" count="100" instantiationStats="?AminoAcid count: 20; ?PhysicoChemicalProperty count: 12; ?cluster_3 count: 5">
            <Axiom axiom="G SubClassOf hasSize some Tiny"/>
            <Axiom axiom="P SubClassOf hasHydrophobicity some Hydrophobic"/>
            <Axiom axiom="F SubClassOf hasSideChainStructure some Aromatic"/>
            <Axiom axiom="L SubClassOf hasCharge some Neutral"/>
            <Axiom axiom="S SubClassOf hasPolarity some Polar"/>
            <Axiom axiom="D SubClassOf hasHydrophobicity some Hydrophilic"/>
            <Axiom axiom="I SubClassOf hasPolarity some Non-Polar"/>
            <Axiom axiom="D SubClassOf hasPolarity some Polar"/>
            <Axiom axiom="W SubClassOf hasHydrophobicity some Hydrophobic"/>
            <Axiom axiom="F SubClassOf hasHydrophobicity some Hydrophobic"/>
            <Axiom axiom="K SubClassOf hasSideChainStructure some Aliphatic"/>
            <Axiom axiom="H SubClassOf hasHydrophobicity some Hydrophilic"/>
            <Axiom axiom="V SubClassOf hasHydrophobicity some Hydrophobic"/>
            <Axiom axiom="A SubClassOf hasSize some Tiny"/>
            <Axiom axiom="V SubClassOf hasPolarity some Non-Polar"/>
            <Axiom axiom="E SubClassOf hasSize some Small"/>
            <Axiom axiom="R SubClassOf hasSideChainStructure some Aliphatic"/>
            <Axiom axiom="W SubClassOf hasSideChainStructure some Aromatic"/>
            <Axiom axiom="C SubClassOf hasHydrophobicity some Hydrophobic"/>
            <Axiom axiom="Y SubClassOf hasSideChainStructure some Aromatic"/>
            <Axiom axiom="S SubClassOf hasSize some Tiny"/>
            <Axiom axiom="M SubClassOf hasSize some Large"/>
            <Axiom axiom="R SubClassOf hasPolarity some Polar"/>
            <Axiom axiom="Q SubClassOf hasPolarity some Polar"/>
            <Axiom axiom="N SubClassOf hasHydrophobicity some Hydrophilic"/>
            <Axiom axiom="M SubClassOf hasSideChainStructure some Aliphatic"/>
            <Axiom axiom="H SubClassOf hasSideChainStructure some Aromatic"/>
            <Axiom axiom="Q SubClassOf hasSideChainStructure some Aliphatic"/>
            <Axiom axiom="A SubClassOf hasPolarity some Non-Polar"/>
            <Axiom axiom="I SubClassOf hasSize some Large"/>
            <Axiom axiom="C SubClassOf hasSideChainStructure some Aliphatic"/>
            <Axiom axiom="E SubClassOf hasPolarity some Polar"/>
            <Axiom axiom="E SubClassOf hasCharge some Negative"/>
            <Axiom axiom="T SubClassOf hasHydrophobicity some Hydrophilic"/>
            <Axiom axiom="S SubClassOf hasHydrophobicity some Hydrophilic"/>
            <Axiom axiom="M SubClassOf hasHydrophobicity some Hydrophobic"/>
            <Axiom axiom="G SubClassOf hasHydrophobicity some Hydrophobic"/>
            <Axiom axiom="Y SubClassOf hasSize some Large"/>
            <Axiom axiom="F SubClassOf hasSize some Large"/>
            <Axiom axiom="S SubClassOf hasSideChainStructure some Aliphatic"/>
            <Axiom axiom="L SubClassOf hasSize some Large"/>
            <Axiom axiom="C SubClassOf hasSize some Small"/>
            <Axiom axiom="G SubClassOf hasPolarity some Non-Polar"/>
            <Axiom axiom="I SubClassOf hasCharge some Neutral"/>
            <Axiom axiom="K SubClassOf hasCharge some Positive"/>
            <Axiom axiom="H SubClassOf hasSize some Large"/>
            <Axiom axiom="Y SubClassOf hasPolarity some Polar"/>
            <Axiom axiom="Q SubClassOf hasHydrophobicity some Hydrophilic"/>
            <Axiom axiom="F SubClassOf hasCharge some Neutral"/>
            <Axiom axiom="S SubClassOf hasCharge some Neutral"/>
            <Axiom axiom="D SubClassOf hasSize some Small"/>
            <Axiom axiom="M SubClassOf hasCharge some Neutral"/>
            <Axiom axiom="T SubClassOf hasCharge some Neutral"/>
            <Axiom axiom="W SubClassOf hasSize some Large"/>
            <Axiom axiom="G SubClassOf hasCharge some Neutral"/>
            <Axiom axiom="A SubClassOf hasSideChainStructure some Aliphatic"/>
            <Axiom axiom="A SubClassOf hasCharge some Neutral"/>
            <Axiom axiom="N SubClassOf hasSize some Small"/>
            <Axiom axiom="Y SubClassOf hasHydrophobicity some Hydrophobic"/>
            <Axiom axiom="I SubClassOf hasHydrophobicity some Hydrophobic"/>
            <Axiom axiom="Q SubClassOf hasCharge some Neutral"/>
            <Axiom axiom="F SubClassOf hasPolarity some Non-Polar"/>
            <Axiom axiom="P SubClassOf hasSize some Small"/>
            <Axiom axiom="L SubClassOf hasPolarity some Non-Polar"/>
            <Axiom axiom="D SubClassOf hasSideChainStructure some Aliphatic"/>
            <Axiom axiom="R SubClassOf hasSize some Large"/>
            <Axiom axiom="E SubClassOf hasHydrophobicity some Hydrophilic"/>
            <Axiom axiom="N SubClassOf hasPolarity some Polar"/>
            <Axiom axiom="K SubClassOf hasHydrophobicity some Hydrophilic"/>
            <Axiom axiom="I SubClassOf hasSideChainStructure some Aliphatic"/>
            <Axiom axiom="V SubClassOf hasCharge some Neutral"/>
            <Axiom axiom="H SubClassOf hasCharge some Positive"/>
            <Axiom axiom="N SubClassOf hasSideChainStructure some Aliphatic"/>
            <Axiom axiom="V SubClassOf hasSize some Small"/>
            <Axiom axiom="T SubClassOf hasSize some Tiny"/>
            <Axiom axiom="L SubClassOf hasSideChainStructure some Aliphatic"/>
            <Axiom axiom="N SubClassOf hasCharge some Neutral"/>
            <Axiom axiom="W SubClassOf hasPolarity some Non-Polar"/>
            <Axiom axiom="K SubClassOf hasPolarity some Polar"/>
            <Axiom axiom="C SubClassOf hasCharge some Neutral"/>
            <Axiom axiom="L SubClassOf hasHydrophobicity some Hydrophobic"/>
            <Axiom axiom="H SubClassOf hasPolarity some Polar"/>
            <Axiom axiom="R SubClassOf hasHydrophobicity some Hydrophilic"/>
            <Axiom axiom="G SubClassOf hasSideChainStructure some Aliphatic"/>
            <Axiom axiom="Y SubClassOf hasCharge some Neutral"/>
            <Axiom axiom="C SubClassOf hasPolarity some Polar"/>
            <Axiom axiom="D SubClassOf hasCharge some Negative"/>
            <Axiom axiom="P SubClassOf hasSideChainStructure some Aliphatic"/>
            <Axiom axiom="K SubClassOf hasSize some Large"/>
            <Axiom axiom="E SubClassOf hasSideChainStructure some Aliphatic"/>
            <Axiom axiom="P SubClassOf hasPolarity some Non-Polar"/>
            <Axiom axiom="R SubClassOf hasCharge some Positive"/>
            <Axiom axiom="M SubClassOf hasPolarity some Non-Polar"/>
            <Axiom axiom="T SubClassOf hasPolarity some Polar"/>
            <Axiom axiom="A SubClassOf hasHydrophobicity some Hydrophobic"/>
            <Axiom axiom="W SubClassOf hasCharge some Neutral"/>
            <Axiom axiom="V SubClassOf hasSideChainStructure some Aliphatic"/>
            <Axiom axiom="P SubClassOf hasCharge some Neutral"/>
            <Axiom axiom="T SubClassOf hasSideChainStructure some Aliphatic"/>
            <Axiom axiom="Q SubClassOf hasSize some Large"/>
         </Generalisation>
         <Generalisation axiom="?AminoAcid.IRI ?cluster_4 &quot;?constant&quot;^^string" count="80" instantiationStats="?AminoAcid count: 20; ?constant count: 60; ?cluster_4 count: 4">
            <Axiom axiom="&lt;http://www.co-ode.org/ontologies/amino-acid/2006/05/18/amino-acid.owl#K&gt; label &quot;Lysine&quot;^^string"/>
            <Axiom axiom="&lt;http://www.co-ode.org/ontologies/amino-acid/2006/05/18/amino-acid.owl#G&gt; label &quot;glycine&quot;^^string"/>
            <Axiom axiom="&lt;http://www.co-ode.org/ontologies/amino-acid/2006/05/18/amino-acid.owl#S&gt; hasLongName &quot;Serine&quot;^^string"/>
            <Axiom axiom="&lt;http://www.co-ode.org/ontologies/amino-acid/2006/05/18/amino-acid.owl#Y&gt; hasSingleLetterName &quot;Y&quot;^^string"/>
            <Axiom axiom="&lt;http://www.co-ode.org/ontologies/amino-acid/2006/05/18/amino-acid.owl#G&gt; hasSingleLetterName &quot;G&quot;^^string"/>
            <Axiom axiom="&lt;http://www.co-ode.org/ontologies/amino-acid/2006/05/18/amino-acid.owl#C&gt; hasSingleLetterName &quot;C&quot;^^string"/>
            <Axiom axiom="&lt;http://www.co-ode.org/ontologies/amino-acid/2006/05/18/amino-acid.owl#P&gt; hasSingleLetterName &quot;P&quot;^^string"/>
            <Axiom axiom="&lt;http://www.co-ode.org/ontologies/amino-acid/2006/05/18/amino-acid.owl#Y&gt; label &quot;Tyrosine&quot;^^string"/>
            <Axiom axiom="&lt;http://www.co-ode.org/ontologies/amino-acid/2006/05/18/amino-acid.owl#Y&gt; hasShortName &quot;Tyr&quot;^^string"/>
            <Axiom axiom="&lt;http://www.co-ode.org/ontologies/amino-acid/2006/05/18/amino-acid.owl#F&gt; hasLongName &quot;Phenylalanine&quot;^^string"/>
            <Axiom axiom="&lt;http://www.co-ode.org/ontologies/amino-acid/2006/05/18/amino-acid.owl#E&gt; label &quot;Glutamate&quot;^^string"/>
            <Axiom axiom="&lt;http://www.co-ode.org/ontologies/amino-acid/2006/05/18/amino-acid.owl#C&gt; label &quot;Cysteine&quot;^^string"/>
            <Axiom axiom="&lt;http://www.co-ode.org/ontologies/amino-acid/2006/05/18/amino-acid.owl#T&gt; hasLongName &quot;Threonine&quot;^^string"/>
            <Axiom axiom="&lt;http://www.co-ode.org/ontologies/amino-acid/2006/05/18/amino-acid.owl#H&gt; hasShortName &quot;His&quot;^^string"/>
            <Axiom axiom="&lt;http://www.co-ode.org/ontologies/amino-acid/2006/05/18/amino-acid.owl#S&gt; label &quot;Serine&quot;^^string"/>
            <Axiom axiom="&lt;http://www.co-ode.org/ontologies/amino-acid/2006/05/18/amino-acid.owl#V&gt; hasSingleLetterName &quot;V&quot;^^string"/>
            <Axiom axiom="&lt;http://www.co-ode.org/ontologies/amino-acid/2006/05/18/amino-acid.owl#L&gt; hasSingleLetterName &quot;L&quot;^^string"/>
            <Axiom axiom="&lt;http://www.co-ode.org/ontologies/amino-acid/2006/05/18/amino-acid.owl#H&gt; hasLongName &quot;Histidine&quot;^^string"/>
            <Axiom axiom="&lt;http://www.co-ode.org/ontologies/amino-acid/2006/05/18/amino-acid.owl#N&gt; hasShortName &quot;Asn&quot;^^string"/>
            <Axiom axiom="&lt;http://www.co-ode.org/ontologies/amino-acid/2006/05/18/amino-acid.owl#S&gt; hasShortName &quot;Ser&quot;^^string"/>
            <Axiom axiom="&lt;http://www.co-ode.org/ontologies/amino-acid/2006/05/18/amino-acid.owl#W&gt; hasLongName &quot;Tryptophan&quot;^^string"/>
            <Axiom axiom="&lt;http://www.co-ode.org/ontologies/amino-acid/2006/05/18/amino-acid.owl#F&gt; hasShortName &quot;Phe&quot;^^string"/>
            <Axiom axiom="&lt;http://www.co-ode.org/ontologies/amino-acid/2006/05/18/amino-acid.owl#R&gt; hasLongName &quot;Arginine&quot;^^string"/>
            <Axiom axiom="&lt;http://www.co-ode.org/ontologies/amino-acid/2006/05/18/amino-acid.owl#V&gt; label &quot;Valine&quot;^^string"/>
            <Axiom axiom="&lt;http://www.co-ode.org/ontologies/amino-acid/2006/05/18/amino-acid.owl#D&gt; label &quot;Aspartate&quot;^^string"/>
            <Axiom axiom="&lt;http://www.co-ode.org/ontologies/amino-acid/2006/05/18/amino-acid.owl#M&gt; hasShortName &quot;Met&quot;^^string"/>
            <Axiom axiom="&lt;http://www.co-ode.org/ontologies/amino-acid/2006/05/18/amino-acid.owl#L&gt; label &quot;Leucine&quot;^^string"/>
            <Axiom axiom="&lt;http://www.co-ode.org/ontologies/amino-acid/2006/05/18/amino-acid.owl#V&gt; hasLongName &quot;Valine&quot;^^string"/>
            <Axiom axiom="&lt;http://www.co-ode.org/ontologies/amino-acid/2006/05/18/amino-acid.owl#F&gt; hasSingleLetterName &quot;F&quot;^^string"/>
            <Axiom axiom="&lt;http://www.co-ode.org/ontologies/amino-acid/2006/05/18/amino-acid.owl#Q&gt; hasSingleLetterName &quot;Q&quot;^^string"/>
            <Axiom axiom="&lt;http://www.co-ode.org/ontologies/amino-acid/2006/05/18/amino-acid.owl#C&gt; hasLongName &quot;Cysteine&quot;^^string"/>
            <Axiom axiom="&lt;http://www.co-ode.org/ontologies/amino-acid/2006/05/18/amino-acid.owl#T&gt; hasShortName &quot;Thr&quot;^^string"/>
            <Axiom axiom="&lt;http://www.co-ode.org/ontologies/amino-acid/2006/05/18/amino-acid.owl#D&gt; hasShortName &quot;Asp&quot;^^string"/>
            <Axiom axiom="&lt;http://www.co-ode.org/ontologies/amino-acid/2006/05/18/amino-acid.owl#M&gt; hasLongName &quot;Methionine&quot;^^string"/>
            <Axiom axiom="&lt;http://www.co-ode.org/ontologies/amino-acid/2006/05/18/amino-acid.owl#Q&gt; hasShortName &quot;Gln&quot;^^string"/>
            <Axiom axiom="&lt;http://www.co-ode.org/ontologies/amino-acid/2006/05/18/amino-acid.owl#N&gt; hasLongName &quot;Asparagine&quot;^^string"/>
            <Axiom axiom="&lt;http://www.co-ode.org/ontologies/amino-acid/2006/05/18/amino-acid.owl#N&gt; label &quot;Asparagine&quot;^^string"/>
            <Axiom axiom="&lt;http://www.co-ode.org/ontologies/amino-acid/2006/05/18/amino-acid.owl#L&gt; hasShortName &quot;Leu&quot;^^string"/>
            <Axiom axiom="&lt;http://www.co-ode.org/ontologies/amino-acid/2006/05/18/amino-acid.owl#M&gt; label &quot;Methionine&quot;^^string"/>
            <Axiom axiom="&lt;http://www.co-ode.org/ontologies/amino-acid/2006/05/18/amino-acid.owl#E&gt; hasShortName &quot;glu&quot;^^string"/>
            <Axiom axiom="&lt;http://www.co-ode.org/ontologies/amino-acid/2006/05/18/amino-acid.owl#M&gt; hasSingleLetterName &quot;M&quot;^^string"/>
            <Axiom axiom="&lt;http://www.co-ode.org/ontologies/amino-acid/2006/05/18/amino-acid.owl#I&gt; hasShortName &quot;Ile&quot;^^string"/>
            <Axiom axiom="&lt;http://www.co-ode.org/ontologies/amino-acid/2006/05/18/amino-acid.owl#A&gt; hasLongName &quot;Alanine&quot;^^string"/>
            <Axiom axiom="&lt;http://www.co-ode.org/ontologies/amino-acid/2006/05/18/amino-acid.owl#V&gt; hasShortName &quot;Val&quot;^^string"/>
            <Axiom axiom="&lt;http://www.co-ode.org/ontologies/amino-acid/2006/05/18/amino-acid.owl#W&gt; hasSingleLetterName &quot;W&quot;^^string"/>
            <Axiom axiom="&lt;http://www.co-ode.org/ontologies/amino-acid/2006/05/18/amino-acid.owl#Q&gt; label &quot;Glutamine&quot;^^string"/>
            <Axiom axiom="&lt;http://www.co-ode.org/ontologies/amino-acid/2006/05/18/amino-acid.owl#E&gt; hasLongName &quot;Glutamate&quot;^^string"/>
            <Axiom axiom="&lt;http://www.co-ode.org/ontologies/amino-acid/2006/05/18/amino-acid.owl#I&gt; label &quot;Isoleucine&quot;^^string"/>
            <Axiom axiom="&lt;http://www.co-ode.org/ontologies/amino-acid/2006/05/18/amino-acid.owl#T&gt; hasSingleLetterName &quot;T&quot;^^string"/>
            <Axiom axiom="&lt;http://www.co-ode.org/ontologies/amino-acid/2006/05/18/amino-acid.owl#C&gt; hasShortName &quot;Cys&quot;^^string"/>
            <Axiom axiom="&lt;http://www.co-ode.org/ontologies/amino-acid/2006/05/18/amino-acid.owl#S&gt; hasSingleLetterName &quot;S&quot;^^string"/>
            <Axiom axiom="&lt;http://www.co-ode.org/ontologies/amino-acid/2006/05/18/amino-acid.owl#E&gt; hasSingleLetterName &quot;E&quot;^^string"/>
            <Axiom axiom="&lt;http://www.co-ode.org/ontologies/amino-acid/2006/05/18/amino-acid.owl#H&gt; hasSingleLetterName &quot;H&quot;^^string"/>
            <Axiom axiom="&lt;http://www.co-ode.org/ontologies/amino-acid/2006/05/18/amino-acid.owl#A&gt; hasShortName &quot;ala&quot;^^string"/>
            <Axiom axiom="&lt;http://www.co-ode.org/ontologies/amino-acid/2006/05/18/amino-acid.owl#P&gt; hasShortName &quot;Pro&quot;^^string"/>
            <Axiom axiom="&lt;http://www.co-ode.org/ontologies/amino-acid/2006/05/18/amino-acid.owl#P&gt; hasLongName &quot;Proline&quot;^^string"/>
            <Axiom axiom="&lt;http://www.co-ode.org/ontologies/amino-acid/2006/05/18/amino-acid.owl#Q&gt; hasLongName &quot;Glutamine&quot;^^string"/>
            <Axiom axiom="&lt;http://www.co-ode.org/ontologies/amino-acid/2006/05/18/amino-acid.owl#D&gt; hasLongName &quot;Aspartate&quot;^^string"/>
            <Axiom axiom="&lt;http://www.co-ode.org/ontologies/amino-acid/2006/05/18/amino-acid.owl#Y&gt; hasLongName &quot;Tyrosine&quot;^^string"/>
            <Axiom axiom="&lt;http://www.co-ode.org/ontologies/amino-acid/2006/05/18/amino-acid.owl#P&gt; label &quot;Proline&quot;^^string"/>
            <Axiom axiom="&lt;http://www.co-ode.org/ontologies/amino-acid/2006/05/18/amino-acid.owl#A&gt; label &quot;Alanine&quot;^^string"/>
            <Axiom axiom="&lt;http://www.co-ode.org/ontologies/amino-acid/2006/05/18/amino-acid.owl#F&gt; label &quot;Phenylalanine&quot;^^string"/>
            <Axiom axiom="&lt;http://www.co-ode.org/ontologies/amino-acid/2006/05/18/amino-acid.owl#K&gt; hasSingleLetterName &quot;K&quot;^^string"/>
            <Axiom axiom="&lt;http://www.co-ode.org/ontologies/amino-acid/2006/05/18/amino-acid.owl#T&gt; label &quot;Threonine&quot;^^string"/>
            <Axiom axiom="&lt;http://www.co-ode.org/ontologies/amino-acid/2006/05/18/amino-acid.owl#K&gt; hasShortName &quot;Lys&quot;^^string"/>
            <Axiom axiom="&lt;http://www.co-ode.org/ontologies/amino-acid/2006/05/18/amino-acid.owl#I&gt; hasLongName &quot;Isoleucine&quot;^^string"/>
            <Axiom axiom="&lt;http://www.co-ode.org/ontologies/amino-acid/2006/05/18/amino-acid.owl#R&gt; hasShortName &quot;Arg&quot;^^string"/>
            <Axiom axiom="&lt;http://www.co-ode.org/ontologies/amino-acid/2006/05/18/amino-acid.owl#R&gt; label &quot;Arginine&quot;^^string"/>
            <Axiom axiom="&lt;http://www.co-ode.org/ontologies/amino-acid/2006/05/18/amino-acid.owl#K&gt; hasLongName &quot;Lysine&quot;^^string"/>
            <Axiom axiom="&lt;http://www.co-ode.org/ontologies/amino-acid/2006/05/18/amino-acid.owl#D&gt; hasSingleLetterName &quot;D&quot;^^string"/>
            <Axiom axiom="&lt;http://www.co-ode.org/ontologies/amino-acid/2006/05/18/amino-acid.owl#W&gt; hasShortName &quot;Trp&quot;^^string"/>
            <Axiom axiom="&lt;http://www.co-ode.org/ontologies/amino-acid/2006/05/18/amino-acid.owl#I&gt; hasSingleLetterName &quot;I&quot;^^string"/>
            <Axiom axiom="&lt;http://www.co-ode.org/ontologies/amino-acid/2006/05/18/amino-acid.owl#L&gt; hasLongName &quot;Leucine&quot;^^string"/>
            <Axiom axiom="&lt;http://www.co-ode.org/ontologies/amino-acid/2006/05/18/amino-acid.owl#A&gt; hasSingleLetterName &quot;A&quot;^^string"/>
            <Axiom axiom="&lt;http://www.co-ode.org/ontologies/amino-acid/2006/05/18/amino-acid.owl#G&gt; hasLongName &quot;glycine&quot;^^string"/>
            <Axiom axiom="&lt;http://www.co-ode.org/ontologies/amino-acid/2006/05/18/amino-acid.owl#W&gt; label &quot;Tryptophan&quot;^^string"/>
            <Axiom axiom="&lt;http://www.co-ode.org/ontologies/amino-acid/2006/05/18/amino-acid.owl#R&gt; hasSingleLetterName &quot;R&quot;^^string"/>
            <Axiom axiom="&lt;http://www.co-ode.org/ontologies/amino-acid/2006/05/18/amino-acid.owl#G&gt; hasShortName &quot;gly&quot;^^string"/>
            <Axiom axiom="&lt;http://www.co-ode.org/ontologies/amino-acid/2006/05/18/amino-acid.owl#N&gt; hasSingleLetterName &quot;N&quot;^^string"/>
            <Axiom axiom="&lt;http://www.co-ode.org/ontologies/amino-acid/2006/05/18/amino-acid.owl#H&gt; label &quot;Histidine&quot;^^string"/>
         </Generalisation>
         <Generalisation axiom="?AminoAcid SubClassOf ?AminoAcid_2" count="20" instantiationStats="?AminoAcid count: 20; ?AminoAcid_2 count: 1">
            <Axiom axiom="S SubClassOf AminoAcid"/>
            <Axiom axiom="P SubClassOf AminoAcid"/>
            <Axiom axiom="R SubClassOf AminoAcid"/>
            <Axiom axiom="W SubClassOf AminoAcid"/>
            <Axiom axiom="D SubClassOf AminoAcid"/>
            <Axiom axiom="I SubClassOf AminoAcid"/>
            <Axiom axiom="H SubClassOf AminoAcid"/>
            <Axiom axiom="C SubClassOf AminoAcid"/>
            <Axiom axiom="Q SubClassOf AminoAcid"/>
            <Axiom axiom="E SubClassOf AminoAcid"/>
            <Axiom axiom="V SubClassOf AminoAcid"/>
            <Axiom axiom="M SubClassOf AminoAcid"/>
            <Axiom axiom="A SubClassOf AminoAcid"/>
            <Axiom axiom="G SubClassOf AminoAcid"/>
            <Axiom axiom="K SubClassOf AminoAcid"/>
            <Axiom axiom="Y SubClassOf AminoAcid"/>
            <Axiom axiom="N SubClassOf AminoAcid"/>
            <Axiom axiom="L SubClassOf AminoAcid"/>
            <Axiom axiom="F SubClassOf AminoAcid"/>
            <Axiom axiom="T SubClassOf AminoAcid"/>
         </Generalisation>
      </Generalisations>
   </Cluster>
   <Cluster size="13">
      <Item iri="http://www.co-ode.org/ontologies/amino-acid/2009/02/16/amino-acid.owl#SmallChargedPolarAminoAcid"/>
      <Item iri="http://www.co-ode.org/ontologies/amino-acid/2009/02/16/amino-acid.owl#SmallNonPolarAliphaticAminoAcid"/>
      <Item iri="http://www.co-ode.org/ontologies/amino-acid/2009/02/16/amino-acid.owl#SmallNonPolarAminoAcid"/>
      <Item iri="http://www.co-ode.org/ontologies/amino-acid/2009/02/16/amino-acid.owl#SmallPositiveAminoAcid"/>
      <Item iri="http://www.co-ode.org/ontologies/amino-acid/2009/02/16/amino-acid.owl#LargeChargedAminoAcid"/>
      <Item iri="http://www.co-ode.org/ontologies/amino-acid/2009/02/16/amino-acid.owl#SmallPolarAminoAcid"/>
      <Item iri="http://www.co-ode.org/ontologies/amino-acid/2009/02/16/amino-acid.owl#LargePositiveAliphaticAminoAcid"/>
      <Item iri="http://www.co-ode.org/ontologies/amino-acid/2009/02/16/amino-acid.owl#SmallChargedAminoAcid"/>
      <Item iri="http://www.co-ode.org/ontologies/amino-acid/2009/02/16/amino-acid.owl#SmallHydrophilicAminoAcid"/>
      <Item iri="http://www.co-ode.org/ontologies/amino-acid/2009/02/16/amino-acid.owl#SmallHydrophobicAminoAcid"/>
      <Item iri="http://www.co-ode.org/ontologies/amino-acid/2009/02/16/amino-acid.owl#SmallPolarAliphaticAminoAcid"/>
      <Item iri="http://www.co-ode.org/ontologies/amino-acid/2009/02/16/amino-acid.owl#tinyChargedAminoAcid"/>
      <Item iri="http://www.co-ode.org/ontologies/amino-acid/2009/02/16/amino-acid.owl#TinyNeutralAliphaticAminoAcid"/>
      <Generalisations>
         <Generalisation axiom="?cluster_1 EquivalentTo ?AminoAcid_1_conjunction" count="13" instantiationStats="?AminoAcid_1 count: 11; ?cluster_1 count: 13">
            <Axiom axiom="SmallChargedPolarAminoAcid EquivalentTo ChargedAminoAcid and PolarAminoAcid and SmallAminoAcid"/>
            <Axiom axiom="TinyNeutralAliphaticAminoAcid EquivalentTo AliphaticAminoAcid and NeutralChargedAminoAcid and TinyAminoAcid"/>
            <Axiom axiom="LargePositiveAliphaticAminoAcid EquivalentTo AliphaticAminoAcid and PositiveChargedAminoAcid and LargeAminoAcid"/>
            <Axiom axiom="SmallChargedAminoAcid EquivalentTo ChargedAminoAcid and SmallAminoAcid"/>
            <Axiom axiom="SmallHydrophobicAminoAcid EquivalentTo HydrophobicAminoAcid and SmallAminoAcid"/>
            <Axiom axiom="SmallNonPolarAminoAcid EquivalentTo Non-PolarAminoAcid and SmallAminoAcid"/>
            <Axiom axiom="SmallNonPolarAliphaticAminoAcid EquivalentTo AliphaticAminoAcid and Non-PolarAminoAcid and SmallAminoAcid"/>
            <Axiom axiom="tinyChargedAminoAcid EquivalentTo ChargedAminoAcid and TinyAminoAcid"/>
            <Axiom axiom="SmallPolarAliphaticAminoAcid EquivalentTo AliphaticAminoAcid and PolarAminoAcid and SmallAminoAcid"/>
            <Axiom axiom="SmallPolarAminoAcid EquivalentTo PolarAminoAcid and SmallAminoAcid"/>
            <Axiom axiom="SmallPositiveAminoAcid EquivalentTo PositiveChargedAminoAcid and SmallAminoAcid"/>
            <Axiom axiom="LargeChargedAminoAcid EquivalentTo ChargedAminoAcid and LargeAminoAcid"/>
            <Axiom axiom="SmallHydrophilicAminoAcid EquivalentTo HydrophilicAminoAcid and SmallAminoAcid"/>
         </Generalisation>
      </Generalisations>
   </Cluster>
   <Cluster size="12">
      <Item iri="http://www.co-ode.org/ontologies/amino-acid/2006/05/18/amino-acid.owl#Hydrophilic"/>
      <Item iri="http://www.co-ode.org/ontologies/amino-acid/2006/05/18/amino-acid.owl#Polar"/>
      <Item iri="http://www.co-ode.org/ontologies/amino-acid/2006/05/18/amino-acid.owl#Small"/>
      <Item iri="http://www.co-ode.org/ontologies/amino-acid/2006/05/18/amino-acid.owl#Positive"/>
      <Item iri="http://www.co-ode.org/ontologies/amino-acid/2006/05/18/amino-acid.owl#Negative"/>
      <Item iri="http://www.co-ode.org/ontologies/amino-acid/2006/05/18/amino-acid.owl#Aromatic"/>
      <Item iri="http://www.co-ode.org/ontologies/amino-acid/2006/05/18/amino-acid.owl#Neutral"/>
      <Item iri="http://www.co-ode.org/ontologies/amino-acid/2006/05/18/amino-acid.owl#Hydrophobic"/>
      <Item iri="http://www.co-ode.org/ontologies/amino-acid/2006/05/18/amino-acid.owl#Large"/>
      <Item iri="http://www.co-ode.org/ontologies/amino-acid/2006/05/18/amino-acid.owl#Tiny"/>
      <Item iri="http://www.co-ode.org/ontologies/amino-acid/2006/05/18/amino-acid.owl#Aliphatic"/>
      <Item iri="http://www.co-ode.org/ontologies/amino-acid/2006/05/18/amino-acid.owl#Non-Polar"/>
      <Generalisations>
         <Generalisation axiom="?cluster_5 EquivalentTo ?AminoAcid_2 and (?cluster_3 some ?PhysicoChemicalProperty)" count="3" instantiationStats="?AminoAcid_2 count: 1; ?PhysicoChemicalProperty count: 3; ?cluster_3 count: 3; ?cluster_5 count: 3">
            <Axiom axiom="TinyAromaticAminoAcid EquivalentTo AminoAcid and (hasSize some Tiny)"/>
            <Axiom axiom="AromaticAminoAcid EquivalentTo AminoAcid and (hasSideChainStructure some Aromatic)"/>
            <Axiom axiom="NegativeChargedAminoAcid EquivalentTo AminoAcid and (hasCharge some Negative)"/>
         </Generalisation>
         <Generalisation axiom="?AminoAcid_1 EquivalentTo ?AminoAcid_2 and (?cluster_3 some &#10;(?PhysicoChemicalProperty_disjunction))" count="1" instantiationStats="?AminoAcid_1 count: 1; ?AminoAcid_2 count: 1; ?PhysicoChemicalProperty count: 2; ?cluster_3 count: 1">
            <Axiom axiom="ChargedAminoAcid EquivalentTo AminoAcid and (hasCharge some &#10;(Negative or Positive))"/>
         </Generalisation>
         <Generalisation axiom=" DisjointClasses: set(?PhysicoChemicalProperty.VALUES)" count="6" instantiationStats="?PhysicoChemicalProperty count: 12">
            <Axiom axiom=" DisjointClasses: Large, Small, Tiny"/>
            <Axiom axiom="Aliphatic DisjointWith Aromatic"/>
            <Axiom axiom=" DisjointClasses: Negative, Neutral, Positive"/>
            <Axiom axiom="Non-Polar DisjointWith Polar"/>
            <Axiom axiom="Small DisjointWith Tiny"/>
            <Axiom axiom="Hydrophilic DisjointWith Hydrophobic"/>
         </Generalisation>
         <Generalisation axiom="?AminoAcid SubClassOf ?cluster_3 some ?PhysicoChemicalProperty" count="100" instantiationStats="?AminoAcid count: 20; ?PhysicoChemicalProperty count: 12; ?cluster_3 count: 5">
            <Axiom axiom="G SubClassOf hasSize some Tiny"/>
            <Axiom axiom="P SubClassOf hasHydrophobicity some Hydrophobic"/>
            <Axiom axiom="F SubClassOf hasSideChainStructure some Aromatic"/>
            <Axiom axiom="L SubClassOf hasCharge some Neutral"/>
            <Axiom axiom="S SubClassOf hasPolarity some Polar"/>
            <Axiom axiom="D SubClassOf hasHydrophobicity some Hydrophilic"/>
            <Axiom axiom="I SubClassOf hasPolarity some Non-Polar"/>
            <Axiom axiom="D SubClassOf hasPolarity some Polar"/>
            <Axiom axiom="W SubClassOf hasHydrophobicity some Hydrophobic"/>
            <Axiom axiom="F SubClassOf hasHydrophobicity some Hydrophobic"/>
            <Axiom axiom="K SubClassOf hasSideChainStructure some Aliphatic"/>
            <Axiom axiom="H SubClassOf hasHydrophobicity some Hydrophilic"/>
            <Axiom axiom="V SubClassOf hasHydrophobicity some Hydrophobic"/>
            <Axiom axiom="A SubClassOf hasSize some Tiny"/>
            <Axiom axiom="V SubClassOf hasPolarity some Non-Polar"/>
            <Axiom axiom="E SubClassOf hasSize some Small"/>
            <Axiom axiom="R SubClassOf hasSideChainStructure some Aliphatic"/>
            <Axiom axiom="W SubClassOf hasSideChainStructure some Aromatic"/>
            <Axiom axiom="C SubClassOf hasHydrophobicity some Hydrophobic"/>
            <Axiom axiom="Y SubClassOf hasSideChainStructure some Aromatic"/>
            <Axiom axiom="S SubClassOf hasSize some Tiny"/>
            <Axiom axiom="M SubClassOf hasSize some Large"/>
            <Axiom axiom="R SubClassOf hasPolarity some Polar"/>
            <Axiom axiom="Q SubClassOf hasPolarity some Polar"/>
            <Axiom axiom="N SubClassOf hasHydrophobicity some Hydrophilic"/>
            <Axiom axiom="M SubClassOf hasSideChainStructure some Aliphatic"/>
            <Axiom axiom="H SubClassOf hasSideChainStructure some Aromatic"/>
            <Axiom axiom="Q SubClassOf hasSideChainStructure some Aliphatic"/>
            <Axiom axiom="A SubClassOf hasPolarity some Non-Polar"/>
            <Axiom axiom="I SubClassOf hasSize some Large"/>
            <Axiom axiom="C SubClassOf hasSideChainStructure some Aliphatic"/>
            <Axiom axiom="E SubClassOf hasPolarity some Polar"/>
            <Axiom axiom="E SubClassOf hasCharge some Negative"/>
            <Axiom axiom="T SubClassOf hasHydrophobicity some Hydrophilic"/>
            <Axiom axiom="S SubClassOf hasHydrophobicity some Hydrophilic"/>
            <Axiom axiom="M SubClassOf hasHydrophobicity some Hydrophobic"/>
            <Axiom axiom="G SubClassOf hasHydrophobicity some Hydrophobic"/>
            <Axiom axiom="Y SubClassOf hasSize some Large"/>
            <Axiom axiom="F SubClassOf hasSize some Large"/>
            <Axiom axiom="S SubClassOf hasSideChainStructure some Aliphatic"/>
            <Axiom axiom="L SubClassOf hasSize some Large"/>
            <Axiom axiom="C SubClassOf hasSize some Small"/>
            <Axiom axiom="G SubClassOf hasPolarity some Non-Polar"/>
            <Axiom axiom="I SubClassOf hasCharge some Neutral"/>
            <Axiom axiom="K SubClassOf hasCharge some Positive"/>
            <Axiom axiom="H SubClassOf hasSize some Large"/>
            <Axiom axiom="Y SubClassOf hasPolarity some Polar"/>
            <Axiom axiom="Q SubClassOf hasHydrophobicity some Hydrophilic"/>
            <Axiom axiom="F SubClassOf hasCharge some Neutral"/>
            <Axiom axiom="S SubClassOf hasCharge some Neutral"/>
            <Axiom axiom="D SubClassOf hasSize some Small"/>
            <Axiom axiom="M SubClassOf hasCharge some Neutral"/>
            <Axiom axiom="T SubClassOf hasCharge some Neutral"/>
            <Axiom axiom="W SubClassOf hasSize some Large"/>
            <Axiom axiom="G SubClassOf hasCharge some Neutral"/>
            <Axiom axiom="A SubClassOf hasSideChainStructure some Aliphatic"/>
            <Axiom axiom="A SubClassOf hasCharge some Neutral"/>
            <Axiom axiom="N SubClassOf hasSize some Small"/>
            <Axiom axiom="Y SubClassOf hasHydrophobicity some Hydrophobic"/>
            <Axiom axiom="I SubClassOf hasHydrophobicity some Hydrophobic"/>
            <Axiom axiom="Q SubClassOf hasCharge some Neutral"/>
            <Axiom axiom="F SubClassOf hasPolarity some Non-Polar"/>
            <Axiom axiom="P SubClassOf hasSize some Small"/>
            <Axiom axiom="L SubClassOf hasPolarity some Non-Polar"/>
            <Axiom axiom="D SubClassOf hasSideChainStructure some Aliphatic"/>
            <Axiom axiom="R SubClassOf hasSize some Large"/>
            <Axiom axiom="E SubClassOf hasHydrophobicity some Hydrophilic"/>
            <Axiom axiom="N SubClassOf hasPolarity some Polar"/>
            <Axiom axiom="K SubClassOf hasHydrophobicity some Hydrophilic"/>
            <Axiom axiom="I SubClassOf hasSideChainStructure some Aliphatic"/>
            <Axiom axiom="V SubClassOf hasCharge some Neutral"/>
            <Axiom axiom="H SubClassOf hasCharge some Positive"/>
            <Axiom axiom="N SubClassOf hasSideChainStructure some Aliphatic"/>
            <Axiom axiom="V SubClassOf hasSize some Small"/>
            <Axiom axiom="T SubClassOf hasSize some Tiny"/>
            <Axiom axiom="L SubClassOf hasSideChainStructure some Aliphatic"/>
            <Axiom axiom="N SubClassOf hasCharge some Neutral"/>
            <Axiom axiom="W SubClassOf hasPolarity some Non-Polar"/>
            <Axiom axiom="K SubClassOf hasPolarity some Polar"/>
            <Axiom axiom="C SubClassOf hasCharge some Neutral"/>
            <Axiom axiom="L SubClassOf hasHydrophobicity some Hydrophobic"/>
            <Axiom axiom="H SubClassOf hasPolarity some Polar"/>
            <Axiom axiom="R SubClassOf hasHydrophobicity some Hydrophilic"/>
            <Axiom axiom="G SubClassOf hasSideChainStructure some Aliphatic"/>
            <Axiom axiom="Y SubClassOf hasCharge some Neutral"/>
            <Axiom axiom="C SubClassOf hasPolarity some Polar"/>
            <Axiom axiom="D SubClassOf hasCharge some Negative"/>
            <Axiom axiom="P SubClassOf hasSideChainStructure some Aliphatic"/>
            <Axiom axiom="K SubClassOf hasSize some Large"/>
            <Axiom axiom="E SubClassOf hasSideChainStructure some Aliphatic"/>
            <Axiom axiom="P SubClassOf hasPolarity some Non-Polar"/>
            <Axiom axiom="R SubClassOf hasCharge some Positive"/>
            <Axiom axiom="M SubClassOf hasPolarity some Non-Polar"/>
            <Axiom axiom="T SubClassOf hasPolarity some Polar"/>
            <Axiom axiom="A SubClassOf hasHydrophobicity some Hydrophobic"/>
            <Axiom axiom="W SubClassOf hasCharge some Neutral"/>
            <Axiom axiom="V SubClassOf hasSideChainStructure some Aliphatic"/>
            <Axiom axiom="P SubClassOf hasCharge some Neutral"/>
            <Axiom axiom="T SubClassOf hasSideChainStructure some Aliphatic"/>
            <Axiom axiom="Q SubClassOf hasSize some Large"/>
         </Generalisation>
         <Generalisation axiom="?PhysicoChemicalProperty SubClassOf ?PhysicoChemicalProperty_1" count="12" instantiationStats="?PhysicoChemicalProperty count: 12; ?PhysicoChemicalProperty_1 count: 5">
            <Axiom axiom="Hydrophobic SubClassOf Hydrophobicity"/>
            <Axiom axiom="Aliphatic SubClassOf SideChainStructure"/>
            <Axiom axiom="Non-Polar SubClassOf Polarity"/>
            <Axiom axiom="Neutral SubClassOf Charge"/>
            <Axiom axiom="Tiny SubClassOf Size"/>
            <Axiom axiom="Large SubClassOf Size"/>
            <Axiom axiom="Hydrophilic SubClassOf Hydrophobicity"/>
            <Axiom axiom="Polar SubClassOf Polarity"/>
            <Axiom axiom="Small SubClassOf Size"/>
            <Axiom axiom="Negative SubClassOf Charge"/>
            <Axiom axiom="Aromatic SubClassOf SideChainStructure"/>
            <Axiom axiom="Positive SubClassOf Charge"/>
         </Generalisation>
         <Generalisation axiom="?cluster_2 EquivalentTo ?AminoAcid_2 and ?expression_conjunction" count="7" instantiationStats="?AminoAcid_2 count: 1; ?PhysicoChemicalProperty count: 8; ?cluster_3 count: 4; ?cluster_2 count: 7">
            <Axiom axiom="SmallAliphaticAminoAcid EquivalentTo AminoAcid and (hasSideChainStructure some Aliphatic) and (hasSize some Small)"/>
            <Axiom axiom="LargeAliphaticAminoAcid EquivalentTo AminoAcid and (hasSideChainStructure some Aliphatic) and (hasSize some Large)"/>
            <Axiom axiom="TinyAliphaticAminoAcid EquivalentTo AminoAcid and (hasSideChainStructure some Aliphatic) and (hasSize some Tiny)"/>
            <Axiom axiom="LargeAromaticAminoAcid EquivalentTo AminoAcid and (hasSideChainStructure some Aromatic) and (hasSize some Large)"/>
            <Axiom axiom="TinyHydrophobicAminoAcid EquivalentTo AminoAcid and (hasHydrophobicity some Hydrophobic) and (hasSize some Tiny)"/>
            <Axiom axiom="TinyNonPolarAminoAcid EquivalentTo AminoAcid and (hasPolarity some Non-Polar) and (hasSize some Tiny)"/>
            <Axiom axiom="TinyPolarAminoAcid EquivalentTo AminoAcid and (hasPolarity some Polar) and (hasSize some Tiny)"/>
         </Generalisation>
         <Generalisation axiom="?AminoAcid_1 EquivalentTo ?AminoAcid_2 and (?cluster_3 some ?PhysicoChemicalProperty)" count="10" instantiationStats="?AminoAcid_1 count: 10; ?AminoAcid_2 count: 1; ?PhysicoChemicalProperty count: 10; ?cluster_3 count: 5">
            <Axiom axiom="PositiveChargedAminoAcid EquivalentTo AminoAcid and (hasCharge some Positive)"/>
            <Axiom axiom="HydrophilicAminoAcid EquivalentTo AminoAcid and (hasHydrophobicity some Hydrophilic)"/>
            <Axiom axiom="AliphaticAminoAcid EquivalentTo AminoAcid and (hasSideChainStructure some Aliphatic)"/>
            <Axiom axiom="TinyAminoAcid EquivalentTo AminoAcid and (hasSize some Tiny)"/>
            <Axiom axiom="Non-PolarAminoAcid EquivalentTo AminoAcid and (hasPolarity some Non-Polar)"/>
            <Axiom axiom="SmallAminoAcid EquivalentTo AminoAcid and (hasSize some Small)"/>
            <Axiom axiom="LargeAminoAcid EquivalentTo AminoAcid and (hasSize some Large)"/>
            <Axiom axiom="PolarAminoAcid EquivalentTo AminoAcid and (hasPolarity some Polar)"/>
            <Axiom axiom="NeutralChargedAminoAcid EquivalentTo AminoAcid and (hasCharge some Neutral)"/>
            <Axiom axiom="HydrophobicAminoAcid EquivalentTo AminoAcid and (hasHydrophobicity some Hydrophobic)"/>
         </Generalisation>
         <Generalisation axiom="?PhysicoChemicalProperty_1 EquivalentTo ?PhysicoChemicalProperty_disjunction" count="5" instantiationStats="?PhysicoChemicalProperty count: 12; ?PhysicoChemicalProperty_1 count: 5">
            <Axiom axiom="SideChainStructure EquivalentTo Aliphatic or Aromatic"/>
            <Axiom axiom="Polarity EquivalentTo Non-Polar or Polar"/>
            <Axiom axiom="Charge EquivalentTo Negative or Neutral or Positive"/>
            <Axiom axiom="Hydrophobicity EquivalentTo Hydrophilic or Hydrophobic"/>
            <Axiom axiom="Size EquivalentTo Large or Small or Tiny"/>
         </Generalisation>
      </Generalisations>
   </Cluster>
   <Cluster size="11">
      <Item iri="http://www.co-ode.org/ontologies/amino-acid/2009/02/16/amino-acid.owl#TinyAminoAcid"/>
      <Item iri="http://www.co-ode.org/ontologies/amino-acid/2006/05/18/amino-acid.owl#PositiveChargedAminoAcid"/>
      <Item iri="http://www.co-ode.org/ontologies/amino-acid/2009/02/16/amino-acid.owl#HydrophilicAminoAcid"/>
      <Item iri="http://www.co-ode.org/ontologies/amino-acid/2009/02/16/amino-acid.owl#ChargedAminoAcid"/>
      <Item iri="http://www.co-ode.org/ontologies/amino-acid/2009/02/16/amino-acid.owl#NeutralChargedAminoAcid"/>
      <Item iri="http://www.co-ode.org/ontologies/amino-acid/2009/02/16/amino-acid.owl#Non-PolarAminoAcid"/>
      <Item iri="http://www.co-ode.org/ontologies/amino-acid/2009/02/16/amino-acid.owl#HydrophobicAminoAcid"/>
      <Item iri="http://www.co-ode.org/ontologies/amino-acid/2009/02/16/amino-acid.owl#SmallAminoAcid"/>
      <Item iri="http://www.co-ode.org/ontologies/amino-acid/2006/05/18/amino-acid.owl#AliphaticAminoAcid"/>
      <Item iri="http://www.co-ode.org/ontologies/amino-acid/2009/02/16/amino-acid.owl#PolarAminoAcid"/>
      <Item iri="http://www.co-ode.org/ontologies/amino-acid/2009/02/16/amino-acid.owl#LargeAminoAcid"/>
      <Generalisations>
         <Generalisation axiom="?AminoAcid_1 EquivalentTo ?AminoAcid_2 and (?cluster_3 some &#10;(?PhysicoChemicalProperty_disjunction))" count="1" instantiationStats="?AminoAcid_1 count: 1; ?AminoAcid_2 count: 1; ?PhysicoChemicalProperty count: 2; ?cluster_3 count: 1">
            <Axiom axiom="ChargedAminoAcid EquivalentTo AminoAcid and (hasCharge some &#10;(Negative or Positive))"/>
         </Generalisation>
         <Generalisation axiom="SmallNeutralAliphaticAminoAcid SubClassOf ?AminoAcid_1_conjunction" count="1" instantiationStats="?AminoAcid_1 count: 3">
            <Axiom axiom="SmallNeutralAliphaticAminoAcid SubClassOf AliphaticAminoAcid and NeutralChargedAminoAcid and SmallAminoAcid"/>
         </Generalisation>
         <Generalisation axiom="?AminoAcid_1 SubClassOf ?AminoAcid_2" count="1" instantiationStats="?AminoAcid_1 count: 1; ?AminoAcid_2 count: 1">
            <Axiom axiom="LargeAminoAcid SubClassOf AminoAcid"/>
         </Generalisation>
         <Generalisation axiom="?cluster_1 EquivalentTo ?AminoAcid_1_conjunction" count="13" instantiationStats="?AminoAcid_1 count: 11; ?cluster_1 count: 13">
            <Axiom axiom="SmallChargedPolarAminoAcid EquivalentTo ChargedAminoAcid and PolarAminoAcid and SmallAminoAcid"/>
            <Axiom axiom="TinyNeutralAliphaticAminoAcid EquivalentTo AliphaticAminoAcid and NeutralChargedAminoAcid and TinyAminoAcid"/>
            <Axiom axiom="LargePositiveAliphaticAminoAcid EquivalentTo AliphaticAminoAcid and PositiveChargedAminoAcid and LargeAminoAcid"/>
            <Axiom axiom="SmallChargedAminoAcid EquivalentTo ChargedAminoAcid and SmallAminoAcid"/>
            <Axiom axiom="SmallHydrophobicAminoAcid EquivalentTo HydrophobicAminoAcid and SmallAminoAcid"/>
            <Axiom axiom="SmallNonPolarAminoAcid EquivalentTo Non-PolarAminoAcid and SmallAminoAcid"/>
            <Axiom axiom="SmallNonPolarAliphaticAminoAcid EquivalentTo AliphaticAminoAcid and Non-PolarAminoAcid and SmallAminoAcid"/>
            <Axiom axiom="tinyChargedAminoAcid EquivalentTo ChargedAminoAcid and TinyAminoAcid"/>
            <Axiom axiom="SmallPolarAliphaticAminoAcid EquivalentTo AliphaticAminoAcid and PolarAminoAcid and SmallAminoAcid"/>
            <Axiom axiom="SmallPolarAminoAcid EquivalentTo PolarAminoAcid and SmallAminoAcid"/>
            <Axiom axiom="SmallPositiveAminoAcid EquivalentTo PositiveChargedAminoAcid and SmallAminoAcid"/>
            <Axiom axiom="LargeChargedAminoAcid EquivalentTo ChargedAminoAcid and LargeAminoAcid"/>
            <Axiom axiom="SmallHydrophilicAminoAcid EquivalentTo HydrophilicAminoAcid and SmallAminoAcid"/>
         </Generalisation>
         <Generalisation axiom="?AminoAcid_1 EquivalentTo ?AminoAcid_2 and (?cluster_3 some ?PhysicoChemicalProperty)" count="10" instantiationStats="?AminoAcid_1 count: 10; ?AminoAcid_2 count: 1; ?PhysicoChemicalProperty count: 10; ?cluster_3 count: 5">
            <Axiom axiom="PositiveChargedAminoAcid EquivalentTo AminoAcid and (hasCharge some Positive)"/>
            <Axiom axiom="HydrophilicAminoAcid EquivalentTo AminoAcid and (hasHydrophobicity some Hydrophilic)"/>
            <Axiom axiom="AliphaticAminoAcid EquivalentTo AminoAcid and (hasSideChainStructure some Aliphatic)"/>
            <Axiom axiom="TinyAminoAcid EquivalentTo AminoAcid and (hasSize some Tiny)"/>
            <Axiom axiom="Non-PolarAminoAcid EquivalentTo AminoAcid and (hasPolarity some Non-Polar)"/>
            <Axiom axiom="SmallAminoAcid EquivalentTo AminoAcid and (hasSize some Small)"/>
            <Axiom axiom="LargeAminoAcid EquivalentTo AminoAcid and (hasSize some Large)"/>
            <Axiom axiom="PolarAminoAcid EquivalentTo AminoAcid and (hasPolarity some Polar)"/>
            <Axiom axiom="NeutralChargedAminoAcid EquivalentTo AminoAcid and (hasCharge some Neutral)"/>
            <Axiom axiom="HydrophobicAminoAcid EquivalentTo AminoAcid and (hasHydrophobicity some Hydrophobic)"/>
         </Generalisation>
      </Generalisations>
   </Cluster>
   <Cluster size="7">
      <Item iri="http://www.co-ode.org/ontologies/amino-acid/2009/02/16/amino-acid.owl#SmallAliphaticAminoAcid"/>
      <Item iri="http://www.co-ode.org/ontologies/amino-acid/2009/02/16/amino-acid.owl#TinyHydrophobicAminoAcid"/>
      <Item iri="http://www.co-ode.org/ontologies/amino-acid/2009/02/16/amino-acid.owl#TinyAliphaticAminoAcid"/>
      <Item iri="http://www.co-ode.org/ontologies/amino-acid/2009/02/16/amino-acid.owl#LargeAromaticAminoAcid"/>
      <Item iri="http://www.co-ode.org/ontologies/amino-acid/2006/05/18/amino-acid.owl#LargeAliphaticAminoAcid"/>
      <Item iri="http://www.co-ode.org/ontologies/amino-acid/2009/02/16/amino-acid.owl#TinyNonPolarAminoAcid"/>
      <Item iri="http://www.co-ode.org/ontologies/amino-acid/2006/05/18/amino-acid.owl#TinyPolarAminoAcid"/>
      <Generalisations>
         <Generalisation axiom="?cluster_2 EquivalentTo ?AminoAcid_2 and ?expression_conjunction" count="7" instantiationStats="?AminoAcid_2 count: 1; ?PhysicoChemicalProperty count: 8; ?cluster_3 count: 4; ?cluster_2 count: 7">
            <Axiom axiom="SmallAliphaticAminoAcid EquivalentTo AminoAcid and (hasSideChainStructure some Aliphatic) and (hasSize some Small)"/>
            <Axiom axiom="LargeAliphaticAminoAcid EquivalentTo AminoAcid and (hasSideChainStructure some Aliphatic) and (hasSize some Large)"/>
            <Axiom axiom="TinyAliphaticAminoAcid EquivalentTo AminoAcid and (hasSideChainStructure some Aliphatic) and (hasSize some Tiny)"/>
            <Axiom axiom="LargeAromaticAminoAcid EquivalentTo AminoAcid and (hasSideChainStructure some Aromatic) and (hasSize some Large)"/>
            <Axiom axiom="TinyHydrophobicAminoAcid EquivalentTo AminoAcid and (hasHydrophobicity some Hydrophobic) and (hasSize some Tiny)"/>
            <Axiom axiom="TinyNonPolarAminoAcid EquivalentTo AminoAcid and (hasPolarity some Non-Polar) and (hasSize some Tiny)"/>
            <Axiom axiom="TinyPolarAminoAcid EquivalentTo AminoAcid and (hasPolarity some Polar) and (hasSize some Tiny)"/>
         </Generalisation>
      </Generalisations>
   </Cluster>
   <Cluster size="6">
      <Item iri="http://www.co-ode.org/ontologies/amino-acid/2006/05/18/amino-acid.owl#Hydrophobicity"/>
      <Item iri="http://www.co-ode.org/ontologies/amino-acid/2006/05/18/amino-acid.owl#SideChainStructure"/>
      <Item iri="http://www.co-ode.org/ontologies/amino-acid/2009/02/16/amino-acid.owl#HBondFormation"/>
      <Item iri="http://www.co-ode.org/ontologies/amino-acid/2006/05/18/amino-acid.owl#Charge"/>
      <Item iri="http://www.co-ode.org/ontologies/amino-acid/2006/05/18/amino-acid.owl#Polarity"/>
      <Item iri="http://www.co-ode.org/ontologies/amino-acid/2006/05/18/amino-acid.owl#Size"/>
      <Generalisations>
         <Generalisation axiom="?PhysicoChemicalProperty_1 SubClassOf PhysicoChemicalProperty" count="6" instantiationStats="?PhysicoChemicalProperty_1 count: 6">
            <Axiom axiom="HBondFormation SubClassOf PhysicoChemicalProperty"/>
            <Axiom axiom="Charge SubClassOf PhysicoChemicalProperty"/>
            <Axiom axiom="Hydrophobicity SubClassOf PhysicoChemicalProperty"/>
            <Axiom axiom="Polarity SubClassOf PhysicoChemicalProperty"/>
            <Axiom axiom="Size SubClassOf PhysicoChemicalProperty"/>
            <Axiom axiom="SideChainStructure SubClassOf PhysicoChemicalProperty"/>
         </Generalisation>
         <Generalisation axiom="?HBondFormation SubClassOf ?PhysicoChemicalProperty_1" count="2" instantiationStats="?HBondFormation count: 2; ?PhysicoChemicalProperty_1 count: 1">
            <Axiom axiom="HBondDonor SubClassOf HBondFormation"/>
            <Axiom axiom="HBondAcceptor SubClassOf HBondFormation"/>
         </Generalisation>
         <Generalisation axiom=" DisjointClasses: ?PhysicoChemicalProperty_1" count="1" instantiationStats="?PhysicoChemicalProperty_1 count: 1">
            <Axiom axiom=" DisjointClasses: HBondFormation"/>
         </Generalisation>
         <Generalisation axiom="?PhysicoChemicalProperty SubClassOf ?PhysicoChemicalProperty_1" count="12" instantiationStats="?PhysicoChemicalProperty count: 12; ?PhysicoChemicalProperty_1 count: 5">
            <Axiom axiom="Hydrophobic SubClassOf Hydrophobicity"/>
            <Axiom axiom="Aliphatic SubClassOf SideChainStructure"/>
            <Axiom axiom="Non-Polar SubClassOf Polarity"/>
            <Axiom axiom="Neutral SubClassOf Charge"/>
            <Axiom axiom="Tiny SubClassOf Size"/>
            <Axiom axiom="Large SubClassOf Size"/>
            <Axiom axiom="Hydrophilic SubClassOf Hydrophobicity"/>
            <Axiom axiom="Polar SubClassOf Polarity"/>
            <Axiom axiom="Small SubClassOf Size"/>
            <Axiom axiom="Negative SubClassOf Charge"/>
            <Axiom axiom="Aromatic SubClassOf SideChainStructure"/>
            <Axiom axiom="Positive SubClassOf Charge"/>
         </Generalisation>
         <Generalisation axiom="?PhysicoChemicalProperty_1 EquivalentTo ?PhysicoChemicalProperty_disjunction" count="5" instantiationStats="?PhysicoChemicalProperty count: 12; ?PhysicoChemicalProperty_1 count: 5">
            <Axiom axiom="SideChainStructure EquivalentTo Aliphatic or Aromatic"/>
            <Axiom axiom="Polarity EquivalentTo Non-Polar or Polar"/>
            <Axiom axiom="Charge EquivalentTo Negative or Neutral or Positive"/>
            <Axiom axiom="Hydrophobicity EquivalentTo Hydrophilic or Hydrophobic"/>
            <Axiom axiom="Size EquivalentTo Large or Small or Tiny"/>
         </Generalisation>
         <Generalisation axiom="?cluster_3 Range ?PhysicoChemicalProperty_1" count="5" instantiationStats="?cluster_3 count: 5; ?PhysicoChemicalProperty_1 count: 5">
            <Axiom axiom="hasSize Range Size"/>
            <Axiom axiom="hasPolarity Range Polarity"/>
            <Axiom axiom="hasCharge Range Charge"/>
            <Axiom axiom="hasHydrophobicity Range Hydrophobicity"/>
            <Axiom axiom="hasSideChainStructure Range SideChainStructure"/>
         </Generalisation>
      </Generalisations>
   </Cluster>
   <Cluster size="5">
      <Item iri="http://www.co-ode.org/ontologies/amino-acid/2006/05/18/amino-acid.owl#hasHydrophobicity"/>
      <Item iri="http://www.co-ode.org/ontologies/amino-acid/2006/05/18/amino-acid.owl#hasSize"/>
      <Item iri="http://www.co-ode.org/ontologies/amino-acid/2006/05/18/amino-acid.owl#hasCharge"/>
      <Item iri="http://www.co-ode.org/ontologies/amino-acid/2006/05/18/amino-acid.owl#hasSideChainStructure"/>
      <Item iri="http://www.co-ode.org/ontologies/amino-acid/2006/05/18/amino-acid.owl#hasPolarity"/>
      <Generalisations>
         <Generalisation axiom="?cluster_5 EquivalentTo ?AminoAcid_2 and (?cluster_3 some ?PhysicoChemicalProperty)" count="3" instantiationStats="?AminoAcid_2 count: 1; ?PhysicoChemicalProperty count: 3; ?cluster_3 count: 3; ?cluster_5 count: 3">
            <Axiom axiom="TinyAromaticAminoAcid EquivalentTo AminoAcid and (hasSize some Tiny)"/>
            <Axiom axiom="AromaticAminoAcid EquivalentTo AminoAcid and (hasSideChainStructure some Aromatic)"/>
            <Axiom axiom="NegativeChargedAminoAcid EquivalentTo AminoAcid and (hasCharge some Negative)"/>
         </Generalisation>
         <Generalisation axiom="?AminoAcid_1 EquivalentTo ?AminoAcid_2 and (?cluster_3 some &#10;(?PhysicoChemicalProperty_disjunction))" count="1" instantiationStats="?AminoAcid_1 count: 1; ?AminoAcid_2 count: 1; ?PhysicoChemicalProperty count: 2; ?cluster_3 count: 1">
            <Axiom axiom="ChargedAminoAcid EquivalentTo AminoAcid and (hasCharge some &#10;(Negative or Positive))"/>
         </Generalisation>
         <Generalisation axiom="?AminoAcid SubClassOf ?cluster_3 some ?PhysicoChemicalProperty" count="100" instantiationStats="?AminoAcid count: 20; ?PhysicoChemicalProperty count: 12; ?cluster_3 count: 5">
            <Axiom axiom="G SubClassOf hasSize some Tiny"/>
            <Axiom axiom="P SubClassOf hasHydrophobicity some Hydrophobic"/>
            <Axiom axiom="F SubClassOf hasSideChainStructure some Aromatic"/>
            <Axiom axiom="L SubClassOf hasCharge some Neutral"/>
            <Axiom axiom="S SubClassOf hasPolarity some Polar"/>
            <Axiom axiom="D SubClassOf hasHydrophobicity some Hydrophilic"/>
            <Axiom axiom="I SubClassOf hasPolarity some Non-Polar"/>
            <Axiom axiom="D SubClassOf hasPolarity some Polar"/>
            <Axiom axiom="W SubClassOf hasHydrophobicity some Hydrophobic"/>
            <Axiom axiom="F SubClassOf hasHydrophobicity some Hydrophobic"/>
            <Axiom axiom="K SubClassOf hasSideChainStructure some Aliphatic"/>
            <Axiom axiom="H SubClassOf hasHydrophobicity some Hydrophilic"/>
            <Axiom axiom="V SubClassOf hasHydrophobicity some Hydrophobic"/>
            <Axiom axiom="A SubClassOf hasSize some Tiny"/>
            <Axiom axiom="V SubClassOf hasPolarity some Non-Polar"/>
            <Axiom axiom="E SubClassOf hasSize some Small"/>
            <Axiom axiom="R SubClassOf hasSideChainStructure some Aliphatic"/>
            <Axiom axiom="W SubClassOf hasSideChainStructure some Aromatic"/>
            <Axiom axiom="C SubClassOf hasHydrophobicity some Hydrophobic"/>
            <Axiom axiom="Y SubClassOf hasSideChainStructure some Aromatic"/>
            <Axiom axiom="S SubClassOf hasSize some Tiny"/>
            <Axiom axiom="M SubClassOf hasSize some Large"/>
            <Axiom axiom="R SubClassOf hasPolarity some Polar"/>
            <Axiom axiom="Q SubClassOf hasPolarity some Polar"/>
            <Axiom axiom="N SubClassOf hasHydrophobicity some Hydrophilic"/>
            <Axiom axiom="M SubClassOf hasSideChainStructure some Aliphatic"/>
            <Axiom axiom="H SubClassOf hasSideChainStructure some Aromatic"/>
            <Axiom axiom="Q SubClassOf hasSideChainStructure some Aliphatic"/>
            <Axiom axiom="A SubClassOf hasPolarity some Non-Polar"/>
            <Axiom axiom="I SubClassOf hasSize some Large"/>
            <Axiom axiom="C SubClassOf hasSideChainStructure some Aliphatic"/>
            <Axiom axiom="E SubClassOf hasPolarity some Polar"/>
            <Axiom axiom="E SubClassOf hasCharge some Negative"/>
            <Axiom axiom="T SubClassOf hasHydrophobicity some Hydrophilic"/>
            <Axiom axiom="S SubClassOf hasHydrophobicity some Hydrophilic"/>
            <Axiom axiom="M SubClassOf hasHydrophobicity some Hydrophobic"/>
            <Axiom axiom="G SubClassOf hasHydrophobicity some Hydrophobic"/>
            <Axiom axiom="Y SubClassOf hasSize some Large"/>
            <Axiom axiom="F SubClassOf hasSize some Large"/>
            <Axiom axiom="S SubClassOf hasSideChainStructure some Aliphatic"/>
            <Axiom axiom="L SubClassOf hasSize some Large"/>
            <Axiom axiom="C SubClassOf hasSize some Small"/>
            <Axiom axiom="G SubClassOf hasPolarity some Non-Polar"/>
            <Axiom axiom="I SubClassOf hasCharge some Neutral"/>
            <Axiom axiom="K SubClassOf hasCharge some Positive"/>
            <Axiom axiom="H SubClassOf hasSize some Large"/>
            <Axiom axiom="Y SubClassOf hasPolarity some Polar"/>
            <Axiom axiom="Q SubClassOf hasHydrophobicity some Hydrophilic"/>
            <Axiom axiom="F SubClassOf hasCharge some Neutral"/>
            <Axiom axiom="S SubClassOf hasCharge some Neutral"/>
            <Axiom axiom="D SubClassOf hasSize some Small"/>
            <Axiom axiom="M SubClassOf hasCharge some Neutral"/>
            <Axiom axiom="T SubClassOf hasCharge some Neutral"/>
            <Axiom axiom="W SubClassOf hasSize some Large"/>
            <Axiom axiom="G SubClassOf hasCharge some Neutral"/>
            <Axiom axiom="A SubClassOf hasSideChainStructure some Aliphatic"/>
            <Axiom axiom="A SubClassOf hasCharge some Neutral"/>
            <Axiom axiom="N SubClassOf hasSize some Small"/>
            <Axiom axiom="Y SubClassOf hasHydrophobicity some Hydrophobic"/>
            <Axiom axiom="I SubClassOf hasHydrophobicity some Hydrophobic"/>
            <Axiom axiom="Q SubClassOf hasCharge some Neutral"/>
            <Axiom axiom="F SubClassOf hasPolarity some Non-Polar"/>
            <Axiom axiom="P SubClassOf hasSize some Small"/>
            <Axiom axiom="L SubClassOf hasPolarity some Non-Polar"/>
            <Axiom axiom="D SubClassOf hasSideChainStructure some Aliphatic"/>
            <Axiom axiom="R SubClassOf hasSize some Large"/>
            <Axiom axiom="E SubClassOf hasHydrophobicity some Hydrophilic"/>
            <Axiom axiom="N SubClassOf hasPolarity some Polar"/>
            <Axiom axiom="K SubClassOf hasHydrophobicity some Hydrophilic"/>
            <Axiom axiom="I SubClassOf hasSideChainStructure some Aliphatic"/>
            <Axiom axiom="V SubClassOf hasCharge some Neutral"/>
            <Axiom axiom="H SubClassOf hasCharge some Positive"/>
            <Axiom axiom="N SubClassOf hasSideChainStructure some Aliphatic"/>
            <Axiom axiom="V SubClassOf hasSize some Small"/>
            <Axiom axiom="T SubClassOf hasSize some Tiny"/>
            <Axiom axiom="L SubClassOf hasSideChainStructure some Aliphatic"/>
            <Axiom axiom="N SubClassOf hasCharge some Neutral"/>
            <Axiom axiom="W SubClassOf hasPolarity some Non-Polar"/>
            <Axiom axiom="K SubClassOf hasPolarity some Polar"/>
            <Axiom axiom="C SubClassOf hasCharge some Neutral"/>
            <Axiom axiom="L SubClassOf hasHydrophobicity some Hydrophobic"/>
            <Axiom axiom="H SubClassOf hasPolarity some Polar"/>
            <Axiom axiom="R SubClassOf hasHydrophobicity some Hydrophilic"/>
            <Axiom axiom="G SubClassOf hasSideChainStructure some Aliphatic"/>
            <Axiom axiom="Y SubClassOf hasCharge some Neutral"/>
            <Axiom axiom="C SubClassOf hasPolarity some Polar"/>
            <Axiom axiom="D SubClassOf hasCharge some Negative"/>
            <Axiom axiom="P SubClassOf hasSideChainStructure some Aliphatic"/>
            <Axiom axiom="K SubClassOf hasSize some Large"/>
            <Axiom axiom="E SubClassOf hasSideChainStructure some Aliphatic"/>
            <Axiom axiom="P SubClassOf hasPolarity some Non-Polar"/>
            <Axiom axiom="R SubClassOf hasCharge some Positive"/>
            <Axiom axiom="M SubClassOf hasPolarity some Non-Polar"/>
            <Axiom axiom="T SubClassOf hasPolarity some Polar"/>
            <Axiom axiom="A SubClassOf hasHydrophobicity some Hydrophobic"/>
            <Axiom axiom="W SubClassOf hasCharge some Neutral"/>
            <Axiom axiom="V SubClassOf hasSideChainStructure some Aliphatic"/>
            <Axiom axiom="P SubClassOf hasCharge some Neutral"/>
            <Axiom axiom="T SubClassOf hasSideChainStructure some Aliphatic"/>
            <Axiom axiom="Q SubClassOf hasSize some Large"/>
         </Generalisation>
         <Generalisation axiom="?cluster_3 Domain ?AminoAcid_2" count="5" instantiationStats="?AminoAcid_2 count: 1; ?cluster_3 count: 5">
            <Axiom axiom="hasPolarity Domain AminoAcid"/>
            <Axiom axiom="hasHydrophobicity Domain AminoAcid"/>
            <Axiom axiom="hasSideChainStructure Domain AminoAcid"/>
            <Axiom axiom="hasSize Domain AminoAcid"/>
            <Axiom axiom="hasCharge Domain AminoAcid"/>
         </Generalisation>
         <Generalisation axiom="?cluster_2 EquivalentTo ?AminoAcid_2 and ?expression_conjunction" count="7" instantiationStats="?AminoAcid_2 count: 1; ?PhysicoChemicalProperty count: 8; ?cluster_3 count: 4; ?cluster_2 count: 7">
            <Axiom axiom="SmallAliphaticAminoAcid EquivalentTo AminoAcid and (hasSideChainStructure some Aliphatic) and (hasSize some Small)"/>
            <Axiom axiom="LargeAliphaticAminoAcid EquivalentTo AminoAcid and (hasSideChainStructure some Aliphatic) and (hasSize some Large)"/>
            <Axiom axiom="TinyAliphaticAminoAcid EquivalentTo AminoAcid and (hasSideChainStructure some Aliphatic) and (hasSize some Tiny)"/>
            <Axiom axiom="LargeAromaticAminoAcid EquivalentTo AminoAcid and (hasSideChainStructure some Aromatic) and (hasSize some Large)"/>
            <Axiom axiom="TinyHydrophobicAminoAcid EquivalentTo AminoAcid and (hasHydrophobicity some Hydrophobic) and (hasSize some Tiny)"/>
            <Axiom axiom="TinyNonPolarAminoAcid EquivalentTo AminoAcid and (hasPolarity some Non-Polar) and (hasSize some Tiny)"/>
            <Axiom axiom="TinyPolarAminoAcid EquivalentTo AminoAcid and (hasPolarity some Polar) and (hasSize some Tiny)"/>
         </Generalisation>
         <Generalisation axiom="?AminoAcid_1 EquivalentTo ?AminoAcid_2 and (?cluster_3 some ?PhysicoChemicalProperty)" count="10" instantiationStats="?AminoAcid_1 count: 10; ?AminoAcid_2 count: 1; ?PhysicoChemicalProperty count: 10; ?cluster_3 count: 5">
            <Axiom axiom="PositiveChargedAminoAcid EquivalentTo AminoAcid and (hasCharge some Positive)"/>
            <Axiom axiom="HydrophilicAminoAcid EquivalentTo AminoAcid and (hasHydrophobicity some Hydrophilic)"/>
            <Axiom axiom="AliphaticAminoAcid EquivalentTo AminoAcid and (hasSideChainStructure some Aliphatic)"/>
            <Axiom axiom="TinyAminoAcid EquivalentTo AminoAcid and (hasSize some Tiny)"/>
            <Axiom axiom="Non-PolarAminoAcid EquivalentTo AminoAcid and (hasPolarity some Non-Polar)"/>
            <Axiom axiom="SmallAminoAcid EquivalentTo AminoAcid and (hasSize some Small)"/>
            <Axiom axiom="LargeAminoAcid EquivalentTo AminoAcid and (hasSize some Large)"/>
            <Axiom axiom="PolarAminoAcid EquivalentTo AminoAcid and (hasPolarity some Polar)"/>
            <Axiom axiom="NeutralChargedAminoAcid EquivalentTo AminoAcid and (hasCharge some Neutral)"/>
            <Axiom axiom="HydrophobicAminoAcid EquivalentTo AminoAcid and (hasHydrophobicity some Hydrophobic)"/>
         </Generalisation>
         <Generalisation axiom=" Functional: ?cluster_3" count="5" instantiationStats="?cluster_3 count: 5">
            <Axiom axiom=" Functional: hasCharge"/>
            <Axiom axiom=" Functional: hasPolarity"/>
            <Axiom axiom=" Functional: hasSize"/>
            <Axiom axiom=" Functional: hasHydrophobicity"/>
            <Axiom axiom=" Functional: hasSideChainStructure"/>
         </Generalisation>
         <Generalisation axiom="?cluster_3 Range ?PhysicoChemicalProperty_1" count="5" instantiationStats="?cluster_3 count: 5; ?PhysicoChemicalProperty_1 count: 5">
            <Axiom axiom="hasSize Range Size"/>
            <Axiom axiom="hasPolarity Range Polarity"/>
            <Axiom axiom="hasCharge Range Charge"/>
            <Axiom axiom="hasHydrophobicity Range Hydrophobicity"/>
            <Axiom axiom="hasSideChainStructure Range SideChainStructure"/>
         </Generalisation>
      </Generalisations>
   </Cluster>
   <Cluster size="4">
      <Item iri="http://www.co-ode.org/ontologies/amino-acid/2009/02/16/amino-acid.owl#hasLongName"/>
      <Item iri="http://www.w3.org/2000/01/rdf-schema#label"/>
      <Item iri="http://www.co-ode.org/ontologies/amino-acid/2009/02/16/amino-acid.owl#hasSingleLetterName"/>
      <Item iri="http://www.co-ode.org/ontologies/amino-acid/2006/05/18/amino-acid.owl#hasShortName"/>
      <Generalisations>
         <Generalisation axiom="?AminoAcid.IRI ?cluster_4 &quot;?constant&quot;^^string" count="80" instantiationStats="?AminoAcid count: 20; ?constant count: 60; ?cluster_4 count: 4">
            <Axiom axiom="&lt;http://www.co-ode.org/ontologies/amino-acid/2006/05/18/amino-acid.owl#K&gt; label &quot;Lysine&quot;^^string"/>
            <Axiom axiom="&lt;http://www.co-ode.org/ontologies/amino-acid/2006/05/18/amino-acid.owl#G&gt; label &quot;glycine&quot;^^string"/>
            <Axiom axiom="&lt;http://www.co-ode.org/ontologies/amino-acid/2006/05/18/amino-acid.owl#S&gt; hasLongName &quot;Serine&quot;^^string"/>
            <Axiom axiom="&lt;http://www.co-ode.org/ontologies/amino-acid/2006/05/18/amino-acid.owl#Y&gt; hasSingleLetterName &quot;Y&quot;^^string"/>
            <Axiom axiom="&lt;http://www.co-ode.org/ontologies/amino-acid/2006/05/18/amino-acid.owl#G&gt; hasSingleLetterName &quot;G&quot;^^string"/>
            <Axiom axiom="&lt;http://www.co-ode.org/ontologies/amino-acid/2006/05/18/amino-acid.owl#C&gt; hasSingleLetterName &quot;C&quot;^^string"/>
            <Axiom axiom="&lt;http://www.co-ode.org/ontologies/amino-acid/2006/05/18/amino-acid.owl#P&gt; hasSingleLetterName &quot;P&quot;^^string"/>
            <Axiom axiom="&lt;http://www.co-ode.org/ontologies/amino-acid/2006/05/18/amino-acid.owl#Y&gt; label &quot;Tyrosine&quot;^^string"/>
            <Axiom axiom="&lt;http://www.co-ode.org/ontologies/amino-acid/2006/05/18/amino-acid.owl#Y&gt; hasShortName &quot;Tyr&quot;^^string"/>
            <Axiom axiom="&lt;http://www.co-ode.org/ontologies/amino-acid/2006/05/18/amino-acid.owl#F&gt; hasLongName &quot;Phenylalanine&quot;^^string"/>
            <Axiom axiom="&lt;http://www.co-ode.org/ontologies/amino-acid/2006/05/18/amino-acid.owl#E&gt; label &quot;Glutamate&quot;^^string"/>
            <Axiom axiom="&lt;http://www.co-ode.org/ontologies/amino-acid/2006/05/18/amino-acid.owl#C&gt; label &quot;Cysteine&quot;^^string"/>
            <Axiom axiom="&lt;http://www.co-ode.org/ontologies/amino-acid/2006/05/18/amino-acid.owl#T&gt; hasLongName &quot;Threonine&quot;^^string"/>
            <Axiom axiom="&lt;http://www.co-ode.org/ontologies/amino-acid/2006/05/18/amino-acid.owl#H&gt; hasShortName &quot;His&quot;^^string"/>
            <Axiom axiom="&lt;http://www.co-ode.org/ontologies/amino-acid/2006/05/18/amino-acid.owl#S&gt; label &quot;Serine&quot;^^string"/>
            <Axiom axiom="&lt;http://www.co-ode.org/ontologies/amino-acid/2006/05/18/amino-acid.owl#V&gt; hasSingleLetterName &quot;V&quot;^^string"/>
            <Axiom axiom="&lt;http://www.co-ode.org/ontologies/amino-acid/2006/05/18/amino-acid.owl#L&gt; hasSingleLetterName &quot;L&quot;^^string"/>
            <Axiom axiom="&lt;http://www.co-ode.org/ontologies/amino-acid/2006/05/18/amino-acid.owl#H&gt; hasLongName &quot;Histidine&quot;^^string"/>
            <Axiom axiom="&lt;http://www.co-ode.org/ontologies/amino-acid/2006/05/18/amino-acid.owl#N&gt; hasShortName &quot;Asn&quot;^^string"/>
            <Axiom axiom="&lt;http://www.co-ode.org/ontologies/amino-acid/2006/05/18/amino-acid.owl#S&gt; hasShortName &quot;Ser&quot;^^string"/>
            <Axiom axiom="&lt;http://www.co-ode.org/ontologies/amino-acid/2006/05/18/amino-acid.owl#W&gt; hasLongName &quot;Tryptophan&quot;^^string"/>
            <Axiom axiom="&lt;http://www.co-ode.org/ontologies/amino-acid/2006/05/18/amino-acid.owl#F&gt; hasShortName &quot;Phe&quot;^^string"/>
            <Axiom axiom="&lt;http://www.co-ode.org/ontologies/amino-acid/2006/05/18/amino-acid.owl#R&gt; hasLongName &quot;Arginine&quot;^^string"/>
            <Axiom axiom="&lt;http://www.co-ode.org/ontologies/amino-acid/2006/05/18/amino-acid.owl#V&gt; label &quot;Valine&quot;^^string"/>
            <Axiom axiom="&lt;http://www.co-ode.org/ontologies/amino-acid/2006/05/18/amino-acid.owl#D&gt; label &quot;Aspartate&quot;^^string"/>
            <Axiom axiom="&lt;http://www.co-ode.org/ontologies/amino-acid/2006/05/18/amino-acid.owl#M&gt; hasShortName &quot;Met&quot;^^string"/>
            <Axiom axiom="&lt;http://www.co-ode.org/ontologies/amino-acid/2006/05/18/amino-acid.owl#L&gt; label &quot;Leucine&quot;^^string"/>
            <Axiom axiom="&lt;http://www.co-ode.org/ontologies/amino-acid/2006/05/18/amino-acid.owl#V&gt; hasLongName &quot;Valine&quot;^^string"/>
            <Axiom axiom="&lt;http://www.co-ode.org/ontologies/amino-acid/2006/05/18/amino-acid.owl#F&gt; hasSingleLetterName &quot;F&quot;^^string"/>
            <Axiom axiom="&lt;http://www.co-ode.org/ontologies/amino-acid/2006/05/18/amino-acid.owl#Q&gt; hasSingleLetterName &quot;Q&quot;^^string"/>
            <Axiom axiom="&lt;http://www.co-ode.org/ontologies/amino-acid/2006/05/18/amino-acid.owl#C&gt; hasLongName &quot;Cysteine&quot;^^string"/>
            <Axiom axiom="&lt;http://www.co-ode.org/ontologies/amino-acid/2006/05/18/amino-acid.owl#T&gt; hasShortName &quot;Thr&quot;^^string"/>
            <Axiom axiom="&lt;http://www.co-ode.org/ontologies/amino-acid/2006/05/18/amino-acid.owl#D&gt; hasShortName &quot;Asp&quot;^^string"/>
            <Axiom axiom="&lt;http://www.co-ode.org/ontologies/amino-acid/2006/05/18/amino-acid.owl#M&gt; hasLongName &quot;Methionine&quot;^^string"/>
            <Axiom axiom="&lt;http://www.co-ode.org/ontologies/amino-acid/2006/05/18/amino-acid.owl#Q&gt; hasShortName &quot;Gln&quot;^^string"/>
            <Axiom axiom="&lt;http://www.co-ode.org/ontologies/amino-acid/2006/05/18/amino-acid.owl#N&gt; hasLongName &quot;Asparagine&quot;^^string"/>
            <Axiom axiom="&lt;http://www.co-ode.org/ontologies/amino-acid/2006/05/18/amino-acid.owl#N&gt; label &quot;Asparagine&quot;^^string"/>
            <Axiom axiom="&lt;http://www.co-ode.org/ontologies/amino-acid/2006/05/18/amino-acid.owl#L&gt; hasShortName &quot;Leu&quot;^^string"/>
            <Axiom axiom="&lt;http://www.co-ode.org/ontologies/amino-acid/2006/05/18/amino-acid.owl#M&gt; label &quot;Methionine&quot;^^string"/>
            <Axiom axiom="&lt;http://www.co-ode.org/ontologies/amino-acid/2006/05/18/amino-acid.owl#E&gt; hasShortName &quot;glu&quot;^^string"/>
            <Axiom axiom="&lt;http://www.co-ode.org/ontologies/amino-acid/2006/05/18/amino-acid.owl#M&gt; hasSingleLetterName &quot;M&quot;^^string"/>
            <Axiom axiom="&lt;http://www.co-ode.org/ontologies/amino-acid/2006/05/18/amino-acid.owl#I&gt; hasShortName &quot;Ile&quot;^^string"/>
            <Axiom axiom="&lt;http://www.co-ode.org/ontologies/amino-acid/2006/05/18/amino-acid.owl#A&gt; hasLongName &quot;Alanine&quot;^^string"/>
            <Axiom axiom="&lt;http://www.co-ode.org/ontologies/amino-acid/2006/05/18/amino-acid.owl#V&gt; hasShortName &quot;Val&quot;^^string"/>
            <Axiom axiom="&lt;http://www.co-ode.org/ontologies/amino-acid/2006/05/18/amino-acid.owl#W&gt; hasSingleLetterName &quot;W&quot;^^string"/>
            <Axiom axiom="&lt;http://www.co-ode.org/ontologies/amino-acid/2006/05/18/amino-acid.owl#Q&gt; label &quot;Glutamine&quot;^^string"/>
            <Axiom axiom="&lt;http://www.co-ode.org/ontologies/amino-acid/2006/05/18/amino-acid.owl#E&gt; hasLongName &quot;Glutamate&quot;^^string"/>
            <Axiom axiom="&lt;http://www.co-ode.org/ontologies/amino-acid/2006/05/18/amino-acid.owl#I&gt; label &quot;Isoleucine&quot;^^string"/>
            <Axiom axiom="&lt;http://www.co-ode.org/ontologies/amino-acid/2006/05/18/amino-acid.owl#T&gt; hasSingleLetterName &quot;T&quot;^^string"/>
            <Axiom axiom="&lt;http://www.co-ode.org/ontologies/amino-acid/2006/05/18/amino-acid.owl#C&gt; hasShortName &quot;Cys&quot;^^string"/>
            <Axiom axiom="&lt;http://www.co-ode.org/ontologies/amino-acid/2006/05/18/amino-acid.owl#S&gt; hasSingleLetterName &quot;S&quot;^^string"/>
            <Axiom axiom="&lt;http://www.co-ode.org/ontologies/amino-acid/2006/05/18/amino-acid.owl#E&gt; hasSingleLetterName &quot;E&quot;^^string"/>
            <Axiom axiom="&lt;http://www.co-ode.org/ontologies/amino-acid/2006/05/18/amino-acid.owl#H&gt; hasSingleLetterName &quot;H&quot;^^string"/>
            <Axiom axiom="&lt;http://www.co-ode.org/ontologies/amino-acid/2006/05/18/amino-acid.owl#A&gt; hasShortName &quot;ala&quot;^^string"/>
            <Axiom axiom="&lt;http://www.co-ode.org/ontologies/amino-acid/2006/05/18/amino-acid.owl#P&gt; hasShortName &quot;Pro&quot;^^string"/>
            <Axiom axiom="&lt;http://www.co-ode.org/ontologies/amino-acid/2006/05/18/amino-acid.owl#P&gt; hasLongName &quot;Proline&quot;^^string"/>
            <Axiom axiom="&lt;http://www.co-ode.org/ontologies/amino-acid/2006/05/18/amino-acid.owl#Q&gt; hasLongName &quot;Glutamine&quot;^^string"/>
            <Axiom axiom="&lt;http://www.co-ode.org/ontologies/amino-acid/2006/05/18/amino-acid.owl#D&gt; hasLongName &quot;Aspartate&quot;^^string"/>
            <Axiom axiom="&lt;http://www.co-ode.org/ontologies/amino-acid/2006/05/18/amino-acid.owl#Y&gt; hasLongName &quot;Tyrosine&quot;^^string"/>
            <Axiom axiom="&lt;http://www.co-ode.org/ontologies/amino-acid/2006/05/18/amino-acid.owl#P&gt; label &quot;Proline&quot;^^string"/>
            <Axiom axiom="&lt;http://www.co-ode.org/ontologies/amino-acid/2006/05/18/amino-acid.owl#A&gt; label &quot;Alanine&quot;^^string"/>
            <Axiom axiom="&lt;http://www.co-ode.org/ontologies/amino-acid/2006/05/18/amino-acid.owl#F&gt; label &quot;Phenylalanine&quot;^^string"/>
            <Axiom axiom="&lt;http://www.co-ode.org/ontologies/amino-acid/2006/05/18/amino-acid.owl#K&gt; hasSingleLetterName &quot;K&quot;^^string"/>
            <Axiom axiom="&lt;http://www.co-ode.org/ontologies/amino-acid/2006/05/18/amino-acid.owl#T&gt; label &quot;Threonine&quot;^^string"/>
            <Axiom axiom="&lt;http://www.co-ode.org/ontologies/amino-acid/2006/05/18/amino-acid.owl#K&gt; hasShortName &quot;Lys&quot;^^string"/>
            <Axiom axiom="&lt;http://www.co-ode.org/ontologies/amino-acid/2006/05/18/amino-acid.owl#I&gt; hasLongName &quot;Isoleucine&quot;^^string"/>
            <Axiom axiom="&lt;http://www.co-ode.org/ontologies/amino-acid/2006/05/18/amino-acid.owl#R&gt; hasShortName &quot;Arg&quot;^^string"/>
            <Axiom axiom="&lt;http://www.co-ode.org/ontologies/amino-acid/2006/05/18/amino-acid.owl#R&gt; label &quot;Arginine&quot;^^string"/>
            <Axiom axiom="&lt;http://www.co-ode.org/ontologies/amino-acid/2006/05/18/amino-acid.owl#K&gt; hasLongName &quot;Lysine&quot;^^string"/>
            <Axiom axiom="&lt;http://www.co-ode.org/ontologies/amino-acid/2006/05/18/amino-acid.owl#D&gt; hasSingleLetterName &quot;D&quot;^^string"/>
            <Axiom axiom="&lt;http://www.co-ode.org/ontologies/amino-acid/2006/05/18/amino-acid.owl#W&gt; hasShortName &quot;Trp&quot;^^string"/>
            <Axiom axiom="&lt;http://www.co-ode.org/ontologies/amino-acid/2006/05/18/amino-acid.owl#I&gt; hasSingleLetterName &quot;I&quot;^^string"/>
            <Axiom axiom="&lt;http://www.co-ode.org/ontologies/amino-acid/2006/05/18/amino-acid.owl#L&gt; hasLongName &quot;Leucine&quot;^^string"/>
            <Axiom axiom="&lt;http://www.co-ode.org/ontologies/amino-acid/2006/05/18/amino-acid.owl#A&gt; hasSingleLetterName &quot;A&quot;^^string"/>
            <Axiom axiom="&lt;http://www.co-ode.org/ontologies/amino-acid/2006/05/18/amino-acid.owl#G&gt; hasLongName &quot;glycine&quot;^^string"/>
            <Axiom axiom="&lt;http://www.co-ode.org/ontologies/amino-acid/2006/05/18/amino-acid.owl#W&gt; label &quot;Tryptophan&quot;^^string"/>
            <Axiom axiom="&lt;http://www.co-ode.org/ontologies/amino-acid/2006/05/18/amino-acid.owl#R&gt; hasSingleLetterName &quot;R&quot;^^string"/>
            <Axiom axiom="&lt;http://www.co-ode.org/ontologies/amino-acid/2006/05/18/amino-acid.owl#G&gt; hasShortName &quot;gly&quot;^^string"/>
            <Axiom axiom="&lt;http://www.co-ode.org/ontologies/amino-acid/2006/05/18/amino-acid.owl#N&gt; hasSingleLetterName &quot;N&quot;^^string"/>
            <Axiom axiom="&lt;http://www.co-ode.org/ontologies/amino-acid/2006/05/18/amino-acid.owl#H&gt; label &quot;Histidine&quot;^^string"/>
         </Generalisation>
      </Generalisations>
   </Cluster>
   <Cluster size="3">
      <Item iri="http://www.co-ode.org/ontologies/amino-acid/2009/02/16/amino-acid.owl#TinyAromaticAminoAcid"/>
      <Item iri="http://www.co-ode.org/ontologies/amino-acid/2006/05/18/amino-acid.owl#NegativeChargedAminoAcid"/>
      <Item iri="http://www.co-ode.org/ontologies/amino-acid/2006/05/18/amino-acid.owl#AromaticAminoAcid"/>
      <Generalisations>
         <Generalisation axiom="?cluster_5 EquivalentTo ?AminoAcid_2 and (?cluster_3 some ?PhysicoChemicalProperty)" count="3" instantiationStats="?AminoAcid_2 count: 1; ?PhysicoChemicalProperty count: 3; ?cluster_3 count: 3; ?cluster_5 count: 3">
            <Axiom axiom="TinyAromaticAminoAcid EquivalentTo AminoAcid and (hasSize some Tiny)"/>
            <Axiom axiom="AromaticAminoAcid EquivalentTo AminoAcid and (hasSideChainStructure some Aromatic)"/>
            <Axiom axiom="NegativeChargedAminoAcid EquivalentTo AminoAcid and (hasCharge some Negative)"/>
         </Generalisation>
         <Generalisation axiom="?cluster_5 SubClassOf ?AminoAcid_2" count="1" instantiationStats="?AminoAcid_2 count: 1; ?cluster_5 count: 1">
            <Axiom axiom="TinyAromaticAminoAcid SubClassOf AminoAcid"/>
         </Generalisation>
      </Generalisations>
   </Cluster>
   <Cluster size="2">
      <Item iri="http://www.co-ode.org/ontologies/amino-acid/2009/02/16/amino-acid.owl#HBondAcceptor"/>
      <Item iri="http://www.co-ode.org/ontologies/amino-acid/2009/02/16/amino-acid.owl#HBondDonor"/>
      <Generalisations>
         <Generalisation axiom="?HBondFormation SubClassOf ?PhysicoChemicalProperty_1" count="2" instantiationStats="?HBondFormation count: 2; ?PhysicoChemicalProperty_1 count: 1">
            <Axiom axiom="HBondDonor SubClassOf HBondFormation"/>
            <Axiom axiom="HBondAcceptor SubClassOf HBondFormation"/>
         </Generalisation>
         <Generalisation axiom=" DisjointClasses: set(?HBondFormation.VALUES)" count="1" instantiationStats="?HBondFormation count: 2">
            <Axiom axiom="HBondAcceptor DisjointWith HBondDonor"/>
         </Generalisation>
      </Generalisations>
   </Cluster>
   <Cluster size="1">
      <Item iri="http://www.co-ode.org/ontologies/amino-acid/2006/05/18/amino-acid.owl#AminoAcid"/>
      <Generalisations>
         <Generalisation axiom="?AminoAcid_2 SubClassOf ?AminoAcid_2" count="1" instantiationStats="?AminoAcid_2 count: 1">
            <Axiom axiom="AminoAcid SubClassOf AminoAcid"/>
         </Generalisation>
         <Generalisation axiom="?cluster_5 EquivalentTo ?AminoAcid_2 and (?cluster_3 some ?PhysicoChemicalProperty)" count="3" instantiationStats="?AminoAcid_2 count: 1; ?PhysicoChemicalProperty count: 3; ?cluster_3 count: 3; ?cluster_5 count: 3">
            <Axiom axiom="TinyAromaticAminoAcid EquivalentTo AminoAcid and (hasSize some Tiny)"/>
            <Axiom axiom="AromaticAminoAcid EquivalentTo AminoAcid and (hasSideChainStructure some Aromatic)"/>
            <Axiom axiom="NegativeChargedAminoAcid EquivalentTo AminoAcid and (hasCharge some Negative)"/>
         </Generalisation>
         <Generalisation axiom="?AminoAcid_1 EquivalentTo ?AminoAcid_2 and (?cluster_3 some &#10;(?PhysicoChemicalProperty_disjunction))" count="1" instantiationStats="?AminoAcid_1 count: 1; ?AminoAcid_2 count: 1; ?PhysicoChemicalProperty count: 2; ?cluster_3 count: 1">
            <Axiom axiom="ChargedAminoAcid EquivalentTo AminoAcid and (hasCharge some &#10;(Negative or Positive))"/>
         </Generalisation>
         <Generalisation axiom="?cluster_5 SubClassOf ?AminoAcid_2" count="1" instantiationStats="?AminoAcid_2 count: 1; ?cluster_5 count: 1">
            <Axiom axiom="TinyAromaticAminoAcid SubClassOf AminoAcid"/>
         </Generalisation>
         <Generalisation axiom="?AminoAcid_2 EquivalentTo ?AminoAcid_disjunction" count="1" instantiationStats="?AminoAcid count: 20; ?AminoAcid_2 count: 1">
            <Axiom axiom="AminoAcid EquivalentTo A or C or D or E or F or G or H or I or K or L or M or N or P or Q or R or S or T or V or W or Y"/>
         </Generalisation>
         <Generalisation axiom="?AminoAcid_1 SubClassOf ?AminoAcid_2" count="1" instantiationStats="?AminoAcid_1 count: 1; ?AminoAcid_2 count: 1">
            <Axiom axiom="LargeAminoAcid SubClassOf AminoAcid"/>
         </Generalisation>
         <Generalisation axiom="?cluster_3 Domain ?AminoAcid_2" count="5" instantiationStats="?AminoAcid_2 count: 1; ?cluster_3 count: 5">
            <Axiom axiom="hasPolarity Domain AminoAcid"/>
            <Axiom axiom="hasHydrophobicity Domain AminoAcid"/>
            <Axiom axiom="hasSideChainStructure Domain AminoAcid"/>
            <Axiom axiom="hasSize Domain AminoAcid"/>
            <Axiom axiom="hasCharge Domain AminoAcid"/>
         </Generalisation>
         <Generalisation axiom="?cluster_2 EquivalentTo ?AminoAcid_2 and ?expression_conjunction" count="7" instantiationStats="?AminoAcid_2 count: 1; ?PhysicoChemicalProperty count: 8; ?cluster_3 count: 4; ?cluster_2 count: 7">
            <Axiom axiom="SmallAliphaticAminoAcid EquivalentTo AminoAcid and (hasSideChainStructure some Aliphatic) and (hasSize some Small)"/>
            <Axiom axiom="LargeAliphaticAminoAcid EquivalentTo AminoAcid and (hasSideChainStructure some Aliphatic) and (hasSize some Large)"/>
            <Axiom axiom="TinyAliphaticAminoAcid EquivalentTo AminoAcid and (hasSideChainStructure some Aliphatic) and (hasSize some Tiny)"/>
            <Axiom axiom="LargeAromaticAminoAcid EquivalentTo AminoAcid and (hasSideChainStructure some Aromatic) and (hasSize some Large)"/>
            <Axiom axiom="TinyHydrophobicAminoAcid EquivalentTo AminoAcid and (hasHydrophobicity some Hydrophobic) and (hasSize some Tiny)"/>
            <Axiom axiom="TinyNonPolarAminoAcid EquivalentTo AminoAcid and (hasPolarity some Non-Polar) and (hasSize some Tiny)"/>
            <Axiom axiom="TinyPolarAminoAcid EquivalentTo AminoAcid and (hasPolarity some Polar) and (hasSize some Tiny)"/>
         </Generalisation>
         <Generalisation axiom="?AminoAcid_1 EquivalentTo ?AminoAcid_2 and (?cluster_3 some ?PhysicoChemicalProperty)" count="10" instantiationStats="?AminoAcid_1 count: 10; ?AminoAcid_2 count: 1; ?PhysicoChemicalProperty count: 10; ?cluster_3 count: 5">
            <Axiom axiom="PositiveChargedAminoAcid EquivalentTo AminoAcid and (hasCharge some Positive)"/>
            <Axiom axiom="HydrophilicAminoAcid EquivalentTo AminoAcid and (hasHydrophobicity some Hydrophilic)"/>
            <Axiom axiom="AliphaticAminoAcid EquivalentTo AminoAcid and (hasSideChainStructure some Aliphatic)"/>
            <Axiom axiom="TinyAminoAcid EquivalentTo AminoAcid and (hasSize some Tiny)"/>
            <Axiom axiom="Non-PolarAminoAcid EquivalentTo AminoAcid and (hasPolarity some Non-Polar)"/>
            <Axiom axiom="SmallAminoAcid EquivalentTo AminoAcid and (hasSize some Small)"/>
            <Axiom axiom="LargeAminoAcid EquivalentTo AminoAcid and (hasSize some Large)"/>
            <Axiom axiom="PolarAminoAcid EquivalentTo AminoAcid and (hasPolarity some Polar)"/>
            <Axiom axiom="NeutralChargedAminoAcid EquivalentTo AminoAcid and (hasCharge some Neutral)"/>
            <Axiom axiom="HydrophobicAminoAcid EquivalentTo AminoAcid and (hasHydrophobicity some Hydrophobic)"/>
         </Generalisation>
         <Generalisation axiom="?AminoAcid SubClassOf ?AminoAcid_2" count="20" instantiationStats="?AminoAcid count: 20; ?AminoAcid_2 count: 1">
            <Axiom axiom="S SubClassOf AminoAcid"/>
            <Axiom axiom="P SubClassOf AminoAcid"/>
            <Axiom axiom="R SubClassOf AminoAcid"/>
            <Axiom axiom="W SubClassOf AminoAcid"/>
            <Axiom axiom="D SubClassOf AminoAcid"/>
            <Axiom axiom="I SubClassOf AminoAcid"/>
            <Axiom axiom="H SubClassOf AminoAcid"/>
            <Axiom axiom="C SubClassOf AminoAcid"/>
            <Axiom axiom="Q SubClassOf AminoAcid"/>
            <Axiom axiom="E SubClassOf AminoAcid"/>
            <Axiom axiom="V SubClassOf AminoAcid"/>
            <Axiom axiom="M SubClassOf AminoAcid"/>
            <Axiom axiom="A SubClassOf AminoAcid"/>
            <Axiom axiom="G SubClassOf AminoAcid"/>
            <Axiom axiom="K SubClassOf AminoAcid"/>
            <Axiom axiom="Y SubClassOf AminoAcid"/>
            <Axiom axiom="N SubClassOf AminoAcid"/>
            <Axiom axiom="L SubClassOf AminoAcid"/>
            <Axiom axiom="F SubClassOf AminoAcid"/>
            <Axiom axiom="T SubClassOf AminoAcid"/>
         </Generalisation>
      </Generalisations>
   </Cluster>
</Clusters>
