cluster index, cluster size, average internal distance, average external distance, max internal distance, min internal distance, max external distance, min external distance, homogeneity
cluster 0208,0.43927309184205715,1.0,0.96875,-1.0,1.0,1.0,0.5607269081579429
cluster 12,-13.444444444444445,1.0,0.0,-13.444444444444445,1.0,1.0,14.444444444444445
cluster index, cluster size, average internal distance, average external distance, max internal distance, min internal distance, max external distance, min external distance, homogeneity
cluster 0208,0.07866112349808009,1.0,0.75,0.0,1.0,1.0,0.9213388765019199
cluster 12,0.5,1.0,0.5,0.5,1.0,1.0,0.5
cluster index, cluster size, average internal distance, average external distance, max internal distance, min internal distance, max external distance, min external distance, homogeneity
cluster 0208,0.07866112349808009,1.0,0.75,0.0,1.0,1.0,0.9213388765019199
cluster 12,0.5,1.0,0.5,0.5,1.0,1.0,0.5
