cluster index, cluster size, average internal distance, average external distance, max internal distance, min internal distance, max external distance, min external distance, homogeneity
cluster 0171,0.5332087941293471,0.994715119622093,0.9952380952380953,-3.25,1.0,0.8021978021978022,0.4667912058706529
cluster 161,0.5235136316033381,0.9911913035804777,0.88,-1.0,1.0,0.29411764705882354,0.4764863683966619
cluster 25,-0.33096771240178946,0.969700402249164,0.2222222222222222,-0.88,1.0,0.29411764705882354,1.3309677124017893
cluster index, cluster size, average internal distance, average external distance, max internal distance, min internal distance, max external distance, min external distance, homogeneity
cluster 074,0.16011353819572766,0.9992369642369641,0.8,0.0,1.0,0.6,0.8398864618042723
cluster 160,0.2474387947269357,0.9988461026868847,0.8333333333333334,0.0,1.0,0.5,0.7525612052730644
cluster 22,0.3333333333333333,0.9840164757886279,0.3333333333333333,0.3333333333333333,1.0,0.5,0.6666666666666667
cluster index, cluster size, average internal distance, average external distance, max internal distance, min internal distance, max external distance, min external distance, homogeneity
cluster 074,0.16011353819572766,0.9992369642369641,0.8,0.0,1.0,0.6,0.8398864618042723
cluster 160,0.2474387947269357,0.9988461026868847,0.8333333333333334,0.0,1.0,0.5,0.7525612052730644
cluster 22,0.3333333333333333,0.9840164757886279,0.3333333333333333,0.3333333333333333,1.0,0.5,0.6666666666666667
