cluster index, cluster size, average internal distance, average external distance, max internal distance, min internal distance, max external distance, min external distance, homogeneity
cluster 086,0.3869373016378119,0.863802987900903,0.9971181556195965,-2.096774193548387,1.0,-0.6571428571428571,0.6130626983621881
cluster 113,0.8073872926034172,0.8550121993215652,0.9973082099596231,-0.4222222222222222,1.0,-0.6571428571428571,0.19261270739658276
cluster index, cluster size, average internal distance, average external distance, max internal distance, min internal distance, max external distance, min external distance, homogeneity
cluster 057,0.1660714285714271,0.9950807250684848,0.625,0.0,1.0,0.6,0.8339285714285729
cluster 17,0.2503401360544218,1.0,0.5714285714285714,0.0,1.0,1.0,0.7496598639455783
cluster 26,0.0,0.9786220871327255,0.0,0.0,1.0,0.6,1.0
cluster index, cluster size, average internal distance, average external distance, max internal distance, min internal distance, max external distance, min external distance, homogeneity
cluster 049,0.19955981568640746,0.9604918988245457,0.8157894736842105,0.0,1.0,0.425531914893617,0.8004401843135925
cluster 114,0.47342891739400317,0.9179977202346682,0.8955223880597015,0.0,1.0,0.425531914893617,0.5265710826059968
cluster 27,0.4646781789638933,1.0,0.9230769230769231,0.0,1.0,1.0,0.5353218210361067
