cluster index, cluster size, average internal distance, average external distance, max internal distance, min internal distance, max external distance, min external distance, homogeneity
cluster 0508,0.6165829833426806,0.9802534276146305,0.9873417721518988,-1.0,1.0,0.43661971830985913,0.3834170166573194
cluster 17,-0.23271145891418088,0.9752161836522009,0.5021459227467812,-0.936,1.0,0.43661971830985913,1.232711458914181
cluster 22,-1.0,0.9887007009286857,0.0,-1.0,1.0,0.7777777777777778,2.0
cluster index, cluster size, average internal distance, average external distance, max internal distance, min internal distance, max external distance, min external distance, homogeneity
cluster 043,0.023255813953488372,1.0,0.5,0.0,1.0,1.0,0.9767441860465116
cluster 14,0.0,1.0,0.0,0.0,1.0,1.0,1.0
cluster index, cluster size, average internal distance, average external distance, max internal distance, min internal distance, max external distance, min external distance, homogeneity
cluster 043,0.023255813953488372,1.0,0.5,0.0,1.0,1.0,0.9767441860465116
cluster 14,0.0,1.0,0.0,0.0,1.0,1.0,1.0
