cluster index, cluster size, average internal distance, average external distance, max internal distance, min internal distance, max external distance, min external distance, homogeneity
cluster 040,0.24586808281378356,0.9840086948492123,0.8823529411764706,-1.0,1.0,0.625,0.7541319171862164
cluster 120,0.2796195033037138,0.9809044755855924,0.8181818181818182,-1.0,1.0,0.3333333333333333,0.7203804966962861
cluster 24,0.43199023199023207,0.9409492189481488,0.7142857142857143,0.07692307692307693,1.0,0.3333333333333333,0.568009768009768
cluster 33,0.32196969696969696,0.8866217279515408,0.5,0.09090909090909091,1.0,0.6363636363636364,0.678030303030303
cluster index, cluster size, average internal distance, average external distance, max internal distance, min internal distance, max external distance, min external distance, homogeneity
cluster 04,0.125,1.0,0.25,0.0,1.0,1.0,0.875
cluster 13,0.2222222222222222,1.0,0.3333333333333333,0.16666666666666666,1.0,1.0,0.7777777777777778
cluster 23,0.5277777777777778,0.9983164983164984,0.75,0.3333333333333333,1.0,0.6666666666666666,0.4722222222222222
cluster index, cluster size, average internal distance, average external distance, max internal distance, min internal distance, max external distance, min external distance, homogeneity
cluster 03,0.4047619047619047,0.9945887445887446,0.5714285714285714,0.14285714285714285,1.0,0.5,0.5952380952380953
cluster 12,0.4,0.9970149253731343,0.4,0.4,1.0,0.6,0.6
