cluster index, cluster size, average internal distance, average external distance, max internal distance, min internal distance, max external distance, min external distance, homogeneity
cluster 0229,0.58101840045435,0.9882693399206669,0.9770114942528736,-1.0,1.0,0.39823008849557523,0.41898159954564995
cluster 13,-0.13296081244481145,0.9791768290962584,0.034482758620689655,-0.4405594405594406,1.0,0.39823008849557523,1.1329608124448114
cluster 22,-1.0,0.9965128755364808,0.0,-1.0,1.0,0.75,2.0
cluster index, cluster size, average internal distance, average external distance, max internal distance, min internal distance, max external distance, min external distance, homogeneity
cluster 07,0.38095238095238093,1.0,0.6666666666666666,0.0,1.0,1.0,0.6190476190476191
cluster 16,0.43333333333333324,0.9997573993207179,0.75,0.0,1.0,0.6666666666666666,0.5666666666666668
cluster index, cluster size, average internal distance, average external distance, max internal distance, min internal distance, max external distance, min external distance, homogeneity
cluster 07,0.38095238095238093,1.0,0.6666666666666666,0.0,1.0,1.0,0.6190476190476191
cluster 16,0.43333333333333324,0.9997573993207179,0.75,0.0,1.0,0.6666666666666666,0.5666666666666668
