cluster index, cluster size, average internal distance, average external distance, max internal distance, min internal distance, max external distance, min external distance, homogeneity
cluster 047,0.17456226350904683,0.9423399666078,0.875,-1.0,1.0,0.5625,0.8254377364909532
cluster 13,0.052912014721432594,0.9247216230712945,0.16129032258064516,-0.037037037037037035,1.0,0.5625,0.9470879852785674
cluster index, cluster size, average internal distance, average external distance, max internal distance, min internal distance, max external distance, min external distance, homogeneity
cluster 07,0.0,1.0,0.0,0.0,1.0,1.0,1.0
cluster 14,0.0,1.0,0.0,0.0,1.0,1.0,1.0
cluster index, cluster size, average internal distance, average external distance, max internal distance, min internal distance, max external distance, min external distance, homogeneity
cluster 07,0.0,1.0,0.0,0.0,1.0,1.0,1.0
cluster 14,0.0,1.0,0.0,0.0,1.0,1.0,1.0
