cluster index, cluster size, average internal distance, average external distance, max internal distance, min internal distance, max external distance, min external distance, homogeneity
cluster 062,-0.8491098184382169,0.9896180941787167,0.5,-1.0,1.0,0.3333333333333333,1.8491098184382169
cluster 144,0.33267029232443174,0.9981088939513619,0.95,-1.2857142857142858,1.0,0.5454545454545454,0.6673297076755682
cluster 213,0.5432134858605449,0.9925143536039864,0.8823529411764706,-1.0,1.0,0.7142857142857143,0.45678651413945515
cluster 39,0.3999999999999999,0.989439159502185,0.7142857142857143,-1.0,1.0,0.7142857142857143,0.6000000000000001
cluster 46,-1.0,1.0,0.0,-1.0,1.0,1.0,2.0
cluster 54,-1.0,1.0,0.0,-1.0,1.0,1.0,2.0
cluster 63,0.2310446659283869,0.9800527170212087,0.4883720930232558,-0.02857142857142857,1.0,0.5454545454545454,0.7689553340716131
cluster 73,0.5714285714285715,0.872146118721463,0.7142857142857143,0.5,1.0,0.3333333333333333,0.4285714285714285
cluster index, cluster size, average internal distance, average external distance, max internal distance, min internal distance, max external distance, min external distance, homogeneity
cluster 058,0.18017745513208322,0.9991789819376025,0.75,0.0,1.0,0.5,0.8198225448679168
cluster 12,0.5,0.9960317460317459,0.5,0.5,1.0,0.6666666666666666,0.5
cluster index, cluster size, average internal distance, average external distance, max internal distance, min internal distance, max external distance, min external distance, homogeneity
cluster 029,0.3248827117053706,0.9626548531289917,0.8571428571428571,0.0,1.0,0.5,0.6751172882946295
cluster 115,0.37380952380952376,0.9341072415699294,0.8,0.0,1.0,0.5,0.6261904761904762
cluster 214,0.13186813186813187,1.0,0.5,0.0,1.0,1.0,0.8681318681318682
cluster 32,0.5,0.9971655328798187,0.5,0.5,1.0,0.75,0.5
