cluster index, cluster size, average internal distance, average external distance, max internal distance, min internal distance, max external distance, min external distance, homogeneity
cluster 0260,0.6520138362613153,0.9939717236067747,0.9850746268656716,-1.0,1.0,0.1,0.34798616373868474
cluster 12,-31.0,1.0,0.0,-31.0,1.0,1.0,32.0
cluster 22,-0.3146067415730337,0.982189183383649,0.0,-0.3146067415730337,1.0,0.1,1.3146067415730336
cluster index, cluster size, average internal distance, average external distance, max internal distance, min internal distance, max external distance, min external distance, homogeneity
cluster 069,0.0,1.0,0.0,0.0,1.0,1.0,1.0
cluster 13,0.0,1.0,0.0,0.0,1.0,1.0,1.0
cluster index, cluster size, average internal distance, average external distance, max internal distance, min internal distance, max external distance, min external distance, homogeneity
cluster 069,0.0,1.0,0.0,0.0,1.0,1.0,1.0
cluster 13,0.0,1.0,0.0,0.0,1.0,1.0,1.0
