cluster index, cluster size, average internal distance, average external distance, max internal distance, min internal distance, max external distance, min external distance, homogeneity
cluster 059,0.7192687366474031,0.9741754853564705,0.9661016949152542,-1.0,1.0,0.21951219512195122,0.2807312633525969
cluster 116,0.4960569645496109,0.9792566954707947,0.8823529411764706,-1.0,1.0,0.7777777777777778,0.5039430354503891
cluster 23,0.3435910056397862,0.9489436611242459,0.648,-0.24324324324324326,1.0,0.21951219512195122,0.6564089943602138
cluster 32,0.6666666666666666,1.0,0.6666666666666666,0.6666666666666666,1.0,1.0,0.33333333333333337
cluster index, cluster size, average internal distance, average external distance, max internal distance, min internal distance, max external distance, min external distance, homogeneity
cluster 029,0.6080782312925181,0.9893986042692935,0.875,0.0,1.0,0.6666666666666666,0.39192176870748185
cluster 112,0.5556277056277057,0.9792529330572805,0.875,0.0,1.0,0.5,0.4443722943722943
cluster 24,0.0,0.9645021645021646,0.0,0.0,1.0,0.5,1.0
cluster index, cluster size, average internal distance, average external distance, max internal distance, min internal distance, max external distance, min external distance, homogeneity
cluster 027,0.6154965404965417,0.9891419337406988,0.875,0.0,1.0,0.6666666666666666,0.3845034595034583
cluster 112,0.5666786916786916,0.9794866801207377,0.8888888888888888,0.0,1.0,0.5,0.43332130832130844
cluster 24,0.0,0.9645021645021646,0.0,0.0,1.0,0.5,1.0
cluster 32,0.3333333333333333,1.0,0.3333333333333333,0.3333333333333333,1.0,1.0,0.6666666666666667
