cluster index, cluster size, average internal distance, average external distance, max internal distance, min internal distance, max external distance, min external distance, homogeneity
cluster 055,0.37639622517307425,0.8217820780692159,0.9922178988326849,-1.0,1.0,-0.2903225806451613,0.6236037748269257
cluster 19,0.03741848352866045,0.8055161566231536,0.9176029962546817,-1.0,1.0,-0.2903225806451613,0.9625815164713396
cluster index, cluster size, average internal distance, average external distance, max internal distance, min internal distance, max external distance, min external distance, homogeneity
cluster 029,0.0332512315270936,1.0,0.25,0.0,1.0,1.0,0.9667487684729064
cluster 17,0.0,1.0,0.0,0.0,1.0,1.0,1.0
cluster index, cluster size, average internal distance, average external distance, max internal distance, min internal distance, max external distance, min external distance, homogeneity
cluster 029,0.0166256157635468,1.0,0.125,0.0,1.0,1.0,0.9833743842364532
cluster 17,0.0,1.0,0.0,0.0,1.0,1.0,1.0
