cluster index, cluster size, average internal distance, average external distance, max internal distance, min internal distance, max external distance, min external distance, homogeneity
cluster 021,0.690459265711591,0.9982417432923948,0.9622641509433962,-1.0,1.0,0.8297872340425532,0.309540734288409
cluster 117,0.4591206317009161,0.9961580686731831,0.9642857142857143,-1.0,1.0,0.7,0.5408793682990839
cluster index, cluster size, average internal distance, average external distance, max internal distance, min internal distance, max external distance, min external distance, homogeneity
cluster 018,0.5801731130162509,0.9948268921095008,0.9,0.0,1.0,0.6666666666666666,0.41982688698374915
cluster 18,0.3137755102040817,0.9986742424242423,0.75,0.0,1.0,0.75,0.6862244897959183
cluster 22,0.0,1.0,0.0,0.0,1.0,1.0,1.0
cluster index, cluster size, average internal distance, average external distance, max internal distance, min internal distance, max external distance, min external distance, homogeneity
cluster 010,0.29074074074074074,1.0,0.75,0.0,1.0,1.0,0.7092592592592593
cluster 14,0.6666666666666666,0.9841782776565384,0.9166666666666666,0.5,1.0,0.5,0.33333333333333337
cluster 22,0.0,0.9933110367892977,0.0,0.0,1.0,0.7391304347826086,1.0
cluster 32,0.0,1.0,0.0,0.0,1.0,1.0,1.0
cluster 42,0.7,0.9977106227106227,0.7,0.7,1.0,0.8214285714285714,0.30000000000000004
