cluster index, cluster size, average internal distance, average external distance, max internal distance, min internal distance, max external distance, min external distance, homogeneity
cluster 028,0.1024945669674088,1.0,0.6410256410256411,-1.0,1.0,1.0,0.8975054330325912
cluster 117,0.25720723974737403,1.0,0.981651376146789,-16.2,1.0,1.0,0.742792760252626
cluster index, cluster size, average internal distance, average external distance, max internal distance, min internal distance, max external distance, min external distance, homogeneity
cluster 028,0.1624338624338624,1.0,0.8,0.0,1.0,1.0,0.8375661375661376
cluster 118,0.16775599128540333,1.0,0.3333333333333333,0.0,1.0,1.0,0.8322440087145967
cluster index, cluster size, average internal distance, average external distance, max internal distance, min internal distance, max external distance, min external distance, homogeneity
cluster 028,0.20390278243551135,1.0,0.7619047619047619,0.0,1.0,1.0,0.7960972175644887
cluster 15,0.4083333333333333,0.989015151515152,0.8333333333333334,0.0,1.0,0.75,0.5916666666666667
cluster 24,0.0,0.9962962962962965,0.0,0.0,1.0,0.8333333333333334,1.0
cluster 33,0.0,0.9963768115942031,0.0,0.0,1.0,0.8333333333333334,1.0
cluster 43,0.0,0.9945652173913043,0.0,0.0,1.0,0.75,1.0
cluster 53,0.0,0.9963768115942031,0.0,0.0,1.0,0.8333333333333334,1.0
