cluster index, cluster size, average internal distance, average external distance, max internal distance, min internal distance, max external distance, min external distance, homogeneity
cluster 03,0.14285714285714288,1.0,0.7142857142857143,-1.0,1.0,1.0,0.8571428571428571
cluster index, cluster size, average internal distance, average external distance, max internal distance, min internal distance, max external distance, min external distance, homogeneity
cluster 02,0.0,0.95,0.0,0.0,1.0,0.75,1.0
cluster 12,0.5,0.95,0.5,0.5,1.0,0.75,0.5
cluster index, cluster size, average internal distance, average external distance, max internal distance, min internal distance, max external distance, min external distance, homogeneity
cluster 02,0.0,1.0,0.0,0.0,1.0,1.0,1.0
cluster 12,0.0,1.0,0.0,0.0,1.0,1.0,1.0
