cluster index, cluster size, average internal distance, average external distance, max internal distance, min internal distance, max external distance, min external distance, homogeneity
cluster 055,0.4781005125180461,0.9989502953718843,0.9565217391304348,-2.5,1.0,0.7763157894736842,0.5218994874819539
cluster 113,-1.0,1.0,0.0,-1.0,1.0,1.0,2.0
cluster 28,-0.10714285714285714,0.9991830065359477,0.5,-1.0,1.0,0.6666666666666666,1.1071428571428572
cluster 36,0.06241758241758245,1.0,0.9743589743589743,-1.0,1.0,1.0,0.9375824175824176
cluster 46,-0.5555555555555555,1.0,0.3333333333333333,-1.0,1.0,1.0,1.5555555555555554
cluster 54,-0.24444444444444446,0.9981502034776175,0.6,-1.0,1.0,0.6666666666666666,1.2444444444444445
cluster 62,-0.09090909090909091,0.9858439377720978,0.0,-0.09090909090909091,1.0,0.7763157894736842,1.0909090909090908
cluster index, cluster size, average internal distance, average external distance, max internal distance, min internal distance, max external distance, min external distance, homogeneity
cluster 045,0.3617099567099569,0.9992706552706555,0.8,0.0,1.0,0.5,0.6382900432900431
cluster 12,0.0,1.0,0.0,0.0,1.0,1.0,1.0
cluster 22,0.0,0.9901234567901235,0.0,0.0,1.0,0.5,1.0
cluster index, cluster size, average internal distance, average external distance, max internal distance, min internal distance, max external distance, min external distance, homogeneity
cluster 043,0.5057599008595666,0.9960856018908782,0.875,0.0,1.0,0.5,0.49424009914043343
cluster 13,0.26666666666666666,0.9648679721109634,0.4,0.0,1.0,0.5,0.7333333333333334
cluster 22,0.0,1.0,0.0,0.0,1.0,1.0,1.0
