cluster index, cluster size, average internal distance, average external distance, max internal distance, min internal distance, max external distance, min external distance, homogeneity
cluster 0307,0.4847103080565496,1.0,0.9901960784313726,-1.3333333333333333,1.0,1.0,0.5152896919434504
cluster 12,-1.6933333333333334,1.0,0.0,-1.6933333333333334,1.0,1.0,2.6933333333333334
cluster index, cluster size, average internal distance, average external distance, max internal distance, min internal distance, max external distance, min external distance, homogeneity
cluster 0307,0.27258343150772124,1.0,0.96875,0.0,1.0,1.0,0.7274165684922788
cluster 12,0.9166666666666666,1.0,0.9166666666666666,0.9166666666666666,1.0,1.0,0.08333333333333337
cluster index, cluster size, average internal distance, average external distance, max internal distance, min internal distance, max external distance, min external distance, homogeneity
cluster 0307,0.2787780078475414,1.0,0.972972972972973,0.0,1.0,1.0,0.7212219921524585
cluster 12,0.9444444444444444,1.0,0.9444444444444444,0.9444444444444444,1.0,1.0,0.05555555555555558
