cluster index, cluster size, average internal distance, average external distance, max internal distance, min internal distance, max external distance, min external distance, homogeneity
cluster 0168,0.7755684148008857,0.9960827394759124,0.9955849889624724,-6.066666666666666,1.0,0.5384615384615384,0.22443158519911433
cluster 16,0.7470101146416935,0.9936472612545089,0.9090909090909091,0.1111111111111111,1.0,0.6470588235294118,0.25298988535830647
cluster 24,0.7503655638741465,0.9981640929710132,0.9967051070840197,-0.2,1.0,0.5384615384615384,0.24963443612585345
cluster index, cluster size, average internal distance, average external distance, max internal distance, min internal distance, max external distance, min external distance, homogeneity
cluster 0174,0.7249356318453379,0.999702230115759,0.9705882352941176,0.0,1.0,0.9090909090909091,0.27506436815466206
cluster 13,0.5614035087719298,0.999414554125899,0.8421052631578947,0.0,1.0,0.9090909090909091,0.4385964912280702
cluster index, cluster size, average internal distance, average external distance, max internal distance, min internal distance, max external distance, min external distance, homogeneity
cluster 0168,0.7292996062700684,0.9936658834975975,0.9705882352941176,0.0,1.0,0.5,0.2707003937299316
cluster 16,0.6405026455026454,0.9877686026160504,0.8,0.2857142857142857,1.0,0.5,0.35949735449735465
cluster 23,0.5797101449275363,1.0,0.8695652173913043,0.0,1.0,1.0,0.42028985507246375
