cluster index, cluster size, average internal distance, average external distance, max internal distance, min internal distance, max external distance, min external distance, homogeneity
cluster 0304,0.7171486433701937,0.9693879607350615,0.9958071278825996,-5.0,1.0,0.25,0.2828513566298063
cluster 131,0.6694461830768375,0.9566306567086542,0.9797979797979798,-3.6666666666666665,1.0,0.25,0.33055381692316255
cluster 215,0.2404268612757057,0.9937569884318102,0.9661016949152542,-2.0,1.0,0.42857142857142855,0.7595731387242943
cluster 32,0.8767772511848341,1.0,0.8767772511848341,0.8767772511848341,1.0,1.0,0.12322274881516593
cluster index, cluster size, average internal distance, average external distance, max internal distance, min internal distance, max external distance, min external distance, homogeneity
cluster 0310,0.5903260816844483,0.9997830721642609,0.96,0.0,1.0,0.6666666666666666,0.40967391831555167
cluster 118,0.3422657952069717,0.9993321823678968,0.75,0.0,1.0,0.6666666666666666,0.6577342047930284
cluster 24,0.0,0.9990476190476191,0.0,0.0,1.0,0.6666666666666666,1.0
cluster 32,0.9166666666666666,0.999640244355318,0.9166666666666666,0.9166666666666666,1.0,0.8888888888888888,0.08333333333333337
cluster index, cluster size, average internal distance, average external distance, max internal distance, min internal distance, max external distance, min external distance, homogeneity
cluster 0310,0.5903260816844483,0.9997830721642609,0.96,0.0,1.0,0.6666666666666666,0.40967391831555167
cluster 118,0.3422657952069717,0.9993321823678968,0.75,0.0,1.0,0.6666666666666666,0.6577342047930284
cluster 24,0.0,0.9990476190476191,0.0,0.0,1.0,0.6666666666666666,1.0
cluster 32,0.9166666666666666,0.999640244355318,0.9166666666666666,0.9166666666666666,1.0,0.8888888888888888,0.08333333333333337
