cluster index, cluster size, average internal distance, average external distance, max internal distance, min internal distance, max external distance, min external distance, homogeneity
cluster 0453,0.5525274532225299,0.9950603369909162,0.98,-1.0,1.0,0.6518218623481782,0.44747254677747006
cluster 13,0.0,1.0,0.5,-1.0,1.0,1.0,1.0
cluster 23,-0.5205688626992168,0.9885750026245005,0.0,-0.8137651821862348,1.0,0.6518218623481782,1.5205688626992169
cluster index, cluster size, average internal distance, average external distance, max internal distance, min internal distance, max external distance, min external distance, homogeneity
cluster 012,0.0,1.0,0.0,0.0,1.0,1.0,1.0
cluster 13,0.0,1.0,0.0,0.0,1.0,1.0,1.0
cluster index, cluster size, average internal distance, average external distance, max internal distance, min internal distance, max external distance, min external distance, homogeneity
cluster 012,0.0,1.0,0.0,0.0,1.0,1.0,1.0
cluster 13,0.0,1.0,0.0,0.0,1.0,1.0,1.0
