cluster index, cluster size, average internal distance, average external distance, max internal distance, min internal distance, max external distance, min external distance, homogeneity
cluster 0102,0.45610158708563103,0.9999819780853518,0.9818181818181818,-1.0,1.0,0.8823529411764706,0.5438984129143689
cluster 146,0.5950120366205298,1.0,0.996031746031746,-1.5,1.0,1.0,0.4049879633794702
cluster 212,0.47828282828282814,1.0,0.6666666666666666,-1.0,1.0,1.0,0.5217171717171718
cluster 34,0.5833333333333334,0.9998184458968773,0.6666666666666666,0.5,1.0,0.8823529411764706,0.41666666666666663
cluster 42,0.9817629179331308,1.0,0.9817629179331308,0.9817629179331308,1.0,1.0,0.018237082066869248
cluster index, cluster size, average internal distance, average external distance, max internal distance, min internal distance, max external distance, min external distance, homogeneity
cluster 0164,0.5986296510811808,0.9994918699186991,0.972972972972973,0.0,1.0,0.8333333333333334,0.4013703489188192
cluster 12,0.9,0.9994918699186993,0.9,0.9,1.0,0.8333333333333334,0.09999999999999998
cluster index, cluster size, average internal distance, average external distance, max internal distance, min internal distance, max external distance, min external distance, homogeneity
cluster 0102,0.4597522852910159,1.0,0.9230769230769231,0.0,1.0,1.0,0.5402477147089841
cluster 146,0.4956045497544442,0.9999891304347825,0.9824561403508771,0.0,1.0,0.94,0.5043954502455559
cluster 212,0.4949494949494948,1.0,0.75,0.0,1.0,1.0,0.5050505050505052
cluster 34,0.6694444444444444,1.0,0.8,0.5,1.0,1.0,0.3305555555555556
cluster 42,0.8695652173913043,0.9998170731707317,0.8695652173913043,0.8695652173913043,1.0,0.94,0.13043478260869568
