cluster index, cluster size, average internal distance, average external distance, max internal distance, min internal distance, max external distance, min external distance, homogeneity
cluster 0511,0.7449164699371973,0.9923787667895866,0.9963570127504554,-22.0,1.0,0.4639175257731959,0.2550835300628027
cluster 12,0.5075987841945289,0.9885904780160487,0.5075987841945289,0.5075987841945289,1.0,0.4639175257731959,0.49240121580547114
cluster index, cluster size, average internal distance, average external distance, max internal distance, min internal distance, max external distance, min external distance, homogeneity
cluster 0260,0.05878130878131447,0.999984857662023,0.75,0.0,1.0,0.75,0.9412186912186855
cluster 123,0.2980895915678523,0.9999114495705305,0.75,0.0,1.0,0.75,0.7019104084321477
cluster index, cluster size, average internal distance, average external distance, max internal distance, min internal distance, max external distance, min external distance, homogeneity
cluster 0238,0.0215792646172395,0.9999878212154428,0.6666666666666666,0.0,1.0,0.8,0.9784207353827605
cluster 122,0.27792207792207796,1.0,0.8,0.0,1.0,1.0,0.7220779220779221
cluster 212,0.15151515151515152,0.999675899576298,0.5,0.0,1.0,0.8333333333333334,0.8484848484848485
cluster 37,0.2721088435374149,0.9988487702773418,0.7142857142857143,0.0,1.0,0.6666666666666666,0.7278911564625852
cluster 44,0.0,0.9993464052287583,0.0,0.0,1.0,0.6666666666666666,1.0
