cluster index, cluster size, average internal distance, average external distance, max internal distance, min internal distance, max external distance, min external distance, homogeneity
cluster 086,0.644356054225744,0.999540279217581,0.9948717948717949,-3.0,1.0,0.8085106382978723,0.35564394577425595
cluster 119,0.38700948728102175,1.0,0.9878787878787879,-6.428571428571429,1.0,1.0,0.6129905127189783
cluster index, cluster size, average internal distance, average external distance, max internal distance, min internal distance, max external distance, min external distance, homogeneity
cluster 050,0.43043472627145973,0.9912171219585025,0.8888888888888888,0.0,1.0,0.6,0.5695652737285403
cluster 127,0.47052638719305406,0.9790591096146644,0.875,0.0,1.0,0.3333333333333333,0.5294736128069459
cluster 26,0.5388888888888889,0.9545537659508252,0.75,0.0,1.0,0.3333333333333333,0.46111111111111114
cluster index, cluster size, average internal distance, average external distance, max internal distance, min internal distance, max external distance, min external distance, homogeneity
cluster 045,0.5831770032304797,0.9879224776330279,0.9333333333333333,0.0,1.0,0.6,0.4168229967695203
cluster 119,0.5679592337487068,0.9959069190762933,0.9285714285714286,0.0,1.0,0.75,0.4320407662512932
cluster 214,0.3543956043956044,1.0,0.75,0.0,1.0,1.0,0.6456043956043955
cluster 35,0.0,0.9262924238652398,0.0,0.0,1.0,0.6,1.0
