cluster index, cluster size, average internal distance, average external distance, max internal distance, min internal distance, max external distance, min external distance, homogeneity
cluster 0149,0.4338357160653416,0.9975280591665866,0.9615384615384616,-1.0,1.0,0.5714285714285714,0.5661642839346583
cluster 1132,0.22468033651470312,0.9987188712541057,0.9090909090909091,-1.0,1.0,0.30158730158730157,0.7753196634852969
cluster 212,0.6324487232878461,0.9999987115062492,0.9949748743718593,-1.0,1.0,0.9949748743718593,0.36755127671215393
cluster 311,-0.46562770562770545,0.9989335631834239,0.6,-1.0,1.0,0.0,1.4656277056277054
cluster 47,-0.3809523809523808,0.9821645058042132,0.3333333333333333,-1.0,1.0,0.8333333333333334,1.380952380952381
cluster 56,-0.29174276791446047,0.9857883538053338,0.5882352941176471,-0.8837209302325582,1.0,0.5714285714285714,1.2917427679144604
cluster 64,-0.7745360389456053,0.9739734655676179,0.0,-0.9130434782608695,1.0,0.30158730158730157,1.7745360389456053
cluster 72,0.0,0.9942921754862054,0.0,0.0,1.0,0.0,1.0
cluster index, cluster size, average internal distance, average external distance, max internal distance, min internal distance, max external distance, min external distance, homogeneity
cluster 0163,0.24358100431720064,1.0,0.5,0.0,1.0,1.0,0.7564189956827994
cluster 110,0.0,1.0,0.0,0.0,1.0,1.0,1.0
cluster index, cluster size, average internal distance, average external distance, max internal distance, min internal distance, max external distance, min external distance, homogeneity
cluster 096,0.12140350877192925,1.0,0.3333333333333333,0.0,1.0,1.0,0.8785964912280707
cluster 144,0.0,1.0,0.0,0.0,1.0,1.0,1.0
cluster 223,0.0,1.0,0.0,0.0,1.0,1.0,1.0
cluster 310,0.0,1.0,0.0,0.0,1.0,1.0,1.0
