cluster index, cluster size, average internal distance, average external distance, max internal distance, min internal distance, max external distance, min external distance, homogeneity
cluster 0220,0.7400333392276582,0.9947597838633814,0.9977246871444824,-1.5714285714285714,1.0,0.4,0.25996666077234176
cluster 12,0.75,0.9934446198767687,0.75,0.75,1.0,0.5072463768115942,0.25
cluster 22,0.14285714285714285,0.9935308975685083,0.14285714285714285,0.14285714285714285,1.0,0.4,0.8571428571428572
cluster 32,-1.0,0.9880847029077118,0.0,-1.0,1.0,0.5,2.0
cluster index, cluster size, average internal distance, average external distance, max internal distance, min internal distance, max external distance, min external distance, homogeneity
cluster 0220,0.47321726754787236,0.9984910102282378,0.967741935483871,0.0,1.0,0.7647058823529411,0.5267827324521277
cluster 13,0.6190476190476191,0.9960654488914049,0.9285714285714286,0.0,1.0,0.7647058823529411,0.38095238095238093
cluster index, cluster size, average internal distance, average external distance, max internal distance, min internal distance, max external distance, min external distance, homogeneity
cluster 0220,0.47321726754787236,0.9984910102282378,0.967741935483871,0.0,1.0,0.7647058823529411,0.5267827324521277
cluster 13,0.6190476190476191,0.9960654488914049,0.9285714285714286,0.0,1.0,0.7647058823529411,0.38095238095238093
