cluster index, cluster size, average internal distance, average external distance, max internal distance, min internal distance, max external distance, min external distance, homogeneity
cluster 0528,0.6793284054894515,0.9905327482036114,0.9984038308060654,-1.608695652173913,1.0,0.4666666666666667,0.3206715945105485
cluster 123,0.3061286539547402,0.9897483409587883,0.8571428571428571,-1.0,1.0,0.4666666666666667,0.6938713460452598
cluster 22,-0.3727810650887574,1.0,0.0,-0.3727810650887574,1.0,1.0,1.3727810650887573
cluster index, cluster size, average internal distance, average external distance, max internal distance, min internal distance, max external distance, min external distance, homogeneity
cluster 0551,0.4327155365447642,1.0,0.9411764705882353,0.0,1.0,1.0,0.5672844634552359
cluster 12,0.75,1.0,0.75,0.75,1.0,1.0,0.25
cluster index, cluster size, average internal distance, average external distance, max internal distance, min internal distance, max external distance, min external distance, homogeneity
cluster 0490,0.4143460459078104,0.8617853654407499,0.96,0.0,1.0,0.4,0.5856539540921897
cluster 161,0.34422196200885014,0.8578340074355914,0.8571428571428571,0.0,1.0,0.4,0.6557780379911499
cluster 22,0.875,1.0,0.875,0.875,1.0,1.0,0.125
