cluster index, cluster size, average internal distance, average external distance, max internal distance, min internal distance, max external distance, min external distance, homogeneity
cluster 020,0.4367043933938853,0.9981150793650793,0.9743589743589743,-1.0,1.0,0.9523809523809523,0.5632956066061148
cluster 12,0.8333333333333334,0.9981150793650795,0.8333333333333334,0.8333333333333334,1.0,0.9523809523809523,0.16666666666666663
cluster index, cluster size, average internal distance, average external distance, max internal distance, min internal distance, max external distance, min external distance, homogeneity
cluster 020,0.5064314194577356,0.9767424242424243,0.9166666666666666,0.0,1.0,0.6,0.4935685805422644
cluster 12,0.875,0.9767424242424243,0.875,0.875,1.0,0.6,0.125
cluster index, cluster size, average internal distance, average external distance, max internal distance, min internal distance, max external distance, min external distance, homogeneity
cluster 019,0.6348897041879509,0.981578947368421,0.9230769230769231,0.0,1.0,0.6666666666666666,0.3651102958120491
cluster 12,0.6923076923076923,0.9718269230769231,0.6923076923076923,0.6923076923076923,1.0,0.6666666666666666,0.3076923076923077
