cluster index, cluster size, average internal distance, average external distance, max internal distance, min internal distance, max external distance, min external distance, homogeneity
cluster 0225,0.5680558827304788,0.9603188833671792,0.975609756097561,-1.0,1.0,0.4716981132075472,0.4319441172695212
cluster 17,-0.23015873015873028,0.9988087939038277,0.6,-1.0,1.0,0.6666666666666666,1.2301587301587302
cluster 27,0.2428136797506734,0.9190797599675529,0.8383838383838383,-0.8823529411764706,1.0,0.4716981132075472,0.7571863202493266
cluster index, cluster size, average internal distance, average external distance, max internal distance, min internal distance, max external distance, min external distance, homogeneity
cluster 08,0.3154761904761904,1.0,0.75,0.0,1.0,1.0,0.6845238095238095
cluster 14,0.0,1.0,0.0,0.0,1.0,1.0,1.0
cluster index, cluster size, average internal distance, average external distance, max internal distance, min internal distance, max external distance, min external distance, homogeneity
cluster 08,0.3154761904761904,1.0,0.75,0.0,1.0,1.0,0.6845238095238095
cluster 14,0.0,1.0,0.0,0.0,1.0,1.0,1.0
