cluster index, cluster size, average internal distance, average external distance, max internal distance, min internal distance, max external distance, min external distance, homogeneity
cluster 016,0.8526881577344145,1.0,0.9574468085106383,0.42857142857142855,1.0,1.0,0.14731184226558547
cluster index, cluster size, average internal distance, average external distance, max internal distance, min internal distance, max external distance, min external distance, homogeneity
cluster 015,0.9306717629268534,1.0,0.9666666666666667,0.75,1.0,1.0,0.06932823707314661
cluster 12,0.9655172413793104,1.0,0.9655172413793104,0.9655172413793104,1.0,1.0,0.03448275862068961
cluster index, cluster size, average internal distance, average external distance, max internal distance, min internal distance, max external distance, min external distance, homogeneity
cluster 015,0.9306717629268534,1.0,0.9666666666666667,0.75,1.0,1.0,0.06932823707314661
cluster 12,0.9655172413793104,1.0,0.9655172413793104,0.9655172413793104,1.0,1.0,0.03448275862068961
