cluster index, cluster size, average internal distance, average external distance, max internal distance, min internal distance, max external distance, min external distance, homogeneity
cluster 040,0.6051599424481386,0.9943931113236752,0.9883720930232558,-2.176470588235294,1.0,0.7297297297297297,0.39484005755186136
cluster index, cluster size, average internal distance, average external distance, max internal distance, min internal distance, max external distance, min external distance, homogeneity
cluster 014,0.4471578841326738,0.995152735007046,0.75,0.0,1.0,0.8235294117647058,0.5528421158673262
cluster 13,0.5333333333333333,0.9837595907928389,0.8,0.0,1.0,0.8235294117647058,0.4666666666666667
cluster index, cluster size, average internal distance, average external distance, max internal distance, min internal distance, max external distance, min external distance, homogeneity
cluster 02,0.796875,0.9958873803900756,0.796875,0.796875,1.0,0.859375,0.203125
