<?xml version="1.0" encoding="UTF-8" standalone="no"?>
<Clusters>
   <Cluster size="30">
      <Item iri="http://purl.obolibrary.org/obo/ID_0000043"/>
      <Item iri="http://purl.obolibrary.org/obo/ID_0000065"/>
      <Item iri="http://purl.obolibrary.org/obo/ID_0000066"/>
      <Item iri="http://purl.obolibrary.org/obo/ID_0000020"/>
      <Item iri="http://purl.obolibrary.org/obo/ID_0000021"/>
      <Item iri="http://purl.obolibrary.org/obo/ID_0000024"/>
      <Item iri="http://purl.obolibrary.org/obo/ID_0000060"/>
      <Item iri="http://purl.obolibrary.org/obo/ID_0000023"/>
      <Item iri="http://purl.obolibrary.org/obo/ID_0000025"/>
      <Item iri="http://purl.obolibrary.org/obo/ID_0000026"/>
      <Item iri="http://purl.obolibrary.org/obo/ID_0000027"/>
      <Item iri="http://purl.obolibrary.org/obo/ID_0000087"/>
      <Item iri="http://purl.obolibrary.org/obo/ID_0000085"/>
      <Item iri="http://purl.obolibrary.org/obo/ID_0000083"/>
      <Item iri="http://purl.obolibrary.org/obo/ID_0000052"/>
      <Item iri="http://purl.obolibrary.org/obo/ID_0000053"/>
      <Item iri="http://purl.obolibrary.org/obo/ID_0000050"/>
      <Item iri="http://purl.obolibrary.org/obo/ID_0000051"/>
      <Item iri="http://purl.obolibrary.org/obo/ID_0000056"/>
      <Item iri="http://purl.obolibrary.org/obo/ID_0000057"/>
      <Item iri="http://purl.obolibrary.org/obo/ID_0000054"/>
      <Item iri="http://purl.obolibrary.org/obo/ID_0000055"/>
      <Item iri="http://purl.obolibrary.org/obo/ID_0000016"/>
      <Item iri="http://purl.obolibrary.org/obo/ID_0000017"/>
      <Item iri="http://purl.obolibrary.org/obo/ID_0000071"/>
      <Item iri="http://purl.obolibrary.org/obo/ID_0000070"/>
      <Item iri="http://purl.obolibrary.org/obo/ID_0000018"/>
      <Item iri="http://purl.obolibrary.org/obo/ID_0000019"/>
      <Item iri="http://purl.obolibrary.org/obo/ID_0000059"/>
      <Item iri="http://purl.obolibrary.org/obo/ID_0000058"/>
      <Generalisations>
         <Generalisation axiom="?cluster_7 SubClassOf DEFAULT_NAMESPACE_is_associated_with some ID_0000002" count="1" instantiationStats="?cluster_7 count: 1">
            <Axiom axiom="ID_0000087 SubClassOf DEFAULT_NAMESPACE_is_associated_with some ID_0000002"/>
         </Generalisation>
         <Generalisation axiom="?cluster_7 SubClassOf DEFAULT_NAMESPACE_has_a some &#10;(ID_0000002 and (DEFAULT_NAMESPACE_interacts_with_a_stressor_via some ID_0000001))" count="14" instantiationStats="?cluster_7 count: 14">
            <Axiom axiom="ID_0000060 SubClassOf DEFAULT_NAMESPACE_has_a some &#10;(ID_0000002 and (DEFAULT_NAMESPACE_interacts_with_a_stressor_via some ID_0000001))"/>
            <Axiom axiom="ID_0000058 SubClassOf DEFAULT_NAMESPACE_has_a some &#10;(ID_0000002 and (DEFAULT_NAMESPACE_interacts_with_a_stressor_via some ID_0000001))"/>
            <Axiom axiom="ID_0000019 SubClassOf DEFAULT_NAMESPACE_has_a some &#10;(ID_0000002 and (DEFAULT_NAMESPACE_interacts_with_a_stressor_via some ID_0000001))"/>
            <Axiom axiom="ID_0000020 SubClassOf DEFAULT_NAMESPACE_has_a some &#10;(ID_0000002 and (DEFAULT_NAMESPACE_interacts_with_a_stressor_via some ID_0000001))"/>
            <Axiom axiom="ID_0000056 SubClassOf DEFAULT_NAMESPACE_has_a some &#10;(ID_0000002 and (DEFAULT_NAMESPACE_interacts_with_a_stressor_via some ID_0000001))"/>
            <Axiom axiom="ID_0000087 SubClassOf DEFAULT_NAMESPACE_has_a some &#10;(ID_0000002 and (DEFAULT_NAMESPACE_interacts_with_a_stressor_via some ID_0000001))"/>
            <Axiom axiom="ID_0000054 SubClassOf DEFAULT_NAMESPACE_has_a some &#10;(ID_0000002 and (DEFAULT_NAMESPACE_interacts_with_a_stressor_via some ID_0000001))"/>
            <Axiom axiom="ID_0000050 SubClassOf DEFAULT_NAMESPACE_has_a some &#10;(ID_0000002 and (DEFAULT_NAMESPACE_interacts_with_a_stressor_via some ID_0000001))"/>
            <Axiom axiom="ID_0000055 SubClassOf DEFAULT_NAMESPACE_has_a some &#10;(ID_0000002 and (DEFAULT_NAMESPACE_interacts_with_a_stressor_via some ID_0000001))"/>
            <Axiom axiom="ID_0000018 SubClassOf DEFAULT_NAMESPACE_has_a some &#10;(ID_0000002 and (DEFAULT_NAMESPACE_interacts_with_a_stressor_via some ID_0000001))"/>
            <Axiom axiom="ID_0000017 SubClassOf DEFAULT_NAMESPACE_has_a some &#10;(ID_0000002 and (DEFAULT_NAMESPACE_interacts_with_a_stressor_via some ID_0000001))"/>
            <Axiom axiom="ID_0000021 SubClassOf DEFAULT_NAMESPACE_has_a some &#10;(ID_0000002 and (DEFAULT_NAMESPACE_interacts_with_a_stressor_via some ID_0000001))"/>
            <Axiom axiom="ID_0000057 SubClassOf DEFAULT_NAMESPACE_has_a some &#10;(ID_0000002 and (DEFAULT_NAMESPACE_interacts_with_a_stressor_via some ID_0000001))"/>
            <Axiom axiom="ID_0000059 SubClassOf DEFAULT_NAMESPACE_has_a some &#10;(ID_0000002 and (DEFAULT_NAMESPACE_interacts_with_a_stressor_via some ID_0000001))"/>
         </Generalisation>
         <Generalisation axiom="?cluster_7 SubClassOf ?cluster_7" count="23" instantiationStats="?cluster_7 count: 23">
            <Axiom axiom="ID_0000052 SubClassOf ID_0000051"/>
            <Axiom axiom="ID_0000025 SubClassOf ID_0000016"/>
            <Axiom axiom="ID_0000021 SubClassOf ID_0000017"/>
            <Axiom axiom="ID_0000019 SubClassOf ID_0000018"/>
            <Axiom axiom="ID_0000024 SubClassOf ID_0000016"/>
            <Axiom axiom="ID_0000026 SubClassOf ID_0000016"/>
            <Axiom axiom="ID_0000060 SubClassOf ID_0000055"/>
            <Axiom axiom="ID_0000027 SubClassOf ID_0000016"/>
            <Axiom axiom="ID_0000019 SubClassOf ID_0000017"/>
            <Axiom axiom="ID_0000059 SubClassOf ID_0000055"/>
            <Axiom axiom="ID_0000018 SubClassOf ID_0000017"/>
            <Axiom axiom="ID_0000025 SubClassOf ID_0000023"/>
            <Axiom axiom="ID_0000058 SubClassOf ID_0000055"/>
            <Axiom axiom="ID_0000056 SubClassOf ID_0000055"/>
            <Axiom axiom="ID_0000053 SubClassOf ID_0000051"/>
            <Axiom axiom="ID_0000057 SubClassOf ID_0000055"/>
            <Axiom axiom="ID_0000085 SubClassOf ID_0000016"/>
            <Axiom axiom="ID_0000023 SubClassOf ID_0000016"/>
            <Axiom axiom="ID_0000054 SubClassOf ID_0000050"/>
            <Axiom axiom="ID_0000024 SubClassOf ID_0000023"/>
            <Axiom axiom="ID_0000026 SubClassOf ID_0000023"/>
            <Axiom axiom="ID_0000020 SubClassOf ID_0000018"/>
            <Axiom axiom="ID_0000020 SubClassOf ID_0000017"/>
         </Generalisation>
         <Generalisation axiom="?cluster_7 SubClassOf ?ID_0000003" count="1" instantiationStats="?ID_0000003 count: 1; ?cluster_7 count: 1">
            <Axiom axiom="ID_0000087 SubClassOf ID_0000003"/>
         </Generalisation>
         <Generalisation axiom="?cluster_7 SubClassOf DEFAULT_NAMESPACE_is_defined_by some ?ID_0000000" count="5" instantiationStats="?ID_0000000 count: 1; ?cluster_7 count: 5">
            <Axiom axiom="ID_0000021 SubClassOf DEFAULT_NAMESPACE_is_defined_by some Thing"/>
            <Axiom axiom="ID_0000019 SubClassOf DEFAULT_NAMESPACE_is_defined_by some Thing"/>
            <Axiom axiom="ID_0000018 SubClassOf DEFAULT_NAMESPACE_is_defined_by some Thing"/>
            <Axiom axiom="ID_0000020 SubClassOf DEFAULT_NAMESPACE_is_defined_by some Thing"/>
            <Axiom axiom="ID_0000017 SubClassOf DEFAULT_NAMESPACE_is_defined_by some Thing"/>
         </Generalisation>
         <Generalisation axiom="?cluster_7 SubClassOf DEFAULT_NAMESPACE_has_a some &#10;(?cluster_7 and (DEFAULT_NAMESPACE_has_a some &#10;(?cluster_1 and (DEFAULT_NAMESPACE_is_characterized_by some &#10;(ID_0000002 and (DEFAULT_NAMESPACE_interacts_with_a_stressor_via some ID_0000001))))))" count="1" instantiationStats="?cluster_1 count: 1; ?cluster_7 count: 2">
            <Axiom axiom="ID_0000066 SubClassOf DEFAULT_NAMESPACE_has_a some &#10;(ID_0000065 and (DEFAULT_NAMESPACE_has_a some &#10;(ID_0000064 and (DEFAULT_NAMESPACE_is_characterized_by some &#10;(ID_0000002 and (DEFAULT_NAMESPACE_interacts_with_a_stressor_via some ID_0000001))))))"/>
         </Generalisation>
         <Generalisation axiom="?cluster_7 SubClassOf DEFAULT_NAMESPACE_has_a some &#10;(?cluster_7 and (DEFAULT_NAMESPACE_has_a some ?ID_0000000))" count="5" instantiationStats="?ID_0000000 count: 1; ?cluster_7 count: 6">
            <Axiom axiom="ID_0000020 SubClassOf DEFAULT_NAMESPACE_has_a some &#10;(ID_0000016 and (DEFAULT_NAMESPACE_has_a some ID_0000000))"/>
            <Axiom axiom="ID_0000021 SubClassOf DEFAULT_NAMESPACE_has_a some &#10;(ID_0000016 and (DEFAULT_NAMESPACE_has_a some ID_0000000))"/>
            <Axiom axiom="ID_0000018 SubClassOf DEFAULT_NAMESPACE_has_a some &#10;(ID_0000016 and (DEFAULT_NAMESPACE_has_a some ID_0000000))"/>
            <Axiom axiom="ID_0000019 SubClassOf DEFAULT_NAMESPACE_has_a some &#10;(ID_0000016 and (DEFAULT_NAMESPACE_has_a some ID_0000000))"/>
            <Axiom axiom="ID_0000017 SubClassOf DEFAULT_NAMESPACE_has_a some &#10;(ID_0000016 and (DEFAULT_NAMESPACE_has_a some ID_0000000))"/>
         </Generalisation>
         <Generalisation axiom="?cluster_7 SubClassOf DEFAULT_NAMESPACE_is_defined_by some &#10;(?cluster_4 and (DEFAULT_NAMESPACE_part_of some &#10;(?cluster_4 and (DEFAULT_NAMESPACE_part_of some &#10;(ID_0000001 and ?ID_0000001)))))" count="5" instantiationStats="?cluster_4 count: 2; ?ID_0000001 count: 1; ?cluster_7 count: 5">
            <Axiom axiom="ID_0000021 SubClassOf DEFAULT_NAMESPACE_is_defined_by some &#10;(ID_0000033 and (DEFAULT_NAMESPACE_part_of some &#10;(ID_0000032 and (DEFAULT_NAMESPACE_part_of some &#10;(ID_0000001 and ID_0000031)))))"/>
            <Axiom axiom="ID_0000019 SubClassOf DEFAULT_NAMESPACE_is_defined_by some &#10;(ID_0000033 and (DEFAULT_NAMESPACE_part_of some &#10;(ID_0000032 and (DEFAULT_NAMESPACE_part_of some &#10;(ID_0000001 and ID_0000031)))))"/>
            <Axiom axiom="ID_0000017 SubClassOf DEFAULT_NAMESPACE_is_defined_by some &#10;(ID_0000033 and (DEFAULT_NAMESPACE_part_of some &#10;(ID_0000032 and (DEFAULT_NAMESPACE_part_of some &#10;(ID_0000001 and ID_0000031)))))"/>
            <Axiom axiom="ID_0000020 SubClassOf DEFAULT_NAMESPACE_is_defined_by some &#10;(ID_0000033 and (DEFAULT_NAMESPACE_part_of some &#10;(ID_0000032 and (DEFAULT_NAMESPACE_part_of some &#10;(ID_0000001 and ID_0000031)))))"/>
            <Axiom axiom="ID_0000018 SubClassOf DEFAULT_NAMESPACE_is_defined_by some &#10;(ID_0000033 and (DEFAULT_NAMESPACE_part_of some &#10;(ID_0000032 and (DEFAULT_NAMESPACE_part_of some &#10;(ID_0000001 and ID_0000031)))))"/>
         </Generalisation>
         <Generalisation axiom="?cluster_6 SubClassOf DEFAULT_NAMESPACE_has_part some &#10;(?cluster_6 and (DEFAULT_NAMESPACE_has_part some &#10;(?cluster_7 and (DEFAULT_NAMESPACE_has_a some &#10;(?cluster_2 and (DEFAULT_NAMESPACE_has_a_member_that_is some &#10;(?cluster_4 and (DEFAULT_NAMESPACE_part_of some &#10;(?cluster_4 and (DEFAULT_NAMESPACE_part_of some &#10;(ID_0000001 and ?ID_0000001)))))))))))" count="1" instantiationStats="?cluster_4 count: 2; ?ID_0000001 count: 1; ?cluster_2 count: 1; ?cluster_7 count: 1; ?cluster_6 count: 2">
            <Axiom axiom="ID_0000046 SubClassOf DEFAULT_NAMESPACE_has_part some &#10;(ID_0000045 and (DEFAULT_NAMESPACE_has_part some &#10;(ID_0000043 and (DEFAULT_NAMESPACE_has_a some &#10;(ID_0000042 and (DEFAULT_NAMESPACE_has_a_member_that_is some &#10;(ID_0000033 and (DEFAULT_NAMESPACE_part_of some &#10;(ID_0000032 and (DEFAULT_NAMESPACE_part_of some &#10;(ID_0000001 and ID_0000031)))))))))))"/>
         </Generalisation>
         <Generalisation axiom="?cluster_7 SubClassOf DEFAULT_NAMESPACE_has_a some &#10;(?cluster_7 and (DEFAULT_NAMESPACE_has_a some &#10;(ID_0000002 and (DEFAULT_NAMESPACE_interacts_with_a_stressor_via some ID_0000001))))" count="3" instantiationStats="?cluster_7 count: 4">
            <Axiom axiom="ID_0000052 SubClassOf DEFAULT_NAMESPACE_has_a some &#10;(ID_0000050 and (DEFAULT_NAMESPACE_has_a some &#10;(ID_0000002 and (DEFAULT_NAMESPACE_interacts_with_a_stressor_via some ID_0000001))))"/>
            <Axiom axiom="ID_0000053 SubClassOf DEFAULT_NAMESPACE_has_a some &#10;(ID_0000050 and (DEFAULT_NAMESPACE_has_a some &#10;(ID_0000002 and (DEFAULT_NAMESPACE_interacts_with_a_stressor_via some ID_0000001))))"/>
            <Axiom axiom="ID_0000051 SubClassOf DEFAULT_NAMESPACE_has_a some &#10;(ID_0000050 and (DEFAULT_NAMESPACE_has_a some &#10;(ID_0000002 and (DEFAULT_NAMESPACE_interacts_with_a_stressor_via some ID_0000001))))"/>
         </Generalisation>
         <Generalisation axiom="?cluster_7 SubClassOf DEFAULT_NAMESPACE_has_a some &#10;((?cluster_1_conjunction) and (DEFAULT_NAMESPACE_is_characterized_by some &#10;(ID_0000002 and (DEFAULT_NAMESPACE_interacts_with_a_stressor_via some ID_0000001))))" count="3" instantiationStats="?cluster_1 count: 2; ?cluster_7 count: 3">
            <Axiom axiom="ID_0000071 SubClassOf DEFAULT_NAMESPACE_has_a some &#10;((ID_0000064 and ID_0000067) and (DEFAULT_NAMESPACE_is_characterized_by some &#10;(ID_0000002 and (DEFAULT_NAMESPACE_interacts_with_a_stressor_via some ID_0000001))))"/>
            <Axiom axiom="ID_0000070 SubClassOf DEFAULT_NAMESPACE_has_a some &#10;((ID_0000064 and ID_0000067) and (DEFAULT_NAMESPACE_is_characterized_by some &#10;(ID_0000002 and (DEFAULT_NAMESPACE_interacts_with_a_stressor_via some ID_0000001))))"/>
            <Axiom axiom="ID_0000083 SubClassOf DEFAULT_NAMESPACE_has_a some &#10;((ID_0000064 and ID_0000067) and (DEFAULT_NAMESPACE_is_characterized_by some &#10;(ID_0000002 and (DEFAULT_NAMESPACE_interacts_with_a_stressor_via some ID_0000001))))"/>
         </Generalisation>
         <Generalisation axiom="?cluster_6 SubClassOf DEFAULT_NAMESPACE_has_part some &#10;(?cluster_7 and (DEFAULT_NAMESPACE_has_a some &#10;(?cluster_2 and (DEFAULT_NAMESPACE_has_a_member_that_is some &#10;(?cluster_4 and (DEFAULT_NAMESPACE_part_of some &#10;(?cluster_4 and (DEFAULT_NAMESPACE_part_of some &#10;(ID_0000001 and ?ID_0000001)))))))))" count="2" instantiationStats="?cluster_4 count: 2; ?ID_0000001 count: 1; ?cluster_2 count: 1; ?cluster_7 count: 1; ?cluster_6 count: 2">
            <Axiom axiom="ID_0000044 SubClassOf DEFAULT_NAMESPACE_has_part some &#10;(ID_0000043 and (DEFAULT_NAMESPACE_has_a some &#10;(ID_0000042 and (DEFAULT_NAMESPACE_has_a_member_that_is some &#10;(ID_0000033 and (DEFAULT_NAMESPACE_part_of some &#10;(ID_0000032 and (DEFAULT_NAMESPACE_part_of some &#10;(ID_0000001 and ID_0000031)))))))))"/>
            <Axiom axiom="ID_0000045 SubClassOf DEFAULT_NAMESPACE_has_part some &#10;(ID_0000043 and (DEFAULT_NAMESPACE_has_a some &#10;(ID_0000042 and (DEFAULT_NAMESPACE_has_a_member_that_is some &#10;(ID_0000033 and (DEFAULT_NAMESPACE_part_of some &#10;(ID_0000032 and (DEFAULT_NAMESPACE_part_of some &#10;(ID_0000001 and ID_0000031)))))))))"/>
         </Generalisation>
         <Generalisation axiom="?cluster_7 SubClassOf DEFAULT_NAMESPACE_has_a some &#10;(?cluster_2 and (DEFAULT_NAMESPACE_has_a_member_that_is some &#10;(?cluster_4 and (DEFAULT_NAMESPACE_part_of some &#10;(?cluster_4 and (DEFAULT_NAMESPACE_part_of some &#10;(ID_0000001 and ?ID_0000001)))))))" count="1" instantiationStats="?cluster_4 count: 2; ?ID_0000001 count: 1; ?cluster_2 count: 1; ?cluster_7 count: 1">
            <Axiom axiom="ID_0000043 SubClassOf DEFAULT_NAMESPACE_has_a some &#10;(ID_0000042 and (DEFAULT_NAMESPACE_has_a_member_that_is some &#10;(ID_0000033 and (DEFAULT_NAMESPACE_part_of some &#10;(ID_0000032 and (DEFAULT_NAMESPACE_part_of some &#10;(ID_0000001 and ID_0000031)))))))"/>
         </Generalisation>
         <Generalisation axiom="?cluster_5 SubClassOf DEFAULT_NAMESPACE_located_in some &#10;((?cluster_7_conjunction) and (DEFAULT_NAMESPACE_has_a some &#10;(ID_0000002 and (DEFAULT_NAMESPACE_interacts_with_a_stressor_via some ID_0000001))))" count="3" instantiationStats="?cluster_7 count: 2; ?cluster_5 count: 3">
            <Axiom axiom="ID_0000061 SubClassOf DEFAULT_NAMESPACE_located_in some &#10;((ID_0000055 and ID_0000060) and (DEFAULT_NAMESPACE_has_a some &#10;(ID_0000002 and (DEFAULT_NAMESPACE_interacts_with_a_stressor_via some ID_0000001))))"/>
            <Axiom axiom="ID_0000063 SubClassOf DEFAULT_NAMESPACE_located_in some &#10;((ID_0000055 and ID_0000060) and (DEFAULT_NAMESPACE_has_a some &#10;(ID_0000002 and (DEFAULT_NAMESPACE_interacts_with_a_stressor_via some ID_0000001))))"/>
            <Axiom axiom="ID_0000062 SubClassOf DEFAULT_NAMESPACE_located_in some &#10;((ID_0000055 and ID_0000060) and (DEFAULT_NAMESPACE_has_a some &#10;(ID_0000002 and (DEFAULT_NAMESPACE_interacts_with_a_stressor_via some ID_0000001))))"/>
         </Generalisation>
         <Generalisation axiom="?cluster_7 SubClassOf DEFAULT_NAMESPACE_has_a some ?ID_0000000" count="37" instantiationStats="?ID_0000000 count: 2; ?cluster_7 count: 30">
            <Axiom axiom="ID_0000058 SubClassOf DEFAULT_NAMESPACE_has_a some Thing"/>
            <Axiom axiom="ID_0000053 SubClassOf DEFAULT_NAMESPACE_has_a some Thing"/>
            <Axiom axiom="ID_0000054 SubClassOf DEFAULT_NAMESPACE_has_a some Thing"/>
            <Axiom axiom="ID_0000043 SubClassOf DEFAULT_NAMESPACE_has_a some Thing"/>
            <Axiom axiom="ID_0000051 SubClassOf DEFAULT_NAMESPACE_has_a some Thing"/>
            <Axiom axiom="ID_0000085 SubClassOf DEFAULT_NAMESPACE_has_a some ID_0000000"/>
            <Axiom axiom="ID_0000025 SubClassOf DEFAULT_NAMESPACE_has_a some ID_0000000"/>
            <Axiom axiom="ID_0000087 SubClassOf DEFAULT_NAMESPACE_has_a some Thing"/>
            <Axiom axiom="ID_0000057 SubClassOf DEFAULT_NAMESPACE_has_a some Thing"/>
            <Axiom axiom="ID_0000066 SubClassOf DEFAULT_NAMESPACE_has_a some Thing"/>
            <Axiom axiom="ID_0000027 SubClassOf DEFAULT_NAMESPACE_has_a some Thing"/>
            <Axiom axiom="ID_0000050 SubClassOf DEFAULT_NAMESPACE_has_a some Thing"/>
            <Axiom axiom="ID_0000018 SubClassOf DEFAULT_NAMESPACE_has_a some Thing"/>
            <Axiom axiom="ID_0000071 SubClassOf DEFAULT_NAMESPACE_has_a some Thing"/>
            <Axiom axiom="ID_0000055 SubClassOf DEFAULT_NAMESPACE_has_a some Thing"/>
            <Axiom axiom="ID_0000025 SubClassOf DEFAULT_NAMESPACE_has_a some Thing"/>
            <Axiom axiom="ID_0000017 SubClassOf DEFAULT_NAMESPACE_has_a some Thing"/>
            <Axiom axiom="ID_0000085 SubClassOf DEFAULT_NAMESPACE_has_a some Thing"/>
            <Axiom axiom="ID_0000083 SubClassOf DEFAULT_NAMESPACE_has_a some Thing"/>
            <Axiom axiom="ID_0000023 SubClassOf DEFAULT_NAMESPACE_has_a some ID_0000000"/>
            <Axiom axiom="ID_0000023 SubClassOf DEFAULT_NAMESPACE_has_a some Thing"/>
            <Axiom axiom="ID_0000065 SubClassOf DEFAULT_NAMESPACE_has_a some Thing"/>
            <Axiom axiom="ID_0000024 SubClassOf DEFAULT_NAMESPACE_has_a some ID_0000000"/>
            <Axiom axiom="ID_0000020 SubClassOf DEFAULT_NAMESPACE_has_a some Thing"/>
            <Axiom axiom="ID_0000056 SubClassOf DEFAULT_NAMESPACE_has_a some Thing"/>
            <Axiom axiom="ID_0000052 SubClassOf DEFAULT_NAMESPACE_has_a some Thing"/>
            <Axiom axiom="ID_0000026 SubClassOf DEFAULT_NAMESPACE_has_a some ID_0000000"/>
            <Axiom axiom="ID_0000016 SubClassOf DEFAULT_NAMESPACE_has_a some Thing"/>
            <Axiom axiom="ID_0000060 SubClassOf DEFAULT_NAMESPACE_has_a some Thing"/>
            <Axiom axiom="ID_0000027 SubClassOf DEFAULT_NAMESPACE_has_a some ID_0000000"/>
            <Axiom axiom="ID_0000026 SubClassOf DEFAULT_NAMESPACE_has_a some Thing"/>
            <Axiom axiom="ID_0000016 SubClassOf DEFAULT_NAMESPACE_has_a some ID_0000000"/>
            <Axiom axiom="ID_0000070 SubClassOf DEFAULT_NAMESPACE_has_a some Thing"/>
            <Axiom axiom="ID_0000021 SubClassOf DEFAULT_NAMESPACE_has_a some Thing"/>
            <Axiom axiom="ID_0000024 SubClassOf DEFAULT_NAMESPACE_has_a some Thing"/>
            <Axiom axiom="ID_0000019 SubClassOf DEFAULT_NAMESPACE_has_a some Thing"/>
            <Axiom axiom="ID_0000059 SubClassOf DEFAULT_NAMESPACE_has_a some Thing"/>
         </Generalisation>
         <Generalisation axiom="?cluster_7 SubClassOf DEFAULT_NAMESPACE_has_a some &#10;(?cluster_1 and (DEFAULT_NAMESPACE_is_characterized_by some &#10;(ID_0000002 and (DEFAULT_NAMESPACE_interacts_with_a_stressor_via some ID_0000001))))" count="1" instantiationStats="?cluster_1 count: 1; ?cluster_7 count: 1">
            <Axiom axiom="ID_0000065 SubClassOf DEFAULT_NAMESPACE_has_a some &#10;(ID_0000064 and (DEFAULT_NAMESPACE_is_characterized_by some &#10;(ID_0000002 and (DEFAULT_NAMESPACE_interacts_with_a_stressor_via some ID_0000001))))"/>
         </Generalisation>
         <Generalisation axiom="?cluster_6 SubClassOf DEFAULT_NAMESPACE_has_part some &#10;(?cluster_6 and (DEFAULT_NAMESPACE_has_part some &#10;(?cluster_6 and (DEFAULT_NAMESPACE_has_part some &#10;(?cluster_7 and (DEFAULT_NAMESPACE_has_a some &#10;(?cluster_2 and (DEFAULT_NAMESPACE_has_a_member_that_is some &#10;(?cluster_4 and (DEFAULT_NAMESPACE_part_of some &#10;(?cluster_4 and (DEFAULT_NAMESPACE_part_of some &#10;(ID_0000001 and ?ID_0000001)))))))))))))" count="1" instantiationStats="?cluster_4 count: 2; ?ID_0000001 count: 1; ?cluster_2 count: 1; ?cluster_7 count: 1; ?cluster_6 count: 3">
            <Axiom axiom="ID_0000047 SubClassOf DEFAULT_NAMESPACE_has_part some &#10;(ID_0000046 and (DEFAULT_NAMESPACE_has_part some &#10;(ID_0000045 and (DEFAULT_NAMESPACE_has_part some &#10;(ID_0000043 and (DEFAULT_NAMESPACE_has_a some &#10;(ID_0000042 and (DEFAULT_NAMESPACE_has_a_member_that_is some &#10;(ID_0000033 and (DEFAULT_NAMESPACE_part_of some &#10;(ID_0000032 and (DEFAULT_NAMESPACE_part_of some &#10;(ID_0000001 and ID_0000031)))))))))))))"/>
         </Generalisation>
         <Generalisation axiom="?cluster_7 SubClassOf DEFAULT_NAMESPACE_is_associated_with some ?ID_0000000" count="1" instantiationStats="?ID_0000000 count: 1; ?cluster_7 count: 1">
            <Axiom axiom="ID_0000087 SubClassOf DEFAULT_NAMESPACE_is_associated_with some Thing"/>
         </Generalisation>
      </Generalisations>
   </Cluster>
   <Cluster size="14">
      <Item iri="http://purl.obolibrary.org/obo/ID_0000013"/>
      <Item iri="http://purl.obolibrary.org/obo/ID_0000012"/>
      <Item iri="http://purl.obolibrary.org/obo/ID_0000011"/>
      <Item iri="http://purl.obolibrary.org/obo/ID_0000010"/>
      <Item iri="http://purl.obolibrary.org/obo/ID_0000007"/>
      <Item iri="http://purl.obolibrary.org/obo/ID_0000008"/>
      <Item iri="http://purl.obolibrary.org/obo/ID_0000014"/>
      <Item iri="http://purl.obolibrary.org/obo/ID_0000009"/>
      <Item iri="http://purl.obolibrary.org/obo/ID_0000028"/>
      <Item iri="http://purl.obolibrary.org/obo/ID_0000015"/>
      <Item iri="http://purl.obolibrary.org/obo/ID_0000029"/>
      <Item iri="http://purl.obolibrary.org/obo/ID_0000004"/>
      <Item iri="http://purl.obolibrary.org/obo/ID_0000005"/>
      <Item iri="http://purl.obolibrary.org/obo/ID_0000006"/>
      <Generalisations>
         <Generalisation axiom="?ID_1 SubClassOf ?ID_0000000" count="14" instantiationStats="?ID_0000000 count: 1; ?ID_1 count: 14">
            <Axiom axiom="ID_0000013 SubClassOf ID_0000000"/>
            <Axiom axiom="ID_0000029 SubClassOf ID_0000000"/>
            <Axiom axiom="ID_0000006 SubClassOf ID_0000000"/>
            <Axiom axiom="ID_0000011 SubClassOf ID_0000000"/>
            <Axiom axiom="ID_0000009 SubClassOf ID_0000000"/>
            <Axiom axiom="ID_0000007 SubClassOf ID_0000000"/>
            <Axiom axiom="ID_0000012 SubClassOf ID_0000000"/>
            <Axiom axiom="ID_0000010 SubClassOf ID_0000000"/>
            <Axiom axiom="ID_0000028 SubClassOf ID_0000000"/>
            <Axiom axiom="ID_0000005 SubClassOf ID_0000000"/>
            <Axiom axiom="ID_0000015 SubClassOf ID_0000000"/>
            <Axiom axiom="ID_0000004 SubClassOf ID_0000000"/>
            <Axiom axiom="ID_0000008 SubClassOf ID_0000000"/>
            <Axiom axiom="ID_0000014 SubClassOf ID_0000000"/>
         </Generalisation>
         <Generalisation axiom="?ID_1 SubClassOf ?ID_1" count="7" instantiationStats="?ID_1 count: 10">
            <Axiom axiom="ID_0000029 SubClassOf ID_0000004"/>
            <Axiom axiom="ID_0000013 SubClassOf ID_0000007"/>
            <Axiom axiom="ID_0000028 SubClassOf ID_0000004"/>
            <Axiom axiom="ID_0000010 SubClassOf ID_0000004"/>
            <Axiom axiom="ID_0000014 SubClassOf ID_0000007"/>
            <Axiom axiom="ID_0000015 SubClassOf ID_0000009"/>
            <Axiom axiom="ID_0000012 SubClassOf ID_0000007"/>
         </Generalisation>
      </Generalisations>
   </Cluster>
   <Cluster size="7">
      <Item iri="http://purl.obolibrary.org/obo/ID_0000034"/>
      <Item iri="http://purl.obolibrary.org/obo/ID_0000035"/>
      <Item iri="http://purl.obolibrary.org/obo/ID_0000040"/>
      <Item iri="http://purl.obolibrary.org/obo/ID_0000041"/>
      <Item iri="http://purl.obolibrary.org/obo/ID_0000039"/>
      <Item iri="http://purl.obolibrary.org/obo/ID_0000038"/>
      <Item iri="http://purl.obolibrary.org/obo/ID_0000037"/>
      <Generalisations>
         <Generalisation axiom="?cluster_3 SubClassOf ?cluster_3" count="2" instantiationStats="?cluster_3 count: 3">
            <Axiom axiom="ID_0000040 SubClassOf ID_0000039"/>
            <Axiom axiom="ID_0000041 SubClassOf ID_0000039"/>
         </Generalisation>
         <Generalisation axiom="?cluster_3 SubClassOf DEFAULT_NAMESPACE_is_defined_by some &#10;(?cluster_4 and (DEFAULT_NAMESPACE_part_of some &#10;(?cluster_4 and (DEFAULT_NAMESPACE_part_of some &#10;(ID_0000001 and ?ID_0000001)))))" count="7" instantiationStats="?cluster_4 count: 2; ?cluster_3 count: 7; ?ID_0000001 count: 1">
            <Axiom axiom="ID_0000037 SubClassOf DEFAULT_NAMESPACE_is_defined_by some &#10;(ID_0000033 and (DEFAULT_NAMESPACE_part_of some &#10;(ID_0000032 and (DEFAULT_NAMESPACE_part_of some &#10;(ID_0000001 and ID_0000031)))))"/>
            <Axiom axiom="ID_0000040 SubClassOf DEFAULT_NAMESPACE_is_defined_by some &#10;(ID_0000033 and (DEFAULT_NAMESPACE_part_of some &#10;(ID_0000032 and (DEFAULT_NAMESPACE_part_of some &#10;(ID_0000001 and ID_0000031)))))"/>
            <Axiom axiom="ID_0000034 SubClassOf DEFAULT_NAMESPACE_is_defined_by some &#10;(ID_0000033 and (DEFAULT_NAMESPACE_part_of some &#10;(ID_0000032 and (DEFAULT_NAMESPACE_part_of some &#10;(ID_0000001 and ID_0000031)))))"/>
            <Axiom axiom="ID_0000038 SubClassOf DEFAULT_NAMESPACE_is_defined_by some &#10;(ID_0000033 and (DEFAULT_NAMESPACE_part_of some &#10;(ID_0000032 and (DEFAULT_NAMESPACE_part_of some &#10;(ID_0000001 and ID_0000031)))))"/>
            <Axiom axiom="ID_0000041 SubClassOf DEFAULT_NAMESPACE_is_defined_by some &#10;(ID_0000033 and (DEFAULT_NAMESPACE_part_of some &#10;(ID_0000032 and (DEFAULT_NAMESPACE_part_of some &#10;(ID_0000001 and ID_0000031)))))"/>
            <Axiom axiom="ID_0000035 SubClassOf DEFAULT_NAMESPACE_is_defined_by some &#10;(ID_0000033 and (DEFAULT_NAMESPACE_part_of some &#10;(ID_0000032 and (DEFAULT_NAMESPACE_part_of some &#10;(ID_0000001 and ID_0000031)))))"/>
            <Axiom axiom="ID_0000039 SubClassOf DEFAULT_NAMESPACE_is_defined_by some &#10;(ID_0000033 and (DEFAULT_NAMESPACE_part_of some &#10;(ID_0000032 and (DEFAULT_NAMESPACE_part_of some &#10;(ID_0000001 and ID_0000031)))))"/>
         </Generalisation>
         <Generalisation axiom="?cluster_3 SubClassOf DEFAULT_NAMESPACE_is_defined_by some ?ID_0000000" count="7" instantiationStats="?cluster_3 count: 7; ?ID_0000000 count: 1">
            <Axiom axiom="ID_0000035 SubClassOf DEFAULT_NAMESPACE_is_defined_by some Thing"/>
            <Axiom axiom="ID_0000037 SubClassOf DEFAULT_NAMESPACE_is_defined_by some Thing"/>
            <Axiom axiom="ID_0000034 SubClassOf DEFAULT_NAMESPACE_is_defined_by some Thing"/>
            <Axiom axiom="ID_0000039 SubClassOf DEFAULT_NAMESPACE_is_defined_by some Thing"/>
            <Axiom axiom="ID_0000041 SubClassOf DEFAULT_NAMESPACE_is_defined_by some Thing"/>
            <Axiom axiom="ID_0000040 SubClassOf DEFAULT_NAMESPACE_is_defined_by some Thing"/>
            <Axiom axiom="ID_0000038 SubClassOf DEFAULT_NAMESPACE_is_defined_by some Thing"/>
         </Generalisation>
      </Generalisations>
   </Cluster>
   <Cluster size="6">
      <Item iri="http://purl.obolibrary.org/obo/ID_0000064"/>
      <Item iri="http://purl.obolibrary.org/obo/ID_0000067"/>
      <Item iri="http://purl.obolibrary.org/obo/ID_0000073"/>
      <Item iri="http://purl.obolibrary.org/obo/ID_0000072"/>
      <Item iri="http://purl.obolibrary.org/obo/ID_0000075"/>
      <Item iri="http://purl.obolibrary.org/obo/ID_0000074"/>
      <Generalisations>
         <Generalisation axiom="?cluster_7 SubClassOf DEFAULT_NAMESPACE_has_a some &#10;((?cluster_1_conjunction) and (DEFAULT_NAMESPACE_is_characterized_by some &#10;(ID_0000002 and (DEFAULT_NAMESPACE_interacts_with_a_stressor_via some ID_0000001))))" count="3" instantiationStats="?cluster_1 count: 2; ?cluster_7 count: 3">
            <Axiom axiom="ID_0000071 SubClassOf DEFAULT_NAMESPACE_has_a some &#10;((ID_0000064 and ID_0000067) and (DEFAULT_NAMESPACE_is_characterized_by some &#10;(ID_0000002 and (DEFAULT_NAMESPACE_interacts_with_a_stressor_via some ID_0000001))))"/>
            <Axiom axiom="ID_0000070 SubClassOf DEFAULT_NAMESPACE_has_a some &#10;((ID_0000064 and ID_0000067) and (DEFAULT_NAMESPACE_is_characterized_by some &#10;(ID_0000002 and (DEFAULT_NAMESPACE_interacts_with_a_stressor_via some ID_0000001))))"/>
            <Axiom axiom="ID_0000083 SubClassOf DEFAULT_NAMESPACE_has_a some &#10;((ID_0000064 and ID_0000067) and (DEFAULT_NAMESPACE_is_characterized_by some &#10;(ID_0000002 and (DEFAULT_NAMESPACE_interacts_with_a_stressor_via some ID_0000001))))"/>
         </Generalisation>
         <Generalisation axiom="?cluster_1 SubClassOf DEFAULT_NAMESPACE_is_characterized_by some &#10;(ID_0000002 and (DEFAULT_NAMESPACE_interacts_with_a_stressor_via some ID_0000001))" count="6" instantiationStats="?cluster_1 count: 6">
            <Axiom axiom="ID_0000072 SubClassOf DEFAULT_NAMESPACE_is_characterized_by some &#10;(ID_0000002 and (DEFAULT_NAMESPACE_interacts_with_a_stressor_via some ID_0000001))"/>
            <Axiom axiom="ID_0000075 SubClassOf DEFAULT_NAMESPACE_is_characterized_by some &#10;(ID_0000002 and (DEFAULT_NAMESPACE_interacts_with_a_stressor_via some ID_0000001))"/>
            <Axiom axiom="ID_0000064 SubClassOf DEFAULT_NAMESPACE_is_characterized_by some &#10;(ID_0000002 and (DEFAULT_NAMESPACE_interacts_with_a_stressor_via some ID_0000001))"/>
            <Axiom axiom="ID_0000067 SubClassOf DEFAULT_NAMESPACE_is_characterized_by some &#10;(ID_0000002 and (DEFAULT_NAMESPACE_interacts_with_a_stressor_via some ID_0000001))"/>
            <Axiom axiom="ID_0000074 SubClassOf DEFAULT_NAMESPACE_is_characterized_by some &#10;(ID_0000002 and (DEFAULT_NAMESPACE_interacts_with_a_stressor_via some ID_0000001))"/>
            <Axiom axiom="ID_0000073 SubClassOf DEFAULT_NAMESPACE_is_characterized_by some &#10;(ID_0000002 and (DEFAULT_NAMESPACE_interacts_with_a_stressor_via some ID_0000001))"/>
         </Generalisation>
         <Generalisation axiom="?cluster_1 SubClassOf DEFAULT_NAMESPACE_is_characterized_by some ?ID_0000000" count="6" instantiationStats="?cluster_1 count: 6; ?ID_0000000 count: 1">
            <Axiom axiom="ID_0000075 SubClassOf DEFAULT_NAMESPACE_is_characterized_by some Thing"/>
            <Axiom axiom="ID_0000074 SubClassOf DEFAULT_NAMESPACE_is_characterized_by some Thing"/>
            <Axiom axiom="ID_0000073 SubClassOf DEFAULT_NAMESPACE_is_characterized_by some Thing"/>
            <Axiom axiom="ID_0000064 SubClassOf DEFAULT_NAMESPACE_is_characterized_by some Thing"/>
            <Axiom axiom="ID_0000067 SubClassOf DEFAULT_NAMESPACE_is_characterized_by some Thing"/>
            <Axiom axiom="ID_0000072 SubClassOf DEFAULT_NAMESPACE_is_characterized_by some Thing"/>
         </Generalisation>
         <Generalisation axiom="?cluster_7 SubClassOf DEFAULT_NAMESPACE_has_a some &#10;(?cluster_1 and (DEFAULT_NAMESPACE_is_characterized_by some &#10;(ID_0000002 and (DEFAULT_NAMESPACE_interacts_with_a_stressor_via some ID_0000001))))" count="1" instantiationStats="?cluster_1 count: 1; ?cluster_7 count: 1">
            <Axiom axiom="ID_0000065 SubClassOf DEFAULT_NAMESPACE_has_a some &#10;(ID_0000064 and (DEFAULT_NAMESPACE_is_characterized_by some &#10;(ID_0000002 and (DEFAULT_NAMESPACE_interacts_with_a_stressor_via some ID_0000001))))"/>
         </Generalisation>
         <Generalisation axiom="?cluster_1 SubClassOf ?cluster_1" count="8" instantiationStats="?cluster_1 count: 6">
            <Axiom axiom="ID_0000075 SubClassOf ID_0000064"/>
            <Axiom axiom="ID_0000073 SubClassOf ID_0000072"/>
            <Axiom axiom="ID_0000074 SubClassOf ID_0000072"/>
            <Axiom axiom="ID_0000072 SubClassOf ID_0000064"/>
            <Axiom axiom="ID_0000075 SubClassOf ID_0000072"/>
            <Axiom axiom="ID_0000074 SubClassOf ID_0000064"/>
            <Axiom axiom="ID_0000067 SubClassOf ID_0000064"/>
            <Axiom axiom="ID_0000073 SubClassOf ID_0000064"/>
         </Generalisation>
         <Generalisation axiom="?cluster_7 SubClassOf DEFAULT_NAMESPACE_has_a some &#10;(?cluster_7 and (DEFAULT_NAMESPACE_has_a some &#10;(?cluster_1 and (DEFAULT_NAMESPACE_is_characterized_by some &#10;(ID_0000002 and (DEFAULT_NAMESPACE_interacts_with_a_stressor_via some ID_0000001))))))" count="1" instantiationStats="?cluster_1 count: 1; ?cluster_7 count: 2">
            <Axiom axiom="ID_0000066 SubClassOf DEFAULT_NAMESPACE_has_a some &#10;(ID_0000065 and (DEFAULT_NAMESPACE_has_a some &#10;(ID_0000064 and (DEFAULT_NAMESPACE_is_characterized_by some &#10;(ID_0000002 and (DEFAULT_NAMESPACE_interacts_with_a_stressor_via some ID_0000001))))))"/>
         </Generalisation>
      </Generalisations>
   </Cluster>
   <Cluster size="6">
      <Item iri="http://purl.obolibrary.org/obo/ID_0000082"/>
      <Item iri="http://purl.obolibrary.org/obo/ID_0000080"/>
      <Item iri="http://purl.obolibrary.org/obo/ID_0000003"/>
      <Item iri="http://purl.obolibrary.org/obo/ID_0000077"/>
      <Item iri="http://purl.obolibrary.org/obo/ID_0000079"/>
      <Item iri="http://purl.obolibrary.org/obo/ID_0000078"/>
      <Generalisations>
         <Generalisation axiom="?ID_0000003 SubClassOf DEFAULT_NAMESPACE_is_associated_with some ?ID_0000000" count="6" instantiationStats="?ID_0000003 count: 6; ?ID_0000000 count: 1">
            <Axiom axiom="ID_0000080 SubClassOf DEFAULT_NAMESPACE_is_associated_with some Thing"/>
            <Axiom axiom="ID_0000079 SubClassOf DEFAULT_NAMESPACE_is_associated_with some Thing"/>
            <Axiom axiom="ID_0000078 SubClassOf DEFAULT_NAMESPACE_is_associated_with some Thing"/>
            <Axiom axiom="ID_0000082 SubClassOf DEFAULT_NAMESPACE_is_associated_with some Thing"/>
            <Axiom axiom="ID_0000003 SubClassOf DEFAULT_NAMESPACE_is_associated_with some Thing"/>
            <Axiom axiom="ID_0000077 SubClassOf DEFAULT_NAMESPACE_is_associated_with some Thing"/>
         </Generalisation>
         <Generalisation axiom="?cluster_7 SubClassOf ?ID_0000003" count="1" instantiationStats="?ID_0000003 count: 1; ?cluster_7 count: 1">
            <Axiom axiom="ID_0000087 SubClassOf ID_0000003"/>
         </Generalisation>
         <Generalisation axiom="?ID_0000003 SubClassOf ?ID_0000003" count="8" instantiationStats="?ID_0000003 count: 6">
            <Axiom axiom="ID_0000077 SubClassOf ID_0000003"/>
            <Axiom axiom="ID_0000080 SubClassOf ID_0000003"/>
            <Axiom axiom="ID_0000078 SubClassOf ID_0000077"/>
            <Axiom axiom="ID_0000082 SubClassOf ID_0000003"/>
            <Axiom axiom="ID_0000079 SubClassOf ID_0000003"/>
            <Axiom axiom="ID_0000078 SubClassOf ID_0000003"/>
            <Axiom axiom="ID_0000079 SubClassOf ID_0000077"/>
            <Axiom axiom="ID_0000080 SubClassOf ID_0000077"/>
         </Generalisation>
         <Generalisation axiom="?ID_0000003 SubClassOf DEFAULT_NAMESPACE_is_associated_with some &#10;(ID_0000002 and (DEFAULT_NAMESPACE_interacts_with_a_stressor_via some ID_0000001))" count="6" instantiationStats="?ID_0000003 count: 6">
            <Axiom axiom="ID_0000003 SubClassOf DEFAULT_NAMESPACE_is_associated_with some &#10;(ID_0000002 and (DEFAULT_NAMESPACE_interacts_with_a_stressor_via some ID_0000001))"/>
            <Axiom axiom="ID_0000082 SubClassOf DEFAULT_NAMESPACE_is_associated_with some &#10;(ID_0000002 and (DEFAULT_NAMESPACE_interacts_with_a_stressor_via some ID_0000001))"/>
            <Axiom axiom="ID_0000079 SubClassOf DEFAULT_NAMESPACE_is_associated_with some &#10;(ID_0000002 and (DEFAULT_NAMESPACE_interacts_with_a_stressor_via some ID_0000001))"/>
            <Axiom axiom="ID_0000078 SubClassOf DEFAULT_NAMESPACE_is_associated_with some &#10;(ID_0000002 and (DEFAULT_NAMESPACE_interacts_with_a_stressor_via some ID_0000001))"/>
            <Axiom axiom="ID_0000077 SubClassOf DEFAULT_NAMESPACE_is_associated_with some &#10;(ID_0000002 and (DEFAULT_NAMESPACE_interacts_with_a_stressor_via some ID_0000001))"/>
            <Axiom axiom="ID_0000080 SubClassOf DEFAULT_NAMESPACE_is_associated_with some &#10;(ID_0000002 and (DEFAULT_NAMESPACE_interacts_with_a_stressor_via some ID_0000001))"/>
         </Generalisation>
      </Generalisations>
   </Cluster>
   <Cluster size="4">
      <Item iri="http://purl.obolibrary.org/obo/ID_0000044"/>
      <Item iri="http://purl.obolibrary.org/obo/ID_0000045"/>
      <Item iri="http://purl.obolibrary.org/obo/ID_0000046"/>
      <Item iri="http://purl.obolibrary.org/obo/ID_0000047"/>
      <Generalisations>
         <Generalisation axiom="?cluster_6 SubClassOf DEFAULT_NAMESPACE_has_part some &#10;(?cluster_6 and (DEFAULT_NAMESPACE_has_part some &#10;(?cluster_7 and (DEFAULT_NAMESPACE_has_a some &#10;(?cluster_2 and (DEFAULT_NAMESPACE_has_a_member_that_is some &#10;(?cluster_4 and (DEFAULT_NAMESPACE_part_of some &#10;(?cluster_4 and (DEFAULT_NAMESPACE_part_of some &#10;(ID_0000001 and ?ID_0000001)))))))))))" count="1" instantiationStats="?cluster_4 count: 2; ?ID_0000001 count: 1; ?cluster_2 count: 1; ?cluster_7 count: 1; ?cluster_6 count: 2">
            <Axiom axiom="ID_0000046 SubClassOf DEFAULT_NAMESPACE_has_part some &#10;(ID_0000045 and (DEFAULT_NAMESPACE_has_part some &#10;(ID_0000043 and (DEFAULT_NAMESPACE_has_a some &#10;(ID_0000042 and (DEFAULT_NAMESPACE_has_a_member_that_is some &#10;(ID_0000033 and (DEFAULT_NAMESPACE_part_of some &#10;(ID_0000032 and (DEFAULT_NAMESPACE_part_of some &#10;(ID_0000001 and ID_0000031)))))))))))"/>
         </Generalisation>
         <Generalisation axiom="?cluster_6 SubClassOf DEFAULT_NAMESPACE_has_part some &#10;(?cluster_7 and (DEFAULT_NAMESPACE_has_a some &#10;(?cluster_2 and (DEFAULT_NAMESPACE_has_a_member_that_is some &#10;(?cluster_4 and (DEFAULT_NAMESPACE_part_of some &#10;(?cluster_4 and (DEFAULT_NAMESPACE_part_of some &#10;(ID_0000001 and ?ID_0000001)))))))))" count="2" instantiationStats="?cluster_4 count: 2; ?ID_0000001 count: 1; ?cluster_2 count: 1; ?cluster_7 count: 1; ?cluster_6 count: 2">
            <Axiom axiom="ID_0000044 SubClassOf DEFAULT_NAMESPACE_has_part some &#10;(ID_0000043 and (DEFAULT_NAMESPACE_has_a some &#10;(ID_0000042 and (DEFAULT_NAMESPACE_has_a_member_that_is some &#10;(ID_0000033 and (DEFAULT_NAMESPACE_part_of some &#10;(ID_0000032 and (DEFAULT_NAMESPACE_part_of some &#10;(ID_0000001 and ID_0000031)))))))))"/>
            <Axiom axiom="ID_0000045 SubClassOf DEFAULT_NAMESPACE_has_part some &#10;(ID_0000043 and (DEFAULT_NAMESPACE_has_a some &#10;(ID_0000042 and (DEFAULT_NAMESPACE_has_a_member_that_is some &#10;(ID_0000033 and (DEFAULT_NAMESPACE_part_of some &#10;(ID_0000032 and (DEFAULT_NAMESPACE_part_of some &#10;(ID_0000001 and ID_0000031)))))))))"/>
         </Generalisation>
         <Generalisation axiom="?cluster_6 SubClassOf DEFAULT_NAMESPACE_has_part some &#10;(?cluster_6 and (DEFAULT_NAMESPACE_has_part some &#10;(?cluster_6 and (DEFAULT_NAMESPACE_has_part some &#10;(?cluster_7 and (DEFAULT_NAMESPACE_has_a some &#10;(?cluster_2 and (DEFAULT_NAMESPACE_has_a_member_that_is some &#10;(?cluster_4 and (DEFAULT_NAMESPACE_part_of some &#10;(?cluster_4 and (DEFAULT_NAMESPACE_part_of some &#10;(ID_0000001 and ?ID_0000001)))))))))))))" count="1" instantiationStats="?cluster_4 count: 2; ?ID_0000001 count: 1; ?cluster_2 count: 1; ?cluster_7 count: 1; ?cluster_6 count: 3">
            <Axiom axiom="ID_0000047 SubClassOf DEFAULT_NAMESPACE_has_part some &#10;(ID_0000046 and (DEFAULT_NAMESPACE_has_part some &#10;(ID_0000045 and (DEFAULT_NAMESPACE_has_part some &#10;(ID_0000043 and (DEFAULT_NAMESPACE_has_a some &#10;(ID_0000042 and (DEFAULT_NAMESPACE_has_a_member_that_is some &#10;(ID_0000033 and (DEFAULT_NAMESPACE_part_of some &#10;(ID_0000032 and (DEFAULT_NAMESPACE_part_of some &#10;(ID_0000001 and ID_0000031)))))))))))))"/>
         </Generalisation>
         <Generalisation axiom="?cluster_6 SubClassOf DEFAULT_NAMESPACE_has_part some ?ID_0000000" count="4" instantiationStats="?ID_0000000 count: 1; ?cluster_6 count: 4">
            <Axiom axiom="ID_0000044 SubClassOf DEFAULT_NAMESPACE_has_part some Thing"/>
            <Axiom axiom="ID_0000047 SubClassOf DEFAULT_NAMESPACE_has_part some Thing"/>
            <Axiom axiom="ID_0000045 SubClassOf DEFAULT_NAMESPACE_has_part some Thing"/>
            <Axiom axiom="ID_0000046 SubClassOf DEFAULT_NAMESPACE_has_part some Thing"/>
         </Generalisation>
      </Generalisations>
   </Cluster>
   <Cluster size="3">
      <Item iri="http://purl.obolibrary.org/obo/ID_0000061"/>
      <Item iri="http://purl.obolibrary.org/obo/ID_0000062"/>
      <Item iri="http://purl.obolibrary.org/obo/ID_0000063"/>
      <Generalisations>
         <Generalisation axiom="?cluster_5 SubClassOf DEFAULT_NAMESPACE_located_in some &#10;((?cluster_7_conjunction) and (DEFAULT_NAMESPACE_has_a some &#10;(ID_0000002 and (DEFAULT_NAMESPACE_interacts_with_a_stressor_via some ID_0000001))))" count="3" instantiationStats="?cluster_7 count: 2; ?cluster_5 count: 3">
            <Axiom axiom="ID_0000061 SubClassOf DEFAULT_NAMESPACE_located_in some &#10;((ID_0000055 and ID_0000060) and (DEFAULT_NAMESPACE_has_a some &#10;(ID_0000002 and (DEFAULT_NAMESPACE_interacts_with_a_stressor_via some ID_0000001))))"/>
            <Axiom axiom="ID_0000063 SubClassOf DEFAULT_NAMESPACE_located_in some &#10;((ID_0000055 and ID_0000060) and (DEFAULT_NAMESPACE_has_a some &#10;(ID_0000002 and (DEFAULT_NAMESPACE_interacts_with_a_stressor_via some ID_0000001))))"/>
            <Axiom axiom="ID_0000062 SubClassOf DEFAULT_NAMESPACE_located_in some &#10;((ID_0000055 and ID_0000060) and (DEFAULT_NAMESPACE_has_a some &#10;(ID_0000002 and (DEFAULT_NAMESPACE_interacts_with_a_stressor_via some ID_0000001))))"/>
         </Generalisation>
         <Generalisation axiom="?cluster_5 SubClassOf DEFAULT_NAMESPACE_located_in some ?ID_0000000" count="3" instantiationStats="?ID_0000000 count: 1; ?cluster_5 count: 3">
            <Axiom axiom="ID_0000062 SubClassOf DEFAULT_NAMESPACE_located_in some Thing"/>
            <Axiom axiom="ID_0000063 SubClassOf DEFAULT_NAMESPACE_located_in some Thing"/>
            <Axiom axiom="ID_0000061 SubClassOf DEFAULT_NAMESPACE_located_in some Thing"/>
         </Generalisation>
      </Generalisations>
   </Cluster>
   <Cluster size="3">
      <Item iri="http://purl.obolibrary.org/obo/ID_0000032"/>
      <Item iri="http://purl.obolibrary.org/obo/ID_0000033"/>
      <Item iri="http://purl.obolibrary.org/obo/ID_0000048"/>
      <Generalisations>
         <Generalisation axiom="?cluster_7 SubClassOf DEFAULT_NAMESPACE_is_defined_by some &#10;(?cluster_4 and (DEFAULT_NAMESPACE_part_of some &#10;(?cluster_4 and (DEFAULT_NAMESPACE_part_of some &#10;(ID_0000001 and ?ID_0000001)))))" count="5" instantiationStats="?cluster_4 count: 2; ?ID_0000001 count: 1; ?cluster_7 count: 5">
            <Axiom axiom="ID_0000021 SubClassOf DEFAULT_NAMESPACE_is_defined_by some &#10;(ID_0000033 and (DEFAULT_NAMESPACE_part_of some &#10;(ID_0000032 and (DEFAULT_NAMESPACE_part_of some &#10;(ID_0000001 and ID_0000031)))))"/>
            <Axiom axiom="ID_0000019 SubClassOf DEFAULT_NAMESPACE_is_defined_by some &#10;(ID_0000033 and (DEFAULT_NAMESPACE_part_of some &#10;(ID_0000032 and (DEFAULT_NAMESPACE_part_of some &#10;(ID_0000001 and ID_0000031)))))"/>
            <Axiom axiom="ID_0000017 SubClassOf DEFAULT_NAMESPACE_is_defined_by some &#10;(ID_0000033 and (DEFAULT_NAMESPACE_part_of some &#10;(ID_0000032 and (DEFAULT_NAMESPACE_part_of some &#10;(ID_0000001 and ID_0000031)))))"/>
            <Axiom axiom="ID_0000020 SubClassOf DEFAULT_NAMESPACE_is_defined_by some &#10;(ID_0000033 and (DEFAULT_NAMESPACE_part_of some &#10;(ID_0000032 and (DEFAULT_NAMESPACE_part_of some &#10;(ID_0000001 and ID_0000031)))))"/>
            <Axiom axiom="ID_0000018 SubClassOf DEFAULT_NAMESPACE_is_defined_by some &#10;(ID_0000033 and (DEFAULT_NAMESPACE_part_of some &#10;(ID_0000032 and (DEFAULT_NAMESPACE_part_of some &#10;(ID_0000001 and ID_0000031)))))"/>
         </Generalisation>
         <Generalisation axiom="?cluster_4 SubClassOf DEFAULT_NAMESPACE_part_of some &#10;(?cluster_4 and (DEFAULT_NAMESPACE_part_of some &#10;(ID_0000001 and ?ID_0000001)))" count="2" instantiationStats="?cluster_4 count: 3; ?ID_0000001 count: 1">
            <Axiom axiom="ID_0000048 SubClassOf DEFAULT_NAMESPACE_part_of some &#10;(ID_0000032 and (DEFAULT_NAMESPACE_part_of some &#10;(ID_0000001 and ID_0000031)))"/>
            <Axiom axiom="ID_0000033 SubClassOf DEFAULT_NAMESPACE_part_of some &#10;(ID_0000032 and (DEFAULT_NAMESPACE_part_of some &#10;(ID_0000001 and ID_0000031)))"/>
         </Generalisation>
         <Generalisation axiom="?cluster_6 SubClassOf DEFAULT_NAMESPACE_has_part some &#10;(?cluster_6 and (DEFAULT_NAMESPACE_has_part some &#10;(?cluster_7 and (DEFAULT_NAMESPACE_has_a some &#10;(?cluster_2 and (DEFAULT_NAMESPACE_has_a_member_that_is some &#10;(?cluster_4 and (DEFAULT_NAMESPACE_part_of some &#10;(?cluster_4 and (DEFAULT_NAMESPACE_part_of some &#10;(ID_0000001 and ?ID_0000001)))))))))))" count="1" instantiationStats="?cluster_4 count: 2; ?ID_0000001 count: 1; ?cluster_2 count: 1; ?cluster_7 count: 1; ?cluster_6 count: 2">
            <Axiom axiom="ID_0000046 SubClassOf DEFAULT_NAMESPACE_has_part some &#10;(ID_0000045 and (DEFAULT_NAMESPACE_has_part some &#10;(ID_0000043 and (DEFAULT_NAMESPACE_has_a some &#10;(ID_0000042 and (DEFAULT_NAMESPACE_has_a_member_that_is some &#10;(ID_0000033 and (DEFAULT_NAMESPACE_part_of some &#10;(ID_0000032 and (DEFAULT_NAMESPACE_part_of some &#10;(ID_0000001 and ID_0000031)))))))))))"/>
         </Generalisation>
         <Generalisation axiom="?cluster_6 SubClassOf DEFAULT_NAMESPACE_has_part some &#10;(?cluster_7 and (DEFAULT_NAMESPACE_has_a some &#10;(?cluster_2 and (DEFAULT_NAMESPACE_has_a_member_that_is some &#10;(?cluster_4 and (DEFAULT_NAMESPACE_part_of some &#10;(?cluster_4 and (DEFAULT_NAMESPACE_part_of some &#10;(ID_0000001 and ?ID_0000001)))))))))" count="2" instantiationStats="?cluster_4 count: 2; ?ID_0000001 count: 1; ?cluster_2 count: 1; ?cluster_7 count: 1; ?cluster_6 count: 2">
            <Axiom axiom="ID_0000044 SubClassOf DEFAULT_NAMESPACE_has_part some &#10;(ID_0000043 and (DEFAULT_NAMESPACE_has_a some &#10;(ID_0000042 and (DEFAULT_NAMESPACE_has_a_member_that_is some &#10;(ID_0000033 and (DEFAULT_NAMESPACE_part_of some &#10;(ID_0000032 and (DEFAULT_NAMESPACE_part_of some &#10;(ID_0000001 and ID_0000031)))))))))"/>
            <Axiom axiom="ID_0000045 SubClassOf DEFAULT_NAMESPACE_has_part some &#10;(ID_0000043 and (DEFAULT_NAMESPACE_has_a some &#10;(ID_0000042 and (DEFAULT_NAMESPACE_has_a_member_that_is some &#10;(ID_0000033 and (DEFAULT_NAMESPACE_part_of some &#10;(ID_0000032 and (DEFAULT_NAMESPACE_part_of some &#10;(ID_0000001 and ID_0000031)))))))))"/>
         </Generalisation>
         <Generalisation axiom="?cluster_7 SubClassOf DEFAULT_NAMESPACE_has_a some &#10;(?cluster_2 and (DEFAULT_NAMESPACE_has_a_member_that_is some &#10;(?cluster_4 and (DEFAULT_NAMESPACE_part_of some &#10;(?cluster_4 and (DEFAULT_NAMESPACE_part_of some &#10;(ID_0000001 and ?ID_0000001)))))))" count="1" instantiationStats="?cluster_4 count: 2; ?ID_0000001 count: 1; ?cluster_2 count: 1; ?cluster_7 count: 1">
            <Axiom axiom="ID_0000043 SubClassOf DEFAULT_NAMESPACE_has_a some &#10;(ID_0000042 and (DEFAULT_NAMESPACE_has_a_member_that_is some &#10;(ID_0000033 and (DEFAULT_NAMESPACE_part_of some &#10;(ID_0000032 and (DEFAULT_NAMESPACE_part_of some &#10;(ID_0000001 and ID_0000031)))))))"/>
         </Generalisation>
         <Generalisation axiom="?cluster_4 SubClassOf DEFAULT_NAMESPACE_part_of some &#10;(ID_0000001 and ?ID_0000001)" count="1" instantiationStats="?cluster_4 count: 1; ?ID_0000001 count: 1">
            <Axiom axiom="ID_0000032 SubClassOf DEFAULT_NAMESPACE_part_of some &#10;(ID_0000001 and ID_0000031)"/>
         </Generalisation>
         <Generalisation axiom="?cluster_3 SubClassOf DEFAULT_NAMESPACE_is_defined_by some &#10;(?cluster_4 and (DEFAULT_NAMESPACE_part_of some &#10;(?cluster_4 and (DEFAULT_NAMESPACE_part_of some &#10;(ID_0000001 and ?ID_0000001)))))" count="7" instantiationStats="?cluster_4 count: 2; ?cluster_3 count: 7; ?ID_0000001 count: 1">
            <Axiom axiom="ID_0000037 SubClassOf DEFAULT_NAMESPACE_is_defined_by some &#10;(ID_0000033 and (DEFAULT_NAMESPACE_part_of some &#10;(ID_0000032 and (DEFAULT_NAMESPACE_part_of some &#10;(ID_0000001 and ID_0000031)))))"/>
            <Axiom axiom="ID_0000040 SubClassOf DEFAULT_NAMESPACE_is_defined_by some &#10;(ID_0000033 and (DEFAULT_NAMESPACE_part_of some &#10;(ID_0000032 and (DEFAULT_NAMESPACE_part_of some &#10;(ID_0000001 and ID_0000031)))))"/>
            <Axiom axiom="ID_0000034 SubClassOf DEFAULT_NAMESPACE_is_defined_by some &#10;(ID_0000033 and (DEFAULT_NAMESPACE_part_of some &#10;(ID_0000032 and (DEFAULT_NAMESPACE_part_of some &#10;(ID_0000001 and ID_0000031)))))"/>
            <Axiom axiom="ID_0000038 SubClassOf DEFAULT_NAMESPACE_is_defined_by some &#10;(ID_0000033 and (DEFAULT_NAMESPACE_part_of some &#10;(ID_0000032 and (DEFAULT_NAMESPACE_part_of some &#10;(ID_0000001 and ID_0000031)))))"/>
            <Axiom axiom="ID_0000041 SubClassOf DEFAULT_NAMESPACE_is_defined_by some &#10;(ID_0000033 and (DEFAULT_NAMESPACE_part_of some &#10;(ID_0000032 and (DEFAULT_NAMESPACE_part_of some &#10;(ID_0000001 and ID_0000031)))))"/>
            <Axiom axiom="ID_0000035 SubClassOf DEFAULT_NAMESPACE_is_defined_by some &#10;(ID_0000033 and (DEFAULT_NAMESPACE_part_of some &#10;(ID_0000032 and (DEFAULT_NAMESPACE_part_of some &#10;(ID_0000001 and ID_0000031)))))"/>
            <Axiom axiom="ID_0000039 SubClassOf DEFAULT_NAMESPACE_is_defined_by some &#10;(ID_0000033 and (DEFAULT_NAMESPACE_part_of some &#10;(ID_0000032 and (DEFAULT_NAMESPACE_part_of some &#10;(ID_0000001 and ID_0000031)))))"/>
         </Generalisation>
         <Generalisation axiom="?cluster_6 SubClassOf DEFAULT_NAMESPACE_has_part some &#10;(?cluster_6 and (DEFAULT_NAMESPACE_has_part some &#10;(?cluster_6 and (DEFAULT_NAMESPACE_has_part some &#10;(?cluster_7 and (DEFAULT_NAMESPACE_has_a some &#10;(?cluster_2 and (DEFAULT_NAMESPACE_has_a_member_that_is some &#10;(?cluster_4 and (DEFAULT_NAMESPACE_part_of some &#10;(?cluster_4 and (DEFAULT_NAMESPACE_part_of some &#10;(ID_0000001 and ?ID_0000001)))))))))))))" count="1" instantiationStats="?cluster_4 count: 2; ?ID_0000001 count: 1; ?cluster_2 count: 1; ?cluster_7 count: 1; ?cluster_6 count: 3">
            <Axiom axiom="ID_0000047 SubClassOf DEFAULT_NAMESPACE_has_part some &#10;(ID_0000046 and (DEFAULT_NAMESPACE_has_part some &#10;(ID_0000045 and (DEFAULT_NAMESPACE_has_part some &#10;(ID_0000043 and (DEFAULT_NAMESPACE_has_a some &#10;(ID_0000042 and (DEFAULT_NAMESPACE_has_a_member_that_is some &#10;(ID_0000033 and (DEFAULT_NAMESPACE_part_of some &#10;(ID_0000032 and (DEFAULT_NAMESPACE_part_of some &#10;(ID_0000001 and ID_0000031)))))))))))))"/>
         </Generalisation>
         <Generalisation axiom="?cluster_4 SubClassOf DEFAULT_NAMESPACE_part_of some ?ID_0000000" count="3" instantiationStats="?cluster_4 count: 3; ?ID_0000000 count: 1">
            <Axiom axiom="ID_0000033 SubClassOf DEFAULT_NAMESPACE_part_of some Thing"/>
            <Axiom axiom="ID_0000032 SubClassOf DEFAULT_NAMESPACE_part_of some Thing"/>
            <Axiom axiom="ID_0000048 SubClassOf DEFAULT_NAMESPACE_part_of some Thing"/>
         </Generalisation>
         <Generalisation axiom="?cluster_2 SubClassOf DEFAULT_NAMESPACE_has_a_member_that_is some &#10;(?cluster_4 and (DEFAULT_NAMESPACE_part_of some &#10;(?cluster_4 and (DEFAULT_NAMESPACE_part_of some &#10;(ID_0000001 and ?ID_0000001)))))" count="1" instantiationStats="?cluster_4 count: 2; ?cluster_2 count: 1; ?ID_0000001 count: 1">
            <Axiom axiom="ID_0000042 SubClassOf DEFAULT_NAMESPACE_has_a_member_that_is some &#10;(ID_0000033 and (DEFAULT_NAMESPACE_part_of some &#10;(ID_0000032 and (DEFAULT_NAMESPACE_part_of some &#10;(ID_0000001 and ID_0000031)))))"/>
         </Generalisation>
      </Generalisations>
   </Cluster>
   <Cluster size="2">
      <Item iri="http://purl.obolibrary.org/obo/ID_0000042"/>
      <Item iri="http://purl.obolibrary.org/obo/ID_0000076"/>
      <Generalisations>
         <Generalisation axiom="?cluster_6 SubClassOf DEFAULT_NAMESPACE_has_part some &#10;(?cluster_6 and (DEFAULT_NAMESPACE_has_part some &#10;(?cluster_7 and (DEFAULT_NAMESPACE_has_a some &#10;(?cluster_2 and (DEFAULT_NAMESPACE_has_a_member_that_is some &#10;(?cluster_4 and (DEFAULT_NAMESPACE_part_of some &#10;(?cluster_4 and (DEFAULT_NAMESPACE_part_of some &#10;(ID_0000001 and ?ID_0000001)))))))))))" count="1" instantiationStats="?cluster_4 count: 2; ?ID_0000001 count: 1; ?cluster_2 count: 1; ?cluster_7 count: 1; ?cluster_6 count: 2">
            <Axiom axiom="ID_0000046 SubClassOf DEFAULT_NAMESPACE_has_part some &#10;(ID_0000045 and (DEFAULT_NAMESPACE_has_part some &#10;(ID_0000043 and (DEFAULT_NAMESPACE_has_a some &#10;(ID_0000042 and (DEFAULT_NAMESPACE_has_a_member_that_is some &#10;(ID_0000033 and (DEFAULT_NAMESPACE_part_of some &#10;(ID_0000032 and (DEFAULT_NAMESPACE_part_of some &#10;(ID_0000001 and ID_0000031)))))))))))"/>
         </Generalisation>
         <Generalisation axiom="?cluster_2 SubClassOf DEFAULT_NAMESPACE_results_in some &#10;(ID_0000002 and (DEFAULT_NAMESPACE_interacts_with_a_stressor_via some ID_0000001))" count="1" instantiationStats="?cluster_2 count: 1">
            <Axiom axiom="ID_0000076 SubClassOf DEFAULT_NAMESPACE_results_in some &#10;(ID_0000002 and (DEFAULT_NAMESPACE_interacts_with_a_stressor_via some ID_0000001))"/>
         </Generalisation>
         <Generalisation axiom="?cluster_6 SubClassOf DEFAULT_NAMESPACE_has_part some &#10;(?cluster_7 and (DEFAULT_NAMESPACE_has_a some &#10;(?cluster_2 and (DEFAULT_NAMESPACE_has_a_member_that_is some &#10;(?cluster_4 and (DEFAULT_NAMESPACE_part_of some &#10;(?cluster_4 and (DEFAULT_NAMESPACE_part_of some &#10;(ID_0000001 and ?ID_0000001)))))))))" count="2" instantiationStats="?cluster_4 count: 2; ?ID_0000001 count: 1; ?cluster_2 count: 1; ?cluster_7 count: 1; ?cluster_6 count: 2">
            <Axiom axiom="ID_0000044 SubClassOf DEFAULT_NAMESPACE_has_part some &#10;(ID_0000043 and (DEFAULT_NAMESPACE_has_a some &#10;(ID_0000042 and (DEFAULT_NAMESPACE_has_a_member_that_is some &#10;(ID_0000033 and (DEFAULT_NAMESPACE_part_of some &#10;(ID_0000032 and (DEFAULT_NAMESPACE_part_of some &#10;(ID_0000001 and ID_0000031)))))))))"/>
            <Axiom axiom="ID_0000045 SubClassOf DEFAULT_NAMESPACE_has_part some &#10;(ID_0000043 and (DEFAULT_NAMESPACE_has_a some &#10;(ID_0000042 and (DEFAULT_NAMESPACE_has_a_member_that_is some &#10;(ID_0000033 and (DEFAULT_NAMESPACE_part_of some &#10;(ID_0000032 and (DEFAULT_NAMESPACE_part_of some &#10;(ID_0000001 and ID_0000031)))))))))"/>
         </Generalisation>
         <Generalisation axiom="?cluster_7 SubClassOf DEFAULT_NAMESPACE_has_a some &#10;(?cluster_2 and (DEFAULT_NAMESPACE_has_a_member_that_is some &#10;(?cluster_4 and (DEFAULT_NAMESPACE_part_of some &#10;(?cluster_4 and (DEFAULT_NAMESPACE_part_of some &#10;(ID_0000001 and ?ID_0000001)))))))" count="1" instantiationStats="?cluster_4 count: 2; ?ID_0000001 count: 1; ?cluster_2 count: 1; ?cluster_7 count: 1">
            <Axiom axiom="ID_0000043 SubClassOf DEFAULT_NAMESPACE_has_a some &#10;(ID_0000042 and (DEFAULT_NAMESPACE_has_a_member_that_is some &#10;(ID_0000033 and (DEFAULT_NAMESPACE_part_of some &#10;(ID_0000032 and (DEFAULT_NAMESPACE_part_of some &#10;(ID_0000001 and ID_0000031)))))))"/>
         </Generalisation>
         <Generalisation axiom="?cluster_2 SubClassOf DEFAULT_NAMESPACE_has_a_member_that_is some ?ID_0000000" count="1" instantiationStats="?cluster_2 count: 1; ?ID_0000000 count: 1">
            <Axiom axiom="ID_0000042 SubClassOf DEFAULT_NAMESPACE_has_a_member_that_is some Thing"/>
         </Generalisation>
         <Generalisation axiom="?cluster_6 SubClassOf DEFAULT_NAMESPACE_has_part some &#10;(?cluster_6 and (DEFAULT_NAMESPACE_has_part some &#10;(?cluster_6 and (DEFAULT_NAMESPACE_has_part some &#10;(?cluster_7 and (DEFAULT_NAMESPACE_has_a some &#10;(?cluster_2 and (DEFAULT_NAMESPACE_has_a_member_that_is some &#10;(?cluster_4 and (DEFAULT_NAMESPACE_part_of some &#10;(?cluster_4 and (DEFAULT_NAMESPACE_part_of some &#10;(ID_0000001 and ?ID_0000001)))))))))))))" count="1" instantiationStats="?cluster_4 count: 2; ?ID_0000001 count: 1; ?cluster_2 count: 1; ?cluster_7 count: 1; ?cluster_6 count: 3">
            <Axiom axiom="ID_0000047 SubClassOf DEFAULT_NAMESPACE_has_part some &#10;(ID_0000046 and (DEFAULT_NAMESPACE_has_part some &#10;(ID_0000045 and (DEFAULT_NAMESPACE_has_part some &#10;(ID_0000043 and (DEFAULT_NAMESPACE_has_a some &#10;(ID_0000042 and (DEFAULT_NAMESPACE_has_a_member_that_is some &#10;(ID_0000033 and (DEFAULT_NAMESPACE_part_of some &#10;(ID_0000032 and (DEFAULT_NAMESPACE_part_of some &#10;(ID_0000001 and ID_0000031)))))))))))))"/>
         </Generalisation>
         <Generalisation axiom="?cluster_2 SubClassOf DEFAULT_NAMESPACE_results_in some ?ID_0000000" count="1" instantiationStats="?cluster_2 count: 1; ?ID_0000000 count: 1">
            <Axiom axiom="ID_0000076 SubClassOf DEFAULT_NAMESPACE_results_in some Thing"/>
         </Generalisation>
         <Generalisation axiom="?cluster_2 SubClassOf DEFAULT_NAMESPACE_has_a_member_that_is some &#10;(?cluster_4 and (DEFAULT_NAMESPACE_part_of some &#10;(?cluster_4 and (DEFAULT_NAMESPACE_part_of some &#10;(ID_0000001 and ?ID_0000001)))))" count="1" instantiationStats="?cluster_4 count: 2; ?cluster_2 count: 1; ?ID_0000001 count: 1">
            <Axiom axiom="ID_0000042 SubClassOf DEFAULT_NAMESPACE_has_a_member_that_is some &#10;(ID_0000033 and (DEFAULT_NAMESPACE_part_of some &#10;(ID_0000032 and (DEFAULT_NAMESPACE_part_of some &#10;(ID_0000001 and ID_0000031)))))"/>
         </Generalisation>
      </Generalisations>
   </Cluster>
   <Cluster size="2">
      <Item iri="http://purl.obolibrary.org/obo/ID_0000030"/>
      <Item iri="http://purl.obolibrary.org/obo/ID_0000031"/>
      <Generalisations>
         <Generalisation axiom="?cluster_7 SubClassOf DEFAULT_NAMESPACE_is_defined_by some &#10;(?cluster_4 and (DEFAULT_NAMESPACE_part_of some &#10;(?cluster_4 and (DEFAULT_NAMESPACE_part_of some &#10;(ID_0000001 and ?ID_0000001)))))" count="5" instantiationStats="?cluster_4 count: 2; ?ID_0000001 count: 1; ?cluster_7 count: 5">
            <Axiom axiom="ID_0000021 SubClassOf DEFAULT_NAMESPACE_is_defined_by some &#10;(ID_0000033 and (DEFAULT_NAMESPACE_part_of some &#10;(ID_0000032 and (DEFAULT_NAMESPACE_part_of some &#10;(ID_0000001 and ID_0000031)))))"/>
            <Axiom axiom="ID_0000019 SubClassOf DEFAULT_NAMESPACE_is_defined_by some &#10;(ID_0000033 and (DEFAULT_NAMESPACE_part_of some &#10;(ID_0000032 and (DEFAULT_NAMESPACE_part_of some &#10;(ID_0000001 and ID_0000031)))))"/>
            <Axiom axiom="ID_0000017 SubClassOf DEFAULT_NAMESPACE_is_defined_by some &#10;(ID_0000033 and (DEFAULT_NAMESPACE_part_of some &#10;(ID_0000032 and (DEFAULT_NAMESPACE_part_of some &#10;(ID_0000001 and ID_0000031)))))"/>
            <Axiom axiom="ID_0000020 SubClassOf DEFAULT_NAMESPACE_is_defined_by some &#10;(ID_0000033 and (DEFAULT_NAMESPACE_part_of some &#10;(ID_0000032 and (DEFAULT_NAMESPACE_part_of some &#10;(ID_0000001 and ID_0000031)))))"/>
            <Axiom axiom="ID_0000018 SubClassOf DEFAULT_NAMESPACE_is_defined_by some &#10;(ID_0000033 and (DEFAULT_NAMESPACE_part_of some &#10;(ID_0000032 and (DEFAULT_NAMESPACE_part_of some &#10;(ID_0000001 and ID_0000031)))))"/>
         </Generalisation>
         <Generalisation axiom="?ID_0000001 SubClassOf ID_0000001" count="2" instantiationStats="?ID_0000001 count: 2">
            <Axiom axiom="ID_0000030 SubClassOf ID_0000001"/>
            <Axiom axiom="ID_0000031 SubClassOf ID_0000001"/>
         </Generalisation>
         <Generalisation axiom="?cluster_4 SubClassOf DEFAULT_NAMESPACE_part_of some &#10;(?cluster_4 and (DEFAULT_NAMESPACE_part_of some &#10;(ID_0000001 and ?ID_0000001)))" count="2" instantiationStats="?cluster_4 count: 3; ?ID_0000001 count: 1">
            <Axiom axiom="ID_0000048 SubClassOf DEFAULT_NAMESPACE_part_of some &#10;(ID_0000032 and (DEFAULT_NAMESPACE_part_of some &#10;(ID_0000001 and ID_0000031)))"/>
            <Axiom axiom="ID_0000033 SubClassOf DEFAULT_NAMESPACE_part_of some &#10;(ID_0000032 and (DEFAULT_NAMESPACE_part_of some &#10;(ID_0000001 and ID_0000031)))"/>
         </Generalisation>
         <Generalisation axiom="?cluster_6 SubClassOf DEFAULT_NAMESPACE_has_part some &#10;(?cluster_6 and (DEFAULT_NAMESPACE_has_part some &#10;(?cluster_7 and (DEFAULT_NAMESPACE_has_a some &#10;(?cluster_2 and (DEFAULT_NAMESPACE_has_a_member_that_is some &#10;(?cluster_4 and (DEFAULT_NAMESPACE_part_of some &#10;(?cluster_4 and (DEFAULT_NAMESPACE_part_of some &#10;(ID_0000001 and ?ID_0000001)))))))))))" count="1" instantiationStats="?cluster_4 count: 2; ?ID_0000001 count: 1; ?cluster_2 count: 1; ?cluster_7 count: 1; ?cluster_6 count: 2">
            <Axiom axiom="ID_0000046 SubClassOf DEFAULT_NAMESPACE_has_part some &#10;(ID_0000045 and (DEFAULT_NAMESPACE_has_part some &#10;(ID_0000043 and (DEFAULT_NAMESPACE_has_a some &#10;(ID_0000042 and (DEFAULT_NAMESPACE_has_a_member_that_is some &#10;(ID_0000033 and (DEFAULT_NAMESPACE_part_of some &#10;(ID_0000032 and (DEFAULT_NAMESPACE_part_of some &#10;(ID_0000001 and ID_0000031)))))))))))"/>
         </Generalisation>
         <Generalisation axiom="?cluster_6 SubClassOf DEFAULT_NAMESPACE_has_part some &#10;(?cluster_7 and (DEFAULT_NAMESPACE_has_a some &#10;(?cluster_2 and (DEFAULT_NAMESPACE_has_a_member_that_is some &#10;(?cluster_4 and (DEFAULT_NAMESPACE_part_of some &#10;(?cluster_4 and (DEFAULT_NAMESPACE_part_of some &#10;(ID_0000001 and ?ID_0000001)))))))))" count="2" instantiationStats="?cluster_4 count: 2; ?ID_0000001 count: 1; ?cluster_2 count: 1; ?cluster_7 count: 1; ?cluster_6 count: 2">
            <Axiom axiom="ID_0000044 SubClassOf DEFAULT_NAMESPACE_has_part some &#10;(ID_0000043 and (DEFAULT_NAMESPACE_has_a some &#10;(ID_0000042 and (DEFAULT_NAMESPACE_has_a_member_that_is some &#10;(ID_0000033 and (DEFAULT_NAMESPACE_part_of some &#10;(ID_0000032 and (DEFAULT_NAMESPACE_part_of some &#10;(ID_0000001 and ID_0000031)))))))))"/>
            <Axiom axiom="ID_0000045 SubClassOf DEFAULT_NAMESPACE_has_part some &#10;(ID_0000043 and (DEFAULT_NAMESPACE_has_a some &#10;(ID_0000042 and (DEFAULT_NAMESPACE_has_a_member_that_is some &#10;(ID_0000033 and (DEFAULT_NAMESPACE_part_of some &#10;(ID_0000032 and (DEFAULT_NAMESPACE_part_of some &#10;(ID_0000001 and ID_0000031)))))))))"/>
         </Generalisation>
         <Generalisation axiom="?cluster_7 SubClassOf DEFAULT_NAMESPACE_has_a some &#10;(?cluster_2 and (DEFAULT_NAMESPACE_has_a_member_that_is some &#10;(?cluster_4 and (DEFAULT_NAMESPACE_part_of some &#10;(?cluster_4 and (DEFAULT_NAMESPACE_part_of some &#10;(ID_0000001 and ?ID_0000001)))))))" count="1" instantiationStats="?cluster_4 count: 2; ?ID_0000001 count: 1; ?cluster_2 count: 1; ?cluster_7 count: 1">
            <Axiom axiom="ID_0000043 SubClassOf DEFAULT_NAMESPACE_has_a some &#10;(ID_0000042 and (DEFAULT_NAMESPACE_has_a_member_that_is some &#10;(ID_0000033 and (DEFAULT_NAMESPACE_part_of some &#10;(ID_0000032 and (DEFAULT_NAMESPACE_part_of some &#10;(ID_0000001 and ID_0000031)))))))"/>
         </Generalisation>
         <Generalisation axiom="?cluster_4 SubClassOf DEFAULT_NAMESPACE_part_of some &#10;(ID_0000001 and ?ID_0000001)" count="1" instantiationStats="?cluster_4 count: 1; ?ID_0000001 count: 1">
            <Axiom axiom="ID_0000032 SubClassOf DEFAULT_NAMESPACE_part_of some &#10;(ID_0000001 and ID_0000031)"/>
         </Generalisation>
         <Generalisation axiom="?cluster_3 SubClassOf DEFAULT_NAMESPACE_is_defined_by some &#10;(?cluster_4 and (DEFAULT_NAMESPACE_part_of some &#10;(?cluster_4 and (DEFAULT_NAMESPACE_part_of some &#10;(ID_0000001 and ?ID_0000001)))))" count="7" instantiationStats="?cluster_4 count: 2; ?cluster_3 count: 7; ?ID_0000001 count: 1">
            <Axiom axiom="ID_0000037 SubClassOf DEFAULT_NAMESPACE_is_defined_by some &#10;(ID_0000033 and (DEFAULT_NAMESPACE_part_of some &#10;(ID_0000032 and (DEFAULT_NAMESPACE_part_of some &#10;(ID_0000001 and ID_0000031)))))"/>
            <Axiom axiom="ID_0000040 SubClassOf DEFAULT_NAMESPACE_is_defined_by some &#10;(ID_0000033 and (DEFAULT_NAMESPACE_part_of some &#10;(ID_0000032 and (DEFAULT_NAMESPACE_part_of some &#10;(ID_0000001 and ID_0000031)))))"/>
            <Axiom axiom="ID_0000034 SubClassOf DEFAULT_NAMESPACE_is_defined_by some &#10;(ID_0000033 and (DEFAULT_NAMESPACE_part_of some &#10;(ID_0000032 and (DEFAULT_NAMESPACE_part_of some &#10;(ID_0000001 and ID_0000031)))))"/>
            <Axiom axiom="ID_0000038 SubClassOf DEFAULT_NAMESPACE_is_defined_by some &#10;(ID_0000033 and (DEFAULT_NAMESPACE_part_of some &#10;(ID_0000032 and (DEFAULT_NAMESPACE_part_of some &#10;(ID_0000001 and ID_0000031)))))"/>
            <Axiom axiom="ID_0000041 SubClassOf DEFAULT_NAMESPACE_is_defined_by some &#10;(ID_0000033 and (DEFAULT_NAMESPACE_part_of some &#10;(ID_0000032 and (DEFAULT_NAMESPACE_part_of some &#10;(ID_0000001 and ID_0000031)))))"/>
            <Axiom axiom="ID_0000035 SubClassOf DEFAULT_NAMESPACE_is_defined_by some &#10;(ID_0000033 and (DEFAULT_NAMESPACE_part_of some &#10;(ID_0000032 and (DEFAULT_NAMESPACE_part_of some &#10;(ID_0000001 and ID_0000031)))))"/>
            <Axiom axiom="ID_0000039 SubClassOf DEFAULT_NAMESPACE_is_defined_by some &#10;(ID_0000033 and (DEFAULT_NAMESPACE_part_of some &#10;(ID_0000032 and (DEFAULT_NAMESPACE_part_of some &#10;(ID_0000001 and ID_0000031)))))"/>
         </Generalisation>
         <Generalisation axiom="?cluster_6 SubClassOf DEFAULT_NAMESPACE_has_part some &#10;(?cluster_6 and (DEFAULT_NAMESPACE_has_part some &#10;(?cluster_6 and (DEFAULT_NAMESPACE_has_part some &#10;(?cluster_7 and (DEFAULT_NAMESPACE_has_a some &#10;(?cluster_2 and (DEFAULT_NAMESPACE_has_a_member_that_is some &#10;(?cluster_4 and (DEFAULT_NAMESPACE_part_of some &#10;(?cluster_4 and (DEFAULT_NAMESPACE_part_of some &#10;(ID_0000001 and ?ID_0000001)))))))))))))" count="1" instantiationStats="?cluster_4 count: 2; ?ID_0000001 count: 1; ?cluster_2 count: 1; ?cluster_7 count: 1; ?cluster_6 count: 3">
            <Axiom axiom="ID_0000047 SubClassOf DEFAULT_NAMESPACE_has_part some &#10;(ID_0000046 and (DEFAULT_NAMESPACE_has_part some &#10;(ID_0000045 and (DEFAULT_NAMESPACE_has_part some &#10;(ID_0000043 and (DEFAULT_NAMESPACE_has_a some &#10;(ID_0000042 and (DEFAULT_NAMESPACE_has_a_member_that_is some &#10;(ID_0000033 and (DEFAULT_NAMESPACE_part_of some &#10;(ID_0000032 and (DEFAULT_NAMESPACE_part_of some &#10;(ID_0000001 and ID_0000031)))))))))))))"/>
         </Generalisation>
         <Generalisation axiom="?cluster_2 SubClassOf DEFAULT_NAMESPACE_has_a_member_that_is some &#10;(?cluster_4 and (DEFAULT_NAMESPACE_part_of some &#10;(?cluster_4 and (DEFAULT_NAMESPACE_part_of some &#10;(ID_0000001 and ?ID_0000001)))))" count="1" instantiationStats="?cluster_4 count: 2; ?cluster_2 count: 1; ?ID_0000001 count: 1">
            <Axiom axiom="ID_0000042 SubClassOf DEFAULT_NAMESPACE_has_a_member_that_is some &#10;(ID_0000033 and (DEFAULT_NAMESPACE_part_of some &#10;(ID_0000032 and (DEFAULT_NAMESPACE_part_of some &#10;(ID_0000001 and ID_0000031)))))"/>
         </Generalisation>
      </Generalisations>
   </Cluster>
   <Cluster size="2">
      <Item iri="http://www.w3.org/2002/07/owl#Thing"/>
      <Item iri="http://purl.obolibrary.org/obo/ID_0000000"/>
      <Generalisations>
         <Generalisation axiom="?ID_0000003 SubClassOf DEFAULT_NAMESPACE_is_associated_with some ?ID_0000000" count="6" instantiationStats="?ID_0000003 count: 6; ?ID_0000000 count: 1">
            <Axiom axiom="ID_0000080 SubClassOf DEFAULT_NAMESPACE_is_associated_with some Thing"/>
            <Axiom axiom="ID_0000079 SubClassOf DEFAULT_NAMESPACE_is_associated_with some Thing"/>
            <Axiom axiom="ID_0000078 SubClassOf DEFAULT_NAMESPACE_is_associated_with some Thing"/>
            <Axiom axiom="ID_0000082 SubClassOf DEFAULT_NAMESPACE_is_associated_with some Thing"/>
            <Axiom axiom="ID_0000003 SubClassOf DEFAULT_NAMESPACE_is_associated_with some Thing"/>
            <Axiom axiom="ID_0000077 SubClassOf DEFAULT_NAMESPACE_is_associated_with some Thing"/>
         </Generalisation>
         <Generalisation axiom="ID_0000084 SubClassOf DEFAULT_NAMESPACE_interacts_with some ?ID_0000000" count="2" instantiationStats="?ID_0000000 count: 2">
            <Axiom axiom="ID_0000084 SubClassOf DEFAULT_NAMESPACE_interacts_with some ID_0000000"/>
            <Axiom axiom="ID_0000084 SubClassOf DEFAULT_NAMESPACE_interacts_with some Thing"/>
         </Generalisation>
         <Generalisation axiom="?cluster_2 SubClassOf DEFAULT_NAMESPACE_has_a_member_that_is some ?ID_0000000" count="1" instantiationStats="?cluster_2 count: 1; ?ID_0000000 count: 1">
            <Axiom axiom="ID_0000042 SubClassOf DEFAULT_NAMESPACE_has_a_member_that_is some Thing"/>
         </Generalisation>
         <Generalisation axiom="?cluster_7 SubClassOf DEFAULT_NAMESPACE_is_defined_by some ?ID_0000000" count="5" instantiationStats="?ID_0000000 count: 1; ?cluster_7 count: 5">
            <Axiom axiom="ID_0000021 SubClassOf DEFAULT_NAMESPACE_is_defined_by some Thing"/>
            <Axiom axiom="ID_0000019 SubClassOf DEFAULT_NAMESPACE_is_defined_by some Thing"/>
            <Axiom axiom="ID_0000018 SubClassOf DEFAULT_NAMESPACE_is_defined_by some Thing"/>
            <Axiom axiom="ID_0000020 SubClassOf DEFAULT_NAMESPACE_is_defined_by some Thing"/>
            <Axiom axiom="ID_0000017 SubClassOf DEFAULT_NAMESPACE_is_defined_by some Thing"/>
         </Generalisation>
         <Generalisation axiom="?cluster_6 SubClassOf DEFAULT_NAMESPACE_has_part some ?ID_0000000" count="4" instantiationStats="?ID_0000000 count: 1; ?cluster_6 count: 4">
            <Axiom axiom="ID_0000044 SubClassOf DEFAULT_NAMESPACE_has_part some Thing"/>
            <Axiom axiom="ID_0000047 SubClassOf DEFAULT_NAMESPACE_has_part some Thing"/>
            <Axiom axiom="ID_0000045 SubClassOf DEFAULT_NAMESPACE_has_part some Thing"/>
            <Axiom axiom="ID_0000046 SubClassOf DEFAULT_NAMESPACE_has_part some Thing"/>
         </Generalisation>
         <Generalisation axiom="?cluster_2 SubClassOf DEFAULT_NAMESPACE_results_in some ?ID_0000000" count="1" instantiationStats="?cluster_2 count: 1; ?ID_0000000 count: 1">
            <Axiom axiom="ID_0000076 SubClassOf DEFAULT_NAMESPACE_results_in some Thing"/>
         </Generalisation>
         <Generalisation axiom="?cluster_3 SubClassOf DEFAULT_NAMESPACE_is_defined_by some ?ID_0000000" count="7" instantiationStats="?cluster_3 count: 7; ?ID_0000000 count: 1">
            <Axiom axiom="ID_0000035 SubClassOf DEFAULT_NAMESPACE_is_defined_by some Thing"/>
            <Axiom axiom="ID_0000037 SubClassOf DEFAULT_NAMESPACE_is_defined_by some Thing"/>
            <Axiom axiom="ID_0000034 SubClassOf DEFAULT_NAMESPACE_is_defined_by some Thing"/>
            <Axiom axiom="ID_0000039 SubClassOf DEFAULT_NAMESPACE_is_defined_by some Thing"/>
            <Axiom axiom="ID_0000041 SubClassOf DEFAULT_NAMESPACE_is_defined_by some Thing"/>
            <Axiom axiom="ID_0000040 SubClassOf DEFAULT_NAMESPACE_is_defined_by some Thing"/>
            <Axiom axiom="ID_0000038 SubClassOf DEFAULT_NAMESPACE_is_defined_by some Thing"/>
         </Generalisation>
         <Generalisation axiom="?cluster_4 SubClassOf DEFAULT_NAMESPACE_part_of some ?ID_0000000" count="3" instantiationStats="?cluster_4 count: 3; ?ID_0000000 count: 1">
            <Axiom axiom="ID_0000033 SubClassOf DEFAULT_NAMESPACE_part_of some Thing"/>
            <Axiom axiom="ID_0000032 SubClassOf DEFAULT_NAMESPACE_part_of some Thing"/>
            <Axiom axiom="ID_0000048 SubClassOf DEFAULT_NAMESPACE_part_of some Thing"/>
         </Generalisation>
         <Generalisation axiom="?cluster_7 SubClassOf DEFAULT_NAMESPACE_has_a some &#10;(?cluster_7 and (DEFAULT_NAMESPACE_has_a some ?ID_0000000))" count="5" instantiationStats="?ID_0000000 count: 1; ?cluster_7 count: 6">
            <Axiom axiom="ID_0000020 SubClassOf DEFAULT_NAMESPACE_has_a some &#10;(ID_0000016 and (DEFAULT_NAMESPACE_has_a some ID_0000000))"/>
            <Axiom axiom="ID_0000021 SubClassOf DEFAULT_NAMESPACE_has_a some &#10;(ID_0000016 and (DEFAULT_NAMESPACE_has_a some ID_0000000))"/>
            <Axiom axiom="ID_0000018 SubClassOf DEFAULT_NAMESPACE_has_a some &#10;(ID_0000016 and (DEFAULT_NAMESPACE_has_a some ID_0000000))"/>
            <Axiom axiom="ID_0000019 SubClassOf DEFAULT_NAMESPACE_has_a some &#10;(ID_0000016 and (DEFAULT_NAMESPACE_has_a some ID_0000000))"/>
            <Axiom axiom="ID_0000017 SubClassOf DEFAULT_NAMESPACE_has_a some &#10;(ID_0000016 and (DEFAULT_NAMESPACE_has_a some ID_0000000))"/>
         </Generalisation>
         <Generalisation axiom="ID_0000002 SubClassOf DEFAULT_NAMESPACE_interacts_with_a_stressor_via some ?ID_0000000" count="1" instantiationStats="?ID_0000000 count: 1">
            <Axiom axiom="ID_0000002 SubClassOf DEFAULT_NAMESPACE_interacts_with_a_stressor_via some Thing"/>
         </Generalisation>
         <Generalisation axiom="?cluster_7 SubClassOf DEFAULT_NAMESPACE_has_a some ?ID_0000000" count="37" instantiationStats="?ID_0000000 count: 2; ?cluster_7 count: 30">
            <Axiom axiom="ID_0000058 SubClassOf DEFAULT_NAMESPACE_has_a some Thing"/>
            <Axiom axiom="ID_0000053 SubClassOf DEFAULT_NAMESPACE_has_a some Thing"/>
            <Axiom axiom="ID_0000054 SubClassOf DEFAULT_NAMESPACE_has_a some Thing"/>
            <Axiom axiom="ID_0000043 SubClassOf DEFAULT_NAMESPACE_has_a some Thing"/>
            <Axiom axiom="ID_0000051 SubClassOf DEFAULT_NAMESPACE_has_a some Thing"/>
            <Axiom axiom="ID_0000085 SubClassOf DEFAULT_NAMESPACE_has_a some ID_0000000"/>
            <Axiom axiom="ID_0000025 SubClassOf DEFAULT_NAMESPACE_has_a some ID_0000000"/>
            <Axiom axiom="ID_0000087 SubClassOf DEFAULT_NAMESPACE_has_a some Thing"/>
            <Axiom axiom="ID_0000057 SubClassOf DEFAULT_NAMESPACE_has_a some Thing"/>
            <Axiom axiom="ID_0000066 SubClassOf DEFAULT_NAMESPACE_has_a some Thing"/>
            <Axiom axiom="ID_0000027 SubClassOf DEFAULT_NAMESPACE_has_a some Thing"/>
            <Axiom axiom="ID_0000050 SubClassOf DEFAULT_NAMESPACE_has_a some Thing"/>
            <Axiom axiom="ID_0000018 SubClassOf DEFAULT_NAMESPACE_has_a some Thing"/>
            <Axiom axiom="ID_0000071 SubClassOf DEFAULT_NAMESPACE_has_a some Thing"/>
            <Axiom axiom="ID_0000055 SubClassOf DEFAULT_NAMESPACE_has_a some Thing"/>
            <Axiom axiom="ID_0000025 SubClassOf DEFAULT_NAMESPACE_has_a some Thing"/>
            <Axiom axiom="ID_0000017 SubClassOf DEFAULT_NAMESPACE_has_a some Thing"/>
            <Axiom axiom="ID_0000085 SubClassOf DEFAULT_NAMESPACE_has_a some Thing"/>
            <Axiom axiom="ID_0000083 SubClassOf DEFAULT_NAMESPACE_has_a some Thing"/>
            <Axiom axiom="ID_0000023 SubClassOf DEFAULT_NAMESPACE_has_a some ID_0000000"/>
            <Axiom axiom="ID_0000023 SubClassOf DEFAULT_NAMESPACE_has_a some Thing"/>
            <Axiom axiom="ID_0000065 SubClassOf DEFAULT_NAMESPACE_has_a some Thing"/>
            <Axiom axiom="ID_0000024 SubClassOf DEFAULT_NAMESPACE_has_a some ID_0000000"/>
            <Axiom axiom="ID_0000020 SubClassOf DEFAULT_NAMESPACE_has_a some Thing"/>
            <Axiom axiom="ID_0000056 SubClassOf DEFAULT_NAMESPACE_has_a some Thing"/>
            <Axiom axiom="ID_0000052 SubClassOf DEFAULT_NAMESPACE_has_a some Thing"/>
            <Axiom axiom="ID_0000026 SubClassOf DEFAULT_NAMESPACE_has_a some ID_0000000"/>
            <Axiom axiom="ID_0000016 SubClassOf DEFAULT_NAMESPACE_has_a some Thing"/>
            <Axiom axiom="ID_0000060 SubClassOf DEFAULT_NAMESPACE_has_a some Thing"/>
            <Axiom axiom="ID_0000027 SubClassOf DEFAULT_NAMESPACE_has_a some ID_0000000"/>
            <Axiom axiom="ID_0000026 SubClassOf DEFAULT_NAMESPACE_has_a some Thing"/>
            <Axiom axiom="ID_0000016 SubClassOf DEFAULT_NAMESPACE_has_a some ID_0000000"/>
            <Axiom axiom="ID_0000070 SubClassOf DEFAULT_NAMESPACE_has_a some Thing"/>
            <Axiom axiom="ID_0000021 SubClassOf DEFAULT_NAMESPACE_has_a some Thing"/>
            <Axiom axiom="ID_0000024 SubClassOf DEFAULT_NAMESPACE_has_a some Thing"/>
            <Axiom axiom="ID_0000019 SubClassOf DEFAULT_NAMESPACE_has_a some Thing"/>
            <Axiom axiom="ID_0000059 SubClassOf DEFAULT_NAMESPACE_has_a some Thing"/>
         </Generalisation>
         <Generalisation axiom="?cluster_1 SubClassOf DEFAULT_NAMESPACE_is_characterized_by some ?ID_0000000" count="6" instantiationStats="?cluster_1 count: 6; ?ID_0000000 count: 1">
            <Axiom axiom="ID_0000075 SubClassOf DEFAULT_NAMESPACE_is_characterized_by some Thing"/>
            <Axiom axiom="ID_0000074 SubClassOf DEFAULT_NAMESPACE_is_characterized_by some Thing"/>
            <Axiom axiom="ID_0000073 SubClassOf DEFAULT_NAMESPACE_is_characterized_by some Thing"/>
            <Axiom axiom="ID_0000064 SubClassOf DEFAULT_NAMESPACE_is_characterized_by some Thing"/>
            <Axiom axiom="ID_0000067 SubClassOf DEFAULT_NAMESPACE_is_characterized_by some Thing"/>
            <Axiom axiom="ID_0000072 SubClassOf DEFAULT_NAMESPACE_is_characterized_by some Thing"/>
         </Generalisation>
         <Generalisation axiom="?ID_1 SubClassOf ?ID_0000000" count="14" instantiationStats="?ID_0000000 count: 1; ?ID_1 count: 14">
            <Axiom axiom="ID_0000013 SubClassOf ID_0000000"/>
            <Axiom axiom="ID_0000029 SubClassOf ID_0000000"/>
            <Axiom axiom="ID_0000006 SubClassOf ID_0000000"/>
            <Axiom axiom="ID_0000011 SubClassOf ID_0000000"/>
            <Axiom axiom="ID_0000009 SubClassOf ID_0000000"/>
            <Axiom axiom="ID_0000007 SubClassOf ID_0000000"/>
            <Axiom axiom="ID_0000012 SubClassOf ID_0000000"/>
            <Axiom axiom="ID_0000010 SubClassOf ID_0000000"/>
            <Axiom axiom="ID_0000028 SubClassOf ID_0000000"/>
            <Axiom axiom="ID_0000005 SubClassOf ID_0000000"/>
            <Axiom axiom="ID_0000015 SubClassOf ID_0000000"/>
            <Axiom axiom="ID_0000004 SubClassOf ID_0000000"/>
            <Axiom axiom="ID_0000008 SubClassOf ID_0000000"/>
            <Axiom axiom="ID_0000014 SubClassOf ID_0000000"/>
         </Generalisation>
         <Generalisation axiom="?cluster_5 SubClassOf DEFAULT_NAMESPACE_located_in some ?ID_0000000" count="3" instantiationStats="?ID_0000000 count: 1; ?cluster_5 count: 3">
            <Axiom axiom="ID_0000062 SubClassOf DEFAULT_NAMESPACE_located_in some Thing"/>
            <Axiom axiom="ID_0000063 SubClassOf DEFAULT_NAMESPACE_located_in some Thing"/>
            <Axiom axiom="ID_0000061 SubClassOf DEFAULT_NAMESPACE_located_in some Thing"/>
         </Generalisation>
         <Generalisation axiom="?cluster_7 SubClassOf DEFAULT_NAMESPACE_is_associated_with some ?ID_0000000" count="1" instantiationStats="?ID_0000000 count: 1; ?cluster_7 count: 1">
            <Axiom axiom="ID_0000087 SubClassOf DEFAULT_NAMESPACE_is_associated_with some Thing"/>
         </Generalisation>
      </Generalisations>
   </Cluster>
</Clusters>
