<?xml version="1.0" encoding="UTF-8" standalone="no"?>
<Clusters>
   <Cluster size="47">
      <Item iri="http://purl.obolibrary.org/obo/CARO_0000069"/>
      <Item iri="http://purl.obolibrary.org/obo/CARO_0000048"/>
      <Item iri="http://purl.obolibrary.org/obo/CARO_0000049"/>
      <Item iri="http://purl.obolibrary.org/obo/CARO_0000007"/>
      <Item iri="http://purl.obolibrary.org/obo/CARO_0000008"/>
      <Item iri="http://purl.obolibrary.org/obo/CARO_0000027"/>
      <Item iri="http://purl.obolibrary.org/obo/CARO_0000009"/>
      <Item iri="http://purl.obolibrary.org/obo/CARO_0000028"/>
      <Item iri="http://purl.obolibrary.org/obo/CARO_0000029"/>
      <Item iri="http://purl.obolibrary.org/obo/CARO_0000004"/>
      <Item iri="http://purl.obolibrary.org/obo/CARO_0000005"/>
      <Item iri="http://purl.obolibrary.org/obo/CARO_0001501"/>
      <Item iri="http://purl.obolibrary.org/obo/CARO_0000021"/>
      <Item iri="http://purl.obolibrary.org/obo/CARO_0000024"/>
      <Item iri="http://purl.obolibrary.org/obo/CARO_0001500"/>
      <Item iri="http://purl.obolibrary.org/obo/CARO_0001001"/>
      <Item iri="http://purl.obolibrary.org/obo/CARO_0000043"/>
      <Item iri="http://purl.obolibrary.org/obo/CARO_0001000"/>
      <Item iri="http://purl.obolibrary.org/obo/CARO_0000062"/>
      <Item iri="http://purl.obolibrary.org/obo/CARO_0000045"/>
      <Item iri="http://purl.obolibrary.org/obo/CARO_0000063"/>
      <Item iri="http://purl.obolibrary.org/obo/CARO_0000046"/>
      <Item iri="http://purl.obolibrary.org/obo/CARO_0000064"/>
      <Item iri="http://purl.obolibrary.org/obo/CARO_0000065"/>
      <Item iri="http://purl.obolibrary.org/obo/CARO_0000066"/>
      <Item iri="http://purl.obolibrary.org/obo/CARO_0000040"/>
      <Item iri="http://purl.obolibrary.org/obo/CARO_0000067"/>
      <Item iri="http://purl.obolibrary.org/obo/CARO_0000041"/>
      <Item iri="http://purl.obolibrary.org/obo/CARO_0000068"/>
      <Item iri="http://purl.obolibrary.org/obo/CARO_0000042"/>
      <Item iri="http://purl.obolibrary.org/obo/CARO_0000077"/>
      <Item iri="http://purl.obolibrary.org/obo/CARO_0000073"/>
      <Item iri="http://purl.obolibrary.org/obo/CARO_0000072"/>
      <Item iri="http://purl.obolibrary.org/obo/CARO_0000074"/>
      <Item iri="http://purl.obolibrary.org/obo/CARO_0000014"/>
      <Item iri="http://purl.obolibrary.org/obo/CARO_0000071"/>
      <Item iri="http://purl.obolibrary.org/obo/CARO_0000070"/>
      <Item iri="http://purl.obolibrary.org/obo/CARO_0000019"/>
      <Item iri="http://purl.obolibrary.org/obo/CARO_0000013"/>
      <Item iri="http://purl.obolibrary.org/obo/CARO_0000012"/>
      <Item iri="http://purl.obolibrary.org/obo/CARO_0000011"/>
      <Item iri="http://purl.obolibrary.org/obo/CARO_0000010"/>
      <Item iri="http://purl.obolibrary.org/obo/CARO_0000032"/>
      <Item iri="http://purl.obolibrary.org/obo/CARO_0000050"/>
      <Item iri="http://purl.obolibrary.org/obo/CARO_0000030"/>
      <Item iri="http://purl.obolibrary.org/obo/CARO_0000054"/>
      <Item iri="http://purl.obolibrary.org/obo/CARO_0000055"/>
      <Generalisations>
         <Generalisation axiom="?CARO_0000000 SubClassOf CARO_part_of some Thing" count="4" instantiationStats="?CARO_0000000 count: 4">
            <Axiom axiom="CARO_0001501 SubClassOf CARO_part_of some Thing"/>
            <Axiom axiom="CARO_0000019 SubClassOf CARO_part_of some Thing"/>
            <Axiom axiom="CARO_0000014 SubClassOf CARO_part_of some Thing"/>
            <Axiom axiom="CARO_0001500 SubClassOf CARO_part_of some Thing"/>
         </Generalisation>
         <Generalisation axiom="?CARO_0000000 SubClassOf ?CARO_0000000" count="52" instantiationStats="?CARO_0000000 count: 44">
            <Axiom axiom="CARO_0000074 SubClassOf CARO_0000024"/>
            <Axiom axiom="CARO_0000046 SubClassOf CARO_0000029"/>
            <Axiom axiom="CARO_0000028 SubClassOf CARO_0000012"/>
            <Axiom axiom="CARO_0000050 SubClassOf CARO_0000045"/>
            <Axiom axiom="CARO_0000027 SubClassOf CARO_0000012"/>
            <Axiom axiom="CARO_0000072 SubClassOf CARO_0000024"/>
            <Axiom axiom="CARO_0000069 SubClassOf CARO_0000066"/>
            <Axiom axiom="CARO_0000045 SubClassOf CARO_0000012"/>
            <Axiom axiom="CARO_0000066 SubClassOf CARO_0000043"/>
            <Axiom axiom="CARO_0000068 SubClassOf CARO_0000073"/>
            <Axiom axiom="CARO_0000077 SubClassOf CARO_0000013"/>
            <Axiom axiom="CARO_0000021 SubClassOf CARO_0000055"/>
            <Axiom axiom="CARO_0001500 SubClassOf CARO_0001000"/>
            <Axiom axiom="CARO_0000019 SubClassOf CARO_0000055"/>
            <Axiom axiom="CARO_0000063 SubClassOf CARO_0000004"/>
            <Axiom axiom="CARO_0000005 SubClassOf CARO_0000007"/>
            <Axiom axiom="CARO_0000010 SubClassOf CARO_0000007"/>
            <Axiom axiom="CARO_0000050 SubClassOf CARO_0000029"/>
            <Axiom axiom="CARO_0000068 SubClassOf CARO_0000043"/>
            <Axiom axiom="CARO_0000046 SubClassOf CARO_0000012"/>
            <Axiom axiom="CARO_0000050 SubClassOf CARO_0000012"/>
            <Axiom axiom="CARO_0000070 SubClassOf CARO_0000066"/>
            <Axiom axiom="CARO_0000049 SubClassOf CARO_0000045"/>
            <Axiom axiom="CARO_0000028 SubClassOf CARO_0000048"/>
            <Axiom axiom="CARO_0000070 SubClassOf CARO_0000073"/>
            <Axiom axiom="CARO_0000008 SubClassOf CARO_0000007"/>
            <Axiom axiom="CARO_0000067 SubClassOf CARO_0000066"/>
            <Axiom axiom="CARO_0000049 SubClassOf CARO_0000029"/>
            <Axiom axiom="CARO_0001501 SubClassOf CARO_0001000"/>
            <Axiom axiom="CARO_0000071 SubClassOf CARO_0000043"/>
            <Axiom axiom="CARO_0000070 SubClassOf CARO_0000043"/>
            <Axiom axiom="CARO_0000067 SubClassOf CARO_0000073"/>
            <Axiom axiom="CARO_0000030 SubClassOf CARO_0000012"/>
            <Axiom axiom="CARO_0000073 SubClassOf CARO_0000066"/>
            <Axiom axiom="CARO_0000073 SubClassOf CARO_0000043"/>
            <Axiom axiom="CARO_0000029 SubClassOf CARO_0000012"/>
            <Axiom axiom="CARO_0000009 SubClassOf CARO_0000007"/>
            <Axiom axiom="CARO_0000062 SubClassOf CARO_0000007"/>
            <Axiom axiom="CARO_0000069 SubClassOf CARO_0000043"/>
            <Axiom axiom="CARO_0000068 SubClassOf CARO_0000066"/>
            <Axiom axiom="CARO_0000041 SubClassOf CARO_0000054"/>
            <Axiom axiom="CARO_0000071 SubClassOf CARO_0000066"/>
            <Axiom axiom="CARO_0001001 SubClassOf CARO_0001000"/>
            <Axiom axiom="CARO_0000048 SubClassOf CARO_0000012"/>
            <Axiom axiom="CARO_0000062 SubClassOf CARO_0000005"/>
            <Axiom axiom="CARO_0000027 SubClassOf CARO_0000048"/>
            <Axiom axiom="CARO_0000065 SubClassOf CARO_0000040"/>
            <Axiom axiom="CARO_0000067 SubClassOf CARO_0000043"/>
            <Axiom axiom="CARO_0000064 SubClassOf CARO_0000013"/>
            <Axiom axiom="CARO_0000049 SubClassOf CARO_0000012"/>
            <Axiom axiom="CARO_0000045 SubClassOf CARO_0000029"/>
            <Axiom axiom="CARO_0000011 SubClassOf CARO_0000054"/>
         </Generalisation>
         <Generalisation axiom="?CARO_0000000 SubClassOf ?cluster_1" count="127" instantiationStats="?CARO_0000000 count: 47; ?cluster_1 count: 3">
            <Axiom axiom="CARO_0000065 SubClassOf CARO_0000006"/>
            <Axiom axiom="CARO_0000066 SubClassOf CARO_0000000"/>
            <Axiom axiom="CARO_0000010 SubClassOf CARO_0000000"/>
            <Axiom axiom="CARO_0000065 SubClassOf CARO_0000003"/>
            <Axiom axiom="CARO_0000074 SubClassOf CARO_0000003"/>
            <Axiom axiom="CARO_0000013 SubClassOf CARO_0000003"/>
            <Axiom axiom="CARO_0000012 SubClassOf CARO_0000003"/>
            <Axiom axiom="CARO_0001000 SubClassOf CARO_0000006"/>
            <Axiom axiom="CARO_0000032 SubClassOf CARO_0000000"/>
            <Axiom axiom="CARO_0000045 SubClassOf CARO_0000006"/>
            <Axiom axiom="CARO_0000049 SubClassOf CARO_0000006"/>
            <Axiom axiom="CARO_0000024 SubClassOf CARO_0000003"/>
            <Axiom axiom="CARO_0000066 SubClassOf CARO_0000003"/>
            <Axiom axiom="CARO_0000068 SubClassOf CARO_0000006"/>
            <Axiom axiom="CARO_0001001 SubClassOf CARO_0000000"/>
            <Axiom axiom="CARO_0000073 SubClassOf CARO_0000006"/>
            <Axiom axiom="CARO_0000007 SubClassOf CARO_0000000"/>
            <Axiom axiom="CARO_0000014 SubClassOf CARO_0000006"/>
            <Axiom axiom="CARO_0000012 SubClassOf CARO_0000006"/>
            <Axiom axiom="CARO_0000072 SubClassOf CARO_0000003"/>
            <Axiom axiom="CARO_0000040 SubClassOf CARO_0000000"/>
            <Axiom axiom="CARO_0000019 SubClassOf CARO_0000006"/>
            <Axiom axiom="CARO_0000014 SubClassOf CARO_0000003"/>
            <Axiom axiom="CARO_0000042 SubClassOf CARO_0000003"/>
            <Axiom axiom="CARO_0000021 SubClassOf CARO_0000003"/>
            <Axiom axiom="CARO_0001500 SubClassOf CARO_0000006"/>
            <Axiom axiom="CARO_0000069 SubClassOf CARO_0000006"/>
            <Axiom axiom="CARO_0000041 SubClassOf CARO_0000003"/>
            <Axiom axiom="CARO_0000067 SubClassOf CARO_0000006"/>
            <Axiom axiom="CARO_0000029 SubClassOf CARO_0000000"/>
            <Axiom axiom="CARO_0000013 SubClassOf CARO_0000000"/>
            <Axiom axiom="CARO_0000043 SubClassOf CARO_0000006"/>
            <Axiom axiom="CARO_0000032 SubClassOf CARO_0000003"/>
            <Axiom axiom="CARO_0000077 SubClassOf CARO_0000000"/>
            <Axiom axiom="CARO_0000068 SubClassOf CARO_0000003"/>
            <Axiom axiom="CARO_0000069 SubClassOf CARO_0000000"/>
            <Axiom axiom="CARO_0001500 SubClassOf CARO_0000003"/>
            <Axiom axiom="CARO_0000030 SubClassOf CARO_0000003"/>
            <Axiom axiom="CARO_0000013 SubClassOf CARO_0000006"/>
            <Axiom axiom="CARO_0000042 SubClassOf CARO_0000006"/>
            <Axiom axiom="CARO_0000012 SubClassOf CARO_0000000"/>
            <Axiom axiom="CARO_0001001 SubClassOf CARO_0000003"/>
            <Axiom axiom="CARO_0000009 SubClassOf CARO_0000000"/>
            <Axiom axiom="CARO_0000032 SubClassOf CARO_0000006"/>
            <Axiom axiom="CARO_0001000 SubClassOf CARO_0000000"/>
            <Axiom axiom="CARO_0001500 SubClassOf CARO_0000000"/>
            <Axiom axiom="CARO_0000049 SubClassOf CARO_0000003"/>
            <Axiom axiom="CARO_0000077 SubClassOf CARO_0000006"/>
            <Axiom axiom="CARO_0000074 SubClassOf CARO_0000006"/>
            <Axiom axiom="CARO_0000072 SubClassOf CARO_0000006"/>
            <Axiom axiom="CARO_0000073 SubClassOf CARO_0000003"/>
            <Axiom axiom="CARO_0000067 SubClassOf CARO_0000000"/>
            <Axiom axiom="CARO_0000071 SubClassOf CARO_0000003"/>
            <Axiom axiom="CARO_0000065 SubClassOf CARO_0000000"/>
            <Axiom axiom="CARO_0000045 SubClassOf CARO_0000000"/>
            <Axiom axiom="CARO_0000063 SubClassOf CARO_0000006"/>
            <Axiom axiom="CARO_0000071 SubClassOf CARO_0000000"/>
            <Axiom axiom="CARO_0001000 SubClassOf CARO_0000003"/>
            <Axiom axiom="CARO_0000043 SubClassOf CARO_0000000"/>
            <Axiom axiom="CARO_0000029 SubClassOf CARO_0000006"/>
            <Axiom axiom="CARO_0000030 SubClassOf CARO_0000006"/>
            <Axiom axiom="CARO_0000068 SubClassOf CARO_0000000"/>
            <Axiom axiom="CARO_0000041 SubClassOf CARO_0000006"/>
            <Axiom axiom="CARO_0000066 SubClassOf CARO_0000006"/>
            <Axiom axiom="CARO_0000050 SubClassOf CARO_0000000"/>
            <Axiom axiom="CARO_0000049 SubClassOf CARO_0000000"/>
            <Axiom axiom="CARO_0000067 SubClassOf CARO_0000003"/>
            <Axiom axiom="CARO_0000014 SubClassOf CARO_0000000"/>
            <Axiom axiom="CARO_0000069 SubClassOf CARO_0000003"/>
            <Axiom axiom="CARO_0000043 SubClassOf CARO_0000003"/>
            <Axiom axiom="CARO_0000070 SubClassOf CARO_0000006"/>
            <Axiom axiom="CARO_0001001 SubClassOf CARO_0000006"/>
            <Axiom axiom="CARO_0000050 SubClassOf CARO_0000003"/>
            <Axiom axiom="CARO_0000011 SubClassOf CARO_0000006"/>
            <Axiom axiom="CARO_0001501 SubClassOf CARO_0000003"/>
            <Axiom axiom="CARO_0000040 SubClassOf CARO_0000006"/>
            <Axiom axiom="CARO_0000046 SubClassOf CARO_0000003"/>
            <Axiom axiom="CARO_0000005 SubClassOf CARO_0000000"/>
            <Axiom axiom="CARO_0000055 SubClassOf CARO_0000006"/>
            <Axiom axiom="CARO_0000019 SubClassOf CARO_0000000"/>
            <Axiom axiom="CARO_0000071 SubClassOf CARO_0000006"/>
            <Axiom axiom="CARO_0000021 SubClassOf CARO_0000006"/>
            <Axiom axiom="CARO_0000046 SubClassOf CARO_0000000"/>
            <Axiom axiom="CARO_0000070 SubClassOf CARO_0000003"/>
            <Axiom axiom="CARO_0000041 SubClassOf CARO_0000000"/>
            <Axiom axiom="CARO_0000048 SubClassOf CARO_0000000"/>
            <Axiom axiom="CARO_0000064 SubClassOf CARO_0000006"/>
            <Axiom axiom="CARO_0000070 SubClassOf CARO_0000000"/>
            <Axiom axiom="CARO_0000028 SubClassOf CARO_0000000"/>
            <Axiom axiom="CARO_0000045 SubClassOf CARO_0000003"/>
            <Axiom axiom="CARO_0000048 SubClassOf CARO_0000003"/>
            <Axiom axiom="CARO_0000004 SubClassOf CARO_0000006"/>
            <Axiom axiom="CARO_0000024 SubClassOf CARO_0000000"/>
            <Axiom axiom="CARO_0000027 SubClassOf CARO_0000006"/>
            <Axiom axiom="CARO_0000029 SubClassOf CARO_0000003"/>
            <Axiom axiom="CARO_0001501 SubClassOf CARO_0000000"/>
            <Axiom axiom="CARO_0000054 SubClassOf CARO_0000006"/>
            <Axiom axiom="CARO_0000028 SubClassOf CARO_0000006"/>
            <Axiom axiom="CARO_0001501 SubClassOf CARO_0000006"/>
            <Axiom axiom="CARO_0000021 SubClassOf CARO_0000000"/>
            <Axiom axiom="CARO_0000027 SubClassOf CARO_0000000"/>
            <Axiom axiom="CARO_0000030 SubClassOf CARO_0000000"/>
            <Axiom axiom="CARO_0000064 SubClassOf CARO_0000003"/>
            <Axiom axiom="CARO_0000055 SubClassOf CARO_0000003"/>
            <Axiom axiom="CARO_0000024 SubClassOf CARO_0000006"/>
            <Axiom axiom="CARO_0000008 SubClassOf CARO_0000000"/>
            <Axiom axiom="CARO_0000004 SubClassOf CARO_0000000"/>
            <Axiom axiom="CARO_0000063 SubClassOf CARO_0000000"/>
            <Axiom axiom="CARO_0000077 SubClassOf CARO_0000003"/>
            <Axiom axiom="CARO_0000054 SubClassOf CARO_0000003"/>
            <Axiom axiom="CARO_0000011 SubClassOf CARO_0000003"/>
            <Axiom axiom="CARO_0000073 SubClassOf CARO_0000000"/>
            <Axiom axiom="CARO_0000062 SubClassOf CARO_0000000"/>
            <Axiom axiom="CARO_0000027 SubClassOf CARO_0000003"/>
            <Axiom axiom="CARO_0000048 SubClassOf CARO_0000006"/>
            <Axiom axiom="CARO_0000050 SubClassOf CARO_0000006"/>
            <Axiom axiom="CARO_0000054 SubClassOf CARO_0000000"/>
            <Axiom axiom="CARO_0000046 SubClassOf CARO_0000006"/>
            <Axiom axiom="CARO_0000019 SubClassOf CARO_0000003"/>
            <Axiom axiom="CARO_0000064 SubClassOf CARO_0000000"/>
            <Axiom axiom="CARO_0000028 SubClassOf CARO_0000003"/>
            <Axiom axiom="CARO_0000042 SubClassOf CARO_0000000"/>
            <Axiom axiom="CARO_0000040 SubClassOf CARO_0000003"/>
            <Axiom axiom="CARO_0000011 SubClassOf CARO_0000000"/>
            <Axiom axiom="CARO_0000074 SubClassOf CARO_0000000"/>
            <Axiom axiom="CARO_0000055 SubClassOf CARO_0000000"/>
            <Axiom axiom="CARO_0000072 SubClassOf CARO_0000000"/>
         </Generalisation>
         <Generalisation axiom="?CARO_0000000 SubClassOf CARO_part_of some &#10;(?CARO_0000000_conjunction and ?cluster_1_conjunction)" count="2" instantiationStats="?CARO_0000000 count: 4; ?cluster_1 count: 3">
            <Axiom axiom="CARO_0001501 SubClassOf CARO_part_of some &#10;(CARO_0000000 and CARO_0000003 and CARO_0000006 and CARO_0001000 and CARO_0001001)"/>
            <Axiom axiom="CARO_0001500 SubClassOf CARO_part_of some &#10;(CARO_0000000 and CARO_0000003 and CARO_0000006 and CARO_0001000 and CARO_0001001)"/>
         </Generalisation>
         <Generalisation axiom="?CARO_0000000 SubClassOf CARO_part_of some &#10;(?CARO_0000000 and ?cluster_1_conjunction)" count="2" instantiationStats="?CARO_0000000 count: 4; ?cluster_1 count: 3">
            <Axiom axiom="CARO_0000019 SubClassOf CARO_part_of some &#10;(CARO_0000000 and CARO_0000003 and CARO_0000006 and CARO_0000024)"/>
            <Axiom axiom="CARO_0000014 SubClassOf CARO_part_of some &#10;(CARO_0000000 and CARO_0000003 and CARO_0000006 and CARO_0000013)"/>
         </Generalisation>
      </Generalisations>
   </Cluster>
   <Cluster size="3">
      <Item iri="http://purl.obolibrary.org/obo/CARO_0000000"/>
      <Item iri="http://purl.obolibrary.org/obo/CARO_0000003"/>
      <Item iri="http://purl.obolibrary.org/obo/CARO_0000006"/>
      <Generalisations>
         <Generalisation axiom="?CARO_0000000 SubClassOf ?cluster_1" count="127" instantiationStats="?CARO_0000000 count: 47; ?cluster_1 count: 3">
            <Axiom axiom="CARO_0000065 SubClassOf CARO_0000006"/>
            <Axiom axiom="CARO_0000066 SubClassOf CARO_0000000"/>
            <Axiom axiom="CARO_0000010 SubClassOf CARO_0000000"/>
            <Axiom axiom="CARO_0000065 SubClassOf CARO_0000003"/>
            <Axiom axiom="CARO_0000074 SubClassOf CARO_0000003"/>
            <Axiom axiom="CARO_0000013 SubClassOf CARO_0000003"/>
            <Axiom axiom="CARO_0000012 SubClassOf CARO_0000003"/>
            <Axiom axiom="CARO_0001000 SubClassOf CARO_0000006"/>
            <Axiom axiom="CARO_0000032 SubClassOf CARO_0000000"/>
            <Axiom axiom="CARO_0000045 SubClassOf CARO_0000006"/>
            <Axiom axiom="CARO_0000049 SubClassOf CARO_0000006"/>
            <Axiom axiom="CARO_0000024 SubClassOf CARO_0000003"/>
            <Axiom axiom="CARO_0000066 SubClassOf CARO_0000003"/>
            <Axiom axiom="CARO_0000068 SubClassOf CARO_0000006"/>
            <Axiom axiom="CARO_0001001 SubClassOf CARO_0000000"/>
            <Axiom axiom="CARO_0000073 SubClassOf CARO_0000006"/>
            <Axiom axiom="CARO_0000007 SubClassOf CARO_0000000"/>
            <Axiom axiom="CARO_0000014 SubClassOf CARO_0000006"/>
            <Axiom axiom="CARO_0000012 SubClassOf CARO_0000006"/>
            <Axiom axiom="CARO_0000072 SubClassOf CARO_0000003"/>
            <Axiom axiom="CARO_0000040 SubClassOf CARO_0000000"/>
            <Axiom axiom="CARO_0000019 SubClassOf CARO_0000006"/>
            <Axiom axiom="CARO_0000014 SubClassOf CARO_0000003"/>
            <Axiom axiom="CARO_0000042 SubClassOf CARO_0000003"/>
            <Axiom axiom="CARO_0000021 SubClassOf CARO_0000003"/>
            <Axiom axiom="CARO_0001500 SubClassOf CARO_0000006"/>
            <Axiom axiom="CARO_0000069 SubClassOf CARO_0000006"/>
            <Axiom axiom="CARO_0000041 SubClassOf CARO_0000003"/>
            <Axiom axiom="CARO_0000067 SubClassOf CARO_0000006"/>
            <Axiom axiom="CARO_0000029 SubClassOf CARO_0000000"/>
            <Axiom axiom="CARO_0000013 SubClassOf CARO_0000000"/>
            <Axiom axiom="CARO_0000043 SubClassOf CARO_0000006"/>
            <Axiom axiom="CARO_0000032 SubClassOf CARO_0000003"/>
            <Axiom axiom="CARO_0000077 SubClassOf CARO_0000000"/>
            <Axiom axiom="CARO_0000068 SubClassOf CARO_0000003"/>
            <Axiom axiom="CARO_0000069 SubClassOf CARO_0000000"/>
            <Axiom axiom="CARO_0001500 SubClassOf CARO_0000003"/>
            <Axiom axiom="CARO_0000030 SubClassOf CARO_0000003"/>
            <Axiom axiom="CARO_0000013 SubClassOf CARO_0000006"/>
            <Axiom axiom="CARO_0000042 SubClassOf CARO_0000006"/>
            <Axiom axiom="CARO_0000012 SubClassOf CARO_0000000"/>
            <Axiom axiom="CARO_0001001 SubClassOf CARO_0000003"/>
            <Axiom axiom="CARO_0000009 SubClassOf CARO_0000000"/>
            <Axiom axiom="CARO_0000032 SubClassOf CARO_0000006"/>
            <Axiom axiom="CARO_0001000 SubClassOf CARO_0000000"/>
            <Axiom axiom="CARO_0001500 SubClassOf CARO_0000000"/>
            <Axiom axiom="CARO_0000049 SubClassOf CARO_0000003"/>
            <Axiom axiom="CARO_0000077 SubClassOf CARO_0000006"/>
            <Axiom axiom="CARO_0000074 SubClassOf CARO_0000006"/>
            <Axiom axiom="CARO_0000072 SubClassOf CARO_0000006"/>
            <Axiom axiom="CARO_0000073 SubClassOf CARO_0000003"/>
            <Axiom axiom="CARO_0000067 SubClassOf CARO_0000000"/>
            <Axiom axiom="CARO_0000071 SubClassOf CARO_0000003"/>
            <Axiom axiom="CARO_0000065 SubClassOf CARO_0000000"/>
            <Axiom axiom="CARO_0000045 SubClassOf CARO_0000000"/>
            <Axiom axiom="CARO_0000063 SubClassOf CARO_0000006"/>
            <Axiom axiom="CARO_0000071 SubClassOf CARO_0000000"/>
            <Axiom axiom="CARO_0001000 SubClassOf CARO_0000003"/>
            <Axiom axiom="CARO_0000043 SubClassOf CARO_0000000"/>
            <Axiom axiom="CARO_0000029 SubClassOf CARO_0000006"/>
            <Axiom axiom="CARO_0000030 SubClassOf CARO_0000006"/>
            <Axiom axiom="CARO_0000068 SubClassOf CARO_0000000"/>
            <Axiom axiom="CARO_0000041 SubClassOf CARO_0000006"/>
            <Axiom axiom="CARO_0000066 SubClassOf CARO_0000006"/>
            <Axiom axiom="CARO_0000050 SubClassOf CARO_0000000"/>
            <Axiom axiom="CARO_0000049 SubClassOf CARO_0000000"/>
            <Axiom axiom="CARO_0000067 SubClassOf CARO_0000003"/>
            <Axiom axiom="CARO_0000014 SubClassOf CARO_0000000"/>
            <Axiom axiom="CARO_0000069 SubClassOf CARO_0000003"/>
            <Axiom axiom="CARO_0000043 SubClassOf CARO_0000003"/>
            <Axiom axiom="CARO_0000070 SubClassOf CARO_0000006"/>
            <Axiom axiom="CARO_0001001 SubClassOf CARO_0000006"/>
            <Axiom axiom="CARO_0000050 SubClassOf CARO_0000003"/>
            <Axiom axiom="CARO_0000011 SubClassOf CARO_0000006"/>
            <Axiom axiom="CARO_0001501 SubClassOf CARO_0000003"/>
            <Axiom axiom="CARO_0000040 SubClassOf CARO_0000006"/>
            <Axiom axiom="CARO_0000046 SubClassOf CARO_0000003"/>
            <Axiom axiom="CARO_0000005 SubClassOf CARO_0000000"/>
            <Axiom axiom="CARO_0000055 SubClassOf CARO_0000006"/>
            <Axiom axiom="CARO_0000019 SubClassOf CARO_0000000"/>
            <Axiom axiom="CARO_0000071 SubClassOf CARO_0000006"/>
            <Axiom axiom="CARO_0000021 SubClassOf CARO_0000006"/>
            <Axiom axiom="CARO_0000046 SubClassOf CARO_0000000"/>
            <Axiom axiom="CARO_0000070 SubClassOf CARO_0000003"/>
            <Axiom axiom="CARO_0000041 SubClassOf CARO_0000000"/>
            <Axiom axiom="CARO_0000048 SubClassOf CARO_0000000"/>
            <Axiom axiom="CARO_0000064 SubClassOf CARO_0000006"/>
            <Axiom axiom="CARO_0000070 SubClassOf CARO_0000000"/>
            <Axiom axiom="CARO_0000028 SubClassOf CARO_0000000"/>
            <Axiom axiom="CARO_0000045 SubClassOf CARO_0000003"/>
            <Axiom axiom="CARO_0000048 SubClassOf CARO_0000003"/>
            <Axiom axiom="CARO_0000004 SubClassOf CARO_0000006"/>
            <Axiom axiom="CARO_0000024 SubClassOf CARO_0000000"/>
            <Axiom axiom="CARO_0000027 SubClassOf CARO_0000006"/>
            <Axiom axiom="CARO_0000029 SubClassOf CARO_0000003"/>
            <Axiom axiom="CARO_0001501 SubClassOf CARO_0000000"/>
            <Axiom axiom="CARO_0000054 SubClassOf CARO_0000006"/>
            <Axiom axiom="CARO_0000028 SubClassOf CARO_0000006"/>
            <Axiom axiom="CARO_0001501 SubClassOf CARO_0000006"/>
            <Axiom axiom="CARO_0000021 SubClassOf CARO_0000000"/>
            <Axiom axiom="CARO_0000027 SubClassOf CARO_0000000"/>
            <Axiom axiom="CARO_0000030 SubClassOf CARO_0000000"/>
            <Axiom axiom="CARO_0000064 SubClassOf CARO_0000003"/>
            <Axiom axiom="CARO_0000055 SubClassOf CARO_0000003"/>
            <Axiom axiom="CARO_0000024 SubClassOf CARO_0000006"/>
            <Axiom axiom="CARO_0000008 SubClassOf CARO_0000000"/>
            <Axiom axiom="CARO_0000004 SubClassOf CARO_0000000"/>
            <Axiom axiom="CARO_0000063 SubClassOf CARO_0000000"/>
            <Axiom axiom="CARO_0000077 SubClassOf CARO_0000003"/>
            <Axiom axiom="CARO_0000054 SubClassOf CARO_0000003"/>
            <Axiom axiom="CARO_0000011 SubClassOf CARO_0000003"/>
            <Axiom axiom="CARO_0000073 SubClassOf CARO_0000000"/>
            <Axiom axiom="CARO_0000062 SubClassOf CARO_0000000"/>
            <Axiom axiom="CARO_0000027 SubClassOf CARO_0000003"/>
            <Axiom axiom="CARO_0000048 SubClassOf CARO_0000006"/>
            <Axiom axiom="CARO_0000050 SubClassOf CARO_0000006"/>
            <Axiom axiom="CARO_0000054 SubClassOf CARO_0000000"/>
            <Axiom axiom="CARO_0000046 SubClassOf CARO_0000006"/>
            <Axiom axiom="CARO_0000019 SubClassOf CARO_0000003"/>
            <Axiom axiom="CARO_0000064 SubClassOf CARO_0000000"/>
            <Axiom axiom="CARO_0000028 SubClassOf CARO_0000003"/>
            <Axiom axiom="CARO_0000042 SubClassOf CARO_0000000"/>
            <Axiom axiom="CARO_0000040 SubClassOf CARO_0000003"/>
            <Axiom axiom="CARO_0000011 SubClassOf CARO_0000000"/>
            <Axiom axiom="CARO_0000074 SubClassOf CARO_0000000"/>
            <Axiom axiom="CARO_0000055 SubClassOf CARO_0000000"/>
            <Axiom axiom="CARO_0000072 SubClassOf CARO_0000000"/>
         </Generalisation>
         <Generalisation axiom="?CARO_0000000 SubClassOf CARO_part_of some &#10;(?CARO_0000000_conjunction and ?cluster_1_conjunction)" count="2" instantiationStats="?CARO_0000000 count: 4; ?cluster_1 count: 3">
            <Axiom axiom="CARO_0001501 SubClassOf CARO_part_of some &#10;(CARO_0000000 and CARO_0000003 and CARO_0000006 and CARO_0001000 and CARO_0001001)"/>
            <Axiom axiom="CARO_0001500 SubClassOf CARO_part_of some &#10;(CARO_0000000 and CARO_0000003 and CARO_0000006 and CARO_0001000 and CARO_0001001)"/>
         </Generalisation>
         <Generalisation axiom="?CARO_0000000 SubClassOf CARO_part_of some &#10;(?CARO_0000000 and ?cluster_1_conjunction)" count="2" instantiationStats="?CARO_0000000 count: 4; ?cluster_1 count: 3">
            <Axiom axiom="CARO_0000019 SubClassOf CARO_part_of some &#10;(CARO_0000000 and CARO_0000003 and CARO_0000006 and CARO_0000024)"/>
            <Axiom axiom="CARO_0000014 SubClassOf CARO_part_of some &#10;(CARO_0000000 and CARO_0000003 and CARO_0000006 and CARO_0000013)"/>
         </Generalisation>
         <Generalisation axiom="?cluster_1 SubClassOf ?cluster_1" count="3" instantiationStats="?cluster_1 count: 3">
            <Axiom axiom="CARO_0000006 SubClassOf CARO_0000000"/>
            <Axiom axiom="CARO_0000003 SubClassOf CARO_0000000"/>
            <Axiom axiom="CARO_0000003 SubClassOf CARO_0000006"/>
         </Generalisation>
      </Generalisations>
   </Cluster>
</Clusters>
