<?xml version="1.0" encoding="UTF-8" standalone="no"?>
<Clusters>
   <Cluster size="16">
      <Item iri="http://purl.obolibrary.org/obo/PD_ST_0001200"/>
      <Item iri="http://purl.obolibrary.org/obo/PD_ST_0000800"/>
      <Item iri="http://purl.obolibrary.org/obo/PD_ST_0001100"/>
      <Item iri="http://purl.obolibrary.org/obo/PD_ST_0001300"/>
      <Item iri="http://purl.obolibrary.org/obo/PD_ST_0001600"/>
      <Item iri="http://purl.obolibrary.org/obo/PD_ST_0000900"/>
      <Item iri="http://purl.obolibrary.org/obo/PD_ST_0001500"/>
      <Item iri="http://purl.obolibrary.org/obo/PD_ST_0001400"/>
      <Item iri="http://purl.obolibrary.org/obo/PD_ST_0000300"/>
      <Item iri="http://purl.obolibrary.org/obo/PD_ST_0000600"/>
      <Item iri="http://purl.obolibrary.org/obo/PD_ST_0000500"/>
      <Item iri="http://purl.obolibrary.org/obo/PD_ST_0001000"/>
      <Item iri="http://purl.obolibrary.org/obo/PD_ST_0000400"/>
      <Item iri="http://purl.obolibrary.org/obo/PD_ST_0000100"/>
      <Item iri="http://purl.obolibrary.org/obo/PD_ST_0000200"/>
      <Item iri="http://purl.obolibrary.org/obo/PD_ST_0000700"/>
      <Generalisations>
         <Generalisation axiom="?PD_ST_0000090 SubClassOf OBO_REL_begins_at_end_of some &#10;((PD_ST_0000090 and ?PD_ST_0000090) and (OBO_REL_begins_at_end_of some &#10;((PD_ST_0000090 and ?PD_ST_0000090) and (OBO_REL_begins_at_end_of some &#10;((PD_ST_0000090 and ?PD_ST_0000090) and (OBO_REL_begins_at_end_of some &#10;((PD_ST_0000090 and ?PD_ST_0000090) and (OBO_REL_begins_at_end_of some &#10;((PD_ST_0000090 and ?PD_ST_0000090) and (OBO_REL_begins_at_end_of some &#10;((PD_ST_0000090 and ?PD_ST_0000090) and (OBO_REL_begins_at_end_of some &#10;((PD_ST_0000090 and ?PD_ST_0000090) and (OBO_REL_begins_at_end_of some &#10;((PD_ST_0000090 and ?PD_ST_0000090) and (OBO_REL_begins_at_end_of some &#10;((PD_ST_0000090 and ?PD_ST_0000090) and (OBO_REL_begins_at_end_of some &#10;((PD_ST_0000090 and ?PD_ST_0000090) and (OBO_REL_begins_at_end_of some &#10;(PD_ST_0000090 and ?PD_ST_0000090)))))))))))))))))))))" count="1" instantiationStats="?PD_ST_0000090 count: 12">
            <Axiom axiom="PD_ST_0001200 SubClassOf OBO_REL_begins_at_end_of some &#10;((PD_ST_0000090 and PD_ST_0001100) and (OBO_REL_begins_at_end_of some &#10;((PD_ST_0000090 and PD_ST_0001000) and (OBO_REL_begins_at_end_of some &#10;((PD_ST_0000090 and PD_ST_0000900) and (OBO_REL_begins_at_end_of some &#10;((PD_ST_0000090 and PD_ST_0000800) and (OBO_REL_begins_at_end_of some &#10;((PD_ST_0000090 and PD_ST_0000700) and (OBO_REL_begins_at_end_of some &#10;((PD_ST_0000090 and PD_ST_0000600) and (OBO_REL_begins_at_end_of some &#10;((PD_ST_0000090 and PD_ST_0000500) and (OBO_REL_begins_at_end_of some &#10;((PD_ST_0000090 and PD_ST_0000400) and (OBO_REL_begins_at_end_of some &#10;((PD_ST_0000090 and PD_ST_0000300) and (OBO_REL_begins_at_end_of some &#10;((PD_ST_0000090 and PD_ST_0000200) and (OBO_REL_begins_at_end_of some &#10;(PD_ST_0000090 and PD_ST_0000100)))))))))))))))))))))"/>
         </Generalisation>
         <Generalisation axiom="?PD_ST_0000090 SubClassOf OBO_REL_begins_at_end_of some &#10;((PD_ST_0000090 and ?PD_ST_0000090) and (OBO_REL_begins_at_end_of some &#10;((PD_ST_0000090 and ?PD_ST_0000090) and (OBO_REL_begins_at_end_of some &#10;(PD_ST_0000090 and ?PD_ST_0000090)))))" count="1" instantiationStats="?PD_ST_0000090 count: 4">
            <Axiom axiom="PD_ST_0000400 SubClassOf OBO_REL_begins_at_end_of some &#10;((PD_ST_0000090 and PD_ST_0000300) and (OBO_REL_begins_at_end_of some &#10;((PD_ST_0000090 and PD_ST_0000200) and (OBO_REL_begins_at_end_of some &#10;(PD_ST_0000090 and PD_ST_0000100)))))"/>
         </Generalisation>
         <Generalisation axiom="?PD_ST_0000090 SubClassOf OBO_REL_begins_at_end_of some Thing" count="15" instantiationStats="?PD_ST_0000090 count: 15">
            <Axiom axiom="PD_ST_0000700 SubClassOf OBO_REL_begins_at_end_of some Thing"/>
            <Axiom axiom="PD_ST_0001100 SubClassOf OBO_REL_begins_at_end_of some Thing"/>
            <Axiom axiom="PD_ST_0001400 SubClassOf OBO_REL_begins_at_end_of some Thing"/>
            <Axiom axiom="PD_ST_0001600 SubClassOf OBO_REL_begins_at_end_of some Thing"/>
            <Axiom axiom="PD_ST_0001500 SubClassOf OBO_REL_begins_at_end_of some Thing"/>
            <Axiom axiom="PD_ST_0000600 SubClassOf OBO_REL_begins_at_end_of some Thing"/>
            <Axiom axiom="PD_ST_0000400 SubClassOf OBO_REL_begins_at_end_of some Thing"/>
            <Axiom axiom="PD_ST_0001300 SubClassOf OBO_REL_begins_at_end_of some Thing"/>
            <Axiom axiom="PD_ST_0000800 SubClassOf OBO_REL_begins_at_end_of some Thing"/>
            <Axiom axiom="PD_ST_0000200 SubClassOf OBO_REL_begins_at_end_of some Thing"/>
            <Axiom axiom="PD_ST_0000500 SubClassOf OBO_REL_begins_at_end_of some Thing"/>
            <Axiom axiom="PD_ST_0001000 SubClassOf OBO_REL_begins_at_end_of some Thing"/>
            <Axiom axiom="PD_ST_0000900 SubClassOf OBO_REL_begins_at_end_of some Thing"/>
            <Axiom axiom="PD_ST_0000300 SubClassOf OBO_REL_begins_at_end_of some Thing"/>
            <Axiom axiom="PD_ST_0001200 SubClassOf OBO_REL_begins_at_end_of some Thing"/>
         </Generalisation>
         <Generalisation axiom="?PD_ST_0000090 SubClassOf OBO_REL_begins_at_end_of some &#10;((PD_ST_0000090 and ?PD_ST_0000090) and (OBO_REL_begins_at_end_of some &#10;((PD_ST_0000090 and ?PD_ST_0000090) and (OBO_REL_begins_at_end_of some &#10;((PD_ST_0000090 and ?PD_ST_0000090) and (OBO_REL_begins_at_end_of some &#10;((PD_ST_0000090 and ?PD_ST_0000090) and (OBO_REL_begins_at_end_of some &#10;((PD_ST_0000090 and ?PD_ST_0000090) and (OBO_REL_begins_at_end_of some &#10;((PD_ST_0000090 and ?PD_ST_0000090) and (OBO_REL_begins_at_end_of some &#10;((PD_ST_0000090 and ?PD_ST_0000090) and (OBO_REL_begins_at_end_of some &#10;((PD_ST_0000090 and ?PD_ST_0000090) and (OBO_REL_begins_at_end_of some &#10;((PD_ST_0000090 and ?PD_ST_0000090) and (OBO_REL_begins_at_end_of some &#10;((PD_ST_0000090 and ?PD_ST_0000090) and (OBO_REL_begins_at_end_of some &#10;((PD_ST_0000090 and ?PD_ST_0000090) and (OBO_REL_begins_at_end_of some &#10;((PD_ST_0000090 and ?PD_ST_0000090) and (OBO_REL_begins_at_end_of some &#10;((PD_ST_0000090 and ?PD_ST_0000090) and (OBO_REL_begins_at_end_of some &#10;((PD_ST_0000090 and ?PD_ST_0000090) and (OBO_REL_begins_at_end_of some &#10;(PD_ST_0000090 and ?PD_ST_0000090)))))))))))))))))))))))))))))" count="1" instantiationStats="?PD_ST_0000090 count: 16">
            <Axiom axiom="PD_ST_0001600 SubClassOf OBO_REL_begins_at_end_of some &#10;((PD_ST_0000090 and PD_ST_0001500) and (OBO_REL_begins_at_end_of some &#10;((PD_ST_0000090 and PD_ST_0001400) and (OBO_REL_begins_at_end_of some &#10;((PD_ST_0000090 and PD_ST_0001300) and (OBO_REL_begins_at_end_of some &#10;((PD_ST_0000090 and PD_ST_0001200) and (OBO_REL_begins_at_end_of some &#10;((PD_ST_0000090 and PD_ST_0001100) and (OBO_REL_begins_at_end_of some &#10;((PD_ST_0000090 and PD_ST_0001000) and (OBO_REL_begins_at_end_of some &#10;((PD_ST_0000090 and PD_ST_0000900) and (OBO_REL_begins_at_end_of some &#10;((PD_ST_0000090 and PD_ST_0000800) and (OBO_REL_begins_at_end_of some &#10;((PD_ST_0000090 and PD_ST_0000700) and (OBO_REL_begins_at_end_of some &#10;((PD_ST_0000090 and PD_ST_0000600) and (OBO_REL_begins_at_end_of some &#10;((PD_ST_0000090 and PD_ST_0000500) and (OBO_REL_begins_at_end_of some &#10;((PD_ST_0000090 and PD_ST_0000400) and (OBO_REL_begins_at_end_of some &#10;((PD_ST_0000090 and PD_ST_0000300) and (OBO_REL_begins_at_end_of some &#10;((PD_ST_0000090 and PD_ST_0000200) and (OBO_REL_begins_at_end_of some &#10;(PD_ST_0000090 and PD_ST_0000100)))))))))))))))))))))))))))))"/>
         </Generalisation>
         <Generalisation axiom="?PD_ST_0000090 SubClassOf OBO_REL_begins_at_end_of some &#10;((PD_ST_0000090 and ?PD_ST_0000090) and (OBO_REL_begins_at_end_of some &#10;((PD_ST_0000090 and ?PD_ST_0000090) and (OBO_REL_begins_at_end_of some &#10;((PD_ST_0000090 and ?PD_ST_0000090) and (OBO_REL_begins_at_end_of some &#10;((PD_ST_0000090 and ?PD_ST_0000090) and (OBO_REL_begins_at_end_of some &#10;(PD_ST_0000090 and ?PD_ST_0000090)))))))))" count="1" instantiationStats="?PD_ST_0000090 count: 6">
            <Axiom axiom="PD_ST_0000600 SubClassOf OBO_REL_begins_at_end_of some &#10;((PD_ST_0000090 and PD_ST_0000500) and (OBO_REL_begins_at_end_of some &#10;((PD_ST_0000090 and PD_ST_0000400) and (OBO_REL_begins_at_end_of some &#10;((PD_ST_0000090 and PD_ST_0000300) and (OBO_REL_begins_at_end_of some &#10;((PD_ST_0000090 and PD_ST_0000200) and (OBO_REL_begins_at_end_of some &#10;(PD_ST_0000090 and PD_ST_0000100)))))))))"/>
         </Generalisation>
         <Generalisation axiom="?PD_ST_0000090 SubClassOf OBO_REL_begins_at_end_of some &#10;((PD_ST_0000090 and ?PD_ST_0000090) and (OBO_REL_begins_at_end_of some &#10;((PD_ST_0000090 and ?PD_ST_0000090) and (OBO_REL_begins_at_end_of some &#10;((PD_ST_0000090 and ?PD_ST_0000090) and (OBO_REL_begins_at_end_of some &#10;((PD_ST_0000090 and ?PD_ST_0000090) and (OBO_REL_begins_at_end_of some &#10;((PD_ST_0000090 and ?PD_ST_0000090) and (OBO_REL_begins_at_end_of some &#10;((PD_ST_0000090 and ?PD_ST_0000090) and (OBO_REL_begins_at_end_of some &#10;((PD_ST_0000090 and ?PD_ST_0000090) and (OBO_REL_begins_at_end_of some &#10;((PD_ST_0000090 and ?PD_ST_0000090) and (OBO_REL_begins_at_end_of some &#10;(PD_ST_0000090 and ?PD_ST_0000090)))))))))))))))))" count="1" instantiationStats="?PD_ST_0000090 count: 10">
            <Axiom axiom="PD_ST_0001000 SubClassOf OBO_REL_begins_at_end_of some &#10;((PD_ST_0000090 and PD_ST_0000900) and (OBO_REL_begins_at_end_of some &#10;((PD_ST_0000090 and PD_ST_0000800) and (OBO_REL_begins_at_end_of some &#10;((PD_ST_0000090 and PD_ST_0000700) and (OBO_REL_begins_at_end_of some &#10;((PD_ST_0000090 and PD_ST_0000600) and (OBO_REL_begins_at_end_of some &#10;((PD_ST_0000090 and PD_ST_0000500) and (OBO_REL_begins_at_end_of some &#10;((PD_ST_0000090 and PD_ST_0000400) and (OBO_REL_begins_at_end_of some &#10;((PD_ST_0000090 and PD_ST_0000300) and (OBO_REL_begins_at_end_of some &#10;((PD_ST_0000090 and PD_ST_0000200) and (OBO_REL_begins_at_end_of some &#10;(PD_ST_0000090 and PD_ST_0000100)))))))))))))))))"/>
         </Generalisation>
         <Generalisation axiom="?PD_ST_0000090 SubClassOf OBO_REL_begins_at_end_of some &#10;((PD_ST_0000090 and ?PD_ST_0000090) and (OBO_REL_begins_at_end_of some &#10;(PD_ST_0000090 and ?PD_ST_0000090)))" count="1" instantiationStats="?PD_ST_0000090 count: 3">
            <Axiom axiom="PD_ST_0000300 SubClassOf OBO_REL_begins_at_end_of some &#10;((PD_ST_0000090 and PD_ST_0000200) and (OBO_REL_begins_at_end_of some &#10;(PD_ST_0000090 and PD_ST_0000100)))"/>
         </Generalisation>
         <Generalisation axiom="?PD_ST_0000090 SubClassOf OBO_REL_begins_at_end_of some &#10;(PD_ST_0000090 and ?PD_ST_0000090)" count="1" instantiationStats="?PD_ST_0000090 count: 2">
            <Axiom axiom="PD_ST_0000200 SubClassOf OBO_REL_begins_at_end_of some &#10;(PD_ST_0000090 and PD_ST_0000100)"/>
         </Generalisation>
         <Generalisation axiom="?PD_ST_0000090 SubClassOf OBO_REL_begins_at_end_of some &#10;((PD_ST_0000090 and ?PD_ST_0000090) and (OBO_REL_begins_at_end_of some &#10;((PD_ST_0000090 and ?PD_ST_0000090) and (OBO_REL_begins_at_end_of some &#10;((PD_ST_0000090 and ?PD_ST_0000090) and (OBO_REL_begins_at_end_of some &#10;((PD_ST_0000090 and ?PD_ST_0000090) and (OBO_REL_begins_at_end_of some &#10;((PD_ST_0000090 and ?PD_ST_0000090) and (OBO_REL_begins_at_end_of some &#10;(PD_ST_0000090 and ?PD_ST_0000090)))))))))))" count="1" instantiationStats="?PD_ST_0000090 count: 7">
            <Axiom axiom="PD_ST_0000700 SubClassOf OBO_REL_begins_at_end_of some &#10;((PD_ST_0000090 and PD_ST_0000600) and (OBO_REL_begins_at_end_of some &#10;((PD_ST_0000090 and PD_ST_0000500) and (OBO_REL_begins_at_end_of some &#10;((PD_ST_0000090 and PD_ST_0000400) and (OBO_REL_begins_at_end_of some &#10;((PD_ST_0000090 and PD_ST_0000300) and (OBO_REL_begins_at_end_of some &#10;((PD_ST_0000090 and PD_ST_0000200) and (OBO_REL_begins_at_end_of some &#10;(PD_ST_0000090 and PD_ST_0000100)))))))))))"/>
         </Generalisation>
         <Generalisation axiom="?PD_ST_0000090 SubClassOf OBO_REL_begins_at_end_of some &#10;((PD_ST_0000090 and ?PD_ST_0000090) and (OBO_REL_begins_at_end_of some &#10;((PD_ST_0000090 and ?PD_ST_0000090) and (OBO_REL_begins_at_end_of some &#10;((PD_ST_0000090 and ?PD_ST_0000090) and (OBO_REL_begins_at_end_of some &#10;((PD_ST_0000090 and ?PD_ST_0000090) and (OBO_REL_begins_at_end_of some &#10;((PD_ST_0000090 and ?PD_ST_0000090) and (OBO_REL_begins_at_end_of some &#10;((PD_ST_0000090 and ?PD_ST_0000090) and (OBO_REL_begins_at_end_of some &#10;(PD_ST_0000090 and ?PD_ST_0000090)))))))))))))" count="1" instantiationStats="?PD_ST_0000090 count: 8">
            <Axiom axiom="PD_ST_0000800 SubClassOf OBO_REL_begins_at_end_of some &#10;((PD_ST_0000090 and PD_ST_0000700) and (OBO_REL_begins_at_end_of some &#10;((PD_ST_0000090 and PD_ST_0000600) and (OBO_REL_begins_at_end_of some &#10;((PD_ST_0000090 and PD_ST_0000500) and (OBO_REL_begins_at_end_of some &#10;((PD_ST_0000090 and PD_ST_0000400) and (OBO_REL_begins_at_end_of some &#10;((PD_ST_0000090 and PD_ST_0000300) and (OBO_REL_begins_at_end_of some &#10;((PD_ST_0000090 and PD_ST_0000200) and (OBO_REL_begins_at_end_of some &#10;(PD_ST_0000090 and PD_ST_0000100)))))))))))))"/>
         </Generalisation>
         <Generalisation axiom="?PD_ST_0000090 SubClassOf OBO_REL_begins_at_end_of some &#10;((PD_ST_0000090 and ?PD_ST_0000090) and (OBO_REL_begins_at_end_of some &#10;((PD_ST_0000090 and ?PD_ST_0000090) and (OBO_REL_begins_at_end_of some &#10;((PD_ST_0000090 and ?PD_ST_0000090) and (OBO_REL_begins_at_end_of some &#10;((PD_ST_0000090 and ?PD_ST_0000090) and (OBO_REL_begins_at_end_of some &#10;((PD_ST_0000090 and ?PD_ST_0000090) and (OBO_REL_begins_at_end_of some &#10;((PD_ST_0000090 and ?PD_ST_0000090) and (OBO_REL_begins_at_end_of some &#10;((PD_ST_0000090 and ?PD_ST_0000090) and (OBO_REL_begins_at_end_of some &#10;(PD_ST_0000090 and ?PD_ST_0000090)))))))))))))))" count="1" instantiationStats="?PD_ST_0000090 count: 9">
            <Axiom axiom="PD_ST_0000900 SubClassOf OBO_REL_begins_at_end_of some &#10;((PD_ST_0000090 and PD_ST_0000800) and (OBO_REL_begins_at_end_of some &#10;((PD_ST_0000090 and PD_ST_0000700) and (OBO_REL_begins_at_end_of some &#10;((PD_ST_0000090 and PD_ST_0000600) and (OBO_REL_begins_at_end_of some &#10;((PD_ST_0000090 and PD_ST_0000500) and (OBO_REL_begins_at_end_of some &#10;((PD_ST_0000090 and PD_ST_0000400) and (OBO_REL_begins_at_end_of some &#10;((PD_ST_0000090 and PD_ST_0000300) and (OBO_REL_begins_at_end_of some &#10;((PD_ST_0000090 and PD_ST_0000200) and (OBO_REL_begins_at_end_of some &#10;(PD_ST_0000090 and PD_ST_0000100)))))))))))))))"/>
         </Generalisation>
         <Generalisation axiom="?PD_ST_0000090 SubClassOf PD_ST_0000090" count="16" instantiationStats="?PD_ST_0000090 count: 16">
            <Axiom axiom="PD_ST_0001100 SubClassOf PD_ST_0000090"/>
            <Axiom axiom="PD_ST_0000400 SubClassOf PD_ST_0000090"/>
            <Axiom axiom="PD_ST_0000900 SubClassOf PD_ST_0000090"/>
            <Axiom axiom="PD_ST_0000100 SubClassOf PD_ST_0000090"/>
            <Axiom axiom="PD_ST_0000600 SubClassOf PD_ST_0000090"/>
            <Axiom axiom="PD_ST_0001200 SubClassOf PD_ST_0000090"/>
            <Axiom axiom="PD_ST_0001000 SubClassOf PD_ST_0000090"/>
            <Axiom axiom="PD_ST_0001400 SubClassOf PD_ST_0000090"/>
            <Axiom axiom="PD_ST_0000500 SubClassOf PD_ST_0000090"/>
            <Axiom axiom="PD_ST_0001500 SubClassOf PD_ST_0000090"/>
            <Axiom axiom="PD_ST_0000200 SubClassOf PD_ST_0000090"/>
            <Axiom axiom="PD_ST_0000800 SubClassOf PD_ST_0000090"/>
            <Axiom axiom="PD_ST_0000700 SubClassOf PD_ST_0000090"/>
            <Axiom axiom="PD_ST_0001300 SubClassOf PD_ST_0000090"/>
            <Axiom axiom="PD_ST_0000300 SubClassOf PD_ST_0000090"/>
            <Axiom axiom="PD_ST_0001600 SubClassOf PD_ST_0000090"/>
         </Generalisation>
         <Generalisation axiom="?PD_ST_0000090 SubClassOf OBO_REL_begins_at_end_of some &#10;((PD_ST_0000090 and ?PD_ST_0000090) and (OBO_REL_begins_at_end_of some &#10;((PD_ST_0000090 and ?PD_ST_0000090) and (OBO_REL_begins_at_end_of some &#10;((PD_ST_0000090 and ?PD_ST_0000090) and (OBO_REL_begins_at_end_of some &#10;((PD_ST_0000090 and ?PD_ST_0000090) and (OBO_REL_begins_at_end_of some &#10;((PD_ST_0000090 and ?PD_ST_0000090) and (OBO_REL_begins_at_end_of some &#10;((PD_ST_0000090 and ?PD_ST_0000090) and (OBO_REL_begins_at_end_of some &#10;((PD_ST_0000090 and ?PD_ST_0000090) and (OBO_REL_begins_at_end_of some &#10;((PD_ST_0000090 and ?PD_ST_0000090) and (OBO_REL_begins_at_end_of some &#10;((PD_ST_0000090 and ?PD_ST_0000090) and (OBO_REL_begins_at_end_of some &#10;(PD_ST_0000090 and ?PD_ST_0000090)))))))))))))))))))" count="1" instantiationStats="?PD_ST_0000090 count: 11">
            <Axiom axiom="PD_ST_0001100 SubClassOf OBO_REL_begins_at_end_of some &#10;((PD_ST_0000090 and PD_ST_0001000) and (OBO_REL_begins_at_end_of some &#10;((PD_ST_0000090 and PD_ST_0000900) and (OBO_REL_begins_at_end_of some &#10;((PD_ST_0000090 and PD_ST_0000800) and (OBO_REL_begins_at_end_of some &#10;((PD_ST_0000090 and PD_ST_0000700) and (OBO_REL_begins_at_end_of some &#10;((PD_ST_0000090 and PD_ST_0000600) and (OBO_REL_begins_at_end_of some &#10;((PD_ST_0000090 and PD_ST_0000500) and (OBO_REL_begins_at_end_of some &#10;((PD_ST_0000090 and PD_ST_0000400) and (OBO_REL_begins_at_end_of some &#10;((PD_ST_0000090 and PD_ST_0000300) and (OBO_REL_begins_at_end_of some &#10;((PD_ST_0000090 and PD_ST_0000200) and (OBO_REL_begins_at_end_of some &#10;(PD_ST_0000090 and PD_ST_0000100)))))))))))))))))))"/>
         </Generalisation>
         <Generalisation axiom="?PD_ST_0000090 SubClassOf OBO_REL_begins_at_end_of some &#10;((PD_ST_0000090 and ?PD_ST_0000090) and (OBO_REL_begins_at_end_of some &#10;((PD_ST_0000090 and ?PD_ST_0000090) and (OBO_REL_begins_at_end_of some &#10;((PD_ST_0000090 and ?PD_ST_0000090) and (OBO_REL_begins_at_end_of some &#10;((PD_ST_0000090 and ?PD_ST_0000090) and (OBO_REL_begins_at_end_of some &#10;((PD_ST_0000090 and ?PD_ST_0000090) and (OBO_REL_begins_at_end_of some &#10;((PD_ST_0000090 and ?PD_ST_0000090) and (OBO_REL_begins_at_end_of some &#10;((PD_ST_0000090 and ?PD_ST_0000090) and (OBO_REL_begins_at_end_of some &#10;((PD_ST_0000090 and ?PD_ST_0000090) and (OBO_REL_begins_at_end_of some &#10;((PD_ST_0000090 and ?PD_ST_0000090) and (OBO_REL_begins_at_end_of some &#10;((PD_ST_0000090 and ?PD_ST_0000090) and (OBO_REL_begins_at_end_of some &#10;((PD_ST_0000090 and ?PD_ST_0000090) and (OBO_REL_begins_at_end_of some &#10;((PD_ST_0000090 and ?PD_ST_0000090) and (OBO_REL_begins_at_end_of some &#10;(PD_ST_0000090 and ?PD_ST_0000090)))))))))))))))))))))))))" count="1" instantiationStats="?PD_ST_0000090 count: 14">
            <Axiom axiom="PD_ST_0001400 SubClassOf OBO_REL_begins_at_end_of some &#10;((PD_ST_0000090 and PD_ST_0001300) and (OBO_REL_begins_at_end_of some &#10;((PD_ST_0000090 and PD_ST_0001200) and (OBO_REL_begins_at_end_of some &#10;((PD_ST_0000090 and PD_ST_0001100) and (OBO_REL_begins_at_end_of some &#10;((PD_ST_0000090 and PD_ST_0001000) and (OBO_REL_begins_at_end_of some &#10;((PD_ST_0000090 and PD_ST_0000900) and (OBO_REL_begins_at_end_of some &#10;((PD_ST_0000090 and PD_ST_0000800) and (OBO_REL_begins_at_end_of some &#10;((PD_ST_0000090 and PD_ST_0000700) and (OBO_REL_begins_at_end_of some &#10;((PD_ST_0000090 and PD_ST_0000600) and (OBO_REL_begins_at_end_of some &#10;((PD_ST_0000090 and PD_ST_0000500) and (OBO_REL_begins_at_end_of some &#10;((PD_ST_0000090 and PD_ST_0000400) and (OBO_REL_begins_at_end_of some &#10;((PD_ST_0000090 and PD_ST_0000300) and (OBO_REL_begins_at_end_of some &#10;((PD_ST_0000090 and PD_ST_0000200) and (OBO_REL_begins_at_end_of some &#10;(PD_ST_0000090 and PD_ST_0000100)))))))))))))))))))))))))"/>
         </Generalisation>
         <Generalisation axiom="?PD_ST_0000090 SubClassOf OBO_REL_begins_at_end_of some &#10;((PD_ST_0000090 and ?PD_ST_0000090) and (OBO_REL_begins_at_end_of some &#10;((PD_ST_0000090 and ?PD_ST_0000090) and (OBO_REL_begins_at_end_of some &#10;((PD_ST_0000090 and ?PD_ST_0000090) and (OBO_REL_begins_at_end_of some &#10;(PD_ST_0000090 and ?PD_ST_0000090)))))))" count="1" instantiationStats="?PD_ST_0000090 count: 5">
            <Axiom axiom="PD_ST_0000500 SubClassOf OBO_REL_begins_at_end_of some &#10;((PD_ST_0000090 and PD_ST_0000400) and (OBO_REL_begins_at_end_of some &#10;((PD_ST_0000090 and PD_ST_0000300) and (OBO_REL_begins_at_end_of some &#10;((PD_ST_0000090 and PD_ST_0000200) and (OBO_REL_begins_at_end_of some &#10;(PD_ST_0000090 and PD_ST_0000100)))))))"/>
         </Generalisation>
         <Generalisation axiom="?PD_ST_0000090 SubClassOf OBO_REL_begins_at_end_of some &#10;((PD_ST_0000090 and ?PD_ST_0000090) and (OBO_REL_begins_at_end_of some &#10;((PD_ST_0000090 and ?PD_ST_0000090) and (OBO_REL_begins_at_end_of some &#10;((PD_ST_0000090 and ?PD_ST_0000090) and (OBO_REL_begins_at_end_of some &#10;((PD_ST_0000090 and ?PD_ST_0000090) and (OBO_REL_begins_at_end_of some &#10;((PD_ST_0000090 and ?PD_ST_0000090) and (OBO_REL_begins_at_end_of some &#10;((PD_ST_0000090 and ?PD_ST_0000090) and (OBO_REL_begins_at_end_of some &#10;((PD_ST_0000090 and ?PD_ST_0000090) and (OBO_REL_begins_at_end_of some &#10;((PD_ST_0000090 and ?PD_ST_0000090) and (OBO_REL_begins_at_end_of some &#10;((PD_ST_0000090 and ?PD_ST_0000090) and (OBO_REL_begins_at_end_of some &#10;((PD_ST_0000090 and ?PD_ST_0000090) and (OBO_REL_begins_at_end_of some &#10;((PD_ST_0000090 and ?PD_ST_0000090) and (OBO_REL_begins_at_end_of some &#10;(PD_ST_0000090 and ?PD_ST_0000090)))))))))))))))))))))))" count="1" instantiationStats="?PD_ST_0000090 count: 13">
            <Axiom axiom="PD_ST_0001300 SubClassOf OBO_REL_begins_at_end_of some &#10;((PD_ST_0000090 and PD_ST_0001200) and (OBO_REL_begins_at_end_of some &#10;((PD_ST_0000090 and PD_ST_0001100) and (OBO_REL_begins_at_end_of some &#10;((PD_ST_0000090 and PD_ST_0001000) and (OBO_REL_begins_at_end_of some &#10;((PD_ST_0000090 and PD_ST_0000900) and (OBO_REL_begins_at_end_of some &#10;((PD_ST_0000090 and PD_ST_0000800) and (OBO_REL_begins_at_end_of some &#10;((PD_ST_0000090 and PD_ST_0000700) and (OBO_REL_begins_at_end_of some &#10;((PD_ST_0000090 and PD_ST_0000600) and (OBO_REL_begins_at_end_of some &#10;((PD_ST_0000090 and PD_ST_0000500) and (OBO_REL_begins_at_end_of some &#10;((PD_ST_0000090 and PD_ST_0000400) and (OBO_REL_begins_at_end_of some &#10;((PD_ST_0000090 and PD_ST_0000300) and (OBO_REL_begins_at_end_of some &#10;((PD_ST_0000090 and PD_ST_0000200) and (OBO_REL_begins_at_end_of some &#10;(PD_ST_0000090 and PD_ST_0000100)))))))))))))))))))))))"/>
         </Generalisation>
         <Generalisation axiom="?PD_ST_0000090 SubClassOf OBO_REL_begins_at_end_of some &#10;((PD_ST_0000090 and ?PD_ST_0000090) and (OBO_REL_begins_at_end_of some &#10;((PD_ST_0000090 and ?PD_ST_0000090) and (OBO_REL_begins_at_end_of some &#10;((PD_ST_0000090 and ?PD_ST_0000090) and (OBO_REL_begins_at_end_of some &#10;((PD_ST_0000090 and ?PD_ST_0000090) and (OBO_REL_begins_at_end_of some &#10;((PD_ST_0000090 and ?PD_ST_0000090) and (OBO_REL_begins_at_end_of some &#10;((PD_ST_0000090 and ?PD_ST_0000090) and (OBO_REL_begins_at_end_of some &#10;((PD_ST_0000090 and ?PD_ST_0000090) and (OBO_REL_begins_at_end_of some &#10;((PD_ST_0000090 and ?PD_ST_0000090) and (OBO_REL_begins_at_end_of some &#10;((PD_ST_0000090 and ?PD_ST_0000090) and (OBO_REL_begins_at_end_of some &#10;((PD_ST_0000090 and ?PD_ST_0000090) and (OBO_REL_begins_at_end_of some &#10;((PD_ST_0000090 and ?PD_ST_0000090) and (OBO_REL_begins_at_end_of some &#10;((PD_ST_0000090 and ?PD_ST_0000090) and (OBO_REL_begins_at_end_of some &#10;((PD_ST_0000090 and ?PD_ST_0000090) and (OBO_REL_begins_at_end_of some &#10;(PD_ST_0000090 and ?PD_ST_0000090)))))))))))))))))))))))))))" count="1" instantiationStats="?PD_ST_0000090 count: 15">
            <Axiom axiom="PD_ST_0001500 SubClassOf OBO_REL_begins_at_end_of some &#10;((PD_ST_0000090 and PD_ST_0001400) and (OBO_REL_begins_at_end_of some &#10;((PD_ST_0000090 and PD_ST_0001300) and (OBO_REL_begins_at_end_of some &#10;((PD_ST_0000090 and PD_ST_0001200) and (OBO_REL_begins_at_end_of some &#10;((PD_ST_0000090 and PD_ST_0001100) and (OBO_REL_begins_at_end_of some &#10;((PD_ST_0000090 and PD_ST_0001000) and (OBO_REL_begins_at_end_of some &#10;((PD_ST_0000090 and PD_ST_0000900) and (OBO_REL_begins_at_end_of some &#10;((PD_ST_0000090 and PD_ST_0000800) and (OBO_REL_begins_at_end_of some &#10;((PD_ST_0000090 and PD_ST_0000700) and (OBO_REL_begins_at_end_of some &#10;((PD_ST_0000090 and PD_ST_0000600) and (OBO_REL_begins_at_end_of some &#10;((PD_ST_0000090 and PD_ST_0000500) and (OBO_REL_begins_at_end_of some &#10;((PD_ST_0000090 and PD_ST_0000400) and (OBO_REL_begins_at_end_of some &#10;((PD_ST_0000090 and PD_ST_0000300) and (OBO_REL_begins_at_end_of some &#10;((PD_ST_0000090 and PD_ST_0000200) and (OBO_REL_begins_at_end_of some &#10;(PD_ST_0000090 and PD_ST_0000100)))))))))))))))))))))))))))"/>
         </Generalisation>
      </Generalisations>
   </Cluster>
</Clusters>
