<?xml version="1.0" encoding="UTF-8" standalone="no"?>
<Clusters>
   <Cluster size="28">
      <Item iri="http://www.co-ode.org/ontologies/amino-acid/2005/10/11/amino-acid.owl#AromaticAminoAcid"/>
      <Item iri="http://www.co-ode.org/ontologies/amino-acid/2005/10/11/amino-acid.owl#Y"/>
      <Item iri="http://www.co-ode.org/ontologies/amino-acid/2005/10/11/amino-acid.owl#W"/>
      <Item iri="http://www.co-ode.org/ontologies/amino-acid/2005/10/11/amino-acid.owl#LargeAliphaticAminoAcid"/>
      <Item iri="http://www.co-ode.org/ontologies/amino-acid/2005/10/11/amino-acid.owl#PositiveChargedAminoAcid"/>
      <Item iri="http://www.co-ode.org/ontologies/amino-acid/2005/10/11/amino-acid.owl#TinyPolarAminoAcid"/>
      <Item iri="http://www.co-ode.org/ontologies/amino-acid/2005/10/11/amino-acid.owl#C"/>
      <Item iri="http://www.co-ode.org/ontologies/amino-acid/2005/10/11/amino-acid.owl#D"/>
      <Item iri="http://www.co-ode.org/ontologies/amino-acid/2005/10/11/amino-acid.owl#E"/>
      <Item iri="http://www.co-ode.org/ontologies/amino-acid/2005/10/11/amino-acid.owl#F"/>
      <Item iri="http://www.co-ode.org/ontologies/amino-acid/2005/10/11/amino-acid.owl#A"/>
      <Item iri="http://www.co-ode.org/ontologies/amino-acid/2005/10/11/amino-acid.owl#L"/>
      <Item iri="http://www.co-ode.org/ontologies/amino-acid/2005/10/11/amino-acid.owl#K"/>
      <Item iri="http://www.co-ode.org/ontologies/amino-acid/2005/10/11/amino-acid.owl#N"/>
      <Item iri="http://www.co-ode.org/ontologies/amino-acid/2005/10/11/amino-acid.owl#AminoAcid"/>
      <Item iri="http://www.co-ode.org/ontologies/amino-acid/2005/10/11/amino-acid.owl#M"/>
      <Item iri="http://www.co-ode.org/ontologies/amino-acid/2005/10/11/amino-acid.owl#H"/>
      <Item iri="http://www.co-ode.org/ontologies/amino-acid/2005/10/11/amino-acid.owl#G"/>
      <Item iri="http://www.co-ode.org/ontologies/amino-acid/2005/10/11/amino-acid.owl#SpecificAminoAcid"/>
      <Item iri="http://www.co-ode.org/ontologies/amino-acid/2005/10/11/amino-acid.owl#I"/>
      <Item iri="http://www.co-ode.org/ontologies/amino-acid/2005/10/11/amino-acid.owl#T"/>
      <Item iri="http://www.co-ode.org/ontologies/amino-acid/2005/10/11/amino-acid.owl#S"/>
      <Item iri="http://www.co-ode.org/ontologies/amino-acid/2005/10/11/amino-acid.owl#V"/>
      <Item iri="http://www.co-ode.org/ontologies/amino-acid/2005/10/11/amino-acid.owl#NegativeChargedAminoAcid"/>
      <Item iri="http://www.co-ode.org/ontologies/amino-acid/2005/10/11/amino-acid.owl#P"/>
      <Item iri="http://www.co-ode.org/ontologies/amino-acid/2005/10/11/amino-acid.owl#R"/>
      <Item iri="http://www.co-ode.org/ontologies/amino-acid/2005/10/11/amino-acid.owl#AliphaticAminoAcid"/>
      <Item iri="http://www.co-ode.org/ontologies/amino-acid/2005/10/11/amino-acid.owl#Q"/>
      <Generalisations>
         <Generalisation axiom="?cluster_1 EquivalentTo hasPolarity some Thing" count="2" instantiationStats="?cluster_1 count: 2">
            <Axiom axiom="SpecificAminoAcid EquivalentTo hasPolarity some Thing"/>
            <Axiom axiom="AminoAcid EquivalentTo hasPolarity some Thing"/>
         </Generalisation>
         <Generalisation axiom="?cluster_1 EquivalentTo hasCharge some &#10;(ValuePartition and ?ValuePartition_conjunction)" count="2" instantiationStats="?ValuePartition count: 3; ?cluster_1 count: 2">
            <Axiom axiom="PositiveChargedAminoAcid EquivalentTo hasCharge some &#10;(Charge and Positive and ValuePartition)"/>
            <Axiom axiom="NegativeChargedAminoAcid EquivalentTo hasCharge some &#10;(Charge and Negative and ValuePartition)"/>
         </Generalisation>
         <Generalisation axiom="?cluster_1 SubClassOf hasSize only &#10;(ValuePartition and ?ValuePartition_conjunction)" count="25" instantiationStats="?ValuePartition count: 4; ?cluster_1 count: 25">
            <Axiom axiom="C SubClassOf hasSize only &#10;(Size and Small and ValuePartition)"/>
            <Axiom axiom="E SubClassOf hasSize only &#10;(Size and Small and ValuePartition)"/>
            <Axiom axiom="N SubClassOf hasSize only &#10;(Size and Small and ValuePartition)"/>
            <Axiom axiom="Q SubClassOf hasSize only &#10;(Large and Size and ValuePartition)"/>
            <Axiom axiom="PositiveChargedAminoAcid SubClassOf hasSize only &#10;(Large and Size and ValuePartition)"/>
            <Axiom axiom="LargeAliphaticAminoAcid SubClassOf hasSize only &#10;(Large and Size and ValuePartition)"/>
            <Axiom axiom="R SubClassOf hasSize only &#10;(Large and Size and ValuePartition)"/>
            <Axiom axiom="M SubClassOf hasSize only &#10;(Large and Size and ValuePartition)"/>
            <Axiom axiom="P SubClassOf hasSize only &#10;(Size and Small and ValuePartition)"/>
            <Axiom axiom="NegativeChargedAminoAcid SubClassOf hasSize only &#10;(Size and Small and ValuePartition)"/>
            <Axiom axiom="A SubClassOf hasSize only &#10;(Size and Tiny and ValuePartition)"/>
            <Axiom axiom="L SubClassOf hasSize only &#10;(Large and Size and ValuePartition)"/>
            <Axiom axiom="S SubClassOf hasSize only &#10;(Size and Tiny and ValuePartition)"/>
            <Axiom axiom="AromaticAminoAcid SubClassOf hasSize only &#10;(Large and Size and ValuePartition)"/>
            <Axiom axiom="I SubClassOf hasSize only &#10;(Large and Size and ValuePartition)"/>
            <Axiom axiom="G SubClassOf hasSize only &#10;(Size and Tiny and ValuePartition)"/>
            <Axiom axiom="W SubClassOf hasSize only &#10;(Large and Size and ValuePartition)"/>
            <Axiom axiom="T SubClassOf hasSize only &#10;(Size and Tiny and ValuePartition)"/>
            <Axiom axiom="Y SubClassOf hasSize only &#10;(Large and Size and ValuePartition)"/>
            <Axiom axiom="H SubClassOf hasSize only &#10;(Large and Size and ValuePartition)"/>
            <Axiom axiom="F SubClassOf hasSize only &#10;(Large and Size and ValuePartition)"/>
            <Axiom axiom="D SubClassOf hasSize only &#10;(Size and Small and ValuePartition)"/>
            <Axiom axiom="K SubClassOf hasSize only &#10;(Large and Size and ValuePartition)"/>
            <Axiom axiom="TinyPolarAminoAcid SubClassOf hasSize only &#10;(Size and Tiny and ValuePartition)"/>
            <Axiom axiom="V SubClassOf hasSize only &#10;(Size and Small and ValuePartition)"/>
         </Generalisation>
         <Generalisation axiom="?cluster_1 EquivalentTo hasSideChainStructure some Thing" count="2" instantiationStats="?cluster_1 count: 2">
            <Axiom axiom="SpecificAminoAcid EquivalentTo hasSideChainStructure some Thing"/>
            <Axiom axiom="AminoAcid EquivalentTo hasSideChainStructure some Thing"/>
         </Generalisation>
         <Generalisation axiom="?cluster_1 SubClassOf hasPolarity only &#10;(ValuePartition and ?ValuePartition_conjunction)" count="23" instantiationStats="?ValuePartition count: 3; ?cluster_1 count: 23">
            <Axiom axiom="Y SubClassOf hasPolarity only &#10;(Polar and Polarity and ValuePartition)"/>
            <Axiom axiom="E SubClassOf hasPolarity only &#10;(Polar and Polarity and ValuePartition)"/>
            <Axiom axiom="V SubClassOf hasPolarity only &#10;(Non-Polar and Polarity and ValuePartition)"/>
            <Axiom axiom="H SubClassOf hasPolarity only &#10;(Polar and Polarity and ValuePartition)"/>
            <Axiom axiom="TinyPolarAminoAcid SubClassOf hasPolarity only &#10;(Polar and Polarity and ValuePartition)"/>
            <Axiom axiom="S SubClassOf hasPolarity only &#10;(Polar and Polarity and ValuePartition)"/>
            <Axiom axiom="A SubClassOf hasPolarity only &#10;(Non-Polar and Polarity and ValuePartition)"/>
            <Axiom axiom="D SubClassOf hasPolarity only &#10;(Polar and Polarity and ValuePartition)"/>
            <Axiom axiom="C SubClassOf hasPolarity only &#10;(Polar and Polarity and ValuePartition)"/>
            <Axiom axiom="L SubClassOf hasPolarity only &#10;(Non-Polar and Polarity and ValuePartition)"/>
            <Axiom axiom="I SubClassOf hasPolarity only &#10;(Non-Polar and Polarity and ValuePartition)"/>
            <Axiom axiom="T SubClassOf hasPolarity only &#10;(Polar and Polarity and ValuePartition)"/>
            <Axiom axiom="Q SubClassOf hasPolarity only &#10;(Polar and Polarity and ValuePartition)"/>
            <Axiom axiom="PositiveChargedAminoAcid SubClassOf hasPolarity only &#10;(Polar and Polarity and ValuePartition)"/>
            <Axiom axiom="P SubClassOf hasPolarity only &#10;(Non-Polar and Polarity and ValuePartition)"/>
            <Axiom axiom="R SubClassOf hasPolarity only &#10;(Polar and Polarity and ValuePartition)"/>
            <Axiom axiom="G SubClassOf hasPolarity only &#10;(Non-Polar and Polarity and ValuePartition)"/>
            <Axiom axiom="M SubClassOf hasPolarity only &#10;(Non-Polar and Polarity and ValuePartition)"/>
            <Axiom axiom="NegativeChargedAminoAcid SubClassOf hasPolarity only &#10;(Polar and Polarity and ValuePartition)"/>
            <Axiom axiom="F SubClassOf hasPolarity only &#10;(Non-Polar and Polarity and ValuePartition)"/>
            <Axiom axiom="N SubClassOf hasPolarity only &#10;(Polar and Polarity and ValuePartition)"/>
            <Axiom axiom="W SubClassOf hasPolarity only &#10;(Non-Polar and Polarity and ValuePartition)"/>
            <Axiom axiom="K SubClassOf hasPolarity only &#10;(Polar and Polarity and ValuePartition)"/>
         </Generalisation>
         <Generalisation axiom="?cluster_1 EquivalentTo hasCharge some Thing" count="2" instantiationStats="?cluster_1 count: 2">
            <Axiom axiom="SpecificAminoAcid EquivalentTo hasCharge some Thing"/>
            <Axiom axiom="AminoAcid EquivalentTo hasCharge some Thing"/>
         </Generalisation>
         <Generalisation axiom="?cluster_1 EquivalentTo hasSideChainStructure some &#10;(ValuePartition and ?ValuePartition_conjunction)" count="2" instantiationStats="?ValuePartition count: 3; ?cluster_1 count: 2">
            <Axiom axiom="AliphaticAminoAcid EquivalentTo hasSideChainStructure some &#10;(Aliphatic and SideChainStructure and ValuePartition)"/>
            <Axiom axiom="AromaticAminoAcid EquivalentTo hasSideChainStructure some &#10;(Aromatic and SideChainStructure and ValuePartition)"/>
         </Generalisation>
         <Generalisation axiom="?cluster_1 SubClassOf hasSideChainStructure some &#10;(ValuePartition and ?ValuePartition_conjunction)" count="25" instantiationStats="?ValuePartition count: 3; ?cluster_1 count: 25">
            <Axiom axiom="E SubClassOf hasSideChainStructure some &#10;(Aliphatic and SideChainStructure and ValuePartition)"/>
            <Axiom axiom="K SubClassOf hasSideChainStructure some &#10;(Aliphatic and SideChainStructure and ValuePartition)"/>
            <Axiom axiom="Y SubClassOf hasSideChainStructure some &#10;(Aromatic and SideChainStructure and ValuePartition)"/>
            <Axiom axiom="TinyPolarAminoAcid SubClassOf hasSideChainStructure some &#10;(Aliphatic and SideChainStructure and ValuePartition)"/>
            <Axiom axiom="NegativeChargedAminoAcid SubClassOf hasSideChainStructure some &#10;(Aliphatic and SideChainStructure and ValuePartition)"/>
            <Axiom axiom="V SubClassOf hasSideChainStructure some &#10;(Aliphatic and SideChainStructure and ValuePartition)"/>
            <Axiom axiom="P SubClassOf hasSideChainStructure some &#10;(Aliphatic and SideChainStructure and ValuePartition)"/>
            <Axiom axiom="S SubClassOf hasSideChainStructure some &#10;(Aliphatic and SideChainStructure and ValuePartition)"/>
            <Axiom axiom="F SubClassOf hasSideChainStructure some &#10;(Aromatic and SideChainStructure and ValuePartition)"/>
            <Axiom axiom="L SubClassOf hasSideChainStructure some &#10;(Aliphatic and SideChainStructure and ValuePartition)"/>
            <Axiom axiom="C SubClassOf hasSideChainStructure some &#10;(Aliphatic and SideChainStructure and ValuePartition)"/>
            <Axiom axiom="M SubClassOf hasSideChainStructure some &#10;(Aliphatic and SideChainStructure and ValuePartition)"/>
            <Axiom axiom="H SubClassOf hasSideChainStructure some &#10;(Aromatic and SideChainStructure and ValuePartition)"/>
            <Axiom axiom="LargeAliphaticAminoAcid SubClassOf hasSideChainStructure some &#10;(Aliphatic and SideChainStructure and ValuePartition)"/>
            <Axiom axiom="AromaticAminoAcid SubClassOf hasSideChainStructure some &#10;(Aromatic and SideChainStructure and ValuePartition)"/>
            <Axiom axiom="R SubClassOf hasSideChainStructure some &#10;(Aliphatic and SideChainStructure and ValuePartition)"/>
            <Axiom axiom="A SubClassOf hasSideChainStructure some &#10;(Aliphatic and SideChainStructure and ValuePartition)"/>
            <Axiom axiom="N SubClassOf hasSideChainStructure some &#10;(Aliphatic and SideChainStructure and ValuePartition)"/>
            <Axiom axiom="AliphaticAminoAcid SubClassOf hasSideChainStructure some &#10;(Aliphatic and SideChainStructure and ValuePartition)"/>
            <Axiom axiom="T SubClassOf hasSideChainStructure some &#10;(Aliphatic and SideChainStructure and ValuePartition)"/>
            <Axiom axiom="Q SubClassOf hasSideChainStructure some &#10;(Aliphatic and SideChainStructure and ValuePartition)"/>
            <Axiom axiom="I SubClassOf hasSideChainStructure some &#10;(Aliphatic and SideChainStructure and ValuePartition)"/>
            <Axiom axiom="D SubClassOf hasSideChainStructure some &#10;(Aliphatic and SideChainStructure and ValuePartition)"/>
            <Axiom axiom="G SubClassOf hasSideChainStructure some &#10;(Aliphatic and SideChainStructure and ValuePartition)"/>
            <Axiom axiom="W SubClassOf hasSideChainStructure some &#10;(Aromatic and SideChainStructure and ValuePartition)"/>
         </Generalisation>
         <Generalisation axiom="?cluster_1 SubClassOf hasHydrophobicity some &#10;(ValuePartition and ?ValuePartition_conjunction)" count="23" instantiationStats="?ValuePartition count: 3; ?cluster_1 count: 23">
            <Axiom axiom="F SubClassOf hasHydrophobicity some &#10;(Hydrophobic and Hydrophobicity and ValuePartition)"/>
            <Axiom axiom="M SubClassOf hasHydrophobicity some &#10;(Hydrophobic and Hydrophobicity and ValuePartition)"/>
            <Axiom axiom="A SubClassOf hasHydrophobicity some &#10;(Hydrophobic and Hydrophobicity and ValuePartition)"/>
            <Axiom axiom="T SubClassOf hasHydrophobicity some &#10;(Hydrophilic and Hydrophobicity and ValuePartition)"/>
            <Axiom axiom="I SubClassOf hasHydrophobicity some &#10;(Hydrophobic and Hydrophobicity and ValuePartition)"/>
            <Axiom axiom="P SubClassOf hasHydrophobicity some &#10;(Hydrophobic and Hydrophobicity and ValuePartition)"/>
            <Axiom axiom="K SubClassOf hasHydrophobicity some &#10;(Hydrophilic and Hydrophobicity and ValuePartition)"/>
            <Axiom axiom="D SubClassOf hasHydrophobicity some &#10;(Hydrophilic and Hydrophobicity and ValuePartition)"/>
            <Axiom axiom="TinyPolarAminoAcid SubClassOf hasHydrophobicity some &#10;(Hydrophilic and Hydrophobicity and ValuePartition)"/>
            <Axiom axiom="L SubClassOf hasHydrophobicity some &#10;(Hydrophobic and Hydrophobicity and ValuePartition)"/>
            <Axiom axiom="C SubClassOf hasHydrophobicity some &#10;(Hydrophobic and Hydrophobicity and ValuePartition)"/>
            <Axiom axiom="S SubClassOf hasHydrophobicity some &#10;(Hydrophilic and Hydrophobicity and ValuePartition)"/>
            <Axiom axiom="V SubClassOf hasHydrophobicity some &#10;(Hydrophobic and Hydrophobicity and ValuePartition)"/>
            <Axiom axiom="E SubClassOf hasHydrophobicity some &#10;(Hydrophilic and Hydrophobicity and ValuePartition)"/>
            <Axiom axiom="R SubClassOf hasHydrophobicity some &#10;(Hydrophilic and Hydrophobicity and ValuePartition)"/>
            <Axiom axiom="NegativeChargedAminoAcid SubClassOf hasHydrophobicity some &#10;(Hydrophilic and Hydrophobicity and ValuePartition)"/>
            <Axiom axiom="H SubClassOf hasHydrophobicity some &#10;(Hydrophilic and Hydrophobicity and ValuePartition)"/>
            <Axiom axiom="G SubClassOf hasHydrophobicity some &#10;(Hydrophobic and Hydrophobicity and ValuePartition)"/>
            <Axiom axiom="Y SubClassOf hasHydrophobicity some &#10;(Hydrophobic and Hydrophobicity and ValuePartition)"/>
            <Axiom axiom="Q SubClassOf hasHydrophobicity some &#10;(Hydrophilic and Hydrophobicity and ValuePartition)"/>
            <Axiom axiom="N SubClassOf hasHydrophobicity some &#10;(Hydrophilic and Hydrophobicity and ValuePartition)"/>
            <Axiom axiom="PositiveChargedAminoAcid SubClassOf hasHydrophobicity some &#10;(Hydrophilic and Hydrophobicity and ValuePartition)"/>
            <Axiom axiom="W SubClassOf hasHydrophobicity some &#10;(Hydrophobic and Hydrophobicity and ValuePartition)"/>
         </Generalisation>
         <Generalisation axiom="?cluster_1 SubClassOf hasHydrophobicity some Thing" count="28" instantiationStats="?cluster_1 count: 28">
            <Axiom axiom="C SubClassOf hasHydrophobicity some Thing"/>
            <Axiom axiom="AromaticAminoAcid SubClassOf hasHydrophobicity some Thing"/>
            <Axiom axiom="I SubClassOf hasHydrophobicity some Thing"/>
            <Axiom axiom="F SubClassOf hasHydrophobicity some Thing"/>
            <Axiom axiom="H SubClassOf hasHydrophobicity some Thing"/>
            <Axiom axiom="P SubClassOf hasHydrophobicity some Thing"/>
            <Axiom axiom="N SubClassOf hasHydrophobicity some Thing"/>
            <Axiom axiom="NegativeChargedAminoAcid SubClassOf hasHydrophobicity some Thing"/>
            <Axiom axiom="V SubClassOf hasHydrophobicity some Thing"/>
            <Axiom axiom="W SubClassOf hasHydrophobicity some Thing"/>
            <Axiom axiom="K SubClassOf hasHydrophobicity some Thing"/>
            <Axiom axiom="L SubClassOf hasHydrophobicity some Thing"/>
            <Axiom axiom="S SubClassOf hasHydrophobicity some Thing"/>
            <Axiom axiom="R SubClassOf hasHydrophobicity some Thing"/>
            <Axiom axiom="TinyPolarAminoAcid SubClassOf hasHydrophobicity some Thing"/>
            <Axiom axiom="Q SubClassOf hasHydrophobicity some Thing"/>
            <Axiom axiom="SpecificAminoAcid SubClassOf hasHydrophobicity some Thing"/>
            <Axiom axiom="LargeAliphaticAminoAcid SubClassOf hasHydrophobicity some Thing"/>
            <Axiom axiom="M SubClassOf hasHydrophobicity some Thing"/>
            <Axiom axiom="AliphaticAminoAcid SubClassOf hasHydrophobicity some Thing"/>
            <Axiom axiom="E SubClassOf hasHydrophobicity some Thing"/>
            <Axiom axiom="Y SubClassOf hasHydrophobicity some Thing"/>
            <Axiom axiom="PositiveChargedAminoAcid SubClassOf hasHydrophobicity some Thing"/>
            <Axiom axiom="G SubClassOf hasHydrophobicity some Thing"/>
            <Axiom axiom="D SubClassOf hasHydrophobicity some Thing"/>
            <Axiom axiom="AminoAcid SubClassOf hasHydrophobicity some Thing"/>
            <Axiom axiom="A SubClassOf hasHydrophobicity some Thing"/>
            <Axiom axiom="T SubClassOf hasHydrophobicity some Thing"/>
         </Generalisation>
         <Generalisation axiom="?cluster_1 SubClassOf hasSideChainStructure only &#10;(ValuePartition and ?ValuePartition_conjunction)" count="25" instantiationStats="?ValuePartition count: 3; ?cluster_1 count: 25">
            <Axiom axiom="T SubClassOf hasSideChainStructure only &#10;(Aliphatic and SideChainStructure and ValuePartition)"/>
            <Axiom axiom="NegativeChargedAminoAcid SubClassOf hasSideChainStructure only &#10;(Aliphatic and SideChainStructure and ValuePartition)"/>
            <Axiom axiom="S SubClassOf hasSideChainStructure only &#10;(Aliphatic and SideChainStructure and ValuePartition)"/>
            <Axiom axiom="D SubClassOf hasSideChainStructure only &#10;(Aliphatic and SideChainStructure and ValuePartition)"/>
            <Axiom axiom="A SubClassOf hasSideChainStructure only &#10;(Aliphatic and SideChainStructure and ValuePartition)"/>
            <Axiom axiom="LargeAliphaticAminoAcid SubClassOf hasSideChainStructure only &#10;(Aliphatic and SideChainStructure and ValuePartition)"/>
            <Axiom axiom="Q SubClassOf hasSideChainStructure only &#10;(Aliphatic and SideChainStructure and ValuePartition)"/>
            <Axiom axiom="F SubClassOf hasSideChainStructure only &#10;(Aromatic and SideChainStructure and ValuePartition)"/>
            <Axiom axiom="TinyPolarAminoAcid SubClassOf hasSideChainStructure only &#10;(Aliphatic and SideChainStructure and ValuePartition)"/>
            <Axiom axiom="N SubClassOf hasSideChainStructure only &#10;(Aliphatic and SideChainStructure and ValuePartition)"/>
            <Axiom axiom="M SubClassOf hasSideChainStructure only &#10;(Aliphatic and SideChainStructure and ValuePartition)"/>
            <Axiom axiom="H SubClassOf hasSideChainStructure only &#10;(Aromatic and SideChainStructure and ValuePartition)"/>
            <Axiom axiom="AliphaticAminoAcid SubClassOf hasSideChainStructure only &#10;(Aliphatic and SideChainStructure and ValuePartition)"/>
            <Axiom axiom="K SubClassOf hasSideChainStructure only &#10;(Aliphatic and SideChainStructure and ValuePartition)"/>
            <Axiom axiom="R SubClassOf hasSideChainStructure only &#10;(Aliphatic and SideChainStructure and ValuePartition)"/>
            <Axiom axiom="L SubClassOf hasSideChainStructure only &#10;(Aliphatic and SideChainStructure and ValuePartition)"/>
            <Axiom axiom="W SubClassOf hasSideChainStructure only &#10;(Aromatic and SideChainStructure and ValuePartition)"/>
            <Axiom axiom="I SubClassOf hasSideChainStructure only &#10;(Aliphatic and SideChainStructure and ValuePartition)"/>
            <Axiom axiom="E SubClassOf hasSideChainStructure only &#10;(Aliphatic and SideChainStructure and ValuePartition)"/>
            <Axiom axiom="V SubClassOf hasSideChainStructure only &#10;(Aliphatic and SideChainStructure and ValuePartition)"/>
            <Axiom axiom="AromaticAminoAcid SubClassOf hasSideChainStructure only &#10;(Aromatic and SideChainStructure and ValuePartition)"/>
            <Axiom axiom="C SubClassOf hasSideChainStructure only &#10;(Aliphatic and SideChainStructure and ValuePartition)"/>
            <Axiom axiom="P SubClassOf hasSideChainStructure only &#10;(Aliphatic and SideChainStructure and ValuePartition)"/>
            <Axiom axiom="Y SubClassOf hasSideChainStructure only &#10;(Aromatic and SideChainStructure and ValuePartition)"/>
            <Axiom axiom="G SubClassOf hasSideChainStructure only &#10;(Aliphatic and SideChainStructure and ValuePartition)"/>
         </Generalisation>
         <Generalisation axiom="?cluster_1 SubClassOf ?cluster_1" count="54" instantiationStats="?cluster_1 count: 28">
            <Axiom axiom="P SubClassOf SpecificAminoAcid"/>
            <Axiom axiom="PositiveChargedAminoAcid SubClassOf AminoAcid"/>
            <Axiom axiom="E SubClassOf SpecificAminoAcid"/>
            <Axiom axiom="W SubClassOf AminoAcid"/>
            <Axiom axiom="K SubClassOf SpecificAminoAcid"/>
            <Axiom axiom="F SubClassOf AminoAcid"/>
            <Axiom axiom="M SubClassOf SpecificAminoAcid"/>
            <Axiom axiom="PositiveChargedAminoAcid SubClassOf SpecificAminoAcid"/>
            <Axiom axiom="S SubClassOf AminoAcid"/>
            <Axiom axiom="F SubClassOf SpecificAminoAcid"/>
            <Axiom axiom="H SubClassOf AminoAcid"/>
            <Axiom axiom="LargeAliphaticAminoAcid SubClassOf SpecificAminoAcid"/>
            <Axiom axiom="E SubClassOf AminoAcid"/>
            <Axiom axiom="V SubClassOf AminoAcid"/>
            <Axiom axiom="P SubClassOf AminoAcid"/>
            <Axiom axiom="AliphaticAminoAcid SubClassOf SpecificAminoAcid"/>
            <Axiom axiom="S SubClassOf SpecificAminoAcid"/>
            <Axiom axiom="AliphaticAminoAcid SubClassOf AminoAcid"/>
            <Axiom axiom="A SubClassOf AminoAcid"/>
            <Axiom axiom="C SubClassOf AminoAcid"/>
            <Axiom axiom="I SubClassOf SpecificAminoAcid"/>
            <Axiom axiom="C SubClassOf SpecificAminoAcid"/>
            <Axiom axiom="N SubClassOf SpecificAminoAcid"/>
            <Axiom axiom="Y SubClassOf AminoAcid"/>
            <Axiom axiom="NegativeChargedAminoAcid SubClassOf SpecificAminoAcid"/>
            <Axiom axiom="N SubClassOf AminoAcid"/>
            <Axiom axiom="TinyPolarAminoAcid SubClassOf SpecificAminoAcid"/>
            <Axiom axiom="Q SubClassOf SpecificAminoAcid"/>
            <Axiom axiom="T SubClassOf SpecificAminoAcid"/>
            <Axiom axiom="W SubClassOf SpecificAminoAcid"/>
            <Axiom axiom="NegativeChargedAminoAcid SubClassOf AminoAcid"/>
            <Axiom axiom="AromaticAminoAcid SubClassOf AminoAcid"/>
            <Axiom axiom="SpecificAminoAcid SubClassOf AminoAcid"/>
            <Axiom axiom="T SubClassOf AminoAcid"/>
            <Axiom axiom="M SubClassOf AminoAcid"/>
            <Axiom axiom="V SubClassOf SpecificAminoAcid"/>
            <Axiom axiom="D SubClassOf AminoAcid"/>
            <Axiom axiom="Y SubClassOf SpecificAminoAcid"/>
            <Axiom axiom="I SubClassOf AminoAcid"/>
            <Axiom axiom="G SubClassOf AminoAcid"/>
            <Axiom axiom="H SubClassOf SpecificAminoAcid"/>
            <Axiom axiom="AminoAcid SubClassOf SpecificAminoAcid"/>
            <Axiom axiom="L SubClassOf AminoAcid"/>
            <Axiom axiom="LargeAliphaticAminoAcid SubClassOf AminoAcid"/>
            <Axiom axiom="K SubClassOf AminoAcid"/>
            <Axiom axiom="D SubClassOf SpecificAminoAcid"/>
            <Axiom axiom="G SubClassOf SpecificAminoAcid"/>
            <Axiom axiom="AromaticAminoAcid SubClassOf SpecificAminoAcid"/>
            <Axiom axiom="L SubClassOf SpecificAminoAcid"/>
            <Axiom axiom="TinyPolarAminoAcid SubClassOf AminoAcid"/>
            <Axiom axiom="R SubClassOf AminoAcid"/>
            <Axiom axiom="Q SubClassOf AminoAcid"/>
            <Axiom axiom="A SubClassOf SpecificAminoAcid"/>
            <Axiom axiom="R SubClassOf SpecificAminoAcid"/>
         </Generalisation>
         <Generalisation axiom="?cluster_1 SubClassOf hasHydrophobicity only &#10;(ValuePartition and ?ValuePartition_conjunction)" count="23" instantiationStats="?ValuePartition count: 3; ?cluster_1 count: 23">
            <Axiom axiom="I SubClassOf hasHydrophobicity only &#10;(Hydrophobic and Hydrophobicity and ValuePartition)"/>
            <Axiom axiom="H SubClassOf hasHydrophobicity only &#10;(Hydrophilic and Hydrophobicity and ValuePartition)"/>
            <Axiom axiom="T SubClassOf hasHydrophobicity only &#10;(Hydrophilic and Hydrophobicity and ValuePartition)"/>
            <Axiom axiom="C SubClassOf hasHydrophobicity only &#10;(Hydrophobic and Hydrophobicity and ValuePartition)"/>
            <Axiom axiom="F SubClassOf hasHydrophobicity only &#10;(Hydrophobic and Hydrophobicity and ValuePartition)"/>
            <Axiom axiom="S SubClassOf hasHydrophobicity only &#10;(Hydrophilic and Hydrophobicity and ValuePartition)"/>
            <Axiom axiom="R SubClassOf hasHydrophobicity only &#10;(Hydrophilic and Hydrophobicity and ValuePartition)"/>
            <Axiom axiom="D SubClassOf hasHydrophobicity only &#10;(Hydrophilic and Hydrophobicity and ValuePartition)"/>
            <Axiom axiom="K SubClassOf hasHydrophobicity only &#10;(Hydrophilic and Hydrophobicity and ValuePartition)"/>
            <Axiom axiom="NegativeChargedAminoAcid SubClassOf hasHydrophobicity only &#10;(Hydrophilic and Hydrophobicity and ValuePartition)"/>
            <Axiom axiom="A SubClassOf hasHydrophobicity only &#10;(Hydrophobic and Hydrophobicity and ValuePartition)"/>
            <Axiom axiom="N SubClassOf hasHydrophobicity only &#10;(Hydrophilic and Hydrophobicity and ValuePartition)"/>
            <Axiom axiom="Y SubClassOf hasHydrophobicity only &#10;(Hydrophobic and Hydrophobicity and ValuePartition)"/>
            <Axiom axiom="Q SubClassOf hasHydrophobicity only &#10;(Hydrophilic and Hydrophobicity and ValuePartition)"/>
            <Axiom axiom="L SubClassOf hasHydrophobicity only &#10;(Hydrophobic and Hydrophobicity and ValuePartition)"/>
            <Axiom axiom="TinyPolarAminoAcid SubClassOf hasHydrophobicity only &#10;(Hydrophilic and Hydrophobicity and ValuePartition)"/>
            <Axiom axiom="E SubClassOf hasHydrophobicity only &#10;(Hydrophilic and Hydrophobicity and ValuePartition)"/>
            <Axiom axiom="PositiveChargedAminoAcid SubClassOf hasHydrophobicity only &#10;(Hydrophilic and Hydrophobicity and ValuePartition)"/>
            <Axiom axiom="M SubClassOf hasHydrophobicity only &#10;(Hydrophobic and Hydrophobicity and ValuePartition)"/>
            <Axiom axiom="P SubClassOf hasHydrophobicity only &#10;(Hydrophobic and Hydrophobicity and ValuePartition)"/>
            <Axiom axiom="G SubClassOf hasHydrophobicity only &#10;(Hydrophobic and Hydrophobicity and ValuePartition)"/>
            <Axiom axiom="V SubClassOf hasHydrophobicity only &#10;(Hydrophobic and Hydrophobicity and ValuePartition)"/>
            <Axiom axiom="W SubClassOf hasHydrophobicity only &#10;(Hydrophobic and Hydrophobicity and ValuePartition)"/>
         </Generalisation>
         <Generalisation axiom="?cluster_1 SubClassOf hasSize some Thing" count="28" instantiationStats="?cluster_1 count: 28">
            <Axiom axiom="Q SubClassOf hasSize some Thing"/>
            <Axiom axiom="K SubClassOf hasSize some Thing"/>
            <Axiom axiom="H SubClassOf hasSize some Thing"/>
            <Axiom axiom="A SubClassOf hasSize some Thing"/>
            <Axiom axiom="NegativeChargedAminoAcid SubClassOf hasSize some Thing"/>
            <Axiom axiom="G SubClassOf hasSize some Thing"/>
            <Axiom axiom="E SubClassOf hasSize some Thing"/>
            <Axiom axiom="R SubClassOf hasSize some Thing"/>
            <Axiom axiom="AminoAcid SubClassOf hasSize some Thing"/>
            <Axiom axiom="W SubClassOf hasSize some Thing"/>
            <Axiom axiom="TinyPolarAminoAcid SubClassOf hasSize some Thing"/>
            <Axiom axiom="M SubClassOf hasSize some Thing"/>
            <Axiom axiom="C SubClassOf hasSize some Thing"/>
            <Axiom axiom="AromaticAminoAcid SubClassOf hasSize some Thing"/>
            <Axiom axiom="F SubClassOf hasSize some Thing"/>
            <Axiom axiom="V SubClassOf hasSize some Thing"/>
            <Axiom axiom="L SubClassOf hasSize some Thing"/>
            <Axiom axiom="I SubClassOf hasSize some Thing"/>
            <Axiom axiom="PositiveChargedAminoAcid SubClassOf hasSize some Thing"/>
            <Axiom axiom="D SubClassOf hasSize some Thing"/>
            <Axiom axiom="LargeAliphaticAminoAcid SubClassOf hasSize some Thing"/>
            <Axiom axiom="SpecificAminoAcid SubClassOf hasSize some Thing"/>
            <Axiom axiom="T SubClassOf hasSize some Thing"/>
            <Axiom axiom="S SubClassOf hasSize some Thing"/>
            <Axiom axiom="Y SubClassOf hasSize some Thing"/>
            <Axiom axiom="P SubClassOf hasSize some Thing"/>
            <Axiom axiom="N SubClassOf hasSize some Thing"/>
            <Axiom axiom="AliphaticAminoAcid SubClassOf hasSize some Thing"/>
         </Generalisation>
         <Generalisation axiom="?cluster_1 SubClassOf hasPolarity some Thing" count="28" instantiationStats="?cluster_1 count: 28">
            <Axiom axiom="F SubClassOf hasPolarity some Thing"/>
            <Axiom axiom="E SubClassOf hasPolarity some Thing"/>
            <Axiom axiom="I SubClassOf hasPolarity some Thing"/>
            <Axiom axiom="L SubClassOf hasPolarity some Thing"/>
            <Axiom axiom="G SubClassOf hasPolarity some Thing"/>
            <Axiom axiom="Y SubClassOf hasPolarity some Thing"/>
            <Axiom axiom="AminoAcid SubClassOf hasPolarity some Thing"/>
            <Axiom axiom="S SubClassOf hasPolarity some Thing"/>
            <Axiom axiom="P SubClassOf hasPolarity some Thing"/>
            <Axiom axiom="V SubClassOf hasPolarity some Thing"/>
            <Axiom axiom="W SubClassOf hasPolarity some Thing"/>
            <Axiom axiom="TinyPolarAminoAcid SubClassOf hasPolarity some Thing"/>
            <Axiom axiom="D SubClassOf hasPolarity some Thing"/>
            <Axiom axiom="C SubClassOf hasPolarity some Thing"/>
            <Axiom axiom="SpecificAminoAcid SubClassOf hasPolarity some Thing"/>
            <Axiom axiom="PositiveChargedAminoAcid SubClassOf hasPolarity some Thing"/>
            <Axiom axiom="M SubClassOf hasPolarity some Thing"/>
            <Axiom axiom="AliphaticAminoAcid SubClassOf hasPolarity some Thing"/>
            <Axiom axiom="LargeAliphaticAminoAcid SubClassOf hasPolarity some Thing"/>
            <Axiom axiom="NegativeChargedAminoAcid SubClassOf hasPolarity some Thing"/>
            <Axiom axiom="AromaticAminoAcid SubClassOf hasPolarity some Thing"/>
            <Axiom axiom="T SubClassOf hasPolarity some Thing"/>
            <Axiom axiom="H SubClassOf hasPolarity some Thing"/>
            <Axiom axiom="Q SubClassOf hasPolarity some Thing"/>
            <Axiom axiom="K SubClassOf hasPolarity some Thing"/>
            <Axiom axiom="N SubClassOf hasPolarity some Thing"/>
            <Axiom axiom="A SubClassOf hasPolarity some Thing"/>
            <Axiom axiom="R SubClassOf hasPolarity some Thing"/>
         </Generalisation>
         <Generalisation axiom="?cluster_1 EquivalentTo hasHydrophobicity some Thing" count="2" instantiationStats="?cluster_1 count: 2">
            <Axiom axiom="AminoAcid EquivalentTo hasHydrophobicity some Thing"/>
            <Axiom axiom="SpecificAminoAcid EquivalentTo hasHydrophobicity some Thing"/>
         </Generalisation>
         <Generalisation axiom="?cluster_1 SubClassOf hasPolarity some &#10;(ValuePartition and ?ValuePartition_conjunction)" count="23" instantiationStats="?ValuePartition count: 3; ?cluster_1 count: 23">
            <Axiom axiom="Y SubClassOf hasPolarity some &#10;(Polar and Polarity and ValuePartition)"/>
            <Axiom axiom="A SubClassOf hasPolarity some &#10;(Non-Polar and Polarity and ValuePartition)"/>
            <Axiom axiom="S SubClassOf hasPolarity some &#10;(Polar and Polarity and ValuePartition)"/>
            <Axiom axiom="E SubClassOf hasPolarity some &#10;(Polar and Polarity and ValuePartition)"/>
            <Axiom axiom="R SubClassOf hasPolarity some &#10;(Polar and Polarity and ValuePartition)"/>
            <Axiom axiom="W SubClassOf hasPolarity some &#10;(Non-Polar and Polarity and ValuePartition)"/>
            <Axiom axiom="H SubClassOf hasPolarity some &#10;(Polar and Polarity and ValuePartition)"/>
            <Axiom axiom="F SubClassOf hasPolarity some &#10;(Non-Polar and Polarity and ValuePartition)"/>
            <Axiom axiom="N SubClassOf hasPolarity some &#10;(Polar and Polarity and ValuePartition)"/>
            <Axiom axiom="T SubClassOf hasPolarity some &#10;(Polar and Polarity and ValuePartition)"/>
            <Axiom axiom="M SubClassOf hasPolarity some &#10;(Non-Polar and Polarity and ValuePartition)"/>
            <Axiom axiom="G SubClassOf hasPolarity some &#10;(Non-Polar and Polarity and ValuePartition)"/>
            <Axiom axiom="P SubClassOf hasPolarity some &#10;(Non-Polar and Polarity and ValuePartition)"/>
            <Axiom axiom="I SubClassOf hasPolarity some &#10;(Non-Polar and Polarity and ValuePartition)"/>
            <Axiom axiom="C SubClassOf hasPolarity some &#10;(Polar and Polarity and ValuePartition)"/>
            <Axiom axiom="NegativeChargedAminoAcid SubClassOf hasPolarity some &#10;(Polar and Polarity and ValuePartition)"/>
            <Axiom axiom="K SubClassOf hasPolarity some &#10;(Polar and Polarity and ValuePartition)"/>
            <Axiom axiom="D SubClassOf hasPolarity some &#10;(Polar and Polarity and ValuePartition)"/>
            <Axiom axiom="TinyPolarAminoAcid SubClassOf hasPolarity some &#10;(Polar and Polarity and ValuePartition)"/>
            <Axiom axiom="V SubClassOf hasPolarity some &#10;(Non-Polar and Polarity and ValuePartition)"/>
            <Axiom axiom="Q SubClassOf hasPolarity some &#10;(Polar and Polarity and ValuePartition)"/>
            <Axiom axiom="PositiveChargedAminoAcid SubClassOf hasPolarity some &#10;(Polar and Polarity and ValuePartition)"/>
            <Axiom axiom="L SubClassOf hasPolarity some &#10;(Non-Polar and Polarity and ValuePartition)"/>
         </Generalisation>
         <Generalisation axiom=" EquivalentClasses: ?cluster_1" count="1" instantiationStats="?cluster_1 count: 2">
            <Axiom axiom="AminoAcid EquivalentTo SpecificAminoAcid"/>
         </Generalisation>
         <Generalisation axiom="?cluster_1 SubClassOf hasSize some &#10;(ValuePartition and ?ValuePartition_conjunction)" count="25" instantiationStats="?ValuePartition count: 4; ?cluster_1 count: 25">
            <Axiom axiom="T SubClassOf hasSize some &#10;(Size and Tiny and ValuePartition)"/>
            <Axiom axiom="K SubClassOf hasSize some &#10;(Large and Size and ValuePartition)"/>
            <Axiom axiom="G SubClassOf hasSize some &#10;(Size and Tiny and ValuePartition)"/>
            <Axiom axiom="V SubClassOf hasSize some &#10;(Size and Small and ValuePartition)"/>
            <Axiom axiom="E SubClassOf hasSize some &#10;(Size and Small and ValuePartition)"/>
            <Axiom axiom="W SubClassOf hasSize some &#10;(Large and Size and ValuePartition)"/>
            <Axiom axiom="AromaticAminoAcid SubClassOf hasSize some &#10;(Large and Size and ValuePartition)"/>
            <Axiom axiom="D SubClassOf hasSize some &#10;(Size and Small and ValuePartition)"/>
            <Axiom axiom="L SubClassOf hasSize some &#10;(Large and Size and ValuePartition)"/>
            <Axiom axiom="PositiveChargedAminoAcid SubClassOf hasSize some &#10;(Large and Size and ValuePartition)"/>
            <Axiom axiom="P SubClassOf hasSize some &#10;(Size and Small and ValuePartition)"/>
            <Axiom axiom="C SubClassOf hasSize some &#10;(Size and Small and ValuePartition)"/>
            <Axiom axiom="S SubClassOf hasSize some &#10;(Size and Tiny and ValuePartition)"/>
            <Axiom axiom="H SubClassOf hasSize some &#10;(Large and Size and ValuePartition)"/>
            <Axiom axiom="F SubClassOf hasSize some &#10;(Large and Size and ValuePartition)"/>
            <Axiom axiom="I SubClassOf hasSize some &#10;(Large and Size and ValuePartition)"/>
            <Axiom axiom="TinyPolarAminoAcid SubClassOf hasSize some &#10;(Size and Tiny and ValuePartition)"/>
            <Axiom axiom="NegativeChargedAminoAcid SubClassOf hasSize some &#10;(Size and Small and ValuePartition)"/>
            <Axiom axiom="LargeAliphaticAminoAcid SubClassOf hasSize some &#10;(Large and Size and ValuePartition)"/>
            <Axiom axiom="N SubClassOf hasSize some &#10;(Size and Small and ValuePartition)"/>
            <Axiom axiom="Q SubClassOf hasSize some &#10;(Large and Size and ValuePartition)"/>
            <Axiom axiom="Y SubClassOf hasSize some &#10;(Large and Size and ValuePartition)"/>
            <Axiom axiom="A SubClassOf hasSize some &#10;(Size and Tiny and ValuePartition)"/>
            <Axiom axiom="R SubClassOf hasSize some &#10;(Large and Size and ValuePartition)"/>
            <Axiom axiom="M SubClassOf hasSize some &#10;(Large and Size and ValuePartition)"/>
         </Generalisation>
         <Generalisation axiom="?cluster_1 SubClassOf hasCharge only &#10;(ValuePartition and ?ValuePartition_conjunction)" count="23" instantiationStats="?ValuePartition count: 4; ?cluster_1 count: 23">
            <Axiom axiom="C SubClassOf hasCharge only &#10;(Charge and Neutral and ValuePartition)"/>
            <Axiom axiom="F SubClassOf hasCharge only &#10;(Charge and Neutral and ValuePartition)"/>
            <Axiom axiom="Y SubClassOf hasCharge only &#10;(Charge and Neutral and ValuePartition)"/>
            <Axiom axiom="T SubClassOf hasCharge only &#10;(Charge and Neutral and ValuePartition)"/>
            <Axiom axiom="M SubClassOf hasCharge only &#10;(Charge and Neutral and ValuePartition)"/>
            <Axiom axiom="D SubClassOf hasCharge only &#10;(Charge and Negative and ValuePartition)"/>
            <Axiom axiom="L SubClassOf hasCharge only &#10;(Charge and Neutral and ValuePartition)"/>
            <Axiom axiom="Q SubClassOf hasCharge only &#10;(Charge and Neutral and ValuePartition)"/>
            <Axiom axiom="A SubClassOf hasCharge only &#10;(Charge and Neutral and ValuePartition)"/>
            <Axiom axiom="K SubClassOf hasCharge only &#10;(Charge and Positive and ValuePartition)"/>
            <Axiom axiom="H SubClassOf hasCharge only &#10;(Charge and Positive and ValuePartition)"/>
            <Axiom axiom="E SubClassOf hasCharge only &#10;(Charge and Negative and ValuePartition)"/>
            <Axiom axiom="I SubClassOf hasCharge only &#10;(Charge and Neutral and ValuePartition)"/>
            <Axiom axiom="P SubClassOf hasCharge only &#10;(Charge and Neutral and ValuePartition)"/>
            <Axiom axiom="S SubClassOf hasCharge only &#10;(Charge and Neutral and ValuePartition)"/>
            <Axiom axiom="W SubClassOf hasCharge only &#10;(Charge and Neutral and ValuePartition)"/>
            <Axiom axiom="NegativeChargedAminoAcid SubClassOf hasCharge only &#10;(Charge and Negative and ValuePartition)"/>
            <Axiom axiom="R SubClassOf hasCharge only &#10;(Charge and Positive and ValuePartition)"/>
            <Axiom axiom="TinyPolarAminoAcid SubClassOf hasCharge only &#10;(Charge and Neutral and ValuePartition)"/>
            <Axiom axiom="PositiveChargedAminoAcid SubClassOf hasCharge only &#10;(Charge and Positive and ValuePartition)"/>
            <Axiom axiom="G SubClassOf hasCharge only &#10;(Charge and Neutral and ValuePartition)"/>
            <Axiom axiom="V SubClassOf hasCharge only &#10;(Charge and Neutral and ValuePartition)"/>
            <Axiom axiom="N SubClassOf hasCharge only &#10;(Charge and Neutral and ValuePartition)"/>
         </Generalisation>
         <Generalisation axiom="?cluster_1 SubClassOf hasCharge some Thing" count="28" instantiationStats="?cluster_1 count: 28">
            <Axiom axiom="W SubClassOf hasCharge some Thing"/>
            <Axiom axiom="T SubClassOf hasCharge some Thing"/>
            <Axiom axiom="C SubClassOf hasCharge some Thing"/>
            <Axiom axiom="G SubClassOf hasCharge some Thing"/>
            <Axiom axiom="L SubClassOf hasCharge some Thing"/>
            <Axiom axiom="AromaticAminoAcid SubClassOf hasCharge some Thing"/>
            <Axiom axiom="LargeAliphaticAminoAcid SubClassOf hasCharge some Thing"/>
            <Axiom axiom="V SubClassOf hasCharge some Thing"/>
            <Axiom axiom="AliphaticAminoAcid SubClassOf hasCharge some Thing"/>
            <Axiom axiom="SpecificAminoAcid SubClassOf hasCharge some Thing"/>
            <Axiom axiom="I SubClassOf hasCharge some Thing"/>
            <Axiom axiom="H SubClassOf hasCharge some Thing"/>
            <Axiom axiom="S SubClassOf hasCharge some Thing"/>
            <Axiom axiom="E SubClassOf hasCharge some Thing"/>
            <Axiom axiom="F SubClassOf hasCharge some Thing"/>
            <Axiom axiom="Y SubClassOf hasCharge some Thing"/>
            <Axiom axiom="TinyPolarAminoAcid SubClassOf hasCharge some Thing"/>
            <Axiom axiom="AminoAcid SubClassOf hasCharge some Thing"/>
            <Axiom axiom="N SubClassOf hasCharge some Thing"/>
            <Axiom axiom="M SubClassOf hasCharge some Thing"/>
            <Axiom axiom="NegativeChargedAminoAcid SubClassOf hasCharge some Thing"/>
            <Axiom axiom="K SubClassOf hasCharge some Thing"/>
            <Axiom axiom="A SubClassOf hasCharge some Thing"/>
            <Axiom axiom="PositiveChargedAminoAcid SubClassOf hasCharge some Thing"/>
            <Axiom axiom="P SubClassOf hasCharge some Thing"/>
            <Axiom axiom="Q SubClassOf hasCharge some Thing"/>
            <Axiom axiom="R SubClassOf hasCharge some Thing"/>
            <Axiom axiom="D SubClassOf hasCharge some Thing"/>
         </Generalisation>
         <Generalisation axiom="?cluster_1 SubClassOf hasCharge some &#10;(ValuePartition and ?ValuePartition_conjunction)" count="23" instantiationStats="?ValuePartition count: 4; ?cluster_1 count: 23">
            <Axiom axiom="P SubClassOf hasCharge some &#10;(Charge and Neutral and ValuePartition)"/>
            <Axiom axiom="S SubClassOf hasCharge some &#10;(Charge and Neutral and ValuePartition)"/>
            <Axiom axiom="V SubClassOf hasCharge some &#10;(Charge and Neutral and ValuePartition)"/>
            <Axiom axiom="W SubClassOf hasCharge some &#10;(Charge and Neutral and ValuePartition)"/>
            <Axiom axiom="N SubClassOf hasCharge some &#10;(Charge and Neutral and ValuePartition)"/>
            <Axiom axiom="E SubClassOf hasCharge some &#10;(Charge and Negative and ValuePartition)"/>
            <Axiom axiom="L SubClassOf hasCharge some &#10;(Charge and Neutral and ValuePartition)"/>
            <Axiom axiom="Q SubClassOf hasCharge some &#10;(Charge and Neutral and ValuePartition)"/>
            <Axiom axiom="C SubClassOf hasCharge some &#10;(Charge and Neutral and ValuePartition)"/>
            <Axiom axiom="Y SubClassOf hasCharge some &#10;(Charge and Neutral and ValuePartition)"/>
            <Axiom axiom="G SubClassOf hasCharge some &#10;(Charge and Neutral and ValuePartition)"/>
            <Axiom axiom="R SubClassOf hasCharge some &#10;(Charge and Positive and ValuePartition)"/>
            <Axiom axiom="I SubClassOf hasCharge some &#10;(Charge and Neutral and ValuePartition)"/>
            <Axiom axiom="M SubClassOf hasCharge some &#10;(Charge and Neutral and ValuePartition)"/>
            <Axiom axiom="PositiveChargedAminoAcid SubClassOf hasCharge some &#10;(Charge and Positive and ValuePartition)"/>
            <Axiom axiom="T SubClassOf hasCharge some &#10;(Charge and Neutral and ValuePartition)"/>
            <Axiom axiom="NegativeChargedAminoAcid SubClassOf hasCharge some &#10;(Charge and Negative and ValuePartition)"/>
            <Axiom axiom="D SubClassOf hasCharge some &#10;(Charge and Negative and ValuePartition)"/>
            <Axiom axiom="F SubClassOf hasCharge some &#10;(Charge and Neutral and ValuePartition)"/>
            <Axiom axiom="K SubClassOf hasCharge some &#10;(Charge and Positive and ValuePartition)"/>
            <Axiom axiom="H SubClassOf hasCharge some &#10;(Charge and Positive and ValuePartition)"/>
            <Axiom axiom="TinyPolarAminoAcid SubClassOf hasCharge some &#10;(Charge and Neutral and ValuePartition)"/>
            <Axiom axiom="A SubClassOf hasCharge some &#10;(Charge and Neutral and ValuePartition)"/>
         </Generalisation>
         <Generalisation axiom="?cluster_1 EquivalentTo hasSize some Thing" count="2" instantiationStats="?cluster_1 count: 2">
            <Axiom axiom="SpecificAminoAcid EquivalentTo hasSize some Thing"/>
            <Axiom axiom="AminoAcid EquivalentTo hasSize some Thing"/>
         </Generalisation>
         <Generalisation axiom="?cluster_1 SubClassOf hasSideChainStructure some Thing" count="28" instantiationStats="?cluster_1 count: 28">
            <Axiom axiom="E SubClassOf hasSideChainStructure some Thing"/>
            <Axiom axiom="Y SubClassOf hasSideChainStructure some Thing"/>
            <Axiom axiom="V SubClassOf hasSideChainStructure some Thing"/>
            <Axiom axiom="LargeAliphaticAminoAcid SubClassOf hasSideChainStructure some Thing"/>
            <Axiom axiom="K SubClassOf hasSideChainStructure some Thing"/>
            <Axiom axiom="S SubClassOf hasSideChainStructure some Thing"/>
            <Axiom axiom="AminoAcid SubClassOf hasSideChainStructure some Thing"/>
            <Axiom axiom="I SubClassOf hasSideChainStructure some Thing"/>
            <Axiom axiom="Q SubClassOf hasSideChainStructure some Thing"/>
            <Axiom axiom="AromaticAminoAcid SubClassOf hasSideChainStructure some Thing"/>
            <Axiom axiom="A SubClassOf hasSideChainStructure some Thing"/>
            <Axiom axiom="AliphaticAminoAcid SubClassOf hasSideChainStructure some Thing"/>
            <Axiom axiom="F SubClassOf hasSideChainStructure some Thing"/>
            <Axiom axiom="P SubClassOf hasSideChainStructure some Thing"/>
            <Axiom axiom="D SubClassOf hasSideChainStructure some Thing"/>
            <Axiom axiom="W SubClassOf hasSideChainStructure some Thing"/>
            <Axiom axiom="SpecificAminoAcid SubClassOf hasSideChainStructure some Thing"/>
            <Axiom axiom="N SubClassOf hasSideChainStructure some Thing"/>
            <Axiom axiom="L SubClassOf hasSideChainStructure some Thing"/>
            <Axiom axiom="T SubClassOf hasSideChainStructure some Thing"/>
            <Axiom axiom="TinyPolarAminoAcid SubClassOf hasSideChainStructure some Thing"/>
            <Axiom axiom="R SubClassOf hasSideChainStructure some Thing"/>
            <Axiom axiom="H SubClassOf hasSideChainStructure some Thing"/>
            <Axiom axiom="M SubClassOf hasSideChainStructure some Thing"/>
            <Axiom axiom="NegativeChargedAminoAcid SubClassOf hasSideChainStructure some Thing"/>
            <Axiom axiom="G SubClassOf hasSideChainStructure some Thing"/>
            <Axiom axiom="PositiveChargedAminoAcid SubClassOf hasSideChainStructure some Thing"/>
            <Axiom axiom="C SubClassOf hasSideChainStructure some Thing"/>
         </Generalisation>
      </Generalisations>
   </Cluster>
   <Cluster size="17">
      <Item iri="http://www.co-ode.org/ontologies/amino-acid/2005/10/11/amino-acid.owl#Hydrophobicity"/>
      <Item iri="http://www.co-ode.org/ontologies/amino-acid/2005/10/11/amino-acid.owl#Charge"/>
      <Item iri="http://www.co-ode.org/ontologies/amino-acid/2005/10/11/amino-acid.owl#Large"/>
      <Item iri="http://www.co-ode.org/ontologies/amino-acid/2005/10/11/amino-acid.owl#Hydrophilic"/>
      <Item iri="http://www.co-ode.org/ontologies/amino-acid/2005/10/11/amino-acid.owl#Polar"/>
      <Item iri="http://www.co-ode.org/ontologies/amino-acid/2005/10/11/amino-acid.owl#Neutral"/>
      <Item iri="http://www.co-ode.org/ontologies/amino-acid/2005/10/11/amino-acid.owl#Negative"/>
      <Item iri="http://www.co-ode.org/ontologies/amino-acid/2005/10/11/amino-acid.owl#Polarity"/>
      <Item iri="http://www.co-ode.org/ontologies/amino-acid/2005/10/11/amino-acid.owl#Positive"/>
      <Item iri="http://www.co-ode.org/ontologies/amino-acid/2005/10/11/amino-acid.owl#Non-Polar"/>
      <Item iri="http://www.co-ode.org/ontologies/amino-acid/2005/10/11/amino-acid.owl#Aromatic"/>
      <Item iri="http://www.co-ode.org/ontologies/amino-acid/2005/10/11/amino-acid.owl#Size"/>
      <Item iri="http://www.co-ode.org/ontologies/amino-acid/2005/10/11/amino-acid.owl#Aliphatic"/>
      <Item iri="http://www.co-ode.org/ontologies/amino-acid/2005/10/11/amino-acid.owl#Tiny"/>
      <Item iri="http://www.co-ode.org/ontologies/amino-acid/2005/10/11/amino-acid.owl#Hydrophobic"/>
      <Item iri="http://www.co-ode.org/ontologies/amino-acid/2005/10/11/amino-acid.owl#Small"/>
      <Item iri="http://www.co-ode.org/ontologies/amino-acid/2005/10/11/amino-acid.owl#SideChainStructure"/>
      <Generalisations>
         <Generalisation axiom="?cluster_1 EquivalentTo hasCharge some &#10;(ValuePartition and ?ValuePartition_conjunction)" count="2" instantiationStats="?ValuePartition count: 3; ?cluster_1 count: 2">
            <Axiom axiom="PositiveChargedAminoAcid EquivalentTo hasCharge some &#10;(Charge and Positive and ValuePartition)"/>
            <Axiom axiom="NegativeChargedAminoAcid EquivalentTo hasCharge some &#10;(Charge and Negative and ValuePartition)"/>
         </Generalisation>
         <Generalisation axiom="?cluster_1 SubClassOf hasSize only &#10;(ValuePartition and ?ValuePartition_conjunction)" count="25" instantiationStats="?ValuePartition count: 4; ?cluster_1 count: 25">
            <Axiom axiom="C SubClassOf hasSize only &#10;(Size and Small and ValuePartition)"/>
            <Axiom axiom="E SubClassOf hasSize only &#10;(Size and Small and ValuePartition)"/>
            <Axiom axiom="N SubClassOf hasSize only &#10;(Size and Small and ValuePartition)"/>
            <Axiom axiom="Q SubClassOf hasSize only &#10;(Large and Size and ValuePartition)"/>
            <Axiom axiom="PositiveChargedAminoAcid SubClassOf hasSize only &#10;(Large and Size and ValuePartition)"/>
            <Axiom axiom="LargeAliphaticAminoAcid SubClassOf hasSize only &#10;(Large and Size and ValuePartition)"/>
            <Axiom axiom="R SubClassOf hasSize only &#10;(Large and Size and ValuePartition)"/>
            <Axiom axiom="M SubClassOf hasSize only &#10;(Large and Size and ValuePartition)"/>
            <Axiom axiom="P SubClassOf hasSize only &#10;(Size and Small and ValuePartition)"/>
            <Axiom axiom="NegativeChargedAminoAcid SubClassOf hasSize only &#10;(Size and Small and ValuePartition)"/>
            <Axiom axiom="A SubClassOf hasSize only &#10;(Size and Tiny and ValuePartition)"/>
            <Axiom axiom="L SubClassOf hasSize only &#10;(Large and Size and ValuePartition)"/>
            <Axiom axiom="S SubClassOf hasSize only &#10;(Size and Tiny and ValuePartition)"/>
            <Axiom axiom="AromaticAminoAcid SubClassOf hasSize only &#10;(Large and Size and ValuePartition)"/>
            <Axiom axiom="I SubClassOf hasSize only &#10;(Large and Size and ValuePartition)"/>
            <Axiom axiom="G SubClassOf hasSize only &#10;(Size and Tiny and ValuePartition)"/>
            <Axiom axiom="W SubClassOf hasSize only &#10;(Large and Size and ValuePartition)"/>
            <Axiom axiom="T SubClassOf hasSize only &#10;(Size and Tiny and ValuePartition)"/>
            <Axiom axiom="Y SubClassOf hasSize only &#10;(Large and Size and ValuePartition)"/>
            <Axiom axiom="H SubClassOf hasSize only &#10;(Large and Size and ValuePartition)"/>
            <Axiom axiom="F SubClassOf hasSize only &#10;(Large and Size and ValuePartition)"/>
            <Axiom axiom="D SubClassOf hasSize only &#10;(Size and Small and ValuePartition)"/>
            <Axiom axiom="K SubClassOf hasSize only &#10;(Large and Size and ValuePartition)"/>
            <Axiom axiom="TinyPolarAminoAcid SubClassOf hasSize only &#10;(Size and Tiny and ValuePartition)"/>
            <Axiom axiom="V SubClassOf hasSize only &#10;(Size and Small and ValuePartition)"/>
         </Generalisation>
         <Generalisation axiom="?cluster_1 SubClassOf hasPolarity only &#10;(ValuePartition and ?ValuePartition_conjunction)" count="23" instantiationStats="?ValuePartition count: 3; ?cluster_1 count: 23">
            <Axiom axiom="Y SubClassOf hasPolarity only &#10;(Polar and Polarity and ValuePartition)"/>
            <Axiom axiom="E SubClassOf hasPolarity only &#10;(Polar and Polarity and ValuePartition)"/>
            <Axiom axiom="V SubClassOf hasPolarity only &#10;(Non-Polar and Polarity and ValuePartition)"/>
            <Axiom axiom="H SubClassOf hasPolarity only &#10;(Polar and Polarity and ValuePartition)"/>
            <Axiom axiom="TinyPolarAminoAcid SubClassOf hasPolarity only &#10;(Polar and Polarity and ValuePartition)"/>
            <Axiom axiom="S SubClassOf hasPolarity only &#10;(Polar and Polarity and ValuePartition)"/>
            <Axiom axiom="A SubClassOf hasPolarity only &#10;(Non-Polar and Polarity and ValuePartition)"/>
            <Axiom axiom="D SubClassOf hasPolarity only &#10;(Polar and Polarity and ValuePartition)"/>
            <Axiom axiom="C SubClassOf hasPolarity only &#10;(Polar and Polarity and ValuePartition)"/>
            <Axiom axiom="L SubClassOf hasPolarity only &#10;(Non-Polar and Polarity and ValuePartition)"/>
            <Axiom axiom="I SubClassOf hasPolarity only &#10;(Non-Polar and Polarity and ValuePartition)"/>
            <Axiom axiom="T SubClassOf hasPolarity only &#10;(Polar and Polarity and ValuePartition)"/>
            <Axiom axiom="Q SubClassOf hasPolarity only &#10;(Polar and Polarity and ValuePartition)"/>
            <Axiom axiom="PositiveChargedAminoAcid SubClassOf hasPolarity only &#10;(Polar and Polarity and ValuePartition)"/>
            <Axiom axiom="P SubClassOf hasPolarity only &#10;(Non-Polar and Polarity and ValuePartition)"/>
            <Axiom axiom="R SubClassOf hasPolarity only &#10;(Polar and Polarity and ValuePartition)"/>
            <Axiom axiom="G SubClassOf hasPolarity only &#10;(Non-Polar and Polarity and ValuePartition)"/>
            <Axiom axiom="M SubClassOf hasPolarity only &#10;(Non-Polar and Polarity and ValuePartition)"/>
            <Axiom axiom="NegativeChargedAminoAcid SubClassOf hasPolarity only &#10;(Polar and Polarity and ValuePartition)"/>
            <Axiom axiom="F SubClassOf hasPolarity only &#10;(Non-Polar and Polarity and ValuePartition)"/>
            <Axiom axiom="N SubClassOf hasPolarity only &#10;(Polar and Polarity and ValuePartition)"/>
            <Axiom axiom="W SubClassOf hasPolarity only &#10;(Non-Polar and Polarity and ValuePartition)"/>
            <Axiom axiom="K SubClassOf hasPolarity only &#10;(Polar and Polarity and ValuePartition)"/>
         </Generalisation>
         <Generalisation axiom="?ValuePartition SubClassOf ValuePartition" count="17" instantiationStats="?ValuePartition count: 17">
            <Axiom axiom="Hydrophobic SubClassOf ValuePartition"/>
            <Axiom axiom="Negative SubClassOf ValuePartition"/>
            <Axiom axiom="Aliphatic SubClassOf ValuePartition"/>
            <Axiom axiom="Size SubClassOf ValuePartition"/>
            <Axiom axiom="Tiny SubClassOf ValuePartition"/>
            <Axiom axiom="Aromatic SubClassOf ValuePartition"/>
            <Axiom axiom="Hydrophilic SubClassOf ValuePartition"/>
            <Axiom axiom="Positive SubClassOf ValuePartition"/>
            <Axiom axiom="Polar SubClassOf ValuePartition"/>
            <Axiom axiom="Non-Polar SubClassOf ValuePartition"/>
            <Axiom axiom="Large SubClassOf ValuePartition"/>
            <Axiom axiom="Charge SubClassOf ValuePartition"/>
            <Axiom axiom="Small SubClassOf ValuePartition"/>
            <Axiom axiom="SideChainStructure SubClassOf ValuePartition"/>
            <Axiom axiom="Polarity SubClassOf ValuePartition"/>
            <Axiom axiom="Neutral SubClassOf ValuePartition"/>
            <Axiom axiom="Hydrophobicity SubClassOf ValuePartition"/>
         </Generalisation>
         <Generalisation axiom="?cluster_1 SubClassOf hasSideChainStructure some &#10;(ValuePartition and ?ValuePartition_conjunction)" count="25" instantiationStats="?ValuePartition count: 3; ?cluster_1 count: 25">
            <Axiom axiom="E SubClassOf hasSideChainStructure some &#10;(Aliphatic and SideChainStructure and ValuePartition)"/>
            <Axiom axiom="K SubClassOf hasSideChainStructure some &#10;(Aliphatic and SideChainStructure and ValuePartition)"/>
            <Axiom axiom="Y SubClassOf hasSideChainStructure some &#10;(Aromatic and SideChainStructure and ValuePartition)"/>
            <Axiom axiom="TinyPolarAminoAcid SubClassOf hasSideChainStructure some &#10;(Aliphatic and SideChainStructure and ValuePartition)"/>
            <Axiom axiom="NegativeChargedAminoAcid SubClassOf hasSideChainStructure some &#10;(Aliphatic and SideChainStructure and ValuePartition)"/>
            <Axiom axiom="V SubClassOf hasSideChainStructure some &#10;(Aliphatic and SideChainStructure and ValuePartition)"/>
            <Axiom axiom="P SubClassOf hasSideChainStructure some &#10;(Aliphatic and SideChainStructure and ValuePartition)"/>
            <Axiom axiom="S SubClassOf hasSideChainStructure some &#10;(Aliphatic and SideChainStructure and ValuePartition)"/>
            <Axiom axiom="F SubClassOf hasSideChainStructure some &#10;(Aromatic and SideChainStructure and ValuePartition)"/>
            <Axiom axiom="L SubClassOf hasSideChainStructure some &#10;(Aliphatic and SideChainStructure and ValuePartition)"/>
            <Axiom axiom="C SubClassOf hasSideChainStructure some &#10;(Aliphatic and SideChainStructure and ValuePartition)"/>
            <Axiom axiom="M SubClassOf hasSideChainStructure some &#10;(Aliphatic and SideChainStructure and ValuePartition)"/>
            <Axiom axiom="H SubClassOf hasSideChainStructure some &#10;(Aromatic and SideChainStructure and ValuePartition)"/>
            <Axiom axiom="LargeAliphaticAminoAcid SubClassOf hasSideChainStructure some &#10;(Aliphatic and SideChainStructure and ValuePartition)"/>
            <Axiom axiom="AromaticAminoAcid SubClassOf hasSideChainStructure some &#10;(Aromatic and SideChainStructure and ValuePartition)"/>
            <Axiom axiom="R SubClassOf hasSideChainStructure some &#10;(Aliphatic and SideChainStructure and ValuePartition)"/>
            <Axiom axiom="A SubClassOf hasSideChainStructure some &#10;(Aliphatic and SideChainStructure and ValuePartition)"/>
            <Axiom axiom="N SubClassOf hasSideChainStructure some &#10;(Aliphatic and SideChainStructure and ValuePartition)"/>
            <Axiom axiom="AliphaticAminoAcid SubClassOf hasSideChainStructure some &#10;(Aliphatic and SideChainStructure and ValuePartition)"/>
            <Axiom axiom="T SubClassOf hasSideChainStructure some &#10;(Aliphatic and SideChainStructure and ValuePartition)"/>
            <Axiom axiom="Q SubClassOf hasSideChainStructure some &#10;(Aliphatic and SideChainStructure and ValuePartition)"/>
            <Axiom axiom="I SubClassOf hasSideChainStructure some &#10;(Aliphatic and SideChainStructure and ValuePartition)"/>
            <Axiom axiom="D SubClassOf hasSideChainStructure some &#10;(Aliphatic and SideChainStructure and ValuePartition)"/>
            <Axiom axiom="G SubClassOf hasSideChainStructure some &#10;(Aliphatic and SideChainStructure and ValuePartition)"/>
            <Axiom axiom="W SubClassOf hasSideChainStructure some &#10;(Aromatic and SideChainStructure and ValuePartition)"/>
         </Generalisation>
         <Generalisation axiom="?cluster_1 EquivalentTo hasSideChainStructure some &#10;(ValuePartition and ?ValuePartition_conjunction)" count="2" instantiationStats="?ValuePartition count: 3; ?cluster_1 count: 2">
            <Axiom axiom="AliphaticAminoAcid EquivalentTo hasSideChainStructure some &#10;(Aliphatic and SideChainStructure and ValuePartition)"/>
            <Axiom axiom="AromaticAminoAcid EquivalentTo hasSideChainStructure some &#10;(Aromatic and SideChainStructure and ValuePartition)"/>
         </Generalisation>
         <Generalisation axiom="?cluster_1 SubClassOf hasHydrophobicity some &#10;(ValuePartition and ?ValuePartition_conjunction)" count="23" instantiationStats="?ValuePartition count: 3; ?cluster_1 count: 23">
            <Axiom axiom="F SubClassOf hasHydrophobicity some &#10;(Hydrophobic and Hydrophobicity and ValuePartition)"/>
            <Axiom axiom="M SubClassOf hasHydrophobicity some &#10;(Hydrophobic and Hydrophobicity and ValuePartition)"/>
            <Axiom axiom="A SubClassOf hasHydrophobicity some &#10;(Hydrophobic and Hydrophobicity and ValuePartition)"/>
            <Axiom axiom="T SubClassOf hasHydrophobicity some &#10;(Hydrophilic and Hydrophobicity and ValuePartition)"/>
            <Axiom axiom="I SubClassOf hasHydrophobicity some &#10;(Hydrophobic and Hydrophobicity and ValuePartition)"/>
            <Axiom axiom="P SubClassOf hasHydrophobicity some &#10;(Hydrophobic and Hydrophobicity and ValuePartition)"/>
            <Axiom axiom="K SubClassOf hasHydrophobicity some &#10;(Hydrophilic and Hydrophobicity and ValuePartition)"/>
            <Axiom axiom="D SubClassOf hasHydrophobicity some &#10;(Hydrophilic and Hydrophobicity and ValuePartition)"/>
            <Axiom axiom="TinyPolarAminoAcid SubClassOf hasHydrophobicity some &#10;(Hydrophilic and Hydrophobicity and ValuePartition)"/>
            <Axiom axiom="L SubClassOf hasHydrophobicity some &#10;(Hydrophobic and Hydrophobicity and ValuePartition)"/>
            <Axiom axiom="C SubClassOf hasHydrophobicity some &#10;(Hydrophobic and Hydrophobicity and ValuePartition)"/>
            <Axiom axiom="S SubClassOf hasHydrophobicity some &#10;(Hydrophilic and Hydrophobicity and ValuePartition)"/>
            <Axiom axiom="V SubClassOf hasHydrophobicity some &#10;(Hydrophobic and Hydrophobicity and ValuePartition)"/>
            <Axiom axiom="E SubClassOf hasHydrophobicity some &#10;(Hydrophilic and Hydrophobicity and ValuePartition)"/>
            <Axiom axiom="R SubClassOf hasHydrophobicity some &#10;(Hydrophilic and Hydrophobicity and ValuePartition)"/>
            <Axiom axiom="NegativeChargedAminoAcid SubClassOf hasHydrophobicity some &#10;(Hydrophilic and Hydrophobicity and ValuePartition)"/>
            <Axiom axiom="H SubClassOf hasHydrophobicity some &#10;(Hydrophilic and Hydrophobicity and ValuePartition)"/>
            <Axiom axiom="G SubClassOf hasHydrophobicity some &#10;(Hydrophobic and Hydrophobicity and ValuePartition)"/>
            <Axiom axiom="Y SubClassOf hasHydrophobicity some &#10;(Hydrophobic and Hydrophobicity and ValuePartition)"/>
            <Axiom axiom="Q SubClassOf hasHydrophobicity some &#10;(Hydrophilic and Hydrophobicity and ValuePartition)"/>
            <Axiom axiom="N SubClassOf hasHydrophobicity some &#10;(Hydrophilic and Hydrophobicity and ValuePartition)"/>
            <Axiom axiom="PositiveChargedAminoAcid SubClassOf hasHydrophobicity some &#10;(Hydrophilic and Hydrophobicity and ValuePartition)"/>
            <Axiom axiom="W SubClassOf hasHydrophobicity some &#10;(Hydrophobic and Hydrophobicity and ValuePartition)"/>
         </Generalisation>
         <Generalisation axiom="?cluster_1 SubClassOf hasSideChainStructure only &#10;(ValuePartition and ?ValuePartition_conjunction)" count="25" instantiationStats="?ValuePartition count: 3; ?cluster_1 count: 25">
            <Axiom axiom="T SubClassOf hasSideChainStructure only &#10;(Aliphatic and SideChainStructure and ValuePartition)"/>
            <Axiom axiom="NegativeChargedAminoAcid SubClassOf hasSideChainStructure only &#10;(Aliphatic and SideChainStructure and ValuePartition)"/>
            <Axiom axiom="S SubClassOf hasSideChainStructure only &#10;(Aliphatic and SideChainStructure and ValuePartition)"/>
            <Axiom axiom="D SubClassOf hasSideChainStructure only &#10;(Aliphatic and SideChainStructure and ValuePartition)"/>
            <Axiom axiom="A SubClassOf hasSideChainStructure only &#10;(Aliphatic and SideChainStructure and ValuePartition)"/>
            <Axiom axiom="LargeAliphaticAminoAcid SubClassOf hasSideChainStructure only &#10;(Aliphatic and SideChainStructure and ValuePartition)"/>
            <Axiom axiom="Q SubClassOf hasSideChainStructure only &#10;(Aliphatic and SideChainStructure and ValuePartition)"/>
            <Axiom axiom="F SubClassOf hasSideChainStructure only &#10;(Aromatic and SideChainStructure and ValuePartition)"/>
            <Axiom axiom="TinyPolarAminoAcid SubClassOf hasSideChainStructure only &#10;(Aliphatic and SideChainStructure and ValuePartition)"/>
            <Axiom axiom="N SubClassOf hasSideChainStructure only &#10;(Aliphatic and SideChainStructure and ValuePartition)"/>
            <Axiom axiom="M SubClassOf hasSideChainStructure only &#10;(Aliphatic and SideChainStructure and ValuePartition)"/>
            <Axiom axiom="H SubClassOf hasSideChainStructure only &#10;(Aromatic and SideChainStructure and ValuePartition)"/>
            <Axiom axiom="AliphaticAminoAcid SubClassOf hasSideChainStructure only &#10;(Aliphatic and SideChainStructure and ValuePartition)"/>
            <Axiom axiom="K SubClassOf hasSideChainStructure only &#10;(Aliphatic and SideChainStructure and ValuePartition)"/>
            <Axiom axiom="R SubClassOf hasSideChainStructure only &#10;(Aliphatic and SideChainStructure and ValuePartition)"/>
            <Axiom axiom="L SubClassOf hasSideChainStructure only &#10;(Aliphatic and SideChainStructure and ValuePartition)"/>
            <Axiom axiom="W SubClassOf hasSideChainStructure only &#10;(Aromatic and SideChainStructure and ValuePartition)"/>
            <Axiom axiom="I SubClassOf hasSideChainStructure only &#10;(Aliphatic and SideChainStructure and ValuePartition)"/>
            <Axiom axiom="E SubClassOf hasSideChainStructure only &#10;(Aliphatic and SideChainStructure and ValuePartition)"/>
            <Axiom axiom="V SubClassOf hasSideChainStructure only &#10;(Aliphatic and SideChainStructure and ValuePartition)"/>
            <Axiom axiom="AromaticAminoAcid SubClassOf hasSideChainStructure only &#10;(Aromatic and SideChainStructure and ValuePartition)"/>
            <Axiom axiom="C SubClassOf hasSideChainStructure only &#10;(Aliphatic and SideChainStructure and ValuePartition)"/>
            <Axiom axiom="P SubClassOf hasSideChainStructure only &#10;(Aliphatic and SideChainStructure and ValuePartition)"/>
            <Axiom axiom="Y SubClassOf hasSideChainStructure only &#10;(Aromatic and SideChainStructure and ValuePartition)"/>
            <Axiom axiom="G SubClassOf hasSideChainStructure only &#10;(Aliphatic and SideChainStructure and ValuePartition)"/>
         </Generalisation>
         <Generalisation axiom="?cluster_1 SubClassOf hasHydrophobicity only &#10;(ValuePartition and ?ValuePartition_conjunction)" count="23" instantiationStats="?ValuePartition count: 3; ?cluster_1 count: 23">
            <Axiom axiom="I SubClassOf hasHydrophobicity only &#10;(Hydrophobic and Hydrophobicity and ValuePartition)"/>
            <Axiom axiom="H SubClassOf hasHydrophobicity only &#10;(Hydrophilic and Hydrophobicity and ValuePartition)"/>
            <Axiom axiom="T SubClassOf hasHydrophobicity only &#10;(Hydrophilic and Hydrophobicity and ValuePartition)"/>
            <Axiom axiom="C SubClassOf hasHydrophobicity only &#10;(Hydrophobic and Hydrophobicity and ValuePartition)"/>
            <Axiom axiom="F SubClassOf hasHydrophobicity only &#10;(Hydrophobic and Hydrophobicity and ValuePartition)"/>
            <Axiom axiom="S SubClassOf hasHydrophobicity only &#10;(Hydrophilic and Hydrophobicity and ValuePartition)"/>
            <Axiom axiom="R SubClassOf hasHydrophobicity only &#10;(Hydrophilic and Hydrophobicity and ValuePartition)"/>
            <Axiom axiom="D SubClassOf hasHydrophobicity only &#10;(Hydrophilic and Hydrophobicity and ValuePartition)"/>
            <Axiom axiom="K SubClassOf hasHydrophobicity only &#10;(Hydrophilic and Hydrophobicity and ValuePartition)"/>
            <Axiom axiom="NegativeChargedAminoAcid SubClassOf hasHydrophobicity only &#10;(Hydrophilic and Hydrophobicity and ValuePartition)"/>
            <Axiom axiom="A SubClassOf hasHydrophobicity only &#10;(Hydrophobic and Hydrophobicity and ValuePartition)"/>
            <Axiom axiom="N SubClassOf hasHydrophobicity only &#10;(Hydrophilic and Hydrophobicity and ValuePartition)"/>
            <Axiom axiom="Y SubClassOf hasHydrophobicity only &#10;(Hydrophobic and Hydrophobicity and ValuePartition)"/>
            <Axiom axiom="Q SubClassOf hasHydrophobicity only &#10;(Hydrophilic and Hydrophobicity and ValuePartition)"/>
            <Axiom axiom="L SubClassOf hasHydrophobicity only &#10;(Hydrophobic and Hydrophobicity and ValuePartition)"/>
            <Axiom axiom="TinyPolarAminoAcid SubClassOf hasHydrophobicity only &#10;(Hydrophilic and Hydrophobicity and ValuePartition)"/>
            <Axiom axiom="E SubClassOf hasHydrophobicity only &#10;(Hydrophilic and Hydrophobicity and ValuePartition)"/>
            <Axiom axiom="PositiveChargedAminoAcid SubClassOf hasHydrophobicity only &#10;(Hydrophilic and Hydrophobicity and ValuePartition)"/>
            <Axiom axiom="M SubClassOf hasHydrophobicity only &#10;(Hydrophobic and Hydrophobicity and ValuePartition)"/>
            <Axiom axiom="P SubClassOf hasHydrophobicity only &#10;(Hydrophobic and Hydrophobicity and ValuePartition)"/>
            <Axiom axiom="G SubClassOf hasHydrophobicity only &#10;(Hydrophobic and Hydrophobicity and ValuePartition)"/>
            <Axiom axiom="V SubClassOf hasHydrophobicity only &#10;(Hydrophobic and Hydrophobicity and ValuePartition)"/>
            <Axiom axiom="W SubClassOf hasHydrophobicity only &#10;(Hydrophobic and Hydrophobicity and ValuePartition)"/>
         </Generalisation>
         <Generalisation axiom="?ValuePartition SubClassOf ?ValuePartition" count="12" instantiationStats="?ValuePartition count: 17">
            <Axiom axiom="Non-Polar SubClassOf Polarity"/>
            <Axiom axiom="Large SubClassOf Size"/>
            <Axiom axiom="Tiny SubClassOf Size"/>
            <Axiom axiom="Hydrophobic SubClassOf Hydrophobicity"/>
            <Axiom axiom="Aliphatic SubClassOf SideChainStructure"/>
            <Axiom axiom="Polar SubClassOf Polarity"/>
            <Axiom axiom="Negative SubClassOf Charge"/>
            <Axiom axiom="Hydrophilic SubClassOf Hydrophobicity"/>
            <Axiom axiom="Positive SubClassOf Charge"/>
            <Axiom axiom="Neutral SubClassOf Charge"/>
            <Axiom axiom="Aromatic SubClassOf SideChainStructure"/>
            <Axiom axiom="Small SubClassOf Size"/>
         </Generalisation>
         <Generalisation axiom="?cluster_1 SubClassOf hasPolarity some &#10;(ValuePartition and ?ValuePartition_conjunction)" count="23" instantiationStats="?ValuePartition count: 3; ?cluster_1 count: 23">
            <Axiom axiom="Y SubClassOf hasPolarity some &#10;(Polar and Polarity and ValuePartition)"/>
            <Axiom axiom="A SubClassOf hasPolarity some &#10;(Non-Polar and Polarity and ValuePartition)"/>
            <Axiom axiom="S SubClassOf hasPolarity some &#10;(Polar and Polarity and ValuePartition)"/>
            <Axiom axiom="E SubClassOf hasPolarity some &#10;(Polar and Polarity and ValuePartition)"/>
            <Axiom axiom="R SubClassOf hasPolarity some &#10;(Polar and Polarity and ValuePartition)"/>
            <Axiom axiom="W SubClassOf hasPolarity some &#10;(Non-Polar and Polarity and ValuePartition)"/>
            <Axiom axiom="H SubClassOf hasPolarity some &#10;(Polar and Polarity and ValuePartition)"/>
            <Axiom axiom="F SubClassOf hasPolarity some &#10;(Non-Polar and Polarity and ValuePartition)"/>
            <Axiom axiom="N SubClassOf hasPolarity some &#10;(Polar and Polarity and ValuePartition)"/>
            <Axiom axiom="T SubClassOf hasPolarity some &#10;(Polar and Polarity and ValuePartition)"/>
            <Axiom axiom="M SubClassOf hasPolarity some &#10;(Non-Polar and Polarity and ValuePartition)"/>
            <Axiom axiom="G SubClassOf hasPolarity some &#10;(Non-Polar and Polarity and ValuePartition)"/>
            <Axiom axiom="P SubClassOf hasPolarity some &#10;(Non-Polar and Polarity and ValuePartition)"/>
            <Axiom axiom="I SubClassOf hasPolarity some &#10;(Non-Polar and Polarity and ValuePartition)"/>
            <Axiom axiom="C SubClassOf hasPolarity some &#10;(Polar and Polarity and ValuePartition)"/>
            <Axiom axiom="NegativeChargedAminoAcid SubClassOf hasPolarity some &#10;(Polar and Polarity and ValuePartition)"/>
            <Axiom axiom="K SubClassOf hasPolarity some &#10;(Polar and Polarity and ValuePartition)"/>
            <Axiom axiom="D SubClassOf hasPolarity some &#10;(Polar and Polarity and ValuePartition)"/>
            <Axiom axiom="TinyPolarAminoAcid SubClassOf hasPolarity some &#10;(Polar and Polarity and ValuePartition)"/>
            <Axiom axiom="V SubClassOf hasPolarity some &#10;(Non-Polar and Polarity and ValuePartition)"/>
            <Axiom axiom="Q SubClassOf hasPolarity some &#10;(Polar and Polarity and ValuePartition)"/>
            <Axiom axiom="PositiveChargedAminoAcid SubClassOf hasPolarity some &#10;(Polar and Polarity and ValuePartition)"/>
            <Axiom axiom="L SubClassOf hasPolarity some &#10;(Non-Polar and Polarity and ValuePartition)"/>
         </Generalisation>
         <Generalisation axiom="?cluster_1 SubClassOf hasSize some &#10;(ValuePartition and ?ValuePartition_conjunction)" count="25" instantiationStats="?ValuePartition count: 4; ?cluster_1 count: 25">
            <Axiom axiom="T SubClassOf hasSize some &#10;(Size and Tiny and ValuePartition)"/>
            <Axiom axiom="K SubClassOf hasSize some &#10;(Large and Size and ValuePartition)"/>
            <Axiom axiom="G SubClassOf hasSize some &#10;(Size and Tiny and ValuePartition)"/>
            <Axiom axiom="V SubClassOf hasSize some &#10;(Size and Small and ValuePartition)"/>
            <Axiom axiom="E SubClassOf hasSize some &#10;(Size and Small and ValuePartition)"/>
            <Axiom axiom="W SubClassOf hasSize some &#10;(Large and Size and ValuePartition)"/>
            <Axiom axiom="AromaticAminoAcid SubClassOf hasSize some &#10;(Large and Size and ValuePartition)"/>
            <Axiom axiom="D SubClassOf hasSize some &#10;(Size and Small and ValuePartition)"/>
            <Axiom axiom="L SubClassOf hasSize some &#10;(Large and Size and ValuePartition)"/>
            <Axiom axiom="PositiveChargedAminoAcid SubClassOf hasSize some &#10;(Large and Size and ValuePartition)"/>
            <Axiom axiom="P SubClassOf hasSize some &#10;(Size and Small and ValuePartition)"/>
            <Axiom axiom="C SubClassOf hasSize some &#10;(Size and Small and ValuePartition)"/>
            <Axiom axiom="S SubClassOf hasSize some &#10;(Size and Tiny and ValuePartition)"/>
            <Axiom axiom="H SubClassOf hasSize some &#10;(Large and Size and ValuePartition)"/>
            <Axiom axiom="F SubClassOf hasSize some &#10;(Large and Size and ValuePartition)"/>
            <Axiom axiom="I SubClassOf hasSize some &#10;(Large and Size and ValuePartition)"/>
            <Axiom axiom="TinyPolarAminoAcid SubClassOf hasSize some &#10;(Size and Tiny and ValuePartition)"/>
            <Axiom axiom="NegativeChargedAminoAcid SubClassOf hasSize some &#10;(Size and Small and ValuePartition)"/>
            <Axiom axiom="LargeAliphaticAminoAcid SubClassOf hasSize some &#10;(Large and Size and ValuePartition)"/>
            <Axiom axiom="N SubClassOf hasSize some &#10;(Size and Small and ValuePartition)"/>
            <Axiom axiom="Q SubClassOf hasSize some &#10;(Large and Size and ValuePartition)"/>
            <Axiom axiom="Y SubClassOf hasSize some &#10;(Large and Size and ValuePartition)"/>
            <Axiom axiom="A SubClassOf hasSize some &#10;(Size and Tiny and ValuePartition)"/>
            <Axiom axiom="R SubClassOf hasSize some &#10;(Large and Size and ValuePartition)"/>
            <Axiom axiom="M SubClassOf hasSize some &#10;(Large and Size and ValuePartition)"/>
         </Generalisation>
         <Generalisation axiom="?cluster_1 SubClassOf hasCharge only &#10;(ValuePartition and ?ValuePartition_conjunction)" count="23" instantiationStats="?ValuePartition count: 4; ?cluster_1 count: 23">
            <Axiom axiom="C SubClassOf hasCharge only &#10;(Charge and Neutral and ValuePartition)"/>
            <Axiom axiom="F SubClassOf hasCharge only &#10;(Charge and Neutral and ValuePartition)"/>
            <Axiom axiom="Y SubClassOf hasCharge only &#10;(Charge and Neutral and ValuePartition)"/>
            <Axiom axiom="T SubClassOf hasCharge only &#10;(Charge and Neutral and ValuePartition)"/>
            <Axiom axiom="M SubClassOf hasCharge only &#10;(Charge and Neutral and ValuePartition)"/>
            <Axiom axiom="D SubClassOf hasCharge only &#10;(Charge and Negative and ValuePartition)"/>
            <Axiom axiom="L SubClassOf hasCharge only &#10;(Charge and Neutral and ValuePartition)"/>
            <Axiom axiom="Q SubClassOf hasCharge only &#10;(Charge and Neutral and ValuePartition)"/>
            <Axiom axiom="A SubClassOf hasCharge only &#10;(Charge and Neutral and ValuePartition)"/>
            <Axiom axiom="K SubClassOf hasCharge only &#10;(Charge and Positive and ValuePartition)"/>
            <Axiom axiom="H SubClassOf hasCharge only &#10;(Charge and Positive and ValuePartition)"/>
            <Axiom axiom="E SubClassOf hasCharge only &#10;(Charge and Negative and ValuePartition)"/>
            <Axiom axiom="I SubClassOf hasCharge only &#10;(Charge and Neutral and ValuePartition)"/>
            <Axiom axiom="P SubClassOf hasCharge only &#10;(Charge and Neutral and ValuePartition)"/>
            <Axiom axiom="S SubClassOf hasCharge only &#10;(Charge and Neutral and ValuePartition)"/>
            <Axiom axiom="W SubClassOf hasCharge only &#10;(Charge and Neutral and ValuePartition)"/>
            <Axiom axiom="NegativeChargedAminoAcid SubClassOf hasCharge only &#10;(Charge and Negative and ValuePartition)"/>
            <Axiom axiom="R SubClassOf hasCharge only &#10;(Charge and Positive and ValuePartition)"/>
            <Axiom axiom="TinyPolarAminoAcid SubClassOf hasCharge only &#10;(Charge and Neutral and ValuePartition)"/>
            <Axiom axiom="PositiveChargedAminoAcid SubClassOf hasCharge only &#10;(Charge and Positive and ValuePartition)"/>
            <Axiom axiom="G SubClassOf hasCharge only &#10;(Charge and Neutral and ValuePartition)"/>
            <Axiom axiom="V SubClassOf hasCharge only &#10;(Charge and Neutral and ValuePartition)"/>
            <Axiom axiom="N SubClassOf hasCharge only &#10;(Charge and Neutral and ValuePartition)"/>
         </Generalisation>
         <Generalisation axiom="?cluster_1 SubClassOf hasCharge some &#10;(ValuePartition and ?ValuePartition_conjunction)" count="23" instantiationStats="?ValuePartition count: 4; ?cluster_1 count: 23">
            <Axiom axiom="P SubClassOf hasCharge some &#10;(Charge and Neutral and ValuePartition)"/>
            <Axiom axiom="S SubClassOf hasCharge some &#10;(Charge and Neutral and ValuePartition)"/>
            <Axiom axiom="V SubClassOf hasCharge some &#10;(Charge and Neutral and ValuePartition)"/>
            <Axiom axiom="W SubClassOf hasCharge some &#10;(Charge and Neutral and ValuePartition)"/>
            <Axiom axiom="N SubClassOf hasCharge some &#10;(Charge and Neutral and ValuePartition)"/>
            <Axiom axiom="E SubClassOf hasCharge some &#10;(Charge and Negative and ValuePartition)"/>
            <Axiom axiom="L SubClassOf hasCharge some &#10;(Charge and Neutral and ValuePartition)"/>
            <Axiom axiom="Q SubClassOf hasCharge some &#10;(Charge and Neutral and ValuePartition)"/>
            <Axiom axiom="C SubClassOf hasCharge some &#10;(Charge and Neutral and ValuePartition)"/>
            <Axiom axiom="Y SubClassOf hasCharge some &#10;(Charge and Neutral and ValuePartition)"/>
            <Axiom axiom="G SubClassOf hasCharge some &#10;(Charge and Neutral and ValuePartition)"/>
            <Axiom axiom="R SubClassOf hasCharge some &#10;(Charge and Positive and ValuePartition)"/>
            <Axiom axiom="I SubClassOf hasCharge some &#10;(Charge and Neutral and ValuePartition)"/>
            <Axiom axiom="M SubClassOf hasCharge some &#10;(Charge and Neutral and ValuePartition)"/>
            <Axiom axiom="PositiveChargedAminoAcid SubClassOf hasCharge some &#10;(Charge and Positive and ValuePartition)"/>
            <Axiom axiom="T SubClassOf hasCharge some &#10;(Charge and Neutral and ValuePartition)"/>
            <Axiom axiom="NegativeChargedAminoAcid SubClassOf hasCharge some &#10;(Charge and Negative and ValuePartition)"/>
            <Axiom axiom="D SubClassOf hasCharge some &#10;(Charge and Negative and ValuePartition)"/>
            <Axiom axiom="F SubClassOf hasCharge some &#10;(Charge and Neutral and ValuePartition)"/>
            <Axiom axiom="K SubClassOf hasCharge some &#10;(Charge and Positive and ValuePartition)"/>
            <Axiom axiom="H SubClassOf hasCharge some &#10;(Charge and Positive and ValuePartition)"/>
            <Axiom axiom="TinyPolarAminoAcid SubClassOf hasCharge some &#10;(Charge and Neutral and ValuePartition)"/>
            <Axiom axiom="A SubClassOf hasCharge some &#10;(Charge and Neutral and ValuePartition)"/>
         </Generalisation>
      </Generalisations>
   </Cluster>
</Clusters>
