<?xml version="1.0" encoding="UTF-8" standalone="no"?>
<Clusters>
   <Cluster size="21">
      <Item iri="http://www.biopax.org/release/biopax-level2.owl#xref"/>
      <Item iri="http://www.biopax.org/release/biopax-level2.owl#externalReferenceUtilityClass"/>
      <Item iri="http://www.biopax.org/release/biopax-level2.owl#sequenceParticipant"/>
      <Item iri="http://www.biopax.org/release/biopax-level2.owl#publicationXref"/>
      <Item iri="http://www.biopax.org/release/biopax-level2.owl#sequenceFeature"/>
      <Item iri="http://www.biopax.org/release/biopax-level2.owl#experimentalForm"/>
      <Item iri="http://www.biopax.org/release/biopax-level2.owl#sequenceInterval"/>
      <Item iri="http://www.biopax.org/release/biopax-level2.owl#unificationXref"/>
      <Item iri="http://www.biopax.org/release/biopax-level2.owl#confidence"/>
      <Item iri="http://www.biopax.org/release/biopax-level2.owl#chemicalStructure"/>
      <Item iri="http://www.biopax.org/release/biopax-level2.owl#kPrime"/>
      <Item iri="http://www.biopax.org/release/biopax-level2.owl#evidence"/>
      <Item iri="http://www.biopax.org/release/biopax-level2.owl#dataSource"/>
      <Item iri="http://www.biopax.org/release/biopax-level2.owl#openControlledVocabulary"/>
      <Item iri="http://www.biopax.org/release/biopax-level2.owl#deltaGprimeO"/>
      <Item iri="http://www.biopax.org/release/biopax-level2.owl#sequenceLocation"/>
      <Item iri="http://www.biopax.org/release/biopax-level2.owl#relationshipXref"/>
      <Item iri="http://www.biopax.org/release/biopax-level2.owl#pathwayStep"/>
      <Item iri="http://www.biopax.org/release/biopax-level2.owl#sequenceSite"/>
      <Item iri="http://www.biopax.org/release/biopax-level2.owl#physicalEntityParticipant"/>
      <Item iri="http://www.biopax.org/release/biopax-level2.owl#bioSource"/>
      <Generalisations>
         <Generalisation axiom="?utilityClass SubClassOf SEQUENCE-INTERVAL-END some Thing" count="1" instantiationStats="?utilityClass count: 1">
            <Axiom axiom="sequenceInterval SubClassOf SEQUENCE-INTERVAL-END some Thing"/>
         </Generalisation>
         <Generalisation axiom="?utilityClass EquivalentTo TAXON-XREF some &#10;(utilityClass and ?utilityClass_conjunction)" count="1" instantiationStats="?utilityClass count: 4">
            <Axiom axiom="bioSource EquivalentTo TAXON-XREF some &#10;(externalReferenceUtilityClass and unificationXref and utilityClass and xref)"/>
         </Generalisation>
         <Generalisation axiom="?utilityClass SubClassOf PARTICIPANT some &#10;((utilityClass and ?utilityClass) and (PHYSICAL-ENTITY some &#10;(entity and ?entity)))" count="1" instantiationStats="?utilityClass count: 2; ?entity count: 1">
            <Axiom axiom="experimentalForm SubClassOf PARTICIPANT some &#10;((physicalEntityParticipant and utilityClass) and (PHYSICAL-ENTITY some &#10;(entity and physicalEntity)))"/>
         </Generalisation>
         <Generalisation axiom="?utilityClass EquivalentTo SEQUENCE-INTERVAL-BEGIN some Thing" count="1" instantiationStats="?utilityClass count: 1">
            <Axiom axiom="sequenceInterval EquivalentTo SEQUENCE-INTERVAL-BEGIN some Thing"/>
         </Generalisation>
         <Generalisation axiom="?utilityClass SubClassOf SEQUENCE-INTERVAL-END only &#10;(utilityClass and ?utilityClass_conjunction)" count="1" instantiationStats="?utilityClass count: 3">
            <Axiom axiom="sequenceInterval SubClassOf SEQUENCE-INTERVAL-END only &#10;(sequenceLocation and sequenceSite and utilityClass)"/>
         </Generalisation>
         <Generalisation axiom="?utilityClass SubClassOf PARTICIPANT some Thing" count="1" instantiationStats="?utilityClass count: 1">
            <Axiom axiom="experimentalForm SubClassOf PARTICIPANT some Thing"/>
         </Generalisation>
         <Generalisation axiom="?utilityClass EquivalentTo FEATURE-TYPE some &#10;(utilityClass and ?utilityClass_conjunction)" count="1" instantiationStats="?utilityClass count: 3">
            <Axiom axiom="sequenceFeature EquivalentTo FEATURE-TYPE some &#10;(externalReferenceUtilityClass and openControlledVocabulary and utilityClass)"/>
         </Generalisation>
         <Generalisation axiom="?utilityClass SubClassOf FEATURE-TYPE some &#10;(utilityClass and ?utilityClass_conjunction)" count="1" instantiationStats="?utilityClass count: 3">
            <Axiom axiom="sequenceFeature SubClassOf FEATURE-TYPE some &#10;(externalReferenceUtilityClass and openControlledVocabulary and utilityClass)"/>
         </Generalisation>
         <Generalisation axiom="?utilityClass EquivalentTo PARTICIPANT some &#10;((utilityClass and ?utilityClass) and (PHYSICAL-ENTITY some &#10;(entity and ?entity)))" count="1" instantiationStats="?utilityClass count: 2; ?entity count: 1">
            <Axiom axiom="experimentalForm EquivalentTo PARTICIPANT some &#10;((physicalEntityParticipant and utilityClass) and (PHYSICAL-ENTITY some &#10;(entity and physicalEntity)))"/>
         </Generalisation>
         <Generalisation axiom="?utilityClass SubClassOf STEP-INTERACTIONS some Thing" count="1" instantiationStats="?utilityClass count: 1">
            <Axiom axiom="pathwayStep SubClassOf STEP-INTERACTIONS some Thing"/>
         </Generalisation>
         <Generalisation axiom="?utilityClass SubClassOf EXPERIMENTAL-FORM-TYPE some &#10;(utilityClass and ?utilityClass_conjunction)" count="1" instantiationStats="?utilityClass count: 3">
            <Axiom axiom="experimentalForm SubClassOf EXPERIMENTAL-FORM-TYPE some &#10;(externalReferenceUtilityClass and openControlledVocabulary and utilityClass)"/>
         </Generalisation>
         <Generalisation axiom="?utilityClass SubClassOf TAXON-XREF only &#10;(utilityClass and ?utilityClass_conjunction)" count="1" instantiationStats="?utilityClass count: 4">
            <Axiom axiom="bioSource SubClassOf TAXON-XREF only &#10;(externalReferenceUtilityClass and unificationXref and utilityClass and xref)"/>
         </Generalisation>
         <Generalisation axiom="?utilityClass EquivalentTo PHYSICAL-ENTITY some &#10;(entity and ?entity)" count="1" instantiationStats="?utilityClass count: 1; ?entity count: 1">
            <Axiom axiom="physicalEntityParticipant EquivalentTo PHYSICAL-ENTITY some &#10;(entity and physicalEntity)"/>
         </Generalisation>
         <Generalisation axiom="?utilityClass SubClassOf EXPERIMENTAL-FORM-TYPE only &#10;(utilityClass and ?utilityClass_conjunction)" count="1" instantiationStats="?utilityClass count: 3">
            <Axiom axiom="experimentalForm SubClassOf EXPERIMENTAL-FORM-TYPE only &#10;(externalReferenceUtilityClass and openControlledVocabulary and utilityClass)"/>
         </Generalisation>
         <Generalisation axiom="?utilityClass EquivalentTo SEQUENCE-INTERVAL-END some Thing" count="1" instantiationStats="?utilityClass count: 1">
            <Axiom axiom="sequenceInterval EquivalentTo SEQUENCE-INTERVAL-END some Thing"/>
         </Generalisation>
         <Generalisation axiom="?utilityClass SubClassOf SEQUENCE-INTERVAL-BEGIN some &#10;(utilityClass and ?utilityClass_conjunction)" count="1" instantiationStats="?utilityClass count: 3">
            <Axiom axiom="sequenceInterval SubClassOf SEQUENCE-INTERVAL-BEGIN some &#10;(sequenceLocation and sequenceSite and utilityClass)"/>
         </Generalisation>
         <Generalisation axiom="?utilityClass SubClassOf SEQUENCE-INTERVAL-END some &#10;(utilityClass and ?utilityClass_conjunction)" count="1" instantiationStats="?utilityClass count: 3">
            <Axiom axiom="sequenceInterval SubClassOf SEQUENCE-INTERVAL-END some &#10;(sequenceLocation and sequenceSite and utilityClass)"/>
         </Generalisation>
         <Generalisation axiom="?utilityClass SubClassOf PHYSICAL-ENTITY some Thing" count="2" instantiationStats="?utilityClass count: 2">
            <Axiom axiom="physicalEntityParticipant SubClassOf PHYSICAL-ENTITY some Thing"/>
            <Axiom axiom="sequenceParticipant SubClassOf PHYSICAL-ENTITY some Thing"/>
         </Generalisation>
         <Generalisation axiom="?utilityClass EquivalentTo EXPERIMENTAL-FORM-TYPE some Thing" count="1" instantiationStats="?utilityClass count: 1">
            <Axiom axiom="experimentalForm EquivalentTo EXPERIMENTAL-FORM-TYPE some Thing"/>
         </Generalisation>
         <Generalisation axiom="?utilityClass EquivalentTo STEP-INTERACTIONS some Thing" count="1" instantiationStats="?utilityClass count: 1">
            <Axiom axiom="pathwayStep EquivalentTo STEP-INTERACTIONS some Thing"/>
         </Generalisation>
         <Generalisation axiom="?utilityClass SubClassOf TAXON-XREF some &#10;(utilityClass and ?utilityClass_conjunction)" count="1" instantiationStats="?utilityClass count: 4">
            <Axiom axiom="bioSource SubClassOf TAXON-XREF some &#10;(externalReferenceUtilityClass and unificationXref and utilityClass and xref)"/>
         </Generalisation>
         <Generalisation axiom="?utilityClass SubClassOf PHYSICAL-ENTITY some &#10;(entity and ?entity)" count="2" instantiationStats="?utilityClass count: 2; ?entity count: 1">
            <Axiom axiom="physicalEntityParticipant SubClassOf PHYSICAL-ENTITY some &#10;(entity and physicalEntity)"/>
            <Axiom axiom="sequenceParticipant SubClassOf PHYSICAL-ENTITY some &#10;(entity and physicalEntity)"/>
         </Generalisation>
         <Generalisation axiom="?utilityClass SubClassOf EXPERIMENTAL-FORM-TYPE some Thing" count="1" instantiationStats="?utilityClass count: 1">
            <Axiom axiom="experimentalForm SubClassOf EXPERIMENTAL-FORM-TYPE some Thing"/>
         </Generalisation>
         <Generalisation axiom="?utilityClass EquivalentTo PHYSICAL-ENTITY some Thing" count="1" instantiationStats="?utilityClass count: 1">
            <Axiom axiom="physicalEntityParticipant EquivalentTo PHYSICAL-ENTITY some Thing"/>
         </Generalisation>
         <Generalisation axiom="?utilityClass SubClassOf ?utilityClass" count="13" instantiationStats="?utilityClass count: 13">
            <Axiom axiom="bioSource SubClassOf externalReferenceUtilityClass"/>
            <Axiom axiom="dataSource SubClassOf externalReferenceUtilityClass"/>
            <Axiom axiom="publicationXref SubClassOf xref"/>
            <Axiom axiom="relationshipXref SubClassOf externalReferenceUtilityClass"/>
            <Axiom axiom="sequenceSite SubClassOf sequenceLocation"/>
            <Axiom axiom="sequenceInterval SubClassOf sequenceLocation"/>
            <Axiom axiom="openControlledVocabulary SubClassOf externalReferenceUtilityClass"/>
            <Axiom axiom="unificationXref SubClassOf xref"/>
            <Axiom axiom="sequenceParticipant SubClassOf physicalEntityParticipant"/>
            <Axiom axiom="relationshipXref SubClassOf xref"/>
            <Axiom axiom="xref SubClassOf externalReferenceUtilityClass"/>
            <Axiom axiom="unificationXref SubClassOf externalReferenceUtilityClass"/>
            <Axiom axiom="publicationXref SubClassOf externalReferenceUtilityClass"/>
         </Generalisation>
         <Generalisation axiom="?utilityClass SubClassOf FEATURE-TYPE only &#10;(utilityClass and ?utilityClass_conjunction)" count="1" instantiationStats="?utilityClass count: 3">
            <Axiom axiom="sequenceFeature SubClassOf FEATURE-TYPE only &#10;(externalReferenceUtilityClass and openControlledVocabulary and utilityClass)"/>
         </Generalisation>
         <Generalisation axiom="?utilityClass SubClassOf FEATURE-TYPE some Thing" count="1" instantiationStats="?utilityClass count: 1">
            <Axiom axiom="sequenceFeature SubClassOf FEATURE-TYPE some Thing"/>
         </Generalisation>
         <Generalisation axiom="?entity SubClassOf PARTICIPANTS some &#10;((utilityClass and ?utilityClass) and (PHYSICAL-ENTITY some &#10;(entity and ?entity)))" count="9" instantiationStats="?utilityClass count: 1; ?entity count: 10">
            <Axiom axiom="control SubClassOf PARTICIPANTS some &#10;((physicalEntityParticipant and utilityClass) and (PHYSICAL-ENTITY some &#10;(entity and physicalEntity)))"/>
            <Axiom axiom="biochemicalReaction SubClassOf PARTICIPANTS some &#10;((physicalEntityParticipant and utilityClass) and (PHYSICAL-ENTITY some &#10;(entity and physicalEntity)))"/>
            <Axiom axiom="physicalInteraction SubClassOf PARTICIPANTS some &#10;((physicalEntityParticipant and utilityClass) and (PHYSICAL-ENTITY some &#10;(entity and physicalEntity)))"/>
            <Axiom axiom="complexAssembly SubClassOf PARTICIPANTS some &#10;((physicalEntityParticipant and utilityClass) and (PHYSICAL-ENTITY some &#10;(entity and physicalEntity)))"/>
            <Axiom axiom="transport SubClassOf PARTICIPANTS some &#10;((physicalEntityParticipant and utilityClass) and (PHYSICAL-ENTITY some &#10;(entity and physicalEntity)))"/>
            <Axiom axiom="transportWithBiochemicalReaction SubClassOf PARTICIPANTS some &#10;((physicalEntityParticipant and utilityClass) and (PHYSICAL-ENTITY some &#10;(entity and physicalEntity)))"/>
            <Axiom axiom="catalysis SubClassOf PARTICIPANTS some &#10;((physicalEntityParticipant and utilityClass) and (PHYSICAL-ENTITY some &#10;(entity and physicalEntity)))"/>
            <Axiom axiom="modulation SubClassOf PARTICIPANTS some &#10;((physicalEntityParticipant and utilityClass) and (PHYSICAL-ENTITY some &#10;(entity and physicalEntity)))"/>
            <Axiom axiom="conversion SubClassOf PARTICIPANTS some &#10;((physicalEntityParticipant and utilityClass) and (PHYSICAL-ENTITY some &#10;(entity and physicalEntity)))"/>
         </Generalisation>
         <Generalisation axiom="?utilityClass SubClassOf TAXON-XREF some Thing" count="1" instantiationStats="?utilityClass count: 1">
            <Axiom axiom="bioSource SubClassOf TAXON-XREF some Thing"/>
         </Generalisation>
         <Generalisation axiom="?utilityClass SubClassOf SEQUENCE-INTERVAL-BEGIN some Thing" count="1" instantiationStats="?utilityClass count: 1">
            <Axiom axiom="sequenceInterval SubClassOf SEQUENCE-INTERVAL-BEGIN some Thing"/>
         </Generalisation>
         <Generalisation axiom="?utilityClass SubClassOf SEQUENCE-INTERVAL-BEGIN only &#10;(utilityClass and ?utilityClass_conjunction)" count="1" instantiationStats="?utilityClass count: 3">
            <Axiom axiom="sequenceInterval SubClassOf SEQUENCE-INTERVAL-BEGIN only &#10;(sequenceLocation and sequenceSite and utilityClass)"/>
         </Generalisation>
         <Generalisation axiom="?utilityClass EquivalentTo TAXON-XREF some Thing" count="1" instantiationStats="?utilityClass count: 1">
            <Axiom axiom="bioSource EquivalentTo TAXON-XREF some Thing"/>
         </Generalisation>
         <Generalisation axiom="?utilityClass SubClassOf CONFIDENCE only &#10;((utilityClass and ?utilityClass) and (XREF some &#10;(utilityClass and ?utilityClass_conjunction)))" count="1" instantiationStats="?utilityClass count: 5">
            <Axiom axiom="evidence SubClassOf CONFIDENCE only &#10;((confidence and utilityClass) and (XREF some &#10;(externalReferenceUtilityClass and publicationXref and utilityClass and xref)))"/>
         </Generalisation>
         <Generalisation axiom="?utilityClass EquivalentTo EXPERIMENTAL-FORM-TYPE some &#10;(utilityClass and ?utilityClass_conjunction)" count="1" instantiationStats="?utilityClass count: 3">
            <Axiom axiom="experimentalForm EquivalentTo EXPERIMENTAL-FORM-TYPE some &#10;(externalReferenceUtilityClass and openControlledVocabulary and utilityClass)"/>
         </Generalisation>
         <Generalisation axiom="?utilityClass SubClassOf PHYSICAL-ENTITY only &#10;(entity and ?entity)" count="2" instantiationStats="?utilityClass count: 2; ?entity count: 1">
            <Axiom axiom="physicalEntityParticipant SubClassOf PHYSICAL-ENTITY only &#10;(entity and physicalEntity)"/>
            <Axiom axiom="sequenceParticipant SubClassOf PHYSICAL-ENTITY only &#10;(entity and physicalEntity)"/>
         </Generalisation>
         <Generalisation axiom="?utilityClass SubClassOf PARTICIPANT only &#10;((utilityClass and ?utilityClass) and (PHYSICAL-ENTITY some &#10;(entity and ?entity)))" count="1" instantiationStats="?utilityClass count: 2; ?entity count: 1">
            <Axiom axiom="experimentalForm SubClassOf PARTICIPANT only &#10;((physicalEntityParticipant and utilityClass) and (PHYSICAL-ENTITY some &#10;(entity and physicalEntity)))"/>
         </Generalisation>
         <Generalisation axiom="?utilityClass SubClassOf XREF only &#10;(utilityClass and ?utilityClass_conjunction)" count="1" instantiationStats="?utilityClass count: 4">
            <Axiom axiom="confidence SubClassOf XREF only &#10;(externalReferenceUtilityClass and publicationXref and utilityClass and xref)"/>
         </Generalisation>
         <Generalisation axiom="?utilityClass EquivalentTo SEQUENCE-INTERVAL-END some &#10;(utilityClass and ?utilityClass_conjunction)" count="1" instantiationStats="?utilityClass count: 3">
            <Axiom axiom="sequenceInterval EquivalentTo SEQUENCE-INTERVAL-END some &#10;(sequenceLocation and sequenceSite and utilityClass)"/>
         </Generalisation>
         <Generalisation axiom="?utilityClass EquivalentTo PARTICIPANT some Thing" count="1" instantiationStats="?utilityClass count: 1">
            <Axiom axiom="experimentalForm EquivalentTo PARTICIPANT some Thing"/>
         </Generalisation>
         <Generalisation axiom="?utilityClass EquivalentTo SEQUENCE-INTERVAL-BEGIN some &#10;(utilityClass and ?utilityClass_conjunction)" count="1" instantiationStats="?utilityClass count: 3">
            <Axiom axiom="sequenceInterval EquivalentTo SEQUENCE-INTERVAL-BEGIN some &#10;(sequenceLocation and sequenceSite and utilityClass)"/>
         </Generalisation>
         <Generalisation axiom="?entity SubClassOf PARTICIPANTS only &#10;((utilityClass and ?utilityClass) and (PHYSICAL-ENTITY some &#10;(entity and ?entity)))" count="5" instantiationStats="?utilityClass count: 1; ?entity count: 6">
            <Axiom axiom="complexAssembly SubClassOf PARTICIPANTS only &#10;((physicalEntityParticipant and utilityClass) and (PHYSICAL-ENTITY some &#10;(entity and physicalEntity)))"/>
            <Axiom axiom="transport SubClassOf PARTICIPANTS only &#10;((physicalEntityParticipant and utilityClass) and (PHYSICAL-ENTITY some &#10;(entity and physicalEntity)))"/>
            <Axiom axiom="biochemicalReaction SubClassOf PARTICIPANTS only &#10;((physicalEntityParticipant and utilityClass) and (PHYSICAL-ENTITY some &#10;(entity and physicalEntity)))"/>
            <Axiom axiom="transportWithBiochemicalReaction SubClassOf PARTICIPANTS only &#10;((physicalEntityParticipant and utilityClass) and (PHYSICAL-ENTITY some &#10;(entity and physicalEntity)))"/>
            <Axiom axiom="conversion SubClassOf PARTICIPANTS only &#10;((physicalEntityParticipant and utilityClass) and (PHYSICAL-ENTITY some &#10;(entity and physicalEntity)))"/>
         </Generalisation>
         <Generalisation axiom="?utilityClass SubClassOf XREF some &#10;(utilityClass and ?utilityClass_conjunction)" count="1" instantiationStats="?utilityClass count: 4">
            <Axiom axiom="confidence SubClassOf XREF some &#10;(externalReferenceUtilityClass and publicationXref and utilityClass and xref)"/>
         </Generalisation>
         <Generalisation axiom="?utilityClass SubClassOf XREF some Thing" count="1" instantiationStats="?utilityClass count: 1">
            <Axiom axiom="confidence SubClassOf XREF some Thing"/>
         </Generalisation>
         <Generalisation axiom="?utilityClass SubClassOf utilityClass" count="21" instantiationStats="?utilityClass count: 21">
            <Axiom axiom="publicationXref SubClassOf utilityClass"/>
            <Axiom axiom="chemicalStructure SubClassOf utilityClass"/>
            <Axiom axiom="deltaGprimeO SubClassOf utilityClass"/>
            <Axiom axiom="evidence SubClassOf utilityClass"/>
            <Axiom axiom="unificationXref SubClassOf utilityClass"/>
            <Axiom axiom="sequenceFeature SubClassOf utilityClass"/>
            <Axiom axiom="sequenceParticipant SubClassOf utilityClass"/>
            <Axiom axiom="externalReferenceUtilityClass SubClassOf utilityClass"/>
            <Axiom axiom="bioSource SubClassOf utilityClass"/>
            <Axiom axiom="pathwayStep SubClassOf utilityClass"/>
            <Axiom axiom="experimentalForm SubClassOf utilityClass"/>
            <Axiom axiom="openControlledVocabulary SubClassOf utilityClass"/>
            <Axiom axiom="sequenceInterval SubClassOf utilityClass"/>
            <Axiom axiom="sequenceLocation SubClassOf utilityClass"/>
            <Axiom axiom="physicalEntityParticipant SubClassOf utilityClass"/>
            <Axiom axiom="relationshipXref SubClassOf utilityClass"/>
            <Axiom axiom="confidence SubClassOf utilityClass"/>
            <Axiom axiom="xref SubClassOf utilityClass"/>
            <Axiom axiom="sequenceSite SubClassOf utilityClass"/>
            <Axiom axiom="dataSource SubClassOf utilityClass"/>
            <Axiom axiom="kPrime SubClassOf utilityClass"/>
         </Generalisation>
         <Generalisation axiom="?utilityClass EquivalentTo FEATURE-TYPE some Thing" count="1" instantiationStats="?utilityClass count: 1">
            <Axiom axiom="sequenceFeature EquivalentTo FEATURE-TYPE some Thing"/>
         </Generalisation>
      </Generalisations>
   </Cluster>
   <Cluster size="17">
      <Item iri="http://www.biopax.org/release/biopax-level2.owl#physicalEntity"/>
      <Item iri="http://www.biopax.org/release/biopax-level2.owl#modulation"/>
      <Item iri="http://www.biopax.org/release/biopax-level2.owl#conversion"/>
      <Item iri="http://www.biopax.org/release/biopax-level2.owl#complex"/>
      <Item iri="http://www.biopax.org/release/biopax-level2.owl#pathway"/>
      <Item iri="http://www.biopax.org/release/biopax-level2.owl#smallMolecule"/>
      <Item iri="http://www.biopax.org/release/biopax-level2.owl#interaction"/>
      <Item iri="http://www.biopax.org/release/biopax-level2.owl#dna"/>
      <Item iri="http://www.biopax.org/release/biopax-level2.owl#rna"/>
      <Item iri="http://www.biopax.org/release/biopax-level2.owl#transport"/>
      <Item iri="http://www.biopax.org/release/biopax-level2.owl#protein"/>
      <Item iri="http://www.biopax.org/release/biopax-level2.owl#complexAssembly"/>
      <Item iri="http://www.biopax.org/release/biopax-level2.owl#biochemicalReaction"/>
      <Item iri="http://www.biopax.org/release/biopax-level2.owl#control"/>
      <Item iri="http://www.biopax.org/release/biopax-level2.owl#transportWithBiochemicalReaction"/>
      <Item iri="http://www.biopax.org/release/biopax-level2.owl#catalysis"/>
      <Item iri="http://www.biopax.org/release/biopax-level2.owl#physicalInteraction"/>
      <Generalisations>
         <Generalisation axiom="?utilityClass SubClassOf PARTICIPANT some &#10;((utilityClass and ?utilityClass) and (PHYSICAL-ENTITY some &#10;(entity and ?entity)))" count="1" instantiationStats="?utilityClass count: 2; ?entity count: 1">
            <Axiom axiom="experimentalForm SubClassOf PARTICIPANT some &#10;((physicalEntityParticipant and utilityClass) and (PHYSICAL-ENTITY some &#10;(entity and physicalEntity)))"/>
         </Generalisation>
         <Generalisation axiom="?entity SubClassOf ?entity" count="30" instantiationStats="?entity count: 16">
            <Axiom axiom="transportWithBiochemicalReaction SubClassOf physicalInteraction"/>
            <Axiom axiom="transportWithBiochemicalReaction SubClassOf biochemicalReaction"/>
            <Axiom axiom="complexAssembly SubClassOf conversion"/>
            <Axiom axiom="smallMolecule SubClassOf physicalEntity"/>
            <Axiom axiom="transport SubClassOf physicalInteraction"/>
            <Axiom axiom="transportWithBiochemicalReaction SubClassOf interaction"/>
            <Axiom axiom="conversion SubClassOf interaction"/>
            <Axiom axiom="catalysis SubClassOf interaction"/>
            <Axiom axiom="modulation SubClassOf physicalInteraction"/>
            <Axiom axiom="transportWithBiochemicalReaction SubClassOf transport"/>
            <Axiom axiom="complexAssembly SubClassOf physicalInteraction"/>
            <Axiom axiom="biochemicalReaction SubClassOf interaction"/>
            <Axiom axiom="transportWithBiochemicalReaction SubClassOf conversion"/>
            <Axiom axiom="complex SubClassOf physicalEntity"/>
            <Axiom axiom="control SubClassOf physicalInteraction"/>
            <Axiom axiom="complexAssembly SubClassOf interaction"/>
            <Axiom axiom="catalysis SubClassOf physicalInteraction"/>
            <Axiom axiom="biochemicalReaction SubClassOf physicalInteraction"/>
            <Axiom axiom="conversion SubClassOf physicalInteraction"/>
            <Axiom axiom="catalysis SubClassOf control"/>
            <Axiom axiom="physicalInteraction SubClassOf interaction"/>
            <Axiom axiom="transport SubClassOf conversion"/>
            <Axiom axiom="dna SubClassOf physicalEntity"/>
            <Axiom axiom="control SubClassOf interaction"/>
            <Axiom axiom="modulation SubClassOf interaction"/>
            <Axiom axiom="rna SubClassOf physicalEntity"/>
            <Axiom axiom="protein SubClassOf physicalEntity"/>
            <Axiom axiom="modulation SubClassOf control"/>
            <Axiom axiom="transport SubClassOf interaction"/>
            <Axiom axiom="biochemicalReaction SubClassOf conversion"/>
         </Generalisation>
         <Generalisation axiom="?utilityClass SubClassOf PHYSICAL-ENTITY only &#10;(entity and ?entity)" count="2" instantiationStats="?utilityClass count: 2; ?entity count: 1">
            <Axiom axiom="physicalEntityParticipant SubClassOf PHYSICAL-ENTITY only &#10;(entity and physicalEntity)"/>
            <Axiom axiom="sequenceParticipant SubClassOf PHYSICAL-ENTITY only &#10;(entity and physicalEntity)"/>
         </Generalisation>
         <Generalisation axiom="?utilityClass SubClassOf PARTICIPANT only &#10;((utilityClass and ?utilityClass) and (PHYSICAL-ENTITY some &#10;(entity and ?entity)))" count="1" instantiationStats="?utilityClass count: 2; ?entity count: 1">
            <Axiom axiom="experimentalForm SubClassOf PARTICIPANT only &#10;((physicalEntityParticipant and utilityClass) and (PHYSICAL-ENTITY some &#10;(entity and physicalEntity)))"/>
         </Generalisation>
         <Generalisation axiom="?entity SubClassOf entity" count="17" instantiationStats="?entity count: 17">
            <Axiom axiom="complexAssembly SubClassOf entity"/>
            <Axiom axiom="control SubClassOf entity"/>
            <Axiom axiom="biochemicalReaction SubClassOf entity"/>
            <Axiom axiom="transport SubClassOf entity"/>
            <Axiom axiom="transportWithBiochemicalReaction SubClassOf entity"/>
            <Axiom axiom="dna SubClassOf entity"/>
            <Axiom axiom="conversion SubClassOf entity"/>
            <Axiom axiom="rna SubClassOf entity"/>
            <Axiom axiom="complex SubClassOf entity"/>
            <Axiom axiom="pathway SubClassOf entity"/>
            <Axiom axiom="interaction SubClassOf entity"/>
            <Axiom axiom="modulation SubClassOf entity"/>
            <Axiom axiom="catalysis SubClassOf entity"/>
            <Axiom axiom="protein SubClassOf entity"/>
            <Axiom axiom="physicalEntity SubClassOf entity"/>
            <Axiom axiom="smallMolecule SubClassOf entity"/>
            <Axiom axiom="physicalInteraction SubClassOf entity"/>
         </Generalisation>
         <Generalisation axiom="?entity SubClassOf PARTICIPANTS some Thing" count="10" instantiationStats="?entity count: 10">
            <Axiom axiom="biochemicalReaction SubClassOf PARTICIPANTS some Thing"/>
            <Axiom axiom="physicalInteraction SubClassOf PARTICIPANTS some Thing"/>
            <Axiom axiom="interaction SubClassOf PARTICIPANTS some Thing"/>
            <Axiom axiom="complexAssembly SubClassOf PARTICIPANTS some Thing"/>
            <Axiom axiom="modulation SubClassOf PARTICIPANTS some Thing"/>
            <Axiom axiom="transport SubClassOf PARTICIPANTS some Thing"/>
            <Axiom axiom="transportWithBiochemicalReaction SubClassOf PARTICIPANTS some Thing"/>
            <Axiom axiom="control SubClassOf PARTICIPANTS some Thing"/>
            <Axiom axiom="conversion SubClassOf PARTICIPANTS some Thing"/>
            <Axiom axiom="catalysis SubClassOf PARTICIPANTS some Thing"/>
         </Generalisation>
         <Generalisation axiom="?entity SubClassOf PARTICIPANTS some &#10;((utilityClass and ?utilityClass) and (PHYSICAL-ENTITY some &#10;(entity and ?entity)))" count="9" instantiationStats="?utilityClass count: 1; ?entity count: 10">
            <Axiom axiom="control SubClassOf PARTICIPANTS some &#10;((physicalEntityParticipant and utilityClass) and (PHYSICAL-ENTITY some &#10;(entity and physicalEntity)))"/>
            <Axiom axiom="biochemicalReaction SubClassOf PARTICIPANTS some &#10;((physicalEntityParticipant and utilityClass) and (PHYSICAL-ENTITY some &#10;(entity and physicalEntity)))"/>
            <Axiom axiom="physicalInteraction SubClassOf PARTICIPANTS some &#10;((physicalEntityParticipant and utilityClass) and (PHYSICAL-ENTITY some &#10;(entity and physicalEntity)))"/>
            <Axiom axiom="complexAssembly SubClassOf PARTICIPANTS some &#10;((physicalEntityParticipant and utilityClass) and (PHYSICAL-ENTITY some &#10;(entity and physicalEntity)))"/>
            <Axiom axiom="transport SubClassOf PARTICIPANTS some &#10;((physicalEntityParticipant and utilityClass) and (PHYSICAL-ENTITY some &#10;(entity and physicalEntity)))"/>
            <Axiom axiom="transportWithBiochemicalReaction SubClassOf PARTICIPANTS some &#10;((physicalEntityParticipant and utilityClass) and (PHYSICAL-ENTITY some &#10;(entity and physicalEntity)))"/>
            <Axiom axiom="catalysis SubClassOf PARTICIPANTS some &#10;((physicalEntityParticipant and utilityClass) and (PHYSICAL-ENTITY some &#10;(entity and physicalEntity)))"/>
            <Axiom axiom="modulation SubClassOf PARTICIPANTS some &#10;((physicalEntityParticipant and utilityClass) and (PHYSICAL-ENTITY some &#10;(entity and physicalEntity)))"/>
            <Axiom axiom="conversion SubClassOf PARTICIPANTS some &#10;((physicalEntityParticipant and utilityClass) and (PHYSICAL-ENTITY some &#10;(entity and physicalEntity)))"/>
         </Generalisation>
         <Generalisation axiom="?utilityClass EquivalentTo PARTICIPANT some &#10;((utilityClass and ?utilityClass) and (PHYSICAL-ENTITY some &#10;(entity and ?entity)))" count="1" instantiationStats="?utilityClass count: 2; ?entity count: 1">
            <Axiom axiom="experimentalForm EquivalentTo PARTICIPANT some &#10;((physicalEntityParticipant and utilityClass) and (PHYSICAL-ENTITY some &#10;(entity and physicalEntity)))"/>
         </Generalisation>
         <Generalisation axiom="?entity EquivalentTo PARTICIPANTS some Thing" count="1" instantiationStats="?entity count: 1">
            <Axiom axiom="interaction EquivalentTo PARTICIPANTS some Thing"/>
         </Generalisation>
         <Generalisation axiom="?entity SubClassOf PARTICIPANTS only &#10;((utilityClass and ?utilityClass) and (PHYSICAL-ENTITY some &#10;(entity and ?entity)))" count="5" instantiationStats="?utilityClass count: 1; ?entity count: 6">
            <Axiom axiom="complexAssembly SubClassOf PARTICIPANTS only &#10;((physicalEntityParticipant and utilityClass) and (PHYSICAL-ENTITY some &#10;(entity and physicalEntity)))"/>
            <Axiom axiom="transport SubClassOf PARTICIPANTS only &#10;((physicalEntityParticipant and utilityClass) and (PHYSICAL-ENTITY some &#10;(entity and physicalEntity)))"/>
            <Axiom axiom="biochemicalReaction SubClassOf PARTICIPANTS only &#10;((physicalEntityParticipant and utilityClass) and (PHYSICAL-ENTITY some &#10;(entity and physicalEntity)))"/>
            <Axiom axiom="transportWithBiochemicalReaction SubClassOf PARTICIPANTS only &#10;((physicalEntityParticipant and utilityClass) and (PHYSICAL-ENTITY some &#10;(entity and physicalEntity)))"/>
            <Axiom axiom="conversion SubClassOf PARTICIPANTS only &#10;((physicalEntityParticipant and utilityClass) and (PHYSICAL-ENTITY some &#10;(entity and physicalEntity)))"/>
         </Generalisation>
         <Generalisation axiom="?utilityClass EquivalentTo PHYSICAL-ENTITY some &#10;(entity and ?entity)" count="1" instantiationStats="?utilityClass count: 1; ?entity count: 1">
            <Axiom axiom="physicalEntityParticipant EquivalentTo PHYSICAL-ENTITY some &#10;(entity and physicalEntity)"/>
         </Generalisation>
         <Generalisation axiom="?utilityClass SubClassOf PHYSICAL-ENTITY some &#10;(entity and ?entity)" count="2" instantiationStats="?utilityClass count: 2; ?entity count: 1">
            <Axiom axiom="physicalEntityParticipant SubClassOf PHYSICAL-ENTITY some &#10;(entity and physicalEntity)"/>
            <Axiom axiom="sequenceParticipant SubClassOf PHYSICAL-ENTITY some &#10;(entity and physicalEntity)"/>
         </Generalisation>
      </Generalisations>
   </Cluster>
</Clusters>
