<?xml version="1.0" encoding="UTF-8" standalone="no"?>
<Clusters>
   <Cluster size="55">
      <Item iri="http://purl.obofoundry.org/obo/IAO_0000003"/>
      <Item iri="http://purl.obofoundry.org/obo/IAO_0000140"/>
      <Item iri="http://purl.obofoundry.org/obo/IAO_0000001"/>
      <Item iri="http://www.geneontology.org/formats/oboInOwl#Definition"/>
      <Item iri="http://purl.obofoundry.org/obo/IAO_0000101"/>
      <Item iri="http://purl.obofoundry.org/obo/IAO_0000100"/>
      <Item iri="http://www.geneontology.org/formats/oboInOwl#DbXref"/>
      <Item iri="http://purl.obolibrary.org/obo/IAO_0000078"/>
      <Item iri="http://purl.obofoundry.org/obo/IAO_0000181"/>
      <Item iri="http://purl.obofoundry.org/obo/IAO_0000180"/>
      <Item iri="http://purl.obofoundry.org/obo/IAO_0000183"/>
      <Item iri="http://purl.obofoundry.org/obo/IAO_0000088"/>
      <Item iri="http://purl.obofoundry.org/obo/IAO_0000182"/>
      <Item iri="http://purl.obofoundry.org/obo/IAO_0000038"/>
      <Item iri="http://purl.obolibrary.org/obo/IAO_0000027"/>
      <Item iri="http://purl.obofoundry.org/obo/IAO_0000184"/>
      <Item iri="http://purl.obofoundry.org/obo/IAO_0000131"/>
      <Item iri="http://purl.obofoundry.org/obo/IAO_0000132"/>
      <Item iri="http://purl.obofoundry.org/obo/IAO_0000031"/>
      <Item iri="http://purl.obofoundry.org/obo/IAO_0000032"/>
      <Item iri="http://purl.obofoundry.org/obo/IAO_0000033"/>
      <Item iri="http://purl.obofoundry.org/obo/IAO_0000034"/>
      <Item iri="http://purl.obofoundry.org/obo/IAO_0000037"/>
      <Item iri="http://purl.obofoundry.org/obo/IAO_0000028"/>
      <Item iri="http://purl.obolibrary.org/obo/IAO_0000409"/>
      <Item iri="http://purl.obofoundry.org/obo/IAO_0000029"/>
      <Item iri="http://purl.obofoundry.org/obo/IAO_0000079"/>
      <Item iri="http://purl.obofoundry.org/obo/IAO_0000179"/>
      <Item iri="http://purl.obolibrary.org/obo/IAO_0000030"/>
      <Item iri="http://purl.obofoundry.org/obo/IAO_0000129"/>
      <Item iri="http://www.geneontology.org/formats/oboInOwl#Synonym"/>
      <Item iri="http://purl.obofoundry.org/obo/IAO_0000025"/>
      <Item iri="http://purl.obofoundry.org/obo/IAO_0000064"/>
      <Item iri="http://purl.obolibrary.org/obo/IAO_0000102"/>
      <Item iri="http://purl.obofoundry.org/obo/IAO_0000017"/>
      <Item iri="http://purl.obofoundry.org/obo/IAO_0000065"/>
      <Item iri="http://purl.obofoundry.org/obo/IAO_0000016"/>
      <Item iri="http://purl.obofoundry.org/obo/IAO_0000013"/>
      <Item iri="http://purl.obofoundry.org/obo/IAO_0000014"/>
      <Item iri="http://purl.obolibrary.org/obo/IAO_0000225"/>
      <Item iri="http://www.geneontology.org/formats/oboInOwl#SynonymType"/>
      <Item iri="http://purl.obofoundry.org/obo/IAO_0000010"/>
      <Item iri="http://purl.obofoundry.org/obo/IAO_0000011"/>
      <Item iri="http://purl.obofoundry.org/obo/IAO_0000059"/>
      <Item iri="http://purl.obofoundry.org/obo/IAO_0000104"/>
      <Item iri="http://www.geneontology.org/formats/oboInOwl#Subset"/>
      <Item iri="http://purl.obofoundry.org/obo/IAO_0000009"/>
      <Item iri="http://purl.obofoundry.org/obo/IAO_0000057"/>
      <Item iri="http://purl.obofoundry.org/obo/IAO_0000055"/>
      <Item iri="http://purl.obofoundry.org/obo/IAO_0000006"/>
      <Item iri="http://purl.obofoundry.org/obo/IAO_0000109"/>
      <Item iri="http://purl.obofoundry.org/obo/IAO_0000005"/>
      <Item iri="http://purl.obofoundry.org/obo/IAO_0000007"/>
      <Item iri="http://purl.obofoundry.org/obo/IAO_0000098"/>
      <Item iri="http://purl.obofoundry.org/obo/IAO_0000096"/>
      <Generalisations>
         <Generalisation axiom="?GenericallyDependentContinuant SubClassOf part_of some Thing" count="14" instantiationStats="?GenericallyDependentContinuant count: 14">
            <Axiom axiom="IAO_0000038 SubClassOf part_of some Thing"/>
            <Axiom axiom="IAO_0000181 SubClassOf part_of some Thing"/>
            <Axiom axiom="IAO_0000079 SubClassOf part_of some Thing"/>
            <Axiom axiom="IAO_0000182 SubClassOf part_of some Thing"/>
            <Axiom axiom="IAO_0000183 SubClassOf part_of some Thing"/>
            <Axiom axiom="IAO_0000011 SubClassOf part_of some Thing"/>
            <Axiom axiom="IAO_0000184 SubClassOf part_of some Thing"/>
            <Axiom axiom="IAO_0000057 SubClassOf part_of some Thing"/>
            <Axiom axiom="IAO_0000179 SubClassOf part_of some Thing"/>
            <Axiom axiom="IAO_0000014 SubClassOf part_of some Thing"/>
            <Axiom axiom="IAO_0000037 SubClassOf part_of some Thing"/>
            <Axiom axiom="IAO_0000016 SubClassOf part_of some Thing"/>
            <Axiom axiom="IAO_0000180 SubClassOf part_of some Thing"/>
            <Axiom axiom="IAO_0000059 SubClassOf part_of some Thing"/>
         </Generalisation>
         <Generalisation axiom="?GenericallyDependentContinuant SubClassOf has_part some &#10;((IAO_0000030 and ?DependentContinuant_conjunction and ?GenericallyDependentContinuant_conjunction) and (IAO_0000136 some &#10;(?SpecificallyDependentContinuant and SpecificallyDependentContinuant)))" count="10" instantiationStats="?SpecificallyDependentContinuant count: 1; ?DependentContinuant count: 2; ?GenericallyDependentContinuant count: 8">
            <Axiom axiom="IAO_0000104 SubClassOf has_part some &#10;((IAO_0000007 and IAO_0000030 and IAO_0000033 and DependentContinuant and GenericallyDependentContinuant) and (IAO_0000136 some &#10;(RealizableEntity and SpecificallyDependentContinuant)))"/>
            <Axiom axiom="IAO_0000010 SubClassOf has_part some &#10;((IAO_0000007 and IAO_0000030 and IAO_0000033 and DependentContinuant and GenericallyDependentContinuant) and (IAO_0000136 some &#10;(RealizableEntity and SpecificallyDependentContinuant)))"/>
            <Axiom axiom="IAO_0000065 SubClassOf has_part some &#10;((IAO_0000007 and IAO_0000030 and IAO_0000033 and DependentContinuant and GenericallyDependentContinuant) and (IAO_0000136 some &#10;(RealizableEntity and SpecificallyDependentContinuant)))"/>
            <Axiom axiom="IAO_0000010 SubClassOf has_part some &#10;((IAO_0000005 and IAO_0000030 and IAO_0000033 and DependentContinuant and GenericallyDependentContinuant) and (IAO_0000136 some &#10;(RealizableEntity and SpecificallyDependentContinuant)))"/>
            <Axiom axiom="IAO_0000064 SubClassOf has_part some &#10;((IAO_0000005 and IAO_0000030 and IAO_0000033 and DependentContinuant and GenericallyDependentContinuant) and (IAO_0000136 some &#10;(RealizableEntity and SpecificallyDependentContinuant)))"/>
            <Axiom axiom="IAO_0000025 SubClassOf has_part some &#10;((IAO_0000005 and IAO_0000030 and IAO_0000033 and DependentContinuant and GenericallyDependentContinuant) and (IAO_0000136 some &#10;(RealizableEntity and SpecificallyDependentContinuant)))"/>
            <Axiom axiom="IAO_0000025 SubClassOf has_part some &#10;((IAO_0000007 and IAO_0000030 and IAO_0000033 and DependentContinuant and GenericallyDependentContinuant) and (IAO_0000136 some &#10;(RealizableEntity and SpecificallyDependentContinuant)))"/>
            <Axiom axiom="IAO_0000064 SubClassOf has_part some &#10;((IAO_0000007 and IAO_0000030 and IAO_0000033 and DependentContinuant and GenericallyDependentContinuant) and (IAO_0000136 some &#10;(RealizableEntity and SpecificallyDependentContinuant)))"/>
            <Axiom axiom="IAO_0000104 SubClassOf has_part some &#10;((IAO_0000005 and IAO_0000030 and IAO_0000033 and DependentContinuant and GenericallyDependentContinuant) and (IAO_0000136 some &#10;(RealizableEntity and SpecificallyDependentContinuant)))"/>
            <Axiom axiom="IAO_0000065 SubClassOf has_part some &#10;((IAO_0000005 and IAO_0000030 and IAO_0000033 and DependentContinuant and GenericallyDependentContinuant) and (IAO_0000136 some &#10;(RealizableEntity and SpecificallyDependentContinuant)))"/>
         </Generalisation>
         <Generalisation axiom="?GenericallyDependentContinuant SubClassOf IAO_0000039 some Thing" count="1" instantiationStats="?GenericallyDependentContinuant count: 1">
            <Axiom axiom="IAO_0000032 SubClassOf IAO_0000039 some Thing"/>
         </Generalisation>
         <Generalisation axiom="?GenericallyDependentContinuant SubClassOf IAO_0000136 some &#10;(?SpecificallyDependentContinuant and SpecificallyDependentContinuant)" count="16" instantiationStats="?SpecificallyDependentContinuant count: 1; ?GenericallyDependentContinuant count: 16">
            <Axiom axiom="IAO_0000001 SubClassOf IAO_0000136 some &#10;(RealizableEntity and SpecificallyDependentContinuant)"/>
            <Axiom axiom="IAO_0000025 SubClassOf IAO_0000136 some &#10;(RealizableEntity and SpecificallyDependentContinuant)"/>
            <Axiom axiom="IAO_0000055 SubClassOf IAO_0000136 some &#10;(RealizableEntity and SpecificallyDependentContinuant)"/>
            <Axiom axiom="IAO_0000065 SubClassOf IAO_0000136 some &#10;(RealizableEntity and SpecificallyDependentContinuant)"/>
            <Axiom axiom="IAO_0000016 SubClassOf IAO_0000136 some &#10;(RealizableEntity and SpecificallyDependentContinuant)"/>
            <Axiom axiom="IAO_0000034 SubClassOf IAO_0000136 some &#10;(RealizableEntity and SpecificallyDependentContinuant)"/>
            <Axiom axiom="IAO_0000014 SubClassOf IAO_0000136 some &#10;(RealizableEntity and SpecificallyDependentContinuant)"/>
            <Axiom axiom="IAO_0000007 SubClassOf IAO_0000136 some &#10;(RealizableEntity and SpecificallyDependentContinuant)"/>
            <Axiom axiom="IAO_0000098 SubClassOf IAO_0000136 some &#10;(RealizableEntity and SpecificallyDependentContinuant)"/>
            <Axiom axiom="IAO_0000064 SubClassOf IAO_0000136 some &#10;(RealizableEntity and SpecificallyDependentContinuant)"/>
            <Axiom axiom="IAO_0000010 SubClassOf IAO_0000136 some &#10;(RealizableEntity and SpecificallyDependentContinuant)"/>
            <Axiom axiom="IAO_0000104 SubClassOf IAO_0000136 some &#10;(RealizableEntity and SpecificallyDependentContinuant)"/>
            <Axiom axiom="IAO_0000096 SubClassOf IAO_0000136 some &#10;(RealizableEntity and SpecificallyDependentContinuant)"/>
            <Axiom axiom="IAO_0000033 SubClassOf IAO_0000136 some &#10;(RealizableEntity and SpecificallyDependentContinuant)"/>
            <Axiom axiom="IAO_0000011 SubClassOf IAO_0000136 some &#10;(RealizableEntity and SpecificallyDependentContinuant)"/>
            <Axiom axiom="IAO_0000005 SubClassOf IAO_0000136 some &#10;(RealizableEntity and SpecificallyDependentContinuant)"/>
         </Generalisation>
         <Generalisation axiom="?GenericallyDependentContinuant SubClassOf IAO_0000030" count="44" instantiationStats="?GenericallyDependentContinuant count: 44">
            <Axiom axiom="IAO_0000006 SubClassOf IAO_0000030"/>
            <Axiom axiom="IAO_0000098 SubClassOf IAO_0000030"/>
            <Axiom axiom="IAO_0000038 SubClassOf IAO_0000030"/>
            <Axiom axiom="IAO_0000011 SubClassOf IAO_0000030"/>
            <Axiom axiom="IAO_0000009 SubClassOf IAO_0000030"/>
            <Axiom axiom="IAO_0000179 SubClassOf IAO_0000030"/>
            <Axiom axiom="IAO_0000132 SubClassOf IAO_0000030"/>
            <Axiom axiom="IAO_0000037 SubClassOf IAO_0000030"/>
            <Axiom axiom="IAO_0000029 SubClassOf IAO_0000030"/>
            <Axiom axiom="IAO_0000104 SubClassOf IAO_0000030"/>
            <Axiom axiom="IAO_0000183 SubClassOf IAO_0000030"/>
            <Axiom axiom="IAO_0000007 SubClassOf IAO_0000030"/>
            <Axiom axiom="IAO_0000014 SubClassOf IAO_0000030"/>
            <Axiom axiom="IAO_0000001 SubClassOf IAO_0000030"/>
            <Axiom axiom="IAO_0000088 SubClassOf IAO_0000030"/>
            <Axiom axiom="IAO_0000057 SubClassOf IAO_0000030"/>
            <Axiom axiom="IAO_0000017 SubClassOf IAO_0000030"/>
            <Axiom axiom="IAO_0000064 SubClassOf IAO_0000030"/>
            <Axiom axiom="IAO_0000034 SubClassOf IAO_0000030"/>
            <Axiom axiom="IAO_0000059 SubClassOf IAO_0000030"/>
            <Axiom axiom="IAO_0000016 SubClassOf IAO_0000030"/>
            <Axiom axiom="IAO_0000028 SubClassOf IAO_0000030"/>
            <Axiom axiom="IAO_0000025 SubClassOf IAO_0000030"/>
            <Axiom axiom="IAO_0000109 SubClassOf IAO_0000030"/>
            <Axiom axiom="IAO_0000129 SubClassOf IAO_0000030"/>
            <Axiom axiom="IAO_0000031 SubClassOf IAO_0000030"/>
            <Axiom axiom="IAO_0000181 SubClassOf IAO_0000030"/>
            <Axiom axiom="IAO_0000005 SubClassOf IAO_0000030"/>
            <Axiom axiom="IAO_0000101 SubClassOf IAO_0000030"/>
            <Axiom axiom="IAO_0000079 SubClassOf IAO_0000030"/>
            <Axiom axiom="IAO_0000100 SubClassOf IAO_0000030"/>
            <Axiom axiom="IAO_0000096 SubClassOf IAO_0000030"/>
            <Axiom axiom="IAO_0000033 SubClassOf IAO_0000030"/>
            <Axiom axiom="IAO_0000010 SubClassOf IAO_0000030"/>
            <Axiom axiom="IAO_0000055 SubClassOf IAO_0000030"/>
            <Axiom axiom="IAO_0000003 SubClassOf IAO_0000030"/>
            <Axiom axiom="IAO_0000065 SubClassOf IAO_0000030"/>
            <Axiom axiom="IAO_0000131 SubClassOf IAO_0000030"/>
            <Axiom axiom="IAO_0000140 SubClassOf IAO_0000030"/>
            <Axiom axiom="IAO_0000180 SubClassOf IAO_0000030"/>
            <Axiom axiom="IAO_0000184 SubClassOf IAO_0000030"/>
            <Axiom axiom="IAO_0000182 SubClassOf IAO_0000030"/>
            <Axiom axiom="IAO_0000013 SubClassOf IAO_0000030"/>
            <Axiom axiom="IAO_0000032 SubClassOf IAO_0000030"/>
         </Generalisation>
         <Generalisation axiom="?GenericallyDependentContinuant SubClassOf IAO_0000027" count="13" instantiationStats="?GenericallyDependentContinuant count: 13">
            <Axiom axiom="IAO_0000140 SubClassOf IAO_0000027"/>
            <Axiom axiom="IAO_0000132 SubClassOf IAO_0000027"/>
            <Axiom axiom="IAO_0000109 SubClassOf IAO_0000027"/>
            <Axiom axiom="IAO_0000031 SubClassOf IAO_0000027"/>
            <Axiom axiom="IAO_0000017 SubClassOf IAO_0000027"/>
            <Axiom axiom="IAO_0000100 SubClassOf IAO_0000027"/>
            <Axiom axiom="IAO_0000028 SubClassOf IAO_0000027"/>
            <Axiom axiom="IAO_0000131 SubClassOf IAO_0000027"/>
            <Axiom axiom="IAO_0000029 SubClassOf IAO_0000027"/>
            <Axiom axiom="IAO_0000129 SubClassOf IAO_0000027"/>
            <Axiom axiom="IAO_0000032 SubClassOf IAO_0000027"/>
            <Axiom axiom="IAO_0000009 SubClassOf IAO_0000027"/>
            <Axiom axiom="IAO_0000003 SubClassOf IAO_0000027"/>
         </Generalisation>
         <Generalisation axiom="?GenericallyDependentContinuant SubClassOf IAO_0000136 some Thing" count="44" instantiationStats="?GenericallyDependentContinuant count: 44">
            <Axiom axiom="IAO_0000101 SubClassOf IAO_0000136 some Thing"/>
            <Axiom axiom="IAO_0000131 SubClassOf IAO_0000136 some Thing"/>
            <Axiom axiom="IAO_0000184 SubClassOf IAO_0000136 some Thing"/>
            <Axiom axiom="IAO_0000088 SubClassOf IAO_0000136 some Thing"/>
            <Axiom axiom="IAO_0000025 SubClassOf IAO_0000136 some Thing"/>
            <Axiom axiom="IAO_0000179 SubClassOf IAO_0000136 some Thing"/>
            <Axiom axiom="IAO_0000100 SubClassOf IAO_0000136 some Thing"/>
            <Axiom axiom="IAO_0000013 SubClassOf IAO_0000136 some Thing"/>
            <Axiom axiom="IAO_0000181 SubClassOf IAO_0000136 some Thing"/>
            <Axiom axiom="IAO_0000109 SubClassOf IAO_0000136 some Thing"/>
            <Axiom axiom="IAO_0000183 SubClassOf IAO_0000136 some Thing"/>
            <Axiom axiom="IAO_0000182 SubClassOf IAO_0000136 some Thing"/>
            <Axiom axiom="IAO_0000001 SubClassOf IAO_0000136 some Thing"/>
            <Axiom axiom="IAO_0000034 SubClassOf IAO_0000136 some Thing"/>
            <Axiom axiom="IAO_0000055 SubClassOf IAO_0000136 some Thing"/>
            <Axiom axiom="IAO_0000032 SubClassOf IAO_0000136 some Thing"/>
            <Axiom axiom="IAO_0000003 SubClassOf IAO_0000136 some Thing"/>
            <Axiom axiom="IAO_0000010 SubClassOf IAO_0000136 some Thing"/>
            <Axiom axiom="IAO_0000059 SubClassOf IAO_0000136 some Thing"/>
            <Axiom axiom="IAO_0000031 SubClassOf IAO_0000136 some Thing"/>
            <Axiom axiom="IAO_0000057 SubClassOf IAO_0000136 some Thing"/>
            <Axiom axiom="IAO_0000064 SubClassOf IAO_0000136 some Thing"/>
            <Axiom axiom="IAO_0000037 SubClassOf IAO_0000136 some Thing"/>
            <Axiom axiom="IAO_0000029 SubClassOf IAO_0000136 some Thing"/>
            <Axiom axiom="IAO_0000140 SubClassOf IAO_0000136 some Thing"/>
            <Axiom axiom="IAO_0000065 SubClassOf IAO_0000136 some Thing"/>
            <Axiom axiom="IAO_0000104 SubClassOf IAO_0000136 some Thing"/>
            <Axiom axiom="IAO_0000014 SubClassOf IAO_0000136 some Thing"/>
            <Axiom axiom="IAO_0000016 SubClassOf IAO_0000136 some Thing"/>
            <Axiom axiom="IAO_0000009 SubClassOf IAO_0000136 some Thing"/>
            <Axiom axiom="IAO_0000096 SubClassOf IAO_0000136 some Thing"/>
            <Axiom axiom="IAO_0000011 SubClassOf IAO_0000136 some Thing"/>
            <Axiom axiom="IAO_0000038 SubClassOf IAO_0000136 some Thing"/>
            <Axiom axiom="IAO_0000129 SubClassOf IAO_0000136 some Thing"/>
            <Axiom axiom="IAO_0000006 SubClassOf IAO_0000136 some Thing"/>
            <Axiom axiom="IAO_0000017 SubClassOf IAO_0000136 some Thing"/>
            <Axiom axiom="IAO_0000007 SubClassOf IAO_0000136 some Thing"/>
            <Axiom axiom="IAO_0000132 SubClassOf IAO_0000136 some Thing"/>
            <Axiom axiom="IAO_0000079 SubClassOf IAO_0000136 some Thing"/>
            <Axiom axiom="IAO_0000028 SubClassOf IAO_0000136 some Thing"/>
            <Axiom axiom="IAO_0000005 SubClassOf IAO_0000136 some Thing"/>
            <Axiom axiom="IAO_0000033 SubClassOf IAO_0000136 some Thing"/>
            <Axiom axiom="IAO_0000180 SubClassOf IAO_0000136 some Thing"/>
            <Axiom axiom="IAO_0000098 SubClassOf IAO_0000136 some Thing"/>
         </Generalisation>
         <Generalisation axiom="IAO_0000128 SubClassOf ?GenericallyDependentContinuant" count="1" instantiationStats="?GenericallyDependentContinuant count: 1">
            <Axiom axiom="IAO_0000128 SubClassOf IAO_0000028"/>
         </Generalisation>
         <Generalisation axiom="IAO_0000035 SubClassOf ?GenericallyDependentContinuant" count="1" instantiationStats="?GenericallyDependentContinuant count: 1">
            <Axiom axiom="IAO_0000035 SubClassOf IAO_0000006"/>
         </Generalisation>
         <Generalisation axiom="?GenericallyDependentContinuant SubClassOf has_part some Thing" count="6" instantiationStats="?GenericallyDependentContinuant count: 6">
            <Axiom axiom="IAO_0000032 SubClassOf has_part some Thing"/>
            <Axiom axiom="IAO_0000010 SubClassOf has_part some Thing"/>
            <Axiom axiom="IAO_0000104 SubClassOf has_part some Thing"/>
            <Axiom axiom="IAO_0000025 SubClassOf has_part some Thing"/>
            <Axiom axiom="IAO_0000064 SubClassOf has_part some Thing"/>
            <Axiom axiom="IAO_0000065 SubClassOf has_part some Thing"/>
         </Generalisation>
         <Generalisation axiom="?GenericallyDependentContinuant SubClassOf ?DependentContinuant" count="110" instantiationStats="?GenericallyDependentContinuant count: 55; ?DependentContinuant count: 2">
            <Axiom axiom="Definition SubClassOf GenericallyDependentContinuant"/>
            <Axiom axiom="SynonymType SubClassOf GenericallyDependentContinuant"/>
            <Axiom axiom="IAO_0000028 SubClassOf DependentContinuant"/>
            <Axiom axiom="IAO_0000027 SubClassOf DependentContinuant"/>
            <Axiom axiom="IAO_0000031 SubClassOf DependentContinuant"/>
            <Axiom axiom="IAO_0000003 SubClassOf DependentContinuant"/>
            <Axiom axiom="IAO_0000131 SubClassOf DependentContinuant"/>
            <Axiom axiom="IAO_0000027 SubClassOf GenericallyDependentContinuant"/>
            <Axiom axiom="IAO_0000088 SubClassOf GenericallyDependentContinuant"/>
            <Axiom axiom="IAO_0000059 SubClassOf GenericallyDependentContinuant"/>
            <Axiom axiom="DbXref SubClassOf DependentContinuant"/>
            <Axiom axiom="IAO_0000013 SubClassOf DependentContinuant"/>
            <Axiom axiom="IAO_0000184 SubClassOf DependentContinuant"/>
            <Axiom axiom="IAO_0000132 SubClassOf DependentContinuant"/>
            <Axiom axiom="IAO_0000037 SubClassOf DependentContinuant"/>
            <Axiom axiom="IAO_0000140 SubClassOf DependentContinuant"/>
            <Axiom axiom="IAO_0000009 SubClassOf DependentContinuant"/>
            <Axiom axiom="IAO_0000057 SubClassOf GenericallyDependentContinuant"/>
            <Axiom axiom="IAO_0000001 SubClassOf DependentContinuant"/>
            <Axiom axiom="IAO_0000102 SubClassOf DependentContinuant"/>
            <Axiom axiom="IAO_0000079 SubClassOf DependentContinuant"/>
            <Axiom axiom="IAO_0000181 SubClassOf DependentContinuant"/>
            <Axiom axiom="SynonymType SubClassOf DependentContinuant"/>
            <Axiom axiom="IAO_0000010 SubClassOf GenericallyDependentContinuant"/>
            <Axiom axiom="IAO_0000005 SubClassOf GenericallyDependentContinuant"/>
            <Axiom axiom="IAO_0000079 SubClassOf GenericallyDependentContinuant"/>
            <Axiom axiom="IAO_0000031 SubClassOf GenericallyDependentContinuant"/>
            <Axiom axiom="Subset SubClassOf DependentContinuant"/>
            <Axiom axiom="IAO_0000028 SubClassOf GenericallyDependentContinuant"/>
            <Axiom axiom="IAO_0000065 SubClassOf DependentContinuant"/>
            <Axiom axiom="IAO_0000409 SubClassOf GenericallyDependentContinuant"/>
            <Axiom axiom="IAO_0000032 SubClassOf GenericallyDependentContinuant"/>
            <Axiom axiom="IAO_0000037 SubClassOf GenericallyDependentContinuant"/>
            <Axiom axiom="IAO_0000102 SubClassOf GenericallyDependentContinuant"/>
            <Axiom axiom="IAO_0000016 SubClassOf GenericallyDependentContinuant"/>
            <Axiom axiom="IAO_0000179 SubClassOf GenericallyDependentContinuant"/>
            <Axiom axiom="IAO_0000096 SubClassOf DependentContinuant"/>
            <Axiom axiom="Definition SubClassOf DependentContinuant"/>
            <Axiom axiom="IAO_0000009 SubClassOf GenericallyDependentContinuant"/>
            <Axiom axiom="IAO_0000098 SubClassOf GenericallyDependentContinuant"/>
            <Axiom axiom="IAO_0000001 SubClassOf GenericallyDependentContinuant"/>
            <Axiom axiom="IAO_0000033 SubClassOf GenericallyDependentContinuant"/>
            <Axiom axiom="IAO_0000014 SubClassOf GenericallyDependentContinuant"/>
            <Axiom axiom="IAO_0000183 SubClassOf DependentContinuant"/>
            <Axiom axiom="IAO_0000032 SubClassOf DependentContinuant"/>
            <Axiom axiom="IAO_0000030 SubClassOf GenericallyDependentContinuant"/>
            <Axiom axiom="IAO_0000029 SubClassOf GenericallyDependentContinuant"/>
            <Axiom axiom="IAO_0000007 SubClassOf GenericallyDependentContinuant"/>
            <Axiom axiom="IAO_0000104 SubClassOf GenericallyDependentContinuant"/>
            <Axiom axiom="IAO_0000225 SubClassOf GenericallyDependentContinuant"/>
            <Axiom axiom="IAO_0000182 SubClassOf GenericallyDependentContinuant"/>
            <Axiom axiom="IAO_0000132 SubClassOf GenericallyDependentContinuant"/>
            <Axiom axiom="IAO_0000180 SubClassOf GenericallyDependentContinuant"/>
            <Axiom axiom="IAO_0000104 SubClassOf DependentContinuant"/>
            <Axiom axiom="IAO_0000088 SubClassOf DependentContinuant"/>
            <Axiom axiom="IAO_0000096 SubClassOf GenericallyDependentContinuant"/>
            <Axiom axiom="IAO_0000098 SubClassOf DependentContinuant"/>
            <Axiom axiom="IAO_0000017 SubClassOf DependentContinuant"/>
            <Axiom axiom="IAO_0000225 SubClassOf DependentContinuant"/>
            <Axiom axiom="IAO_0000003 SubClassOf GenericallyDependentContinuant"/>
            <Axiom axiom="IAO_0000181 SubClassOf GenericallyDependentContinuant"/>
            <Axiom axiom="IAO_0000013 SubClassOf GenericallyDependentContinuant"/>
            <Axiom axiom="IAO_0000055 SubClassOf GenericallyDependentContinuant"/>
            <Axiom axiom="Synonym SubClassOf GenericallyDependentContinuant"/>
            <Axiom axiom="IAO_0000064 SubClassOf GenericallyDependentContinuant"/>
            <Axiom axiom="IAO_0000005 SubClassOf DependentContinuant"/>
            <Axiom axiom="IAO_0000109 SubClassOf DependentContinuant"/>
            <Axiom axiom="IAO_0000014 SubClassOf DependentContinuant"/>
            <Axiom axiom="IAO_0000101 SubClassOf DependentContinuant"/>
            <Axiom axiom="IAO_0000038 SubClassOf GenericallyDependentContinuant"/>
            <Axiom axiom="IAO_0000179 SubClassOf DependentContinuant"/>
            <Axiom axiom="IAO_0000006 SubClassOf DependentContinuant"/>
            <Axiom axiom="IAO_0000129 SubClassOf GenericallyDependentContinuant"/>
            <Axiom axiom="IAO_0000038 SubClassOf DependentContinuant"/>
            <Axiom axiom="IAO_0000055 SubClassOf DependentContinuant"/>
            <Axiom axiom="IAO_0000017 SubClassOf GenericallyDependentContinuant"/>
            <Axiom axiom="IAO_0000180 SubClassOf DependentContinuant"/>
            <Axiom axiom="IAO_0000030 SubClassOf DependentContinuant"/>
            <Axiom axiom="IAO_0000064 SubClassOf DependentContinuant"/>
            <Axiom axiom="IAO_0000140 SubClassOf GenericallyDependentContinuant"/>
            <Axiom axiom="IAO_0000182 SubClassOf DependentContinuant"/>
            <Axiom axiom="IAO_0000025 SubClassOf GenericallyDependentContinuant"/>
            <Axiom axiom="IAO_0000011 SubClassOf GenericallyDependentContinuant"/>
            <Axiom axiom="IAO_0000100 SubClassOf DependentContinuant"/>
            <Axiom axiom="IAO_0000100 SubClassOf GenericallyDependentContinuant"/>
            <Axiom axiom="Synonym SubClassOf DependentContinuant"/>
            <Axiom axiom="IAO_0000184 SubClassOf GenericallyDependentContinuant"/>
            <Axiom axiom="IAO_0000025 SubClassOf DependentContinuant"/>
            <Axiom axiom="DbXref SubClassOf GenericallyDependentContinuant"/>
            <Axiom axiom="IAO_0000006 SubClassOf GenericallyDependentContinuant"/>
            <Axiom axiom="IAO_0000059 SubClassOf DependentContinuant"/>
            <Axiom axiom="IAO_0000033 SubClassOf DependentContinuant"/>
            <Axiom axiom="IAO_0000101 SubClassOf GenericallyDependentContinuant"/>
            <Axiom axiom="IAO_0000029 SubClassOf DependentContinuant"/>
            <Axiom axiom="IAO_0000109 SubClassOf GenericallyDependentContinuant"/>
            <Axiom axiom="IAO_0000016 SubClassOf DependentContinuant"/>
            <Axiom axiom="IAO_0000129 SubClassOf DependentContinuant"/>
            <Axiom axiom="IAO_0000409 SubClassOf DependentContinuant"/>
            <Axiom axiom="IAO_0000010 SubClassOf DependentContinuant"/>
            <Axiom axiom="IAO_0000065 SubClassOf GenericallyDependentContinuant"/>
            <Axiom axiom="IAO_0000007 SubClassOf DependentContinuant"/>
            <Axiom axiom="IAO_0000034 SubClassOf GenericallyDependentContinuant"/>
            <Axiom axiom="IAO_0000078 SubClassOf GenericallyDependentContinuant"/>
            <Axiom axiom="IAO_0000078 SubClassOf DependentContinuant"/>
            <Axiom axiom="IAO_0000011 SubClassOf DependentContinuant"/>
            <Axiom axiom="IAO_0000057 SubClassOf DependentContinuant"/>
            <Axiom axiom="Subset SubClassOf GenericallyDependentContinuant"/>
            <Axiom axiom="IAO_0000131 SubClassOf GenericallyDependentContinuant"/>
            <Axiom axiom="IAO_0000034 SubClassOf DependentContinuant"/>
            <Axiom axiom="IAO_0000183 SubClassOf GenericallyDependentContinuant"/>
         </Generalisation>
         <Generalisation axiom="?GenericallyDependentContinuant SubClassOf IAO_0000128" count="4" instantiationStats="?GenericallyDependentContinuant count: 4">
            <Axiom axiom="IAO_0000017 SubClassOf IAO_0000128"/>
            <Axiom axiom="IAO_0000131 SubClassOf IAO_0000128"/>
            <Axiom axiom="IAO_0000132 SubClassOf IAO_0000128"/>
            <Axiom axiom="IAO_0000129 SubClassOf IAO_0000128"/>
         </Generalisation>
         <Generalisation axiom="IAO_0000091 SubClassOf ?GenericallyDependentContinuant" count="1" instantiationStats="?GenericallyDependentContinuant count: 1">
            <Axiom axiom="IAO_0000091 SubClassOf IAO_0000006"/>
         </Generalisation>
         <Generalisation axiom="IAO_0000097 SubClassOf ?GenericallyDependentContinuant" count="1" instantiationStats="?GenericallyDependentContinuant count: 1">
            <Axiom axiom="IAO_0000097 SubClassOf IAO_0000006"/>
         </Generalisation>
         <Generalisation axiom="?GenericallyDependentContinuant SubClassOf IAO_0000091" count="11" instantiationStats="?GenericallyDependentContinuant count: 11">
            <Axiom axiom="IAO_0000038 SubClassOf IAO_0000091"/>
            <Axiom axiom="IAO_0000079 SubClassOf IAO_0000091"/>
            <Axiom axiom="IAO_0000059 SubClassOf IAO_0000091"/>
            <Axiom axiom="IAO_0000182 SubClassOf IAO_0000091"/>
            <Axiom axiom="IAO_0000184 SubClassOf IAO_0000091"/>
            <Axiom axiom="IAO_0000183 SubClassOf IAO_0000091"/>
            <Axiom axiom="IAO_0000181 SubClassOf IAO_0000091"/>
            <Axiom axiom="IAO_0000179 SubClassOf IAO_0000091"/>
            <Axiom axiom="IAO_0000037 SubClassOf IAO_0000091"/>
            <Axiom axiom="IAO_0000180 SubClassOf IAO_0000091"/>
            <Axiom axiom="IAO_0000057 SubClassOf IAO_0000091"/>
         </Generalisation>
         <Generalisation axiom="?GenericallyDependentContinuant SubClassOf ?GenericallyDependentContinuant" count="91" instantiationStats="?GenericallyDependentContinuant count: 52">
            <Axiom axiom="IAO_0000078 SubClassOf IAO_0000102"/>
            <Axiom axiom="IAO_0000225 SubClassOf IAO_0000030"/>
            <Axiom axiom="IAO_0000013 SubClassOf IAO_0000088"/>
            <Axiom axiom="IAO_0000032 SubClassOf IAO_0000109"/>
            <Axiom axiom="DbXref SubClassOf IAO_0000102"/>
            <Axiom axiom="IAO_0000038 SubClassOf IAO_0000059"/>
            <Axiom axiom="IAO_0000181 SubClassOf IAO_0000038"/>
            <Axiom axiom="IAO_0000184 SubClassOf IAO_0000006"/>
            <Axiom axiom="IAO_0000409 SubClassOf IAO_0000030"/>
            <Axiom axiom="Synonym SubClassOf IAO_0000102"/>
            <Axiom axiom="IAO_0000059 SubClassOf IAO_0000006"/>
            <Axiom axiom="Synonym SubClassOf IAO_0000030"/>
            <Axiom axiom="IAO_0000001 SubClassOf IAO_0000033"/>
            <Axiom axiom="IAO_0000057 SubClassOf IAO_0000059"/>
            <Axiom axiom="IAO_0000179 SubClassOf IAO_0000059"/>
            <Axiom axiom="IAO_0000182 SubClassOf IAO_0000038"/>
            <Axiom axiom="IAO_0000179 SubClassOf IAO_0000038"/>
            <Axiom axiom="IAO_0000037 SubClassOf IAO_0000006"/>
            <Axiom axiom="IAO_0000131 SubClassOf IAO_0000028"/>
            <Axiom axiom="IAO_0000181 SubClassOf IAO_0000059"/>
            <Axiom axiom="IAO_0000225 SubClassOf IAO_0000027"/>
            <Axiom axiom="IAO_0000057 SubClassOf IAO_0000006"/>
            <Axiom axiom="DbXref SubClassOf IAO_0000027"/>
            <Axiom axiom="SynonymType SubClassOf IAO_0000102"/>
            <Axiom axiom="IAO_0000098 SubClassOf IAO_0000033"/>
            <Axiom axiom="IAO_0000182 SubClassOf IAO_0000059"/>
            <Axiom axiom="IAO_0000007 SubClassOf IAO_0000033"/>
            <Axiom axiom="IAO_0000183 SubClassOf IAO_0000059"/>
            <Axiom axiom="IAO_0000064 SubClassOf IAO_0000104"/>
            <Axiom axiom="IAO_0000034 SubClassOf IAO_0000033"/>
            <Axiom axiom="SynonymType SubClassOf IAO_0000030"/>
            <Axiom axiom="DbXref SubClassOf IAO_0000030"/>
            <Axiom axiom="IAO_0000102 SubClassOf IAO_0000030"/>
            <Axiom axiom="IAO_0000005 SubClassOf IAO_0000033"/>
            <Axiom axiom="IAO_0000180 SubClassOf IAO_0000006"/>
            <Axiom axiom="IAO_0000102 SubClassOf IAO_0000027"/>
            <Axiom axiom="SynonymType SubClassOf IAO_0000027"/>
            <Axiom axiom="IAO_0000065 SubClassOf IAO_0000033"/>
            <Axiom axiom="IAO_0000182 SubClassOf IAO_0000006"/>
            <Axiom axiom="IAO_0000065 SubClassOf IAO_0000104"/>
            <Axiom axiom="IAO_0000017 SubClassOf IAO_0000028"/>
            <Axiom axiom="IAO_0000181 SubClassOf IAO_0000006"/>
            <Axiom axiom="IAO_0000096 SubClassOf IAO_0000033"/>
            <Axiom axiom="IAO_0000409 SubClassOf IAO_0000102"/>
            <Axiom axiom="IAO_0000183 SubClassOf IAO_0000006"/>
            <Axiom axiom="IAO_0000031 SubClassOf IAO_0000028"/>
            <Axiom axiom="IAO_0000057 SubClassOf IAO_0000038"/>
            <Axiom axiom="IAO_0000079 SubClassOf IAO_0000038"/>
            <Axiom axiom="IAO_0000078 SubClassOf IAO_0000027"/>
            <Axiom axiom="IAO_0000064 SubClassOf IAO_0000033"/>
            <Axiom axiom="Subset SubClassOf IAO_0000030"/>
            <Axiom axiom="IAO_0000031 SubClassOf IAO_0000029"/>
            <Axiom axiom="IAO_0000025 SubClassOf IAO_0000104"/>
            <Axiom axiom="IAO_0000037 SubClassOf IAO_0000038"/>
            <Axiom axiom="IAO_0000183 SubClassOf IAO_0000038"/>
            <Axiom axiom="IAO_0000184 SubClassOf IAO_0000038"/>
            <Axiom axiom="IAO_0000078 SubClassOf IAO_0000030"/>
            <Axiom axiom="Synonym SubClassOf IAO_0000027"/>
            <Axiom axiom="IAO_0000055 SubClassOf IAO_0000033"/>
            <Axiom axiom="IAO_0000104 SubClassOf IAO_0000033"/>
            <Axiom axiom="IAO_0000079 SubClassOf IAO_0000059"/>
            <Axiom axiom="IAO_0000034 SubClassOf IAO_0000001"/>
            <Axiom axiom="IAO_0000184 SubClassOf IAO_0000059"/>
            <Axiom axiom="IAO_0000016 SubClassOf IAO_0000033"/>
            <Axiom axiom="IAO_0000079 SubClassOf IAO_0000006"/>
            <Axiom axiom="Subset SubClassOf IAO_0000027"/>
            <Axiom axiom="IAO_0000409 SubClassOf IAO_0000027"/>
            <Axiom axiom="IAO_0000132 SubClassOf IAO_0000028"/>
            <Axiom axiom="IAO_0000088 SubClassOf IAO_0000006"/>
            <Axiom axiom="IAO_0000129 SubClassOf IAO_0000028"/>
            <Axiom axiom="IAO_0000025 SubClassOf IAO_0000033"/>
            <Axiom axiom="IAO_0000029 SubClassOf IAO_0000028"/>
            <Axiom axiom="IAO_0000180 SubClassOf IAO_0000059"/>
            <Axiom axiom="IAO_0000037 SubClassOf IAO_0000059"/>
            <Axiom axiom="IAO_0000179 SubClassOf IAO_0000006"/>
            <Axiom axiom="IAO_0000011 SubClassOf IAO_0000033"/>
            <Axiom axiom="IAO_0000010 SubClassOf IAO_0000033"/>
            <Axiom axiom="IAO_0000038 SubClassOf IAO_0000006"/>
            <Axiom axiom="Definition SubClassOf IAO_0000102"/>
            <Axiom axiom="Definition SubClassOf IAO_0000030"/>
            <Axiom axiom="IAO_0000014 SubClassOf IAO_0000033"/>
            <Axiom axiom="IAO_0000010 SubClassOf IAO_0000104"/>
            <Axiom axiom="IAO_0000180 SubClassOf IAO_0000038"/>
            <Axiom axiom="IAO_0000027 SubClassOf IAO_0000030"/>
            <Axiom axiom="IAO_0000013 SubClassOf IAO_0000006"/>
            <Axiom axiom="Definition SubClassOf IAO_0000027"/>
            <Axiom axiom="IAO_0000225 SubClassOf IAO_0000102"/>
            <Axiom axiom="IAO_0000003 SubClassOf IAO_0000009"/>
            <Axiom axiom="Subset SubClassOf IAO_0000102"/>
            <Axiom axiom="IAO_0000055 SubClassOf IAO_0000001"/>
            <Axiom axiom="IAO_0000065 SubClassOf IAO_0000064"/>
         </Generalisation>
         <Generalisation axiom="?GenericallyDependentContinuant SubClassOf part_of some &#10;((IAO_0000030 and ?DependentContinuant_conjunction and ?GenericallyDependentContinuant_conjunction) and (has_part some &#10;((IAO_0000030 and ?DependentContinuant_conjunction and ?GenericallyDependentContinuant_conjunction) and (IAO_0000136 some &#10;(?SpecificallyDependentContinuant and SpecificallyDependentContinuant)))))" count="9" instantiationStats="?SpecificallyDependentContinuant count: 1; ?DependentContinuant count: 2; ?GenericallyDependentContinuant count: 7">
            <Axiom axiom="IAO_0000011 SubClassOf part_of some &#10;((IAO_0000030 and IAO_0000033 and IAO_0000104 and DependentContinuant and GenericallyDependentContinuant) and (has_part some &#10;((IAO_0000007 and IAO_0000030 and IAO_0000033 and DependentContinuant and GenericallyDependentContinuant) and (IAO_0000136 some &#10;(RealizableEntity and SpecificallyDependentContinuant)))))"/>
            <Axiom axiom="IAO_0000011 SubClassOf part_of some &#10;((IAO_0000030 and IAO_0000033 and IAO_0000104 and DependentContinuant and GenericallyDependentContinuant) and (has_part some &#10;((IAO_0000011 and IAO_0000030 and IAO_0000033 and DependentContinuant and GenericallyDependentContinuant) and (IAO_0000136 some &#10;(RealizableEntity and SpecificallyDependentContinuant)))))"/>
            <Axiom axiom="IAO_0000014 SubClassOf part_of some &#10;((IAO_0000030 and IAO_0000033 and IAO_0000104 and DependentContinuant and GenericallyDependentContinuant) and (has_part some &#10;((IAO_0000014 and IAO_0000030 and IAO_0000033 and DependentContinuant and GenericallyDependentContinuant) and (IAO_0000136 some &#10;(RealizableEntity and SpecificallyDependentContinuant)))))"/>
            <Axiom axiom="IAO_0000011 SubClassOf part_of some &#10;((IAO_0000030 and IAO_0000033 and IAO_0000104 and DependentContinuant and GenericallyDependentContinuant) and (has_part some &#10;((IAO_0000005 and IAO_0000030 and IAO_0000033 and DependentContinuant and GenericallyDependentContinuant) and (IAO_0000136 some &#10;(RealizableEntity and SpecificallyDependentContinuant)))))"/>
            <Axiom axiom="IAO_0000016 SubClassOf part_of some &#10;((IAO_0000030 and IAO_0000033 and IAO_0000104 and DependentContinuant and GenericallyDependentContinuant) and (has_part some &#10;((IAO_0000016 and IAO_0000030 and IAO_0000033 and DependentContinuant and GenericallyDependentContinuant) and (IAO_0000136 some &#10;(RealizableEntity and SpecificallyDependentContinuant)))))"/>
            <Axiom axiom="IAO_0000014 SubClassOf part_of some &#10;((IAO_0000030 and IAO_0000033 and IAO_0000104 and DependentContinuant and GenericallyDependentContinuant) and (has_part some &#10;((IAO_0000007 and IAO_0000030 and IAO_0000033 and DependentContinuant and GenericallyDependentContinuant) and (IAO_0000136 some &#10;(RealizableEntity and SpecificallyDependentContinuant)))))"/>
            <Axiom axiom="IAO_0000014 SubClassOf part_of some &#10;((IAO_0000030 and IAO_0000033 and IAO_0000104 and DependentContinuant and GenericallyDependentContinuant) and (has_part some &#10;((IAO_0000005 and IAO_0000030 and IAO_0000033 and DependentContinuant and GenericallyDependentContinuant) and (IAO_0000136 some &#10;(RealizableEntity and SpecificallyDependentContinuant)))))"/>
            <Axiom axiom="IAO_0000016 SubClassOf part_of some &#10;((IAO_0000030 and IAO_0000033 and IAO_0000104 and DependentContinuant and GenericallyDependentContinuant) and (has_part some &#10;((IAO_0000007 and IAO_0000030 and IAO_0000033 and DependentContinuant and GenericallyDependentContinuant) and (IAO_0000136 some &#10;(RealizableEntity and SpecificallyDependentContinuant)))))"/>
            <Axiom axiom="IAO_0000016 SubClassOf part_of some &#10;((IAO_0000030 and IAO_0000033 and IAO_0000104 and DependentContinuant and GenericallyDependentContinuant) and (has_part some &#10;((IAO_0000005 and IAO_0000030 and IAO_0000033 and DependentContinuant and GenericallyDependentContinuant) and (IAO_0000136 some &#10;(RealizableEntity and SpecificallyDependentContinuant)))))"/>
         </Generalisation>
         <Generalisation axiom="?GenericallyDependentContinuant SubClassOf part_of some &#10;((IAO_0000030 and ?DependentContinuant_conjunction and ?GenericallyDependentContinuant_conjunction) and (IAO_0000136 some &#10;(?SpecificallyDependentContinuant and SpecificallyDependentContinuant)))" count="3" instantiationStats="?SpecificallyDependentContinuant count: 1; ?DependentContinuant count: 2; ?GenericallyDependentContinuant count: 5">
            <Axiom axiom="IAO_0000011 SubClassOf part_of some &#10;((IAO_0000030 and IAO_0000033 and IAO_0000104 and DependentContinuant and GenericallyDependentContinuant) and (IAO_0000136 some &#10;(RealizableEntity and SpecificallyDependentContinuant)))"/>
            <Axiom axiom="IAO_0000016 SubClassOf part_of some &#10;((IAO_0000030 and IAO_0000033 and IAO_0000104 and DependentContinuant and GenericallyDependentContinuant) and (IAO_0000136 some &#10;(RealizableEntity and SpecificallyDependentContinuant)))"/>
            <Axiom axiom="IAO_0000014 SubClassOf part_of some &#10;((IAO_0000030 and IAO_0000033 and IAO_0000104 and DependentContinuant and GenericallyDependentContinuant) and (IAO_0000136 some &#10;(RealizableEntity and SpecificallyDependentContinuant)))"/>
         </Generalisation>
      </Generalisations>
   </Cluster>
   <Cluster size="13">
      <Item iri="http://purl.obolibrary.org/obo/IAO_0000091"/>
      <Item iri="http://purl.obolibrary.org/obo/IAO_0000093"/>
      <Item iri="http://purl.obolibrary.org/obo/IAO_0000008"/>
      <Item iri="http://purl.obolibrary.org/obo/IAO_0000018"/>
      <Item iri="http://purl.obolibrary.org/obo/IAO_0000097"/>
      <Item iri="http://purl.obolibrary.org/obo/IAO_0000019"/>
      <Item iri="http://purl.obolibrary.org/obo/IAO_0000128"/>
      <Item iri="http://purl.obolibrary.org/obo/IAO_0000047"/>
      <Item iri="http://purl.obolibrary.org/obo/IAO_0000035"/>
      <Item iri="http://purl.obolibrary.org/obo/IAO_0000024"/>
      <Item iri="http://purl.obolibrary.org/obo/IAO_0000105"/>
      <Item iri="http://purl.obolibrary.org/obo/IAO_0000141"/>
      <Item iri="http://purl.obolibrary.org/obo/IAO_0000012"/>
      <Generalisations>
         <Generalisation axiom="?ObsoleteClass SubClassOf ObsoleteClass" count="13" instantiationStats="?ObsoleteClass count: 13">
            <Axiom axiom="IAO_0000141 SubClassOf ObsoleteClass"/>
            <Axiom axiom="IAO_0000091 SubClassOf ObsoleteClass"/>
            <Axiom axiom="IAO_0000019 SubClassOf ObsoleteClass"/>
            <Axiom axiom="IAO_0000093 SubClassOf ObsoleteClass"/>
            <Axiom axiom="IAO_0000128 SubClassOf ObsoleteClass"/>
            <Axiom axiom="IAO_0000035 SubClassOf ObsoleteClass"/>
            <Axiom axiom="IAO_0000024 SubClassOf ObsoleteClass"/>
            <Axiom axiom="IAO_0000018 SubClassOf ObsoleteClass"/>
            <Axiom axiom="IAO_0000097 SubClassOf ObsoleteClass"/>
            <Axiom axiom="IAO_0000012 SubClassOf ObsoleteClass"/>
            <Axiom axiom="IAO_0000105 SubClassOf ObsoleteClass"/>
            <Axiom axiom="IAO_0000047 SubClassOf ObsoleteClass"/>
            <Axiom axiom="IAO_0000008 SubClassOf ObsoleteClass"/>
         </Generalisation>
      </Generalisations>
   </Cluster>
   <Cluster size="8">
      <Item iri="http://www.ifomis.org/bfo/1.1/snap#ZeroDimensionalRegion"/>
      <Item iri="http://www.ifomis.org/bfo/1.1/snap#SpatialRegion"/>
      <Item iri="http://www.ifomis.org/bfo/1.1/snap#Site"/>
      <Item iri="http://www.ifomis.org/bfo/1.1/snap#OneDimensionalRegion"/>
      <Item iri="http://www.ifomis.org/bfo/1.1/snap#TwoDimensionalRegion"/>
      <Item iri="http://www.ifomis.org/bfo/1.1/snap#ObjectBoundary"/>
      <Item iri="http://www.ifomis.org/bfo/1.1/snap#ThreeDimensionalRegion"/>
      <Item iri="http://www.ifomis.org/bfo/1.1/snap#IndependentContinuant"/>
      <Generalisations>
         <Generalisation axiom="?Continuant SubClassOf ?Continuant" count="6" instantiationStats="?Continuant count: 8">
            <Axiom axiom="Site SubClassOf IndependentContinuant"/>
            <Axiom axiom="OneDimensionalRegion SubClassOf SpatialRegion"/>
            <Axiom axiom="ObjectBoundary SubClassOf IndependentContinuant"/>
            <Axiom axiom="TwoDimensionalRegion SubClassOf SpatialRegion"/>
            <Axiom axiom="ZeroDimensionalRegion SubClassOf SpatialRegion"/>
            <Axiom axiom="ThreeDimensionalRegion SubClassOf SpatialRegion"/>
         </Generalisation>
         <Generalisation axiom="?cluster_1 SubClassOf ?Continuant" count="1" instantiationStats="?Continuant count: 1; ?cluster_1 count: 1">
            <Axiom axiom="IAO_0000178 SubClassOf IndependentContinuant"/>
         </Generalisation>
         <Generalisation axiom="?Continuant SubClassOf Continuant" count="8" instantiationStats="?Continuant count: 8">
            <Axiom axiom="SpatialRegion SubClassOf Continuant"/>
            <Axiom axiom="Site SubClassOf Continuant"/>
            <Axiom axiom="OneDimensionalRegion SubClassOf Continuant"/>
            <Axiom axiom="IndependentContinuant SubClassOf Continuant"/>
            <Axiom axiom="ZeroDimensionalRegion SubClassOf Continuant"/>
            <Axiom axiom="TwoDimensionalRegion SubClassOf Continuant"/>
            <Axiom axiom="ObjectBoundary SubClassOf Continuant"/>
            <Axiom axiom="ThreeDimensionalRegion SubClassOf Continuant"/>
         </Generalisation>
      </Generalisations>
   </Cluster>
   <Cluster size="6">
      <Item iri="http://www.ifomis.org/bfo/1.1/snap#Role"/>
      <Item iri="http://www.ifomis.org/bfo/1.1/snap#Function"/>
      <Item iri="http://www.ifomis.org/bfo/1.1/snap#Quality"/>
      <Item iri="http://www.ifomis.org/bfo/1.1/snap#Disposition"/>
      <Item iri="http://purl.obofoundry.org/obo/IAO_0000015"/>
      <Item iri="http://www.ifomis.org/bfo/1.1/snap#RealizableEntity"/>
      <Generalisations>
         <Generalisation axiom="?SpecificallyDependentContinuant SubClassOf SpecificallyDependentContinuant" count="6" instantiationStats="?SpecificallyDependentContinuant count: 6">
            <Axiom axiom="RealizableEntity SubClassOf SpecificallyDependentContinuant"/>
            <Axiom axiom="Quality SubClassOf SpecificallyDependentContinuant"/>
            <Axiom axiom="Function SubClassOf SpecificallyDependentContinuant"/>
            <Axiom axiom="IAO_0000015 SubClassOf SpecificallyDependentContinuant"/>
            <Axiom axiom="Role SubClassOf SpecificallyDependentContinuant"/>
            <Axiom axiom="Disposition SubClassOf SpecificallyDependentContinuant"/>
         </Generalisation>
         <Generalisation axiom="?GenericallyDependentContinuant SubClassOf has_part some &#10;((IAO_0000030 and ?DependentContinuant_conjunction and ?GenericallyDependentContinuant_conjunction) and (IAO_0000136 some &#10;(?SpecificallyDependentContinuant and SpecificallyDependentContinuant)))" count="10" instantiationStats="?SpecificallyDependentContinuant count: 1; ?DependentContinuant count: 2; ?GenericallyDependentContinuant count: 8">
            <Axiom axiom="IAO_0000104 SubClassOf has_part some &#10;((IAO_0000007 and IAO_0000030 and IAO_0000033 and DependentContinuant and GenericallyDependentContinuant) and (IAO_0000136 some &#10;(RealizableEntity and SpecificallyDependentContinuant)))"/>
            <Axiom axiom="IAO_0000010 SubClassOf has_part some &#10;((IAO_0000007 and IAO_0000030 and IAO_0000033 and DependentContinuant and GenericallyDependentContinuant) and (IAO_0000136 some &#10;(RealizableEntity and SpecificallyDependentContinuant)))"/>
            <Axiom axiom="IAO_0000065 SubClassOf has_part some &#10;((IAO_0000007 and IAO_0000030 and IAO_0000033 and DependentContinuant and GenericallyDependentContinuant) and (IAO_0000136 some &#10;(RealizableEntity and SpecificallyDependentContinuant)))"/>
            <Axiom axiom="IAO_0000010 SubClassOf has_part some &#10;((IAO_0000005 and IAO_0000030 and IAO_0000033 and DependentContinuant and GenericallyDependentContinuant) and (IAO_0000136 some &#10;(RealizableEntity and SpecificallyDependentContinuant)))"/>
            <Axiom axiom="IAO_0000064 SubClassOf has_part some &#10;((IAO_0000005 and IAO_0000030 and IAO_0000033 and DependentContinuant and GenericallyDependentContinuant) and (IAO_0000136 some &#10;(RealizableEntity and SpecificallyDependentContinuant)))"/>
            <Axiom axiom="IAO_0000025 SubClassOf has_part some &#10;((IAO_0000005 and IAO_0000030 and IAO_0000033 and DependentContinuant and GenericallyDependentContinuant) and (IAO_0000136 some &#10;(RealizableEntity and SpecificallyDependentContinuant)))"/>
            <Axiom axiom="IAO_0000025 SubClassOf has_part some &#10;((IAO_0000007 and IAO_0000030 and IAO_0000033 and DependentContinuant and GenericallyDependentContinuant) and (IAO_0000136 some &#10;(RealizableEntity and SpecificallyDependentContinuant)))"/>
            <Axiom axiom="IAO_0000064 SubClassOf has_part some &#10;((IAO_0000007 and IAO_0000030 and IAO_0000033 and DependentContinuant and GenericallyDependentContinuant) and (IAO_0000136 some &#10;(RealizableEntity and SpecificallyDependentContinuant)))"/>
            <Axiom axiom="IAO_0000104 SubClassOf has_part some &#10;((IAO_0000005 and IAO_0000030 and IAO_0000033 and DependentContinuant and GenericallyDependentContinuant) and (IAO_0000136 some &#10;(RealizableEntity and SpecificallyDependentContinuant)))"/>
            <Axiom axiom="IAO_0000065 SubClassOf has_part some &#10;((IAO_0000005 and IAO_0000030 and IAO_0000033 and DependentContinuant and GenericallyDependentContinuant) and (IAO_0000136 some &#10;(RealizableEntity and SpecificallyDependentContinuant)))"/>
         </Generalisation>
         <Generalisation axiom="?SpecificallyDependentContinuant SubClassOf ?SpecificallyDependentContinuant" count="4" instantiationStats="?SpecificallyDependentContinuant count: 6">
            <Axiom axiom="IAO_0000015 SubClassOf Quality"/>
            <Axiom axiom="Function SubClassOf RealizableEntity"/>
            <Axiom axiom="Role SubClassOf RealizableEntity"/>
            <Axiom axiom="Disposition SubClassOf RealizableEntity"/>
         </Generalisation>
         <Generalisation axiom="?GenericallyDependentContinuant SubClassOf IAO_0000136 some &#10;(?SpecificallyDependentContinuant and SpecificallyDependentContinuant)" count="16" instantiationStats="?SpecificallyDependentContinuant count: 1; ?GenericallyDependentContinuant count: 16">
            <Axiom axiom="IAO_0000001 SubClassOf IAO_0000136 some &#10;(RealizableEntity and SpecificallyDependentContinuant)"/>
            <Axiom axiom="IAO_0000025 SubClassOf IAO_0000136 some &#10;(RealizableEntity and SpecificallyDependentContinuant)"/>
            <Axiom axiom="IAO_0000055 SubClassOf IAO_0000136 some &#10;(RealizableEntity and SpecificallyDependentContinuant)"/>
            <Axiom axiom="IAO_0000065 SubClassOf IAO_0000136 some &#10;(RealizableEntity and SpecificallyDependentContinuant)"/>
            <Axiom axiom="IAO_0000016 SubClassOf IAO_0000136 some &#10;(RealizableEntity and SpecificallyDependentContinuant)"/>
            <Axiom axiom="IAO_0000034 SubClassOf IAO_0000136 some &#10;(RealizableEntity and SpecificallyDependentContinuant)"/>
            <Axiom axiom="IAO_0000014 SubClassOf IAO_0000136 some &#10;(RealizableEntity and SpecificallyDependentContinuant)"/>
            <Axiom axiom="IAO_0000007 SubClassOf IAO_0000136 some &#10;(RealizableEntity and SpecificallyDependentContinuant)"/>
            <Axiom axiom="IAO_0000098 SubClassOf IAO_0000136 some &#10;(RealizableEntity and SpecificallyDependentContinuant)"/>
            <Axiom axiom="IAO_0000064 SubClassOf IAO_0000136 some &#10;(RealizableEntity and SpecificallyDependentContinuant)"/>
            <Axiom axiom="IAO_0000010 SubClassOf IAO_0000136 some &#10;(RealizableEntity and SpecificallyDependentContinuant)"/>
            <Axiom axiom="IAO_0000104 SubClassOf IAO_0000136 some &#10;(RealizableEntity and SpecificallyDependentContinuant)"/>
            <Axiom axiom="IAO_0000096 SubClassOf IAO_0000136 some &#10;(RealizableEntity and SpecificallyDependentContinuant)"/>
            <Axiom axiom="IAO_0000033 SubClassOf IAO_0000136 some &#10;(RealizableEntity and SpecificallyDependentContinuant)"/>
            <Axiom axiom="IAO_0000011 SubClassOf IAO_0000136 some &#10;(RealizableEntity and SpecificallyDependentContinuant)"/>
            <Axiom axiom="IAO_0000005 SubClassOf IAO_0000136 some &#10;(RealizableEntity and SpecificallyDependentContinuant)"/>
         </Generalisation>
         <Generalisation axiom="?GenericallyDependentContinuant SubClassOf part_of some &#10;((IAO_0000030 and ?DependentContinuant_conjunction and ?GenericallyDependentContinuant_conjunction) and (has_part some &#10;((IAO_0000030 and ?DependentContinuant_conjunction and ?GenericallyDependentContinuant_conjunction) and (IAO_0000136 some &#10;(?SpecificallyDependentContinuant and SpecificallyDependentContinuant)))))" count="9" instantiationStats="?SpecificallyDependentContinuant count: 1; ?DependentContinuant count: 2; ?GenericallyDependentContinuant count: 7">
            <Axiom axiom="IAO_0000011 SubClassOf part_of some &#10;((IAO_0000030 and IAO_0000033 and IAO_0000104 and DependentContinuant and GenericallyDependentContinuant) and (has_part some &#10;((IAO_0000007 and IAO_0000030 and IAO_0000033 and DependentContinuant and GenericallyDependentContinuant) and (IAO_0000136 some &#10;(RealizableEntity and SpecificallyDependentContinuant)))))"/>
            <Axiom axiom="IAO_0000011 SubClassOf part_of some &#10;((IAO_0000030 and IAO_0000033 and IAO_0000104 and DependentContinuant and GenericallyDependentContinuant) and (has_part some &#10;((IAO_0000011 and IAO_0000030 and IAO_0000033 and DependentContinuant and GenericallyDependentContinuant) and (IAO_0000136 some &#10;(RealizableEntity and SpecificallyDependentContinuant)))))"/>
            <Axiom axiom="IAO_0000014 SubClassOf part_of some &#10;((IAO_0000030 and IAO_0000033 and IAO_0000104 and DependentContinuant and GenericallyDependentContinuant) and (has_part some &#10;((IAO_0000014 and IAO_0000030 and IAO_0000033 and DependentContinuant and GenericallyDependentContinuant) and (IAO_0000136 some &#10;(RealizableEntity and SpecificallyDependentContinuant)))))"/>
            <Axiom axiom="IAO_0000011 SubClassOf part_of some &#10;((IAO_0000030 and IAO_0000033 and IAO_0000104 and DependentContinuant and GenericallyDependentContinuant) and (has_part some &#10;((IAO_0000005 and IAO_0000030 and IAO_0000033 and DependentContinuant and GenericallyDependentContinuant) and (IAO_0000136 some &#10;(RealizableEntity and SpecificallyDependentContinuant)))))"/>
            <Axiom axiom="IAO_0000016 SubClassOf part_of some &#10;((IAO_0000030 and IAO_0000033 and IAO_0000104 and DependentContinuant and GenericallyDependentContinuant) and (has_part some &#10;((IAO_0000016 and IAO_0000030 and IAO_0000033 and DependentContinuant and GenericallyDependentContinuant) and (IAO_0000136 some &#10;(RealizableEntity and SpecificallyDependentContinuant)))))"/>
            <Axiom axiom="IAO_0000014 SubClassOf part_of some &#10;((IAO_0000030 and IAO_0000033 and IAO_0000104 and DependentContinuant and GenericallyDependentContinuant) and (has_part some &#10;((IAO_0000007 and IAO_0000030 and IAO_0000033 and DependentContinuant and GenericallyDependentContinuant) and (IAO_0000136 some &#10;(RealizableEntity and SpecificallyDependentContinuant)))))"/>
            <Axiom axiom="IAO_0000014 SubClassOf part_of some &#10;((IAO_0000030 and IAO_0000033 and IAO_0000104 and DependentContinuant and GenericallyDependentContinuant) and (has_part some &#10;((IAO_0000005 and IAO_0000030 and IAO_0000033 and DependentContinuant and GenericallyDependentContinuant) and (IAO_0000136 some &#10;(RealizableEntity and SpecificallyDependentContinuant)))))"/>
            <Axiom axiom="IAO_0000016 SubClassOf part_of some &#10;((IAO_0000030 and IAO_0000033 and IAO_0000104 and DependentContinuant and GenericallyDependentContinuant) and (has_part some &#10;((IAO_0000007 and IAO_0000030 and IAO_0000033 and DependentContinuant and GenericallyDependentContinuant) and (IAO_0000136 some &#10;(RealizableEntity and SpecificallyDependentContinuant)))))"/>
            <Axiom axiom="IAO_0000016 SubClassOf part_of some &#10;((IAO_0000030 and IAO_0000033 and IAO_0000104 and DependentContinuant and GenericallyDependentContinuant) and (has_part some &#10;((IAO_0000005 and IAO_0000030 and IAO_0000033 and DependentContinuant and GenericallyDependentContinuant) and (IAO_0000136 some &#10;(RealizableEntity and SpecificallyDependentContinuant)))))"/>
         </Generalisation>
         <Generalisation axiom="IAO_0000024 SubClassOf ?SpecificallyDependentContinuant" count="1" instantiationStats="?SpecificallyDependentContinuant count: 1">
            <Axiom axiom="IAO_0000024 SubClassOf Quality"/>
         </Generalisation>
         <Generalisation axiom="?GenericallyDependentContinuant SubClassOf part_of some &#10;((IAO_0000030 and ?DependentContinuant_conjunction and ?GenericallyDependentContinuant_conjunction) and (IAO_0000136 some &#10;(?SpecificallyDependentContinuant and SpecificallyDependentContinuant)))" count="3" instantiationStats="?SpecificallyDependentContinuant count: 1; ?DependentContinuant count: 2; ?GenericallyDependentContinuant count: 5">
            <Axiom axiom="IAO_0000011 SubClassOf part_of some &#10;((IAO_0000030 and IAO_0000033 and IAO_0000104 and DependentContinuant and GenericallyDependentContinuant) and (IAO_0000136 some &#10;(RealizableEntity and SpecificallyDependentContinuant)))"/>
            <Axiom axiom="IAO_0000016 SubClassOf part_of some &#10;((IAO_0000030 and IAO_0000033 and IAO_0000104 and DependentContinuant and GenericallyDependentContinuant) and (IAO_0000136 some &#10;(RealizableEntity and SpecificallyDependentContinuant)))"/>
            <Axiom axiom="IAO_0000014 SubClassOf part_of some &#10;((IAO_0000030 and IAO_0000033 and IAO_0000104 and DependentContinuant and GenericallyDependentContinuant) and (IAO_0000136 some &#10;(RealizableEntity and SpecificallyDependentContinuant)))"/>
         </Generalisation>
      </Generalisations>
   </Cluster>
   <Cluster size="6">
      <Item iri="http://www.ifomis.org/bfo/1.1/span#Process"/>
      <Item iri="http://www.ifomis.org/bfo/1.1/span#ProcessualContext"/>
      <Item iri="http://www.ifomis.org/bfo/1.1/span#ProcessAggregate"/>
      <Item iri="http://www.ifomis.org/bfo/1.1/span#ProcessualEntity"/>
      <Item iri="http://www.ifomis.org/bfo/1.1/span#FiatProcessPart"/>
      <Item iri="http://www.ifomis.org/bfo/1.1/span#ProcessBoundary"/>
      <Generalisations>
         <Generalisation axiom="?ProcessualEntity SubClassOf Occurrent" count="6" instantiationStats="?ProcessualEntity count: 6">
            <Axiom axiom="ProcessualEntity SubClassOf Occurrent"/>
            <Axiom axiom="ProcessAggregate SubClassOf Occurrent"/>
            <Axiom axiom="ProcessBoundary SubClassOf Occurrent"/>
            <Axiom axiom="FiatProcessPart SubClassOf Occurrent"/>
            <Axiom axiom="Process SubClassOf Occurrent"/>
            <Axiom axiom="ProcessualContext SubClassOf Occurrent"/>
         </Generalisation>
         <Generalisation axiom="?ProcessualEntity SubClassOf ?ProcessualEntity" count="5" instantiationStats="?ProcessualEntity count: 6">
            <Axiom axiom="ProcessualContext SubClassOf ProcessualEntity"/>
            <Axiom axiom="ProcessBoundary SubClassOf ProcessualEntity"/>
            <Axiom axiom="Process SubClassOf ProcessualEntity"/>
            <Axiom axiom="FiatProcessPart SubClassOf ProcessualEntity"/>
            <Axiom axiom="ProcessAggregate SubClassOf ProcessualEntity"/>
         </Generalisation>
      </Generalisations>
   </Cluster>
   <Cluster size="4">
      <Item iri="http://purl.obofoundry.org/obo/IAO_0000178"/>
      <Item iri="http://www.ifomis.org/bfo/1.1/snap#FiatObjectPart"/>
      <Item iri="http://www.ifomis.org/bfo/1.1/snap#ObjectAggregate"/>
      <Item iri="http://www.ifomis.org/bfo/1.1/snap#Object"/>
      <Generalisations>
         <Generalisation axiom="?cluster_1 SubClassOf ?Continuant" count="1" instantiationStats="?Continuant count: 1; ?cluster_1 count: 1">
            <Axiom axiom="IAO_0000178 SubClassOf IndependentContinuant"/>
         </Generalisation>
         <Generalisation axiom="?cluster_1 SubClassOf MaterialEntity" count="4" instantiationStats="?cluster_1 count: 4">
            <Axiom axiom="ObjectAggregate SubClassOf MaterialEntity"/>
            <Axiom axiom="FiatObjectPart SubClassOf MaterialEntity"/>
            <Axiom axiom="IAO_0000178 SubClassOf MaterialEntity"/>
            <Axiom axiom="Object SubClassOf MaterialEntity"/>
         </Generalisation>
         <Generalisation axiom="?cluster_1 SubClassOf bearer_of some Thing" count="1" instantiationStats="?cluster_1 count: 1">
            <Axiom axiom="IAO_0000178 SubClassOf bearer_of some Thing"/>
         </Generalisation>
      </Generalisations>
   </Cluster>
   <Cluster size="2">
      <Item iri="http://www.ifomis.org/bfo/1.1/snap#GenericallyDependentContinuant"/>
      <Item iri="http://www.ifomis.org/bfo/1.1/snap#DependentContinuant"/>
      <Generalisations>
         <Generalisation axiom="?DependentContinuant SubClassOf ?DependentContinuant" count="1" instantiationStats="?DependentContinuant count: 2">
            <Axiom axiom="GenericallyDependentContinuant SubClassOf DependentContinuant"/>
         </Generalisation>
         <Generalisation axiom="IAO_0000091 SubClassOf ?DependentContinuant" count="2" instantiationStats="?DependentContinuant count: 2">
            <Axiom axiom="IAO_0000091 SubClassOf DependentContinuant"/>
            <Axiom axiom="IAO_0000091 SubClassOf GenericallyDependentContinuant"/>
         </Generalisation>
         <Generalisation axiom="IAO_0000035 SubClassOf ?DependentContinuant" count="2" instantiationStats="?DependentContinuant count: 2">
            <Axiom axiom="IAO_0000035 SubClassOf GenericallyDependentContinuant"/>
            <Axiom axiom="IAO_0000035 SubClassOf DependentContinuant"/>
         </Generalisation>
         <Generalisation axiom="?GenericallyDependentContinuant SubClassOf has_part some &#10;((IAO_0000030 and ?DependentContinuant_conjunction and ?GenericallyDependentContinuant_conjunction) and (IAO_0000136 some &#10;(?SpecificallyDependentContinuant and SpecificallyDependentContinuant)))" count="10" instantiationStats="?SpecificallyDependentContinuant count: 1; ?DependentContinuant count: 2; ?GenericallyDependentContinuant count: 8">
            <Axiom axiom="IAO_0000104 SubClassOf has_part some &#10;((IAO_0000007 and IAO_0000030 and IAO_0000033 and DependentContinuant and GenericallyDependentContinuant) and (IAO_0000136 some &#10;(RealizableEntity and SpecificallyDependentContinuant)))"/>
            <Axiom axiom="IAO_0000010 SubClassOf has_part some &#10;((IAO_0000007 and IAO_0000030 and IAO_0000033 and DependentContinuant and GenericallyDependentContinuant) and (IAO_0000136 some &#10;(RealizableEntity and SpecificallyDependentContinuant)))"/>
            <Axiom axiom="IAO_0000065 SubClassOf has_part some &#10;((IAO_0000007 and IAO_0000030 and IAO_0000033 and DependentContinuant and GenericallyDependentContinuant) and (IAO_0000136 some &#10;(RealizableEntity and SpecificallyDependentContinuant)))"/>
            <Axiom axiom="IAO_0000010 SubClassOf has_part some &#10;((IAO_0000005 and IAO_0000030 and IAO_0000033 and DependentContinuant and GenericallyDependentContinuant) and (IAO_0000136 some &#10;(RealizableEntity and SpecificallyDependentContinuant)))"/>
            <Axiom axiom="IAO_0000064 SubClassOf has_part some &#10;((IAO_0000005 and IAO_0000030 and IAO_0000033 and DependentContinuant and GenericallyDependentContinuant) and (IAO_0000136 some &#10;(RealizableEntity and SpecificallyDependentContinuant)))"/>
            <Axiom axiom="IAO_0000025 SubClassOf has_part some &#10;((IAO_0000005 and IAO_0000030 and IAO_0000033 and DependentContinuant and GenericallyDependentContinuant) and (IAO_0000136 some &#10;(RealizableEntity and SpecificallyDependentContinuant)))"/>
            <Axiom axiom="IAO_0000025 SubClassOf has_part some &#10;((IAO_0000007 and IAO_0000030 and IAO_0000033 and DependentContinuant and GenericallyDependentContinuant) and (IAO_0000136 some &#10;(RealizableEntity and SpecificallyDependentContinuant)))"/>
            <Axiom axiom="IAO_0000064 SubClassOf has_part some &#10;((IAO_0000007 and IAO_0000030 and IAO_0000033 and DependentContinuant and GenericallyDependentContinuant) and (IAO_0000136 some &#10;(RealizableEntity and SpecificallyDependentContinuant)))"/>
            <Axiom axiom="IAO_0000104 SubClassOf has_part some &#10;((IAO_0000005 and IAO_0000030 and IAO_0000033 and DependentContinuant and GenericallyDependentContinuant) and (IAO_0000136 some &#10;(RealizableEntity and SpecificallyDependentContinuant)))"/>
            <Axiom axiom="IAO_0000065 SubClassOf has_part some &#10;((IAO_0000005 and IAO_0000030 and IAO_0000033 and DependentContinuant and GenericallyDependentContinuant) and (IAO_0000136 some &#10;(RealizableEntity and SpecificallyDependentContinuant)))"/>
         </Generalisation>
         <Generalisation axiom="?GenericallyDependentContinuant SubClassOf ?DependentContinuant" count="110" instantiationStats="?GenericallyDependentContinuant count: 55; ?DependentContinuant count: 2">
            <Axiom axiom="Definition SubClassOf GenericallyDependentContinuant"/>
            <Axiom axiom="SynonymType SubClassOf GenericallyDependentContinuant"/>
            <Axiom axiom="IAO_0000028 SubClassOf DependentContinuant"/>
            <Axiom axiom="IAO_0000027 SubClassOf DependentContinuant"/>
            <Axiom axiom="IAO_0000031 SubClassOf DependentContinuant"/>
            <Axiom axiom="IAO_0000003 SubClassOf DependentContinuant"/>
            <Axiom axiom="IAO_0000131 SubClassOf DependentContinuant"/>
            <Axiom axiom="IAO_0000027 SubClassOf GenericallyDependentContinuant"/>
            <Axiom axiom="IAO_0000088 SubClassOf GenericallyDependentContinuant"/>
            <Axiom axiom="IAO_0000059 SubClassOf GenericallyDependentContinuant"/>
            <Axiom axiom="DbXref SubClassOf DependentContinuant"/>
            <Axiom axiom="IAO_0000013 SubClassOf DependentContinuant"/>
            <Axiom axiom="IAO_0000184 SubClassOf DependentContinuant"/>
            <Axiom axiom="IAO_0000132 SubClassOf DependentContinuant"/>
            <Axiom axiom="IAO_0000037 SubClassOf DependentContinuant"/>
            <Axiom axiom="IAO_0000140 SubClassOf DependentContinuant"/>
            <Axiom axiom="IAO_0000009 SubClassOf DependentContinuant"/>
            <Axiom axiom="IAO_0000057 SubClassOf GenericallyDependentContinuant"/>
            <Axiom axiom="IAO_0000001 SubClassOf DependentContinuant"/>
            <Axiom axiom="IAO_0000102 SubClassOf DependentContinuant"/>
            <Axiom axiom="IAO_0000079 SubClassOf DependentContinuant"/>
            <Axiom axiom="IAO_0000181 SubClassOf DependentContinuant"/>
            <Axiom axiom="SynonymType SubClassOf DependentContinuant"/>
            <Axiom axiom="IAO_0000010 SubClassOf GenericallyDependentContinuant"/>
            <Axiom axiom="IAO_0000005 SubClassOf GenericallyDependentContinuant"/>
            <Axiom axiom="IAO_0000079 SubClassOf GenericallyDependentContinuant"/>
            <Axiom axiom="IAO_0000031 SubClassOf GenericallyDependentContinuant"/>
            <Axiom axiom="Subset SubClassOf DependentContinuant"/>
            <Axiom axiom="IAO_0000028 SubClassOf GenericallyDependentContinuant"/>
            <Axiom axiom="IAO_0000065 SubClassOf DependentContinuant"/>
            <Axiom axiom="IAO_0000409 SubClassOf GenericallyDependentContinuant"/>
            <Axiom axiom="IAO_0000032 SubClassOf GenericallyDependentContinuant"/>
            <Axiom axiom="IAO_0000037 SubClassOf GenericallyDependentContinuant"/>
            <Axiom axiom="IAO_0000102 SubClassOf GenericallyDependentContinuant"/>
            <Axiom axiom="IAO_0000016 SubClassOf GenericallyDependentContinuant"/>
            <Axiom axiom="IAO_0000179 SubClassOf GenericallyDependentContinuant"/>
            <Axiom axiom="IAO_0000096 SubClassOf DependentContinuant"/>
            <Axiom axiom="Definition SubClassOf DependentContinuant"/>
            <Axiom axiom="IAO_0000009 SubClassOf GenericallyDependentContinuant"/>
            <Axiom axiom="IAO_0000098 SubClassOf GenericallyDependentContinuant"/>
            <Axiom axiom="IAO_0000001 SubClassOf GenericallyDependentContinuant"/>
            <Axiom axiom="IAO_0000033 SubClassOf GenericallyDependentContinuant"/>
            <Axiom axiom="IAO_0000014 SubClassOf GenericallyDependentContinuant"/>
            <Axiom axiom="IAO_0000183 SubClassOf DependentContinuant"/>
            <Axiom axiom="IAO_0000032 SubClassOf DependentContinuant"/>
            <Axiom axiom="IAO_0000030 SubClassOf GenericallyDependentContinuant"/>
            <Axiom axiom="IAO_0000029 SubClassOf GenericallyDependentContinuant"/>
            <Axiom axiom="IAO_0000007 SubClassOf GenericallyDependentContinuant"/>
            <Axiom axiom="IAO_0000104 SubClassOf GenericallyDependentContinuant"/>
            <Axiom axiom="IAO_0000225 SubClassOf GenericallyDependentContinuant"/>
            <Axiom axiom="IAO_0000182 SubClassOf GenericallyDependentContinuant"/>
            <Axiom axiom="IAO_0000132 SubClassOf GenericallyDependentContinuant"/>
            <Axiom axiom="IAO_0000180 SubClassOf GenericallyDependentContinuant"/>
            <Axiom axiom="IAO_0000104 SubClassOf DependentContinuant"/>
            <Axiom axiom="IAO_0000088 SubClassOf DependentContinuant"/>
            <Axiom axiom="IAO_0000096 SubClassOf GenericallyDependentContinuant"/>
            <Axiom axiom="IAO_0000098 SubClassOf DependentContinuant"/>
            <Axiom axiom="IAO_0000017 SubClassOf DependentContinuant"/>
            <Axiom axiom="IAO_0000225 SubClassOf DependentContinuant"/>
            <Axiom axiom="IAO_0000003 SubClassOf GenericallyDependentContinuant"/>
            <Axiom axiom="IAO_0000181 SubClassOf GenericallyDependentContinuant"/>
            <Axiom axiom="IAO_0000013 SubClassOf GenericallyDependentContinuant"/>
            <Axiom axiom="IAO_0000055 SubClassOf GenericallyDependentContinuant"/>
            <Axiom axiom="Synonym SubClassOf GenericallyDependentContinuant"/>
            <Axiom axiom="IAO_0000064 SubClassOf GenericallyDependentContinuant"/>
            <Axiom axiom="IAO_0000005 SubClassOf DependentContinuant"/>
            <Axiom axiom="IAO_0000109 SubClassOf DependentContinuant"/>
            <Axiom axiom="IAO_0000014 SubClassOf DependentContinuant"/>
            <Axiom axiom="IAO_0000101 SubClassOf DependentContinuant"/>
            <Axiom axiom="IAO_0000038 SubClassOf GenericallyDependentContinuant"/>
            <Axiom axiom="IAO_0000179 SubClassOf DependentContinuant"/>
            <Axiom axiom="IAO_0000006 SubClassOf DependentContinuant"/>
            <Axiom axiom="IAO_0000129 SubClassOf GenericallyDependentContinuant"/>
            <Axiom axiom="IAO_0000038 SubClassOf DependentContinuant"/>
            <Axiom axiom="IAO_0000055 SubClassOf DependentContinuant"/>
            <Axiom axiom="IAO_0000017 SubClassOf GenericallyDependentContinuant"/>
            <Axiom axiom="IAO_0000180 SubClassOf DependentContinuant"/>
            <Axiom axiom="IAO_0000030 SubClassOf DependentContinuant"/>
            <Axiom axiom="IAO_0000064 SubClassOf DependentContinuant"/>
            <Axiom axiom="IAO_0000140 SubClassOf GenericallyDependentContinuant"/>
            <Axiom axiom="IAO_0000182 SubClassOf DependentContinuant"/>
            <Axiom axiom="IAO_0000025 SubClassOf GenericallyDependentContinuant"/>
            <Axiom axiom="IAO_0000011 SubClassOf GenericallyDependentContinuant"/>
            <Axiom axiom="IAO_0000100 SubClassOf DependentContinuant"/>
            <Axiom axiom="IAO_0000100 SubClassOf GenericallyDependentContinuant"/>
            <Axiom axiom="Synonym SubClassOf DependentContinuant"/>
            <Axiom axiom="IAO_0000184 SubClassOf GenericallyDependentContinuant"/>
            <Axiom axiom="IAO_0000025 SubClassOf DependentContinuant"/>
            <Axiom axiom="DbXref SubClassOf GenericallyDependentContinuant"/>
            <Axiom axiom="IAO_0000006 SubClassOf GenericallyDependentContinuant"/>
            <Axiom axiom="IAO_0000059 SubClassOf DependentContinuant"/>
            <Axiom axiom="IAO_0000033 SubClassOf DependentContinuant"/>
            <Axiom axiom="IAO_0000101 SubClassOf GenericallyDependentContinuant"/>
            <Axiom axiom="IAO_0000029 SubClassOf DependentContinuant"/>
            <Axiom axiom="IAO_0000109 SubClassOf GenericallyDependentContinuant"/>
            <Axiom axiom="IAO_0000016 SubClassOf DependentContinuant"/>
            <Axiom axiom="IAO_0000129 SubClassOf DependentContinuant"/>
            <Axiom axiom="IAO_0000409 SubClassOf DependentContinuant"/>
            <Axiom axiom="IAO_0000010 SubClassOf DependentContinuant"/>
            <Axiom axiom="IAO_0000065 SubClassOf GenericallyDependentContinuant"/>
            <Axiom axiom="IAO_0000007 SubClassOf DependentContinuant"/>
            <Axiom axiom="IAO_0000034 SubClassOf GenericallyDependentContinuant"/>
            <Axiom axiom="IAO_0000078 SubClassOf GenericallyDependentContinuant"/>
            <Axiom axiom="IAO_0000078 SubClassOf DependentContinuant"/>
            <Axiom axiom="IAO_0000011 SubClassOf DependentContinuant"/>
            <Axiom axiom="IAO_0000057 SubClassOf DependentContinuant"/>
            <Axiom axiom="Subset SubClassOf GenericallyDependentContinuant"/>
            <Axiom axiom="IAO_0000131 SubClassOf GenericallyDependentContinuant"/>
            <Axiom axiom="IAO_0000034 SubClassOf DependentContinuant"/>
            <Axiom axiom="IAO_0000183 SubClassOf GenericallyDependentContinuant"/>
         </Generalisation>
         <Generalisation axiom="IAO_0000027 SubClassOf ?DependentContinuant" count="2" instantiationStats="?DependentContinuant count: 2">
            <Axiom axiom="IAO_0000027 SubClassOf GenericallyDependentContinuant"/>
            <Axiom axiom="IAO_0000027 SubClassOf DependentContinuant"/>
         </Generalisation>
         <Generalisation axiom="IAO_0000097 SubClassOf ?DependentContinuant" count="2" instantiationStats="?DependentContinuant count: 2">
            <Axiom axiom="IAO_0000097 SubClassOf DependentContinuant"/>
            <Axiom axiom="IAO_0000097 SubClassOf GenericallyDependentContinuant"/>
         </Generalisation>
         <Generalisation axiom="?GenericallyDependentContinuant SubClassOf part_of some &#10;((IAO_0000030 and ?DependentContinuant_conjunction and ?GenericallyDependentContinuant_conjunction) and (has_part some &#10;((IAO_0000030 and ?DependentContinuant_conjunction and ?GenericallyDependentContinuant_conjunction) and (IAO_0000136 some &#10;(?SpecificallyDependentContinuant and SpecificallyDependentContinuant)))))" count="9" instantiationStats="?SpecificallyDependentContinuant count: 1; ?DependentContinuant count: 2; ?GenericallyDependentContinuant count: 7">
            <Axiom axiom="IAO_0000011 SubClassOf part_of some &#10;((IAO_0000030 and IAO_0000033 and IAO_0000104 and DependentContinuant and GenericallyDependentContinuant) and (has_part some &#10;((IAO_0000007 and IAO_0000030 and IAO_0000033 and DependentContinuant and GenericallyDependentContinuant) and (IAO_0000136 some &#10;(RealizableEntity and SpecificallyDependentContinuant)))))"/>
            <Axiom axiom="IAO_0000011 SubClassOf part_of some &#10;((IAO_0000030 and IAO_0000033 and IAO_0000104 and DependentContinuant and GenericallyDependentContinuant) and (has_part some &#10;((IAO_0000011 and IAO_0000030 and IAO_0000033 and DependentContinuant and GenericallyDependentContinuant) and (IAO_0000136 some &#10;(RealizableEntity and SpecificallyDependentContinuant)))))"/>
            <Axiom axiom="IAO_0000014 SubClassOf part_of some &#10;((IAO_0000030 and IAO_0000033 and IAO_0000104 and DependentContinuant and GenericallyDependentContinuant) and (has_part some &#10;((IAO_0000014 and IAO_0000030 and IAO_0000033 and DependentContinuant and GenericallyDependentContinuant) and (IAO_0000136 some &#10;(RealizableEntity and SpecificallyDependentContinuant)))))"/>
            <Axiom axiom="IAO_0000011 SubClassOf part_of some &#10;((IAO_0000030 and IAO_0000033 and IAO_0000104 and DependentContinuant and GenericallyDependentContinuant) and (has_part some &#10;((IAO_0000005 and IAO_0000030 and IAO_0000033 and DependentContinuant and GenericallyDependentContinuant) and (IAO_0000136 some &#10;(RealizableEntity and SpecificallyDependentContinuant)))))"/>
            <Axiom axiom="IAO_0000016 SubClassOf part_of some &#10;((IAO_0000030 and IAO_0000033 and IAO_0000104 and DependentContinuant and GenericallyDependentContinuant) and (has_part some &#10;((IAO_0000016 and IAO_0000030 and IAO_0000033 and DependentContinuant and GenericallyDependentContinuant) and (IAO_0000136 some &#10;(RealizableEntity and SpecificallyDependentContinuant)))))"/>
            <Axiom axiom="IAO_0000014 SubClassOf part_of some &#10;((IAO_0000030 and IAO_0000033 and IAO_0000104 and DependentContinuant and GenericallyDependentContinuant) and (has_part some &#10;((IAO_0000007 and IAO_0000030 and IAO_0000033 and DependentContinuant and GenericallyDependentContinuant) and (IAO_0000136 some &#10;(RealizableEntity and SpecificallyDependentContinuant)))))"/>
            <Axiom axiom="IAO_0000014 SubClassOf part_of some &#10;((IAO_0000030 and IAO_0000033 and IAO_0000104 and DependentContinuant and GenericallyDependentContinuant) and (has_part some &#10;((IAO_0000005 and IAO_0000030 and IAO_0000033 and DependentContinuant and GenericallyDependentContinuant) and (IAO_0000136 some &#10;(RealizableEntity and SpecificallyDependentContinuant)))))"/>
            <Axiom axiom="IAO_0000016 SubClassOf part_of some &#10;((IAO_0000030 and IAO_0000033 and IAO_0000104 and DependentContinuant and GenericallyDependentContinuant) and (has_part some &#10;((IAO_0000007 and IAO_0000030 and IAO_0000033 and DependentContinuant and GenericallyDependentContinuant) and (IAO_0000136 some &#10;(RealizableEntity and SpecificallyDependentContinuant)))))"/>
            <Axiom axiom="IAO_0000016 SubClassOf part_of some &#10;((IAO_0000030 and IAO_0000033 and IAO_0000104 and DependentContinuant and GenericallyDependentContinuant) and (has_part some &#10;((IAO_0000005 and IAO_0000030 and IAO_0000033 and DependentContinuant and GenericallyDependentContinuant) and (IAO_0000136 some &#10;(RealizableEntity and SpecificallyDependentContinuant)))))"/>
         </Generalisation>
         <Generalisation axiom="IAO_0000030 SubClassOf ?DependentContinuant" count="2" instantiationStats="?DependentContinuant count: 2">
            <Axiom axiom="IAO_0000030 SubClassOf DependentContinuant"/>
            <Axiom axiom="IAO_0000030 SubClassOf GenericallyDependentContinuant"/>
         </Generalisation>
         <Generalisation axiom="?GenericallyDependentContinuant SubClassOf part_of some &#10;((IAO_0000030 and ?DependentContinuant_conjunction and ?GenericallyDependentContinuant_conjunction) and (IAO_0000136 some &#10;(?SpecificallyDependentContinuant and SpecificallyDependentContinuant)))" count="3" instantiationStats="?SpecificallyDependentContinuant count: 1; ?DependentContinuant count: 2; ?GenericallyDependentContinuant count: 5">
            <Axiom axiom="IAO_0000011 SubClassOf part_of some &#10;((IAO_0000030 and IAO_0000033 and IAO_0000104 and DependentContinuant and GenericallyDependentContinuant) and (IAO_0000136 some &#10;(RealizableEntity and SpecificallyDependentContinuant)))"/>
            <Axiom axiom="IAO_0000016 SubClassOf part_of some &#10;((IAO_0000030 and IAO_0000033 and IAO_0000104 and DependentContinuant and GenericallyDependentContinuant) and (IAO_0000136 some &#10;(RealizableEntity and SpecificallyDependentContinuant)))"/>
            <Axiom axiom="IAO_0000014 SubClassOf part_of some &#10;((IAO_0000030 and IAO_0000033 and IAO_0000104 and DependentContinuant and GenericallyDependentContinuant) and (IAO_0000136 some &#10;(RealizableEntity and SpecificallyDependentContinuant)))"/>
         </Generalisation>
         <Generalisation axiom="IAO_0000128 SubClassOf ?DependentContinuant" count="2" instantiationStats="?DependentContinuant count: 2">
            <Axiom axiom="IAO_0000128 SubClassOf GenericallyDependentContinuant"/>
            <Axiom axiom="IAO_0000128 SubClassOf DependentContinuant"/>
         </Generalisation>
      </Generalisations>
   </Cluster>
</Clusters>
