<?xml version="1.0" encoding="UTF-8" standalone="no"?>
<Clusters>
   <Cluster size="40">
      <Item iri="http://www.proteinontology.info/po.owl#Description"/>
      <Item iri="http://www.proteinontology.info/po.owl#UnitCell"/>
      <Item iri="http://www.proteinontology.info/po.owl#Hydrophobicity"/>
      <Item iri="http://www.proteinontology.info/po.owl#PhysiologicalFunctions"/>
      <Item iri="http://www.proteinontology.info/po.owl#OtherFolds"/>
      <Item iri="http://www.proteinontology.info/po.owl#HelixStructure"/>
      <Item iri="http://www.proteinontology.info/po.owl#ATOMSequence"/>
      <Item iri="http://www.proteinontology.info/po.owl#Family"/>
      <Item iri="http://www.proteinontology.info/po.owl#Atoms"/>
      <Item iri="http://www.proteinontology.info/po.owl#Chains"/>
      <Item iri="http://www.proteinontology.info/po.owl#Sheet"/>
      <Item iri="http://www.proteinontology.info/po.owl#ProteinComplex"/>
      <Item iri="http://www.proteinontology.info/po.owl#FunctionalDomains"/>
      <Item iri="http://www.proteinontology.info/po.owl#ResidueLink"/>
      <Item iri="http://www.proteinontology.info/po.owl#Helix"/>
      <Item iri="http://www.proteinontology.info/po.owl#Constraints"/>
      <Item iri="http://www.proteinontology.info/po.owl#Helices"/>
      <Item iri="http://www.proteinontology.info/po.owl#ModifiedResidue"/>
      <Item iri="http://www.proteinontology.info/po.owl#ActiveBindingSites"/>
      <Item iri="http://www.proteinontology.info/po.owl#SourceCell"/>
      <Item iri="http://www.proteinontology.info/po.owl#Entry"/>
      <Item iri="http://www.proteinontology.info/po.owl#TurnStructure"/>
      <Item iri="http://www.proteinontology.info/po.owl#Residues"/>
      <Item iri="http://www.proteinontology.info/po.owl#SaltBridge"/>
      <Item iri="http://www.proteinontology.info/po.owl#Molecule"/>
      <Item iri="http://www.proteinontology.info/po.owl#Reference"/>
      <Item iri="http://www.proteinontology.info/po.owl#SiteGroup"/>
      <Item iri="http://www.proteinontology.info/po.owl#CISPeptide"/>
      <Item iri="http://www.proteinontology.info/po.owl#Bind"/>
      <Item iri="http://www.proteinontology.info/po.owl#Structure"/>
      <Item iri="http://www.proteinontology.info/po.owl#BiologicalFunction"/>
      <Item iri="http://www.proteinontology.info/po.owl#Sheets"/>
      <Item iri="http://www.proteinontology.info/po.owl#GeneticDefects"/>
      <Item iri="http://www.proteinontology.info/po.owl#ChemicalBonds"/>
      <Item iri="http://www.proteinontology.info/po.owl#StructuralDomains"/>
      <Item iri="http://www.proteinontology.info/po.owl#AtomicBind"/>
      <Item iri="http://www.proteinontology.info/po.owl#HydrogenBond"/>
      <Item iri="http://www.proteinontology.info/po.owl#Strands"/>
      <Item iri="http://www.proteinontology.info/po.owl#PathologicalFunctions"/>
      <Item iri="http://www.proteinontology.info/po.owl#Turn"/>
      <Generalisations>
         <Generalisation axiom="?ProteinOntology EquivalentTo HelixChainRef some &#10;(?ProteinOntology and ProteinOntology)" count="1" instantiationStats="?ProteinOntology count: 2">
            <Axiom axiom="HelixStructure EquivalentTo HelixChainRef some &#10;(Chains and ProteinOntology)"/>
         </Generalisation>
         <Generalisation axiom="?ProteinOntology EquivalentTo AtomicBindResidueRef some &#10;(?ProteinOntology and ProteinOntology)" count="1" instantiationStats="?ProteinOntology count: 2">
            <Axiom axiom="AtomicBind EquivalentTo AtomicBindResidueRef some &#10;(ProteinOntology and Residues)"/>
         </Generalisation>
         <Generalisation axiom="?ProteinOntology EquivalentTo StrandPreviousAtomRef some &#10;((?ProteinOntology and ProteinOntology) and (AtomResidueRef some &#10;(?ProteinOntology and ProteinOntology)))" count="1" instantiationStats="?ProteinOntology count: 3">
            <Axiom axiom="Strands EquivalentTo StrandPreviousAtomRef some &#10;((Atoms and ProteinOntology) and (AtomResidueRef some &#10;(ProteinOntology and Residues)))"/>
         </Generalisation>
         <Generalisation axiom="?ProteinOntology SubClassOf HydrogenBondAtomicBindRefH some &#10;((?ProteinOntology and ProteinOntology) and (AtomicBindAtomRef some &#10;((?ProteinOntology and ProteinOntology) and (AtomChainRef some &#10;(?ProteinOntology and ProteinOntology)))))" count="1" instantiationStats="?ProteinOntology count: 4">
            <Axiom axiom="HydrogenBond SubClassOf HydrogenBondAtomicBindRefH some &#10;((AtomicBind and ProteinOntology) and (AtomicBindAtomRef some &#10;((Atoms and ProteinOntology) and (AtomChainRef some &#10;(Chains and ProteinOntology)))))"/>
         </Generalisation>
         <Generalisation axiom="?ProteinOntology SubClassOf SiteGroupRef1 some &#10;((?ProteinOntology and ProteinOntology) and (SiteGroupResidueRef some &#10;(?ProteinOntology and ProteinOntology)))" count="1" instantiationStats="?ProteinOntology count: 3">
            <Axiom axiom="ActiveBindingSites SubClassOf SiteGroupRef1 some &#10;((ProteinOntology and SiteGroup) and (SiteGroupResidueRef some &#10;(ProteinOntology and Residues)))"/>
         </Generalisation>
         <Generalisation axiom="?ProteinOntology EquivalentTo CISPeptideBindRef2 some &#10;((?ProteinOntology and ProteinOntology) and (BindChainRef some &#10;(?ProteinOntology and ProteinOntology)))" count="1" instantiationStats="?ProteinOntology count: 3">
            <Axiom axiom="CISPeptide EquivalentTo CISPeptideBindRef2 some &#10;((Bind and ProteinOntology) and (BindChainRef some &#10;(Chains and ProteinOntology)))"/>
         </Generalisation>
         <Generalisation axiom="?ProteinOntology EquivalentTo HydrogenBondAtomicBindRefH some &#10;((?ProteinOntology and ProteinOntology) and (AtomicBindAtomRef some &#10;((?ProteinOntology and ProteinOntology) and (AtomResidueRef some &#10;(?ProteinOntology and ProteinOntology)))))" count="1" instantiationStats="?ProteinOntology count: 4">
            <Axiom axiom="HydrogenBond EquivalentTo HydrogenBondAtomicBindRefH some &#10;((AtomicBind and ProteinOntology) and (AtomicBindAtomRef some &#10;((Atoms and ProteinOntology) and (AtomResidueRef some &#10;(ProteinOntology and Residues)))))"/>
         </Generalisation>
         <Generalisation axiom="?ProteinOntology SubClassOf StrandPreviousResidueRef some Thing" count="1" instantiationStats="?ProteinOntology count: 1">
            <Axiom axiom="Strands SubClassOf StrandPreviousResidueRef some Thing"/>
         </Generalisation>
         <Generalisation axiom="?ProteinOntology EquivalentTo HydrogenBondAtomicBindRef1 some Thing" count="1" instantiationStats="?ProteinOntology count: 1">
            <Axiom axiom="HydrogenBond EquivalentTo HydrogenBondAtomicBindRef1 some Thing"/>
         </Generalisation>
         <Generalisation axiom="?ProteinOntology SubClassOf ResidueLinkAtomicBindRef2 some &#10;((?ProteinOntology and ProteinOntology) and (AtomicBindAtomRef some &#10;((?ProteinOntology and ProteinOntology) and (AtomResidueRef some &#10;(?ProteinOntology and ProteinOntology)))))" count="1" instantiationStats="?ProteinOntology count: 4">
            <Axiom axiom="ResidueLink SubClassOf ResidueLinkAtomicBindRef2 some &#10;((AtomicBind and ProteinOntology) and (AtomicBindAtomRef some &#10;((Atoms and ProteinOntology) and (AtomResidueRef some &#10;(ProteinOntology and Residues)))))"/>
         </Generalisation>
         <Generalisation axiom="?ProteinOntology EquivalentTo SiteGroupRef2 some &#10;(?ProteinOntology and ProteinOntology)" count="1" instantiationStats="?ProteinOntology count: 2">
            <Axiom axiom="ActiveBindingSites EquivalentTo SiteGroupRef2 some &#10;(ProteinOntology and SiteGroup)"/>
         </Generalisation>
         <Generalisation axiom="?ProteinOntology SubClassOf StrandPreviousAtomRef only &#10;((?ProteinOntology and ProteinOntology) and (AtomResidueRef some &#10;(?ProteinOntology and ProteinOntology)))" count="1" instantiationStats="?ProteinOntology count: 3">
            <Axiom axiom="Strands SubClassOf StrandPreviousAtomRef only &#10;((Atoms and ProteinOntology) and (AtomResidueRef some &#10;(ProteinOntology and Residues)))"/>
         </Generalisation>
         <Generalisation axiom="?ProteinOntology EquivalentTo StrandCurrentResidueRef some &#10;(?ProteinOntology and ProteinOntology)" count="1" instantiationStats="?ProteinOntology count: 2">
            <Axiom axiom="Strands EquivalentTo StrandCurrentResidueRef some &#10;(ProteinOntology and Residues)"/>
         </Generalisation>
         <Generalisation axiom="?ProteinOntology SubClassOf SaltBridgeAtomicBindRef2 some &#10;((?ProteinOntology and ProteinOntology) and (AtomicBindChainRef some &#10;(?ProteinOntology and ProteinOntology)))" count="1" instantiationStats="?ProteinOntology count: 3">
            <Axiom axiom="SaltBridge SubClassOf SaltBridgeAtomicBindRef2 some &#10;((AtomicBind and ProteinOntology) and (AtomicBindChainRef some &#10;(Chains and ProteinOntology)))"/>
         </Generalisation>
         <Generalisation axiom="?ProteinOntology EquivalentTo AtomicBindAtomRef some Thing" count="1" instantiationStats="?ProteinOntology count: 1">
            <Axiom axiom="AtomicBind EquivalentTo AtomicBindAtomRef some Thing"/>
         </Generalisation>
         <Generalisation axiom="?ProteinOntology SubClassOf TurnIntialResidueRef some &#10;(?ProteinOntology and ProteinOntology)" count="1" instantiationStats="?ProteinOntology count: 2">
            <Axiom axiom="TurnStructure SubClassOf TurnIntialResidueRef some &#10;(ProteinOntology and Residues)"/>
         </Generalisation>
         <Generalisation axiom="?ProteinOntology SubClassOf TurnEndResidueRef some &#10;(?ProteinOntology and ProteinOntology)" count="1" instantiationStats="?ProteinOntology count: 2">
            <Axiom axiom="TurnStructure SubClassOf TurnEndResidueRef some &#10;(ProteinOntology and Residues)"/>
         </Generalisation>
         <Generalisation axiom="?ProteinOntology SubClassOf CISPeptideBindRef2 some Thing" count="1" instantiationStats="?ProteinOntology count: 1">
            <Axiom axiom="CISPeptide SubClassOf CISPeptideBindRef2 some Thing"/>
         </Generalisation>
         <Generalisation axiom="?ProteinOntology SubClassOf BindChainRef some &#10;(?ProteinOntology and ProteinOntology)" count="1" instantiationStats="?ProteinOntology count: 2">
            <Axiom axiom="Bind SubClassOf BindChainRef some &#10;(Chains and ProteinOntology)"/>
         </Generalisation>
         <Generalisation axiom="?ProteinOntology SubClassOf ResidueLinkAtomicBindRef1 some Thing" count="1" instantiationStats="?ProteinOntology count: 1">
            <Axiom axiom="ResidueLink SubClassOf ResidueLinkAtomicBindRef1 some Thing"/>
         </Generalisation>
         <Generalisation axiom="?ProteinOntology SubClassOf StructureResidueRef some &#10;(?ProteinOntology and ProteinOntology)" count="1" instantiationStats="?ProteinOntology count: 2">
            <Axiom axiom="ATOMSequence SubClassOf StructureResidueRef some &#10;(ProteinOntology and Residues)"/>
         </Generalisation>
         <Generalisation axiom="?ProteinOntology SubClassOf HydrogenBondAtomicBindRef2 some &#10;(?ProteinOntology and ProteinOntology)" count="1" instantiationStats="?ProteinOntology count: 2">
            <Axiom axiom="HydrogenBond SubClassOf HydrogenBondAtomicBindRef2 some &#10;(AtomicBind and ProteinOntology)"/>
         </Generalisation>
         <Generalisation axiom="?ProteinOntology EquivalentTo SiteGroupRef4 some Thing" count="1" instantiationStats="?ProteinOntology count: 1">
            <Axiom axiom="ActiveBindingSites EquivalentTo SiteGroupRef4 some Thing"/>
         </Generalisation>
         <Generalisation axiom="?ProteinOntology SubClassOf AtomicBindAtomRef some &#10;((?ProteinOntology and ProteinOntology) and (AtomResidueRef some &#10;(?ProteinOntology and ProteinOntology)))" count="1" instantiationStats="?ProteinOntology count: 3">
            <Axiom axiom="AtomicBind SubClassOf AtomicBindAtomRef some &#10;((Atoms and ProteinOntology) and (AtomResidueRef some &#10;(ProteinOntology and Residues)))"/>
         </Generalisation>
         <Generalisation axiom="?ProteinOntology EquivalentTo StrandCurrentAtomRef some Thing" count="1" instantiationStats="?ProteinOntology count: 1">
            <Axiom axiom="Strands EquivalentTo StrandCurrentAtomRef some Thing"/>
         </Generalisation>
         <Generalisation axiom="?ProteinOntology EquivalentTo SiteGroupRef7 some &#10;(?ProteinOntology and ProteinOntology)" count="1" instantiationStats="?ProteinOntology count: 2">
            <Axiom axiom="ActiveBindingSites EquivalentTo SiteGroupRef7 some &#10;(ProteinOntology and SiteGroup)"/>
         </Generalisation>
         <Generalisation axiom="?ProteinOntology SubClassOf StrandIntialResidueRef some Thing" count="1" instantiationStats="?ProteinOntology count: 1">
            <Axiom axiom="Strands SubClassOf StrandIntialResidueRef some Thing"/>
         </Generalisation>
         <Generalisation axiom="?ProteinOntology SubClassOf AtomicBindResidueRef some &#10;(?ProteinOntology and ProteinOntology)" count="1" instantiationStats="?ProteinOntology count: 2">
            <Axiom axiom="AtomicBind SubClassOf AtomicBindResidueRef some &#10;(ProteinOntology and Residues)"/>
         </Generalisation>
         <Generalisation axiom="?ProteinOntology SubClassOf CISPeptideBindRef2 some &#10;((?ProteinOntology and ProteinOntology) and (BindResidueRef some &#10;(?ProteinOntology and ProteinOntology)))" count="1" instantiationStats="?ProteinOntology count: 3">
            <Axiom axiom="CISPeptide SubClassOf CISPeptideBindRef2 some &#10;((Bind and ProteinOntology) and (BindResidueRef some &#10;(ProteinOntology and Residues)))"/>
         </Generalisation>
         <Generalisation axiom="?ProteinOntology EquivalentTo SiteGroupChainRef some &#10;(?ProteinOntology and ProteinOntology)" count="1" instantiationStats="?ProteinOntology count: 2">
            <Axiom axiom="SiteGroup EquivalentTo SiteGroupChainRef some &#10;(Chains and ProteinOntology)"/>
         </Generalisation>
         <Generalisation axiom="?ProteinOntology SubClassOf TurnChainRef only &#10;(?ProteinOntology and ProteinOntology)" count="1" instantiationStats="?ProteinOntology count: 2">
            <Axiom axiom="TurnStructure SubClassOf TurnChainRef only &#10;(Chains and ProteinOntology)"/>
         </Generalisation>
         <Generalisation axiom="?ProteinOntology SubClassOf HydrogenBondAtomicBindRefH only &#10;((?ProteinOntology and ProteinOntology) and (AtomicBindAtomRef some &#10;((?ProteinOntology and ProteinOntology) and (AtomChainRef some &#10;(?ProteinOntology and ProteinOntology)))))" count="1" instantiationStats="?ProteinOntology count: 4">
            <Axiom axiom="HydrogenBond SubClassOf HydrogenBondAtomicBindRefH only &#10;((AtomicBind and ProteinOntology) and (AtomicBindAtomRef some &#10;((Atoms and ProteinOntology) and (AtomChainRef some &#10;(Chains and ProteinOntology)))))"/>
         </Generalisation>
         <Generalisation axiom="?ProteinOntology SubClassOf StrandChainRef only &#10;(?ProteinOntology and ProteinOntology)" count="1" instantiationStats="?ProteinOntology count: 2">
            <Axiom axiom="Strands SubClassOf StrandChainRef only &#10;(Chains and ProteinOntology)"/>
         </Generalisation>
         <Generalisation axiom="?ProteinOntology SubClassOf BindResidueRef some &#10;(?ProteinOntology and ProteinOntology)" count="1" instantiationStats="?ProteinOntology count: 2">
            <Axiom axiom="Bind SubClassOf BindResidueRef some &#10;(ProteinOntology and Residues)"/>
         </Generalisation>
         <Generalisation axiom="?ProteinOntology EquivalentTo HelixEndResidueRef some Thing" count="1" instantiationStats="?ProteinOntology count: 1">
            <Axiom axiom="HelixStructure EquivalentTo HelixEndResidueRef some Thing"/>
         </Generalisation>
         <Generalisation axiom="?ProteinOntology SubClassOf HydrogenBondAtomicBindRef2 some Thing" count="1" instantiationStats="?ProteinOntology count: 1">
            <Axiom axiom="HydrogenBond SubClassOf HydrogenBondAtomicBindRef2 some Thing"/>
         </Generalisation>
         <Generalisation axiom="?ProteinOntology SubClassOf SiteGroupRef3 some &#10;(?ProteinOntology and ProteinOntology)" count="1" instantiationStats="?ProteinOntology count: 2">
            <Axiom axiom="ActiveBindingSites SubClassOf SiteGroupRef3 some &#10;(ProteinOntology and SiteGroup)"/>
         </Generalisation>
         <Generalisation axiom="?ProteinOntology SubClassOf HydrogenBondAtomicBindRefH some &#10;((?ProteinOntology and ProteinOntology) and (AtomicBindChainRef some &#10;(?ProteinOntology and ProteinOntology)))" count="1" instantiationStats="?ProteinOntology count: 3">
            <Axiom axiom="HydrogenBond SubClassOf HydrogenBondAtomicBindRefH some &#10;((AtomicBind and ProteinOntology) and (AtomicBindChainRef some &#10;(Chains and ProteinOntology)))"/>
         </Generalisation>
         <Generalisation axiom="?ProteinOntology SubClassOf SiteGroupRef4 only &#10;(?ProteinOntology and ProteinOntology)" count="1" instantiationStats="?ProteinOntology count: 2">
            <Axiom axiom="ActiveBindingSites SubClassOf SiteGroupRef4 only &#10;(ProteinOntology and SiteGroup)"/>
         </Generalisation>
         <Generalisation axiom="?ProteinOntology EquivalentTo TurnEndResidueRef some Thing" count="1" instantiationStats="?ProteinOntology count: 1">
            <Axiom axiom="TurnStructure EquivalentTo TurnEndResidueRef some Thing"/>
         </Generalisation>
         <Generalisation axiom="?ProteinOntology SubClassOf AtomChainRef only &#10;(?ProteinOntology and ProteinOntology)" count="1" instantiationStats="?ProteinOntology count: 2">
            <Axiom axiom="Atoms SubClassOf AtomChainRef only &#10;(Chains and ProteinOntology)"/>
         </Generalisation>
         <Generalisation axiom="?ProteinOntology EquivalentTo SiteGroupRef6 some Thing" count="1" instantiationStats="?ProteinOntology count: 1">
            <Axiom axiom="ActiveBindingSites EquivalentTo SiteGroupRef6 some Thing"/>
         </Generalisation>
         <Generalisation axiom="?ProteinOntology SubClassOf ResidueLinkAtomicBindRef2 only &#10;((?ProteinOntology and ProteinOntology) and (AtomicBindResidueRef some &#10;(?ProteinOntology and ProteinOntology)))" count="1" instantiationStats="?ProteinOntology count: 3">
            <Axiom axiom="ResidueLink SubClassOf ResidueLinkAtomicBindRef2 only &#10;((AtomicBind and ProteinOntology) and (AtomicBindResidueRef some &#10;(ProteinOntology and Residues)))"/>
         </Generalisation>
         <Generalisation axiom="?ProteinOntology SubClassOf SiteGroupChainRef some Thing" count="1" instantiationStats="?ProteinOntology count: 1">
            <Axiom axiom="SiteGroup SubClassOf SiteGroupChainRef some Thing"/>
         </Generalisation>
         <Generalisation axiom="?ProteinOntology SubClassOf SiteGroupResidueRef some &#10;(?ProteinOntology and ProteinOntology)" count="1" instantiationStats="?ProteinOntology count: 2">
            <Axiom axiom="SiteGroup SubClassOf SiteGroupResidueRef some &#10;(ProteinOntology and Residues)"/>
         </Generalisation>
         <Generalisation axiom="?ProteinOntology EquivalentTo StrandChainRef some Thing" count="1" instantiationStats="?ProteinOntology count: 1">
            <Axiom axiom="Strands EquivalentTo StrandChainRef some Thing"/>
         </Generalisation>
         <Generalisation axiom="?ProteinOntology SubClassOf HydrogenBondAtomicBindRefH some Thing" count="1" instantiationStats="?ProteinOntology count: 1">
            <Axiom axiom="HydrogenBond SubClassOf HydrogenBondAtomicBindRefH some Thing"/>
         </Generalisation>
         <Generalisation axiom="?ProteinOntology EquivalentTo SiteGroupRef2 some Thing" count="1" instantiationStats="?ProteinOntology count: 1">
            <Axiom axiom="ActiveBindingSites EquivalentTo SiteGroupRef2 some Thing"/>
         </Generalisation>
         <Generalisation axiom="?ProteinOntology SubClassOf HelixChainRef some Thing" count="1" instantiationStats="?ProteinOntology count: 1">
            <Axiom axiom="HelixStructure SubClassOf HelixChainRef some Thing"/>
         </Generalisation>
         <Generalisation axiom="?ProteinOntology SubClassOf TurnChainRef some &#10;(?ProteinOntology and ProteinOntology)" count="1" instantiationStats="?ProteinOntology count: 2">
            <Axiom axiom="TurnStructure SubClassOf TurnChainRef some &#10;(Chains and ProteinOntology)"/>
         </Generalisation>
         <Generalisation axiom="?ProteinOntology SubClassOf SiteGroupRef2 some Thing" count="1" instantiationStats="?ProteinOntology count: 1">
            <Axiom axiom="ActiveBindingSites SubClassOf SiteGroupRef2 some Thing"/>
         </Generalisation>
         <Generalisation axiom="?ProteinOntology SubClassOf SiteGroupRef4 some Thing" count="1" instantiationStats="?ProteinOntology count: 1">
            <Axiom axiom="ActiveBindingSites SubClassOf SiteGroupRef4 some Thing"/>
         </Generalisation>
         <Generalisation axiom="?ProteinOntology EquivalentTo BindResidueRef some &#10;(?ProteinOntology and ProteinOntology)" count="1" instantiationStats="?ProteinOntology count: 2">
            <Axiom axiom="Bind EquivalentTo BindResidueRef some &#10;(ProteinOntology and Residues)"/>
         </Generalisation>
         <Generalisation axiom="?ProteinOntology EquivalentTo StrandCurrentAtomRef some &#10;(?ProteinOntology and ProteinOntology)" count="1" instantiationStats="?ProteinOntology count: 2">
            <Axiom axiom="Strands EquivalentTo StrandCurrentAtomRef some &#10;(Atoms and ProteinOntology)"/>
         </Generalisation>
         <Generalisation axiom="?ProteinOntology SubClassOf StrandPreviousAtomRef some &#10;((?ProteinOntology and ProteinOntology) and (AtomResidueRef some &#10;(?ProteinOntology and ProteinOntology)))" count="1" instantiationStats="?ProteinOntology count: 3">
            <Axiom axiom="Strands SubClassOf StrandPreviousAtomRef some &#10;((Atoms and ProteinOntology) and (AtomResidueRef some &#10;(ProteinOntology and Residues)))"/>
         </Generalisation>
         <Generalisation axiom="?ProteinOntology SubClassOf ResidueLinkAtomicBindRef2 only &#10;((?ProteinOntology and ProteinOntology) and (AtomicBindAtomRef some &#10;((?ProteinOntology and ProteinOntology) and (AtomResidueRef some &#10;(?ProteinOntology and ProteinOntology)))))" count="1" instantiationStats="?ProteinOntology count: 4">
            <Axiom axiom="ResidueLink SubClassOf ResidueLinkAtomicBindRef2 only &#10;((AtomicBind and ProteinOntology) and (AtomicBindAtomRef some &#10;((Atoms and ProteinOntology) and (AtomResidueRef some &#10;(ProteinOntology and Residues)))))"/>
         </Generalisation>
         <Generalisation axiom="?ProteinOntology SubClassOf AtomResidueRef only &#10;(?ProteinOntology and ProteinOntology)" count="1" instantiationStats="?ProteinOntology count: 2">
            <Axiom axiom="Atoms SubClassOf AtomResidueRef only &#10;(ProteinOntology and Residues)"/>
         </Generalisation>
         <Generalisation axiom="?ProteinOntology SubClassOf SiteGroupChainRef only &#10;(?ProteinOntology and ProteinOntology)" count="1" instantiationStats="?ProteinOntology count: 2">
            <Axiom axiom="SiteGroup SubClassOf SiteGroupChainRef only &#10;(Chains and ProteinOntology)"/>
         </Generalisation>
         <Generalisation axiom="?ProteinOntology SubClassOf StrandPreviousResidueRef some &#10;(?ProteinOntology and ProteinOntology)" count="1" instantiationStats="?ProteinOntology count: 2">
            <Axiom axiom="Strands SubClassOf StrandPreviousResidueRef some &#10;(ProteinOntology and Residues)"/>
         </Generalisation>
         <Generalisation axiom="?ProteinOntology EquivalentTo AtomicBindAtomRef some &#10;((?ProteinOntology and ProteinOntology) and (AtomChainRef some &#10;(?ProteinOntology and ProteinOntology)))" count="1" instantiationStats="?ProteinOntology count: 3">
            <Axiom axiom="AtomicBind EquivalentTo AtomicBindAtomRef some &#10;((Atoms and ProteinOntology) and (AtomChainRef some &#10;(Chains and ProteinOntology)))"/>
         </Generalisation>
         <Generalisation axiom="?ProteinOntology SubClassOf SaltBridgeAtomicBindRef2 some &#10;((?ProteinOntology and ProteinOntology) and (AtomicBindAtomRef some &#10;((?ProteinOntology and ProteinOntology) and (AtomResidueRef some &#10;(?ProteinOntology and ProteinOntology)))))" count="1" instantiationStats="?ProteinOntology count: 4">
            <Axiom axiom="SaltBridge SubClassOf SaltBridgeAtomicBindRef2 some &#10;((AtomicBind and ProteinOntology) and (AtomicBindAtomRef some &#10;((Atoms and ProteinOntology) and (AtomResidueRef some &#10;(ProteinOntology and Residues)))))"/>
         </Generalisation>
         <Generalisation axiom="?ProteinOntology SubClassOf SaltBridgeAtomicBindRef2 only &#10;((?ProteinOntology and ProteinOntology) and (AtomicBindAtomRef some &#10;((?ProteinOntology and ProteinOntology) and (AtomChainRef some &#10;(?ProteinOntology and ProteinOntology)))))" count="1" instantiationStats="?ProteinOntology count: 4">
            <Axiom axiom="SaltBridge SubClassOf SaltBridgeAtomicBindRef2 only &#10;((AtomicBind and ProteinOntology) and (AtomicBindAtomRef some &#10;((Atoms and ProteinOntology) and (AtomChainRef some &#10;(Chains and ProteinOntology)))))"/>
         </Generalisation>
         <Generalisation axiom="?ProteinOntology SubClassOf ResidueLinkAtomicBindRef2 some &#10;((?ProteinOntology and ProteinOntology) and (AtomicBindAtomRef some &#10;((?ProteinOntology and ProteinOntology) and (AtomChainRef some &#10;(?ProteinOntology and ProteinOntology)))))" count="1" instantiationStats="?ProteinOntology count: 4">
            <Axiom axiom="ResidueLink SubClassOf ResidueLinkAtomicBindRef2 some &#10;((AtomicBind and ProteinOntology) and (AtomicBindAtomRef some &#10;((Atoms and ProteinOntology) and (AtomChainRef some &#10;(Chains and ProteinOntology)))))"/>
         </Generalisation>
         <Generalisation axiom="?ProteinOntology SubClassOf BindResidueRef some Thing" count="1" instantiationStats="?ProteinOntology count: 1">
            <Axiom axiom="Bind SubClassOf BindResidueRef some Thing"/>
         </Generalisation>
         <Generalisation axiom="?ProteinOntology EquivalentTo StructureResidueRef some &#10;(?ProteinOntology and ProteinOntology)" count="1" instantiationStats="?ProteinOntology count: 2">
            <Axiom axiom="ATOMSequence EquivalentTo StructureResidueRef some &#10;(ProteinOntology and Residues)"/>
         </Generalisation>
         <Generalisation axiom="?ProteinOntology SubClassOf AtomicBindAtomRef some Thing" count="1" instantiationStats="?ProteinOntology count: 1">
            <Axiom axiom="AtomicBind SubClassOf AtomicBindAtomRef some Thing"/>
         </Generalisation>
         <Generalisation axiom="?ProteinOntology EquivalentTo SiteGroupRef7 some Thing" count="1" instantiationStats="?ProteinOntology count: 1">
            <Axiom axiom="ActiveBindingSites EquivalentTo SiteGroupRef7 some Thing"/>
         </Generalisation>
         <Generalisation axiom="?ProteinOntology SubClassOf SiteGroupRef6 some Thing" count="1" instantiationStats="?ProteinOntology count: 1">
            <Axiom axiom="ActiveBindingSites SubClassOf SiteGroupRef6 some Thing"/>
         </Generalisation>
         <Generalisation axiom="?ProteinOntology SubClassOf AtomResidueRef some Thing" count="1" instantiationStats="?ProteinOntology count: 1">
            <Axiom axiom="Atoms SubClassOf AtomResidueRef some Thing"/>
         </Generalisation>
         <Generalisation axiom="?ProteinOntology EquivalentTo StrandIntialResidueRef some &#10;(?ProteinOntology and ProteinOntology)" count="1" instantiationStats="?ProteinOntology count: 2">
            <Axiom axiom="Strands EquivalentTo StrandIntialResidueRef some &#10;(ProteinOntology and Residues)"/>
         </Generalisation>
         <Generalisation axiom="?ProteinOntology SubClassOf StrandCurrentAtomRef some &#10;(?ProteinOntology and ProteinOntology)" count="1" instantiationStats="?ProteinOntology count: 2">
            <Axiom axiom="Strands SubClassOf StrandCurrentAtomRef some &#10;(Atoms and ProteinOntology)"/>
         </Generalisation>
         <Generalisation axiom="?ProteinOntology SubClassOf HelixEndResidueRef some Thing" count="1" instantiationStats="?ProteinOntology count: 1">
            <Axiom axiom="HelixStructure SubClassOf HelixEndResidueRef some Thing"/>
         </Generalisation>
         <Generalisation axiom="?ProteinOntology EquivalentTo HydrogenBondAtomicBindRefH some &#10;((?ProteinOntology and ProteinOntology) and (AtomicBindChainRef some &#10;(?ProteinOntology and ProteinOntology)))" count="1" instantiationStats="?ProteinOntology count: 3">
            <Axiom axiom="HydrogenBond EquivalentTo HydrogenBondAtomicBindRefH some &#10;((AtomicBind and ProteinOntology) and (AtomicBindChainRef some &#10;(Chains and ProteinOntology)))"/>
         </Generalisation>
         <Generalisation axiom="?ProteinOntology EquivalentTo CISPeptideBindRef1 some Thing" count="1" instantiationStats="?ProteinOntology count: 1">
            <Axiom axiom="CISPeptide EquivalentTo CISPeptideBindRef1 some Thing"/>
         </Generalisation>
         <Generalisation axiom="?ProteinOntology EquivalentTo HydrogenBondAtomicBindRefH some &#10;((?ProteinOntology and ProteinOntology) and (AtomicBindResidueRef some &#10;(?ProteinOntology and ProteinOntology)))" count="1" instantiationStats="?ProteinOntology count: 3">
            <Axiom axiom="HydrogenBond EquivalentTo HydrogenBondAtomicBindRefH some &#10;((AtomicBind and ProteinOntology) and (AtomicBindResidueRef some &#10;(ProteinOntology and Residues)))"/>
         </Generalisation>
         <Generalisation axiom="?ProteinOntology SubClassOf ResidueLinkAtomicBindRef2 only &#10;((?ProteinOntology and ProteinOntology) and (AtomicBindAtomRef some &#10;((?ProteinOntology and ProteinOntology) and (AtomChainRef some &#10;(?ProteinOntology and ProteinOntology)))))" count="1" instantiationStats="?ProteinOntology count: 4">
            <Axiom axiom="ResidueLink SubClassOf ResidueLinkAtomicBindRef2 only &#10;((AtomicBind and ProteinOntology) and (AtomicBindAtomRef some &#10;((Atoms and ProteinOntology) and (AtomChainRef some &#10;(Chains and ProteinOntology)))))"/>
         </Generalisation>
         <Generalisation axiom="?ProteinOntology EquivalentTo ResidueLinkAtomicBindRef2 some &#10;((?ProteinOntology and ProteinOntology) and (AtomicBindAtomRef some &#10;((?ProteinOntology and ProteinOntology) and (AtomChainRef some &#10;(?ProteinOntology and ProteinOntology)))))" count="1" instantiationStats="?ProteinOntology count: 4">
            <Axiom axiom="ResidueLink EquivalentTo ResidueLinkAtomicBindRef2 some &#10;((AtomicBind and ProteinOntology) and (AtomicBindAtomRef some &#10;((Atoms and ProteinOntology) and (AtomChainRef some &#10;(Chains and ProteinOntology)))))"/>
         </Generalisation>
         <Generalisation axiom="?ProteinOntology SubClassOf AtomResidueRef some &#10;(?ProteinOntology and ProteinOntology)" count="1" instantiationStats="?ProteinOntology count: 2">
            <Axiom axiom="Atoms SubClassOf AtomResidueRef some &#10;(ProteinOntology and Residues)"/>
         </Generalisation>
         <Generalisation axiom="?ProteinOntology EquivalentTo AtomResidueRef some Thing" count="1" instantiationStats="?ProteinOntology count: 1">
            <Axiom axiom="Atoms EquivalentTo AtomResidueRef some Thing"/>
         </Generalisation>
         <Generalisation axiom="?ProteinOntology SubClassOf SiteGroupRef3 only &#10;(?ProteinOntology and ProteinOntology)" count="1" instantiationStats="?ProteinOntology count: 2">
            <Axiom axiom="ActiveBindingSites SubClassOf SiteGroupRef3 only &#10;(ProteinOntology and SiteGroup)"/>
         </Generalisation>
         <Generalisation axiom="?ProteinOntology EquivalentTo StrandPreviousResidueRef some Thing" count="1" instantiationStats="?ProteinOntology count: 1">
            <Axiom axiom="Strands EquivalentTo StrandPreviousResidueRef some Thing"/>
         </Generalisation>
         <Generalisation axiom="?ProteinOntology SubClassOf SiteGroupRef4 some &#10;(?ProteinOntology and ProteinOntology)" count="1" instantiationStats="?ProteinOntology count: 2">
            <Axiom axiom="ActiveBindingSites SubClassOf SiteGroupRef4 some &#10;(ProteinOntology and SiteGroup)"/>
         </Generalisation>
         <Generalisation axiom="?ProteinOntology SubClassOf StrandEndResidueRef only &#10;(?ProteinOntology and ProteinOntology)" count="1" instantiationStats="?ProteinOntology count: 2">
            <Axiom axiom="Strands SubClassOf StrandEndResidueRef only &#10;(ProteinOntology and Residues)"/>
         </Generalisation>
         <Generalisation axiom="?ProteinOntology SubClassOf SiteGroupRef5 some &#10;(?ProteinOntology and ProteinOntology)" count="1" instantiationStats="?ProteinOntology count: 2">
            <Axiom axiom="ActiveBindingSites SubClassOf SiteGroupRef5 some &#10;(ProteinOntology and SiteGroup)"/>
         </Generalisation>
         <Generalisation axiom="?ProteinOntology EquivalentTo SiteGroupResidueRef some Thing" count="1" instantiationStats="?ProteinOntology count: 1">
            <Axiom axiom="SiteGroup EquivalentTo SiteGroupResidueRef some Thing"/>
         </Generalisation>
         <Generalisation axiom="?ProteinOntology SubClassOf TurnIntialResidueRef only &#10;(?ProteinOntology and ProteinOntology)" count="1" instantiationStats="?ProteinOntology count: 2">
            <Axiom axiom="TurnStructure SubClassOf TurnIntialResidueRef only &#10;(ProteinOntology and Residues)"/>
         </Generalisation>
         <Generalisation axiom="?ProteinOntology SubClassOf ResidueLinkAtomicBindRef2 some Thing" count="1" instantiationStats="?ProteinOntology count: 1">
            <Axiom axiom="ResidueLink SubClassOf ResidueLinkAtomicBindRef2 some Thing"/>
         </Generalisation>
         <Generalisation axiom="?ProteinOntology SubClassOf AtomicBindChainRef some Thing" count="1" instantiationStats="?ProteinOntology count: 1">
            <Axiom axiom="AtomicBind SubClassOf AtomicBindChainRef some Thing"/>
         </Generalisation>
         <Generalisation axiom="?ProteinOntology EquivalentTo ResidueLinkAtomicBindRef2 some &#10;((?ProteinOntology and ProteinOntology) and (AtomicBindResidueRef some &#10;(?ProteinOntology and ProteinOntology)))" count="1" instantiationStats="?ProteinOntology count: 3">
            <Axiom axiom="ResidueLink EquivalentTo ResidueLinkAtomicBindRef2 some &#10;((AtomicBind and ProteinOntology) and (AtomicBindResidueRef some &#10;(ProteinOntology and Residues)))"/>
         </Generalisation>
         <Generalisation axiom="?ProteinOntology SubClassOf AtomicBindResidueRef some Thing" count="1" instantiationStats="?ProteinOntology count: 1">
            <Axiom axiom="AtomicBind SubClassOf AtomicBindResidueRef some Thing"/>
         </Generalisation>
         <Generalisation axiom="?ProteinOntology SubClassOf CISPeptideBindRef2 only &#10;((?ProteinOntology and ProteinOntology) and (BindResidueRef some &#10;(?ProteinOntology and ProteinOntology)))" count="1" instantiationStats="?ProteinOntology count: 3">
            <Axiom axiom="CISPeptide SubClassOf CISPeptideBindRef2 only &#10;((Bind and ProteinOntology) and (BindResidueRef some &#10;(ProteinOntology and Residues)))"/>
         </Generalisation>
         <Generalisation axiom="?ProteinOntology EquivalentTo StrandPreviousResidueRef some &#10;(?ProteinOntology and ProteinOntology)" count="1" instantiationStats="?ProteinOntology count: 2">
            <Axiom axiom="Strands EquivalentTo StrandPreviousResidueRef some &#10;(ProteinOntology and Residues)"/>
         </Generalisation>
         <Generalisation axiom="?ProteinOntology SubClassOf HydrogenBondAtomicBindRef1 only &#10;(?ProteinOntology and ProteinOntology)" count="1" instantiationStats="?ProteinOntology count: 2">
            <Axiom axiom="HydrogenBond SubClassOf HydrogenBondAtomicBindRef1 only &#10;(AtomicBind and ProteinOntology)"/>
         </Generalisation>
         <Generalisation axiom="?ProteinOntology EquivalentTo StructureChainRef some &#10;(?ProteinOntology and ProteinOntology)" count="1" instantiationStats="?ProteinOntology count: 2">
            <Axiom axiom="ATOMSequence EquivalentTo StructureChainRef some &#10;(Chains and ProteinOntology)"/>
         </Generalisation>
         <Generalisation axiom="?ProteinOntology EquivalentTo SaltBridgeAtomicBindRef2 some Thing" count="1" instantiationStats="?ProteinOntology count: 1">
            <Axiom axiom="SaltBridge EquivalentTo SaltBridgeAtomicBindRef2 some Thing"/>
         </Generalisation>
         <Generalisation axiom="?ProteinOntology EquivalentTo CISPeptideBindRef2 some &#10;((?ProteinOntology and ProteinOntology) and (BindResidueRef some &#10;(?ProteinOntology and ProteinOntology)))" count="1" instantiationStats="?ProteinOntology count: 3">
            <Axiom axiom="CISPeptide EquivalentTo CISPeptideBindRef2 some &#10;((Bind and ProteinOntology) and (BindResidueRef some &#10;(ProteinOntology and Residues)))"/>
         </Generalisation>
         <Generalisation axiom="?ProteinOntology SubClassOf StrandIntialResidueRef only &#10;(?ProteinOntology and ProteinOntology)" count="1" instantiationStats="?ProteinOntology count: 2">
            <Axiom axiom="Strands SubClassOf StrandIntialResidueRef only &#10;(ProteinOntology and Residues)"/>
         </Generalisation>
         <Generalisation axiom="?ProteinOntology EquivalentTo TurnChainRef some &#10;(?ProteinOntology and ProteinOntology)" count="1" instantiationStats="?ProteinOntology count: 2">
            <Axiom axiom="TurnStructure EquivalentTo TurnChainRef some &#10;(Chains and ProteinOntology)"/>
         </Generalisation>
         <Generalisation axiom="?ProteinOntology EquivalentTo HelixChainRef some Thing" count="1" instantiationStats="?ProteinOntology count: 1">
            <Axiom axiom="HelixStructure EquivalentTo HelixChainRef some Thing"/>
         </Generalisation>
         <Generalisation axiom="?ProteinOntology SubClassOf SiteGroupResidueRef only &#10;(?ProteinOntology and ProteinOntology)" count="1" instantiationStats="?ProteinOntology count: 2">
            <Axiom axiom="SiteGroup SubClassOf SiteGroupResidueRef only &#10;(ProteinOntology and Residues)"/>
         </Generalisation>
         <Generalisation axiom="?ProteinOntology SubClassOf StrandChainRef some &#10;(?ProteinOntology and ProteinOntology)" count="1" instantiationStats="?ProteinOntology count: 2">
            <Axiom axiom="Strands SubClassOf StrandChainRef some &#10;(Chains and ProteinOntology)"/>
         </Generalisation>
         <Generalisation axiom="?ProteinOntology SubClassOf SiteGroupRef1 only &#10;((?ProteinOntology and ProteinOntology) and (SiteGroupResidueRef some &#10;(?ProteinOntology and ProteinOntology)))" count="1" instantiationStats="?ProteinOntology count: 3">
            <Axiom axiom="ActiveBindingSites SubClassOf SiteGroupRef1 only &#10;((ProteinOntology and SiteGroup) and (SiteGroupResidueRef some &#10;(ProteinOntology and Residues)))"/>
         </Generalisation>
         <Generalisation axiom="?ProteinOntology SubClassOf SaltBridgeAtomicBindRef2 only &#10;((?ProteinOntology and ProteinOntology) and (AtomicBindAtomRef some &#10;((?ProteinOntology and ProteinOntology) and (AtomResidueRef some &#10;(?ProteinOntology and ProteinOntology)))))" count="1" instantiationStats="?ProteinOntology count: 4">
            <Axiom axiom="SaltBridge SubClassOf SaltBridgeAtomicBindRef2 only &#10;((AtomicBind and ProteinOntology) and (AtomicBindAtomRef some &#10;((Atoms and ProteinOntology) and (AtomResidueRef some &#10;(ProteinOntology and Residues)))))"/>
         </Generalisation>
         <Generalisation axiom="?ProteinOntology SubClassOf SiteGroupRef2 only &#10;(?ProteinOntology and ProteinOntology)" count="1" instantiationStats="?ProteinOntology count: 2">
            <Axiom axiom="ActiveBindingSites SubClassOf SiteGroupRef2 only &#10;(ProteinOntology and SiteGroup)"/>
         </Generalisation>
         <Generalisation axiom="?ProteinOntology SubClassOf SiteGroupRef1 only &#10;((?ProteinOntology and ProteinOntology) and (SiteGroupChainRef some &#10;(?ProteinOntology and ProteinOntology)))" count="1" instantiationStats="?ProteinOntology count: 3">
            <Axiom axiom="ActiveBindingSites SubClassOf SiteGroupRef1 only &#10;((ProteinOntology and SiteGroup) and (SiteGroupChainRef some &#10;(Chains and ProteinOntology)))"/>
         </Generalisation>
         <Generalisation axiom="?ProteinOntology EquivalentTo SaltBridgeAtomicBindRef2 some &#10;((?ProteinOntology and ProteinOntology) and (AtomicBindAtomRef some &#10;((?ProteinOntology and ProteinOntology) and (AtomChainRef some &#10;(?ProteinOntology and ProteinOntology)))))" count="1" instantiationStats="?ProteinOntology count: 4">
            <Axiom axiom="SaltBridge EquivalentTo SaltBridgeAtomicBindRef2 some &#10;((AtomicBind and ProteinOntology) and (AtomicBindAtomRef some &#10;((Atoms and ProteinOntology) and (AtomChainRef some &#10;(Chains and ProteinOntology)))))"/>
         </Generalisation>
         <Generalisation axiom="?ProteinOntology EquivalentTo StrandEndResidueRef some &#10;(?ProteinOntology and ProteinOntology)" count="1" instantiationStats="?ProteinOntology count: 2">
            <Axiom axiom="Strands EquivalentTo StrandEndResidueRef some &#10;(ProteinOntology and Residues)"/>
         </Generalisation>
         <Generalisation axiom="?ProteinOntology EquivalentTo AtomicBindChainRef some &#10;(?ProteinOntology and ProteinOntology)" count="1" instantiationStats="?ProteinOntology count: 2">
            <Axiom axiom="AtomicBind EquivalentTo AtomicBindChainRef some &#10;(Chains and ProteinOntology)"/>
         </Generalisation>
         <Generalisation axiom="?ProteinOntology EquivalentTo AtomicBindResidueRef some Thing" count="1" instantiationStats="?ProteinOntology count: 1">
            <Axiom axiom="AtomicBind EquivalentTo AtomicBindResidueRef some Thing"/>
         </Generalisation>
         <Generalisation axiom="?ProteinOntology EquivalentTo SiteGroupRef6 some &#10;(?ProteinOntology and ProteinOntology)" count="1" instantiationStats="?ProteinOntology count: 2">
            <Axiom axiom="ActiveBindingSites EquivalentTo SiteGroupRef6 some &#10;(ProteinOntology and SiteGroup)"/>
         </Generalisation>
         <Generalisation axiom="?ProteinOntology SubClassOf CISPeptideBindRef2 only &#10;((?ProteinOntology and ProteinOntology) and (BindChainRef some &#10;(?ProteinOntology and ProteinOntology)))" count="1" instantiationStats="?ProteinOntology count: 3">
            <Axiom axiom="CISPeptide SubClassOf CISPeptideBindRef2 only &#10;((Bind and ProteinOntology) and (BindChainRef some &#10;(Chains and ProteinOntology)))"/>
         </Generalisation>
         <Generalisation axiom="?ProteinOntology SubClassOf StrandPreviousAtomRef some Thing" count="1" instantiationStats="?ProteinOntology count: 1">
            <Axiom axiom="Strands SubClassOf StrandPreviousAtomRef some Thing"/>
         </Generalisation>
         <Generalisation axiom="?ProteinOntology SubClassOf HydrogenBondAtomicBindRef2 only &#10;(?ProteinOntology and ProteinOntology)" count="1" instantiationStats="?ProteinOntology count: 2">
            <Axiom axiom="HydrogenBond SubClassOf HydrogenBondAtomicBindRef2 only &#10;(AtomicBind and ProteinOntology)"/>
         </Generalisation>
         <Generalisation axiom="?ProteinOntology EquivalentTo SiteGroupRef5 some &#10;(?ProteinOntology and ProteinOntology)" count="1" instantiationStats="?ProteinOntology count: 2">
            <Axiom axiom="ActiveBindingSites EquivalentTo SiteGroupRef5 some &#10;(ProteinOntology and SiteGroup)"/>
         </Generalisation>
         <Generalisation axiom="?ProteinOntology SubClassOf AtomicBindChainRef only &#10;(?ProteinOntology and ProteinOntology)" count="1" instantiationStats="?ProteinOntology count: 2">
            <Axiom axiom="AtomicBind SubClassOf AtomicBindChainRef only &#10;(Chains and ProteinOntology)"/>
         </Generalisation>
         <Generalisation axiom="?ProteinOntology EquivalentTo HelixEndResidueRef some &#10;(?ProteinOntology and ProteinOntology)" count="1" instantiationStats="?ProteinOntology count: 2">
            <Axiom axiom="HelixStructure EquivalentTo HelixEndResidueRef some &#10;(ProteinOntology and Residues)"/>
         </Generalisation>
         <Generalisation axiom="?ProteinOntology EquivalentTo SaltBridgeAtomicBindRef2 some &#10;((?ProteinOntology and ProteinOntology) and (AtomicBindResidueRef some &#10;(?ProteinOntology and ProteinOntology)))" count="1" instantiationStats="?ProteinOntology count: 3">
            <Axiom axiom="SaltBridge EquivalentTo SaltBridgeAtomicBindRef2 some &#10;((AtomicBind and ProteinOntology) and (AtomicBindResidueRef some &#10;(ProteinOntology and Residues)))"/>
         </Generalisation>
         <Generalisation axiom="?ProteinOntology SubClassOf HelixInitialResidueRef some Thing" count="1" instantiationStats="?ProteinOntology count: 1">
            <Axiom axiom="HelixStructure SubClassOf HelixInitialResidueRef some Thing"/>
         </Generalisation>
         <Generalisation axiom="?ProteinOntology SubClassOf StrandCurrentAtomRef some Thing" count="1" instantiationStats="?ProteinOntology count: 1">
            <Axiom axiom="Strands SubClassOf StrandCurrentAtomRef some Thing"/>
         </Generalisation>
         <Generalisation axiom="?ProteinOntology SubClassOf HydrogenBondAtomicBindRef1 some &#10;(?ProteinOntology and ProteinOntology)" count="1" instantiationStats="?ProteinOntology count: 2">
            <Axiom axiom="HydrogenBond SubClassOf HydrogenBondAtomicBindRef1 some &#10;(AtomicBind and ProteinOntology)"/>
         </Generalisation>
         <Generalisation axiom="?ProteinOntology SubClassOf CISPeptideBindRef1 some &#10;(?ProteinOntology and ProteinOntology)" count="1" instantiationStats="?ProteinOntology count: 2">
            <Axiom axiom="CISPeptide SubClassOf CISPeptideBindRef1 some &#10;(Bind and ProteinOntology)"/>
         </Generalisation>
         <Generalisation axiom="?ProteinOntology EquivalentTo AtomResidueRef some &#10;(?ProteinOntology and ProteinOntology)" count="1" instantiationStats="?ProteinOntology count: 2">
            <Axiom axiom="Atoms EquivalentTo AtomResidueRef some &#10;(ProteinOntology and Residues)"/>
         </Generalisation>
         <Generalisation axiom="?ProteinOntology SubClassOf StructureResidueRef only &#10;(?ProteinOntology and ProteinOntology)" count="1" instantiationStats="?ProteinOntology count: 2">
            <Axiom axiom="ATOMSequence SubClassOf StructureResidueRef only &#10;(ProteinOntology and Residues)"/>
         </Generalisation>
         <Generalisation axiom="?ProteinOntology EquivalentTo SiteGroupRef5 some Thing" count="1" instantiationStats="?ProteinOntology count: 1">
            <Axiom axiom="ActiveBindingSites EquivalentTo SiteGroupRef5 some Thing"/>
         </Generalisation>
         <Generalisation axiom="?ProteinOntology EquivalentTo StrandIntialResidueRef some Thing" count="1" instantiationStats="?ProteinOntology count: 1">
            <Axiom axiom="Strands EquivalentTo StrandIntialResidueRef some Thing"/>
         </Generalisation>
         <Generalisation axiom="?ProteinOntology EquivalentTo SiteGroupRef4 some &#10;(?ProteinOntology and ProteinOntology)" count="1" instantiationStats="?ProteinOntology count: 2">
            <Axiom axiom="ActiveBindingSites EquivalentTo SiteGroupRef4 some &#10;(ProteinOntology and SiteGroup)"/>
         </Generalisation>
         <Generalisation axiom="?ProteinOntology EquivalentTo SiteGroupResidueRef some &#10;(?ProteinOntology and ProteinOntology)" count="1" instantiationStats="?ProteinOntology count: 2">
            <Axiom axiom="SiteGroup EquivalentTo SiteGroupResidueRef some &#10;(ProteinOntology and Residues)"/>
         </Generalisation>
         <Generalisation axiom="?ProteinOntology SubClassOf SaltBridgeAtomicBindRef1 some &#10;(?ProteinOntology and ProteinOntology)" count="1" instantiationStats="?ProteinOntology count: 2">
            <Axiom axiom="SaltBridge SubClassOf SaltBridgeAtomicBindRef1 some &#10;(AtomicBind and ProteinOntology)"/>
         </Generalisation>
         <Generalisation axiom="?ProteinOntology SubClassOf ResidueLinkAtomicBindRef1 only &#10;(?ProteinOntology and ProteinOntology)" count="1" instantiationStats="?ProteinOntology count: 2">
            <Axiom axiom="ResidueLink SubClassOf ResidueLinkAtomicBindRef1 only &#10;(AtomicBind and ProteinOntology)"/>
         </Generalisation>
         <Generalisation axiom="?ProteinOntology EquivalentTo MoleculeChainRef some Thing" count="1" instantiationStats="?ProteinOntology count: 1">
            <Axiom axiom="Molecule EquivalentTo MoleculeChainRef some Thing"/>
         </Generalisation>
         <Generalisation axiom="?ProteinOntology EquivalentTo StrandCurrentResidueRef some Thing" count="1" instantiationStats="?ProteinOntology count: 1">
            <Axiom axiom="Strands EquivalentTo StrandCurrentResidueRef some Thing"/>
         </Generalisation>
         <Generalisation axiom="?ProteinOntology EquivalentTo ResidueLinkAtomicBindRef2 some &#10;((?ProteinOntology and ProteinOntology) and (AtomicBindChainRef some &#10;(?ProteinOntology and ProteinOntology)))" count="1" instantiationStats="?ProteinOntology count: 3">
            <Axiom axiom="ResidueLink EquivalentTo ResidueLinkAtomicBindRef2 some &#10;((AtomicBind and ProteinOntology) and (AtomicBindChainRef some &#10;(Chains and ProteinOntology)))"/>
         </Generalisation>
         <Generalisation axiom="?ProteinOntology SubClassOf HelixChainRef only &#10;(?ProteinOntology and ProteinOntology)" count="1" instantiationStats="?ProteinOntology count: 2">
            <Axiom axiom="HelixStructure SubClassOf HelixChainRef only &#10;(Chains and ProteinOntology)"/>
         </Generalisation>
         <Generalisation axiom="?ProteinOntology EquivalentTo SiteGroupRef1 some Thing" count="1" instantiationStats="?ProteinOntology count: 1">
            <Axiom axiom="ActiveBindingSites EquivalentTo SiteGroupRef1 some Thing"/>
         </Generalisation>
         <Generalisation axiom="?ProteinOntology EquivalentTo SiteGroupChainRef some Thing" count="1" instantiationStats="?ProteinOntology count: 1">
            <Axiom axiom="SiteGroup EquivalentTo SiteGroupChainRef some Thing"/>
         </Generalisation>
         <Generalisation axiom="?ProteinOntology SubClassOf HydrogenBondAtomicBindRefH some &#10;((?ProteinOntology and ProteinOntology) and (AtomicBindResidueRef some &#10;(?ProteinOntology and ProteinOntology)))" count="1" instantiationStats="?ProteinOntology count: 3">
            <Axiom axiom="HydrogenBond SubClassOf HydrogenBondAtomicBindRefH some &#10;((AtomicBind and ProteinOntology) and (AtomicBindResidueRef some &#10;(ProteinOntology and Residues)))"/>
         </Generalisation>
         <Generalisation axiom="?ProteinOntology EquivalentTo SaltBridgeAtomicBindRef1 some Thing" count="1" instantiationStats="?ProteinOntology count: 1">
            <Axiom axiom="SaltBridge EquivalentTo SaltBridgeAtomicBindRef1 some Thing"/>
         </Generalisation>
         <Generalisation axiom="?ProteinOntology EquivalentTo BindChainRef some Thing" count="1" instantiationStats="?ProteinOntology count: 1">
            <Axiom axiom="Bind EquivalentTo BindChainRef some Thing"/>
         </Generalisation>
         <Generalisation axiom="?ProteinOntology EquivalentTo TurnChainRef some Thing" count="1" instantiationStats="?ProteinOntology count: 1">
            <Axiom axiom="TurnStructure EquivalentTo TurnChainRef some Thing"/>
         </Generalisation>
         <Generalisation axiom="?ProteinOntology SubClassOf SaltBridgeAtomicBindRef2 some &#10;((?ProteinOntology and ProteinOntology) and (AtomicBindResidueRef some &#10;(?ProteinOntology and ProteinOntology)))" count="1" instantiationStats="?ProteinOntology count: 3">
            <Axiom axiom="SaltBridge SubClassOf SaltBridgeAtomicBindRef2 some &#10;((AtomicBind and ProteinOntology) and (AtomicBindResidueRef some &#10;(ProteinOntology and Residues)))"/>
         </Generalisation>
         <Generalisation axiom="?ProteinOntology SubClassOf StrandPreviousResidueRef only &#10;(?ProteinOntology and ProteinOntology)" count="1" instantiationStats="?ProteinOntology count: 2">
            <Axiom axiom="Strands SubClassOf StrandPreviousResidueRef only &#10;(ProteinOntology and Residues)"/>
         </Generalisation>
         <Generalisation axiom="?ProteinOntology EquivalentTo SiteGroupRef1 some &#10;((?ProteinOntology and ProteinOntology) and (SiteGroupResidueRef some &#10;(?ProteinOntology and ProteinOntology)))" count="1" instantiationStats="?ProteinOntology count: 3">
            <Axiom axiom="ActiveBindingSites EquivalentTo SiteGroupRef1 some &#10;((ProteinOntology and SiteGroup) and (SiteGroupResidueRef some &#10;(ProteinOntology and Residues)))"/>
         </Generalisation>
         <Generalisation axiom="?ProteinOntology SubClassOf SaltBridgeAtomicBindRef2 some &#10;((?ProteinOntology and ProteinOntology) and (AtomicBindAtomRef some &#10;((?ProteinOntology and ProteinOntology) and (AtomChainRef some &#10;(?ProteinOntology and ProteinOntology)))))" count="1" instantiationStats="?ProteinOntology count: 4">
            <Axiom axiom="SaltBridge SubClassOf SaltBridgeAtomicBindRef2 some &#10;((AtomicBind and ProteinOntology) and (AtomicBindAtomRef some &#10;((Atoms and ProteinOntology) and (AtomChainRef some &#10;(Chains and ProteinOntology)))))"/>
         </Generalisation>
         <Generalisation axiom="?ProteinOntology SubClassOf StructureChainRef some &#10;(?ProteinOntology and ProteinOntology)" count="1" instantiationStats="?ProteinOntology count: 2">
            <Axiom axiom="ATOMSequence SubClassOf StructureChainRef some &#10;(Chains and ProteinOntology)"/>
         </Generalisation>
         <Generalisation axiom="?ProteinOntology SubClassOf SiteGroupRef1 some &#10;((?ProteinOntology and ProteinOntology) and (SiteGroupChainRef some &#10;(?ProteinOntology and ProteinOntology)))" count="1" instantiationStats="?ProteinOntology count: 3">
            <Axiom axiom="ActiveBindingSites SubClassOf SiteGroupRef1 some &#10;((ProteinOntology and SiteGroup) and (SiteGroupChainRef some &#10;(Chains and ProteinOntology)))"/>
         </Generalisation>
         <Generalisation axiom="?ProteinOntology EquivalentTo StructureResidueRef some Thing" count="1" instantiationStats="?ProteinOntology count: 1">
            <Axiom axiom="ATOMSequence EquivalentTo StructureResidueRef some Thing"/>
         </Generalisation>
         <Generalisation axiom="?ProteinOntology SubClassOf BindChainRef only &#10;(?ProteinOntology and ProteinOntology)" count="1" instantiationStats="?ProteinOntology count: 2">
            <Axiom axiom="Bind SubClassOf BindChainRef only &#10;(Chains and ProteinOntology)"/>
         </Generalisation>
         <Generalisation axiom="?ProteinOntology EquivalentTo ResidueLinkAtomicBindRef1 some Thing" count="1" instantiationStats="?ProteinOntology count: 1">
            <Axiom axiom="ResidueLink EquivalentTo ResidueLinkAtomicBindRef1 some Thing"/>
         </Generalisation>
         <Generalisation axiom="?ProteinOntology EquivalentTo StrandEndResidueRef some Thing" count="1" instantiationStats="?ProteinOntology count: 1">
            <Axiom axiom="Strands EquivalentTo StrandEndResidueRef some Thing"/>
         </Generalisation>
         <Generalisation axiom="?ProteinOntology EquivalentTo SiteGroupRef3 some Thing" count="1" instantiationStats="?ProteinOntology count: 1">
            <Axiom axiom="ActiveBindingSites EquivalentTo SiteGroupRef3 some Thing"/>
         </Generalisation>
         <Generalisation axiom="?ProteinOntology SubClassOf ?ProteinOntology" count="69" instantiationStats="?ProteinOntology count: 33">
            <Axiom axiom="Description SubClassOf Entry"/>
            <Axiom axiom="HelixStructure SubClassOf ProteinComplex"/>
            <Axiom axiom="Structure SubClassOf ProteinComplex"/>
            <Axiom axiom="ActiveBindingSites SubClassOf ProteinComplex"/>
            <Axiom axiom="ChemicalBonds SubClassOf ProteinComplex"/>
            <Axiom axiom="PhysiologicalFunctions SubClassOf ProteinComplex"/>
            <Axiom axiom="HelixStructure SubClassOf Helix"/>
            <Axiom axiom="Strands SubClassOf Sheets"/>
            <Axiom axiom="Helix SubClassOf StructuralDomains"/>
            <Axiom axiom="UnitCell SubClassOf ProteinComplex"/>
            <Axiom axiom="Hydrophobicity SubClassOf Constraints"/>
            <Axiom axiom="Reference SubClassOf Entry"/>
            <Axiom axiom="Helix SubClassOf ProteinComplex"/>
            <Axiom axiom="TurnStructure SubClassOf ProteinComplex"/>
            <Axiom axiom="BiologicalFunction SubClassOf FunctionalDomains"/>
            <Axiom axiom="TurnStructure SubClassOf Turn"/>
            <Axiom axiom="ATOMSequence SubClassOf Structure"/>
            <Axiom axiom="Reference SubClassOf ProteinComplex"/>
            <Axiom axiom="Constraints SubClassOf ProteinComplex"/>
            <Axiom axiom="ActiveBindingSites SubClassOf FunctionalDomains"/>
            <Axiom axiom="GeneticDefects SubClassOf Constraints"/>
            <Axiom axiom="ResidueLink SubClassOf ProteinComplex"/>
            <Axiom axiom="Turn SubClassOf OtherFolds"/>
            <Axiom axiom="StructuralDomains SubClassOf ProteinComplex"/>
            <Axiom axiom="SourceCell SubClassOf ProteinComplex"/>
            <Axiom axiom="Turn SubClassOf StructuralDomains"/>
            <Axiom axiom="PathologicalFunctions SubClassOf ProteinComplex"/>
            <Axiom axiom="Helices SubClassOf ProteinComplex"/>
            <Axiom axiom="Helix SubClassOf Helices"/>
            <Axiom axiom="CISPeptide SubClassOf ChemicalBonds"/>
            <Axiom axiom="HydrogenBond SubClassOf ChemicalBonds"/>
            <Axiom axiom="Sheet SubClassOf StructuralDomains"/>
            <Axiom axiom="GeneticDefects SubClassOf ProteinComplex"/>
            <Axiom axiom="OtherFolds SubClassOf StructuralDomains"/>
            <Axiom axiom="ATOMSequence SubClassOf ProteinComplex"/>
            <Axiom axiom="BiologicalFunction SubClassOf ProteinComplex"/>
            <Axiom axiom="TurnStructure SubClassOf OtherFolds"/>
            <Axiom axiom="OtherFolds SubClassOf ProteinComplex"/>
            <Axiom axiom="SaltBridge SubClassOf ProteinComplex"/>
            <Axiom axiom="Entry SubClassOf ProteinComplex"/>
            <Axiom axiom="Molecule SubClassOf Entry"/>
            <Axiom axiom="CISPeptide SubClassOf ProteinComplex"/>
            <Axiom axiom="HelixStructure SubClassOf StructuralDomains"/>
            <Axiom axiom="Molecule SubClassOf ProteinComplex"/>
            <Axiom axiom="ModifiedResidue SubClassOf ProteinComplex"/>
            <Axiom axiom="HydrogenBond SubClassOf ProteinComplex"/>
            <Axiom axiom="Strands SubClassOf ProteinComplex"/>
            <Axiom axiom="PhysiologicalFunctions SubClassOf BiologicalFunction"/>
            <Axiom axiom="UnitCell SubClassOf Structure"/>
            <Axiom axiom="Sheets SubClassOf ProteinComplex"/>
            <Axiom axiom="SourceCell SubClassOf FunctionalDomains"/>
            <Axiom axiom="Turn SubClassOf ProteinComplex"/>
            <Axiom axiom="Helices SubClassOf StructuralDomains"/>
            <Axiom axiom="PathologicalFunctions SubClassOf BiologicalFunction"/>
            <Axiom axiom="Strands SubClassOf StructuralDomains"/>
            <Axiom axiom="Description SubClassOf ProteinComplex"/>
            <Axiom axiom="ResidueLink SubClassOf ChemicalBonds"/>
            <Axiom axiom="PhysiologicalFunctions SubClassOf FunctionalDomains"/>
            <Axiom axiom="Sheets SubClassOf StructuralDomains"/>
            <Axiom axiom="PathologicalFunctions SubClassOf FunctionalDomains"/>
            <Axiom axiom="HelixStructure SubClassOf Helices"/>
            <Axiom axiom="Sheet SubClassOf Sheets"/>
            <Axiom axiom="TurnStructure SubClassOf StructuralDomains"/>
            <Axiom axiom="ModifiedResidue SubClassOf Constraints"/>
            <Axiom axiom="Hydrophobicity SubClassOf ProteinComplex"/>
            <Axiom axiom="Strands SubClassOf Sheet"/>
            <Axiom axiom="FunctionalDomains SubClassOf ProteinComplex"/>
            <Axiom axiom="Sheet SubClassOf ProteinComplex"/>
            <Axiom axiom="SaltBridge SubClassOf ChemicalBonds"/>
         </Generalisation>
         <Generalisation axiom="?ProteinOntology SubClassOf SiteGroupRef7 only &#10;(?ProteinOntology and ProteinOntology)" count="1" instantiationStats="?ProteinOntology count: 2">
            <Axiom axiom="ActiveBindingSites SubClassOf SiteGroupRef7 only &#10;(ProteinOntology and SiteGroup)"/>
         </Generalisation>
         <Generalisation axiom="?ProteinOntology SubClassOf AtomicBindResidueRef only &#10;(?ProteinOntology and ProteinOntology)" count="1" instantiationStats="?ProteinOntology count: 2">
            <Axiom axiom="AtomicBind SubClassOf AtomicBindResidueRef only &#10;(ProteinOntology and Residues)"/>
         </Generalisation>
         <Generalisation axiom="?ProteinOntology EquivalentTo StrandChainRef some &#10;(?ProteinOntology and ProteinOntology)" count="1" instantiationStats="?ProteinOntology count: 2">
            <Axiom axiom="Strands EquivalentTo StrandChainRef some &#10;(Chains and ProteinOntology)"/>
         </Generalisation>
         <Generalisation axiom="?ProteinOntology SubClassOf SiteGroupRef6 some &#10;(?ProteinOntology and ProteinOntology)" count="1" instantiationStats="?ProteinOntology count: 2">
            <Axiom axiom="ActiveBindingSites SubClassOf SiteGroupRef6 some &#10;(ProteinOntology and SiteGroup)"/>
         </Generalisation>
         <Generalisation axiom="?ProteinOntology SubClassOf SaltBridgeAtomicBindRef1 some Thing" count="1" instantiationStats="?ProteinOntology count: 1">
            <Axiom axiom="SaltBridge SubClassOf SaltBridgeAtomicBindRef1 some Thing"/>
         </Generalisation>
         <Generalisation axiom="?ProteinOntology EquivalentTo BindChainRef some &#10;(?ProteinOntology and ProteinOntology)" count="1" instantiationStats="?ProteinOntology count: 2">
            <Axiom axiom="Bind EquivalentTo BindChainRef some &#10;(Chains and ProteinOntology)"/>
         </Generalisation>
         <Generalisation axiom="?ProteinOntology SubClassOf SaltBridgeAtomicBindRef2 only &#10;((?ProteinOntology and ProteinOntology) and (AtomicBindChainRef some &#10;(?ProteinOntology and ProteinOntology)))" count="1" instantiationStats="?ProteinOntology count: 3">
            <Axiom axiom="SaltBridge SubClassOf SaltBridgeAtomicBindRef2 only &#10;((AtomicBind and ProteinOntology) and (AtomicBindChainRef some &#10;(Chains and ProteinOntology)))"/>
         </Generalisation>
         <Generalisation axiom="?ProteinOntology SubClassOf ResidueLinkAtomicBindRef2 only &#10;((?ProteinOntology and ProteinOntology) and (AtomicBindChainRef some &#10;(?ProteinOntology and ProteinOntology)))" count="1" instantiationStats="?ProteinOntology count: 3">
            <Axiom axiom="ResidueLink SubClassOf ResidueLinkAtomicBindRef2 only &#10;((AtomicBind and ProteinOntology) and (AtomicBindChainRef some &#10;(Chains and ProteinOntology)))"/>
         </Generalisation>
         <Generalisation axiom="?ProteinOntology SubClassOf StrandCurrentResidueRef some Thing" count="1" instantiationStats="?ProteinOntology count: 1">
            <Axiom axiom="Strands SubClassOf StrandCurrentResidueRef some Thing"/>
         </Generalisation>
         <Generalisation axiom="?ProteinOntology SubClassOf StrandCurrentResidueRef some &#10;(?ProteinOntology and ProteinOntology)" count="1" instantiationStats="?ProteinOntology count: 2">
            <Axiom axiom="Strands SubClassOf StrandCurrentResidueRef some &#10;(ProteinOntology and Residues)"/>
         </Generalisation>
         <Generalisation axiom="?ProteinOntology SubClassOf HelixInitialResidueRef some &#10;(?ProteinOntology and ProteinOntology)" count="1" instantiationStats="?ProteinOntology count: 2">
            <Axiom axiom="HelixStructure SubClassOf HelixInitialResidueRef some &#10;(ProteinOntology and Residues)"/>
         </Generalisation>
         <Generalisation axiom="?ProteinOntology SubClassOf ResidueLinkAtomicBindRef2 some &#10;((?ProteinOntology and ProteinOntology) and (AtomicBindResidueRef some &#10;(?ProteinOntology and ProteinOntology)))" count="1" instantiationStats="?ProteinOntology count: 3">
            <Axiom axiom="ResidueLink SubClassOf ResidueLinkAtomicBindRef2 some &#10;((AtomicBind and ProteinOntology) and (AtomicBindResidueRef some &#10;(ProteinOntology and Residues)))"/>
         </Generalisation>
         <Generalisation axiom="?ProteinOntology EquivalentTo StrandPreviousAtomRef some Thing" count="1" instantiationStats="?ProteinOntology count: 1">
            <Axiom axiom="Strands EquivalentTo StrandPreviousAtomRef some Thing"/>
         </Generalisation>
         <Generalisation axiom="?ProteinOntology SubClassOf StructureChainRef some Thing" count="1" instantiationStats="?ProteinOntology count: 1">
            <Axiom axiom="ATOMSequence SubClassOf StructureChainRef some Thing"/>
         </Generalisation>
         <Generalisation axiom="?ProteinOntology SubClassOf AtomChainRef some Thing" count="1" instantiationStats="?ProteinOntology count: 1">
            <Axiom axiom="Atoms SubClassOf AtomChainRef some Thing"/>
         </Generalisation>
         <Generalisation axiom="?ProteinOntology SubClassOf HydrogenBondAtomicBindRefH only &#10;((?ProteinOntology and ProteinOntology) and (AtomicBindAtomRef some &#10;((?ProteinOntology and ProteinOntology) and (AtomResidueRef some &#10;(?ProteinOntology and ProteinOntology)))))" count="1" instantiationStats="?ProteinOntology count: 4">
            <Axiom axiom="HydrogenBond SubClassOf HydrogenBondAtomicBindRefH only &#10;((AtomicBind and ProteinOntology) and (AtomicBindAtomRef some &#10;((Atoms and ProteinOntology) and (AtomResidueRef some &#10;(ProteinOntology and Residues)))))"/>
         </Generalisation>
         <Generalisation axiom="?ProteinOntology EquivalentTo ResidueLinkAtomicBindRef2 some Thing" count="1" instantiationStats="?ProteinOntology count: 1">
            <Axiom axiom="ResidueLink EquivalentTo ResidueLinkAtomicBindRef2 some Thing"/>
         </Generalisation>
         <Generalisation axiom="?ProteinOntology SubClassOf StrandEndResidueRef some &#10;(?ProteinOntology and ProteinOntology)" count="1" instantiationStats="?ProteinOntology count: 2">
            <Axiom axiom="Strands SubClassOf StrandEndResidueRef some &#10;(ProteinOntology and Residues)"/>
         </Generalisation>
         <Generalisation axiom="?ProteinOntology SubClassOf SiteGroupRef2 some &#10;(?ProteinOntology and ProteinOntology)" count="1" instantiationStats="?ProteinOntology count: 2">
            <Axiom axiom="ActiveBindingSites SubClassOf SiteGroupRef2 some &#10;(ProteinOntology and SiteGroup)"/>
         </Generalisation>
         <Generalisation axiom="?ProteinOntology EquivalentTo AtomChainRef some Thing" count="1" instantiationStats="?ProteinOntology count: 1">
            <Axiom axiom="Atoms EquivalentTo AtomChainRef some Thing"/>
         </Generalisation>
         <Generalisation axiom="?ProteinOntology EquivalentTo AtomicBindChainRef some Thing" count="1" instantiationStats="?ProteinOntology count: 1">
            <Axiom axiom="AtomicBind EquivalentTo AtomicBindChainRef some Thing"/>
         </Generalisation>
         <Generalisation axiom="?ProteinOntology SubClassOf ResidueLinkAtomicBindRef2 some &#10;((?ProteinOntology and ProteinOntology) and (AtomicBindChainRef some &#10;(?ProteinOntology and ProteinOntology)))" count="1" instantiationStats="?ProteinOntology count: 3">
            <Axiom axiom="ResidueLink SubClassOf ResidueLinkAtomicBindRef2 some &#10;((AtomicBind and ProteinOntology) and (AtomicBindChainRef some &#10;(Chains and ProteinOntology)))"/>
         </Generalisation>
         <Generalisation axiom="?ProteinOntology SubClassOf AtomicBindAtomRef only &#10;((?ProteinOntology and ProteinOntology) and (AtomChainRef some &#10;(?ProteinOntology and ProteinOntology)))" count="1" instantiationStats="?ProteinOntology count: 3">
            <Axiom axiom="AtomicBind SubClassOf AtomicBindAtomRef only &#10;((Atoms and ProteinOntology) and (AtomChainRef some &#10;(Chains and ProteinOntology)))"/>
         </Generalisation>
         <Generalisation axiom="?ProteinOntology SubClassOf AtomicBindAtomRef some &#10;((?ProteinOntology and ProteinOntology) and (AtomChainRef some &#10;(?ProteinOntology and ProteinOntology)))" count="1" instantiationStats="?ProteinOntology count: 3">
            <Axiom axiom="AtomicBind SubClassOf AtomicBindAtomRef some &#10;((Atoms and ProteinOntology) and (AtomChainRef some &#10;(Chains and ProteinOntology)))"/>
         </Generalisation>
         <Generalisation axiom="?ProteinOntology SubClassOf HydrogenBondAtomicBindRefH only &#10;((?ProteinOntology and ProteinOntology) and (AtomicBindResidueRef some &#10;(?ProteinOntology and ProteinOntology)))" count="1" instantiationStats="?ProteinOntology count: 3">
            <Axiom axiom="HydrogenBond SubClassOf HydrogenBondAtomicBindRefH only &#10;((AtomicBind and ProteinOntology) and (AtomicBindResidueRef some &#10;(ProteinOntology and Residues)))"/>
         </Generalisation>
         <Generalisation axiom="?ProteinOntology SubClassOf SiteGroupRef3 some Thing" count="1" instantiationStats="?ProteinOntology count: 1">
            <Axiom axiom="ActiveBindingSites SubClassOf SiteGroupRef3 some Thing"/>
         </Generalisation>
         <Generalisation axiom="?ProteinOntology SubClassOf HydrogenBondAtomicBindRefH some &#10;((?ProteinOntology and ProteinOntology) and (AtomicBindAtomRef some &#10;((?ProteinOntology and ProteinOntology) and (AtomResidueRef some &#10;(?ProteinOntology and ProteinOntology)))))" count="1" instantiationStats="?ProteinOntology count: 4">
            <Axiom axiom="HydrogenBond SubClassOf HydrogenBondAtomicBindRefH some &#10;((AtomicBind and ProteinOntology) and (AtomicBindAtomRef some &#10;((Atoms and ProteinOntology) and (AtomResidueRef some &#10;(ProteinOntology and Residues)))))"/>
         </Generalisation>
         <Generalisation axiom="?ProteinOntology EquivalentTo CISPeptideBindRef2 some Thing" count="1" instantiationStats="?ProteinOntology count: 1">
            <Axiom axiom="CISPeptide EquivalentTo CISPeptideBindRef2 some Thing"/>
         </Generalisation>
         <Generalisation axiom="?ProteinOntology SubClassOf MoleculeChainRef only &#10;(?ProteinOntology and ProteinOntology)" count="1" instantiationStats="?ProteinOntology count: 2">
            <Axiom axiom="Molecule SubClassOf MoleculeChainRef only &#10;(Chains and ProteinOntology)"/>
         </Generalisation>
         <Generalisation axiom="?ProteinOntology EquivalentTo AtomicBindAtomRef some &#10;((?ProteinOntology and ProteinOntology) and (AtomResidueRef some &#10;(?ProteinOntology and ProteinOntology)))" count="1" instantiationStats="?ProteinOntology count: 3">
            <Axiom axiom="AtomicBind EquivalentTo AtomicBindAtomRef some &#10;((Atoms and ProteinOntology) and (AtomResidueRef some &#10;(ProteinOntology and Residues)))"/>
         </Generalisation>
         <Generalisation axiom="?ProteinOntology SubClassOf StrandCurrentAtomRef only &#10;(?ProteinOntology and ProteinOntology)" count="1" instantiationStats="?ProteinOntology count: 2">
            <Axiom axiom="Strands SubClassOf StrandCurrentAtomRef only &#10;(Atoms and ProteinOntology)"/>
         </Generalisation>
         <Generalisation axiom="?ProteinOntology SubClassOf StrandEndResidueRef some Thing" count="1" instantiationStats="?ProteinOntology count: 1">
            <Axiom axiom="Strands SubClassOf StrandEndResidueRef some Thing"/>
         </Generalisation>
         <Generalisation axiom="?ProteinOntology EquivalentTo SaltBridgeAtomicBindRef2 some &#10;((?ProteinOntology and ProteinOntology) and (AtomicBindAtomRef some &#10;((?ProteinOntology and ProteinOntology) and (AtomResidueRef some &#10;(?ProteinOntology and ProteinOntology)))))" count="1" instantiationStats="?ProteinOntology count: 4">
            <Axiom axiom="SaltBridge EquivalentTo SaltBridgeAtomicBindRef2 some &#10;((AtomicBind and ProteinOntology) and (AtomicBindAtomRef some &#10;((Atoms and ProteinOntology) and (AtomResidueRef some &#10;(ProteinOntology and Residues)))))"/>
         </Generalisation>
         <Generalisation axiom="?ProteinOntology SubClassOf StrandChainRef some Thing" count="1" instantiationStats="?ProteinOntology count: 1">
            <Axiom axiom="Strands SubClassOf StrandChainRef some Thing"/>
         </Generalisation>
         <Generalisation axiom="?ProteinOntology EquivalentTo TurnEndResidueRef some &#10;(?ProteinOntology and ProteinOntology)" count="1" instantiationStats="?ProteinOntology count: 2">
            <Axiom axiom="TurnStructure EquivalentTo TurnEndResidueRef some &#10;(ProteinOntology and Residues)"/>
         </Generalisation>
         <Generalisation axiom="?ProteinOntology SubClassOf TurnChainRef some Thing" count="1" instantiationStats="?ProteinOntology count: 1">
            <Axiom axiom="TurnStructure SubClassOf TurnChainRef some Thing"/>
         </Generalisation>
         <Generalisation axiom="?ProteinOntology EquivalentTo HydrogenBondAtomicBindRefH some &#10;((?ProteinOntology and ProteinOntology) and (AtomicBindAtomRef some &#10;((?ProteinOntology and ProteinOntology) and (AtomChainRef some &#10;(?ProteinOntology and ProteinOntology)))))" count="1" instantiationStats="?ProteinOntology count: 4">
            <Axiom axiom="HydrogenBond EquivalentTo HydrogenBondAtomicBindRefH some &#10;((AtomicBind and ProteinOntology) and (AtomicBindAtomRef some &#10;((Atoms and ProteinOntology) and (AtomChainRef some &#10;(Chains and ProteinOntology)))))"/>
         </Generalisation>
         <Generalisation axiom="?ProteinOntology SubClassOf SaltBridgeAtomicBindRef2 some Thing" count="1" instantiationStats="?ProteinOntology count: 1">
            <Axiom axiom="SaltBridge SubClassOf SaltBridgeAtomicBindRef2 some Thing"/>
         </Generalisation>
         <Generalisation axiom="?ProteinOntology SubClassOf TurnIntialResidueRef some Thing" count="1" instantiationStats="?ProteinOntology count: 1">
            <Axiom axiom="TurnStructure SubClassOf TurnIntialResidueRef some Thing"/>
         </Generalisation>
         <Generalisation axiom="?ProteinOntology SubClassOf StrandCurrentResidueRef only &#10;(?ProteinOntology and ProteinOntology)" count="1" instantiationStats="?ProteinOntology count: 2">
            <Axiom axiom="Strands SubClassOf StrandCurrentResidueRef only &#10;(ProteinOntology and Residues)"/>
         </Generalisation>
         <Generalisation axiom="?ProteinOntology SubClassOf SiteGroupResidueRef some Thing" count="1" instantiationStats="?ProteinOntology count: 1">
            <Axiom axiom="SiteGroup SubClassOf SiteGroupResidueRef some Thing"/>
         </Generalisation>
         <Generalisation axiom="?ProteinOntology SubClassOf SiteGroupRef7 some Thing" count="1" instantiationStats="?ProteinOntology count: 1">
            <Axiom axiom="ActiveBindingSites SubClassOf SiteGroupRef7 some Thing"/>
         </Generalisation>
         <Generalisation axiom="?ProteinOntology SubClassOf MoleculeChainRef some &#10;(?ProteinOntology and ProteinOntology)" count="1" instantiationStats="?ProteinOntology count: 2">
            <Axiom axiom="Molecule SubClassOf MoleculeChainRef some &#10;(Chains and ProteinOntology)"/>
         </Generalisation>
         <Generalisation axiom="?ProteinOntology EquivalentTo StructureChainRef some Thing" count="1" instantiationStats="?ProteinOntology count: 1">
            <Axiom axiom="ATOMSequence EquivalentTo StructureChainRef some Thing"/>
         </Generalisation>
         <Generalisation axiom="?ProteinOntology SubClassOf SiteGroupChainRef some &#10;(?ProteinOntology and ProteinOntology)" count="1" instantiationStats="?ProteinOntology count: 2">
            <Axiom axiom="SiteGroup SubClassOf SiteGroupChainRef some &#10;(Chains and ProteinOntology)"/>
         </Generalisation>
         <Generalisation axiom="?ProteinOntology EquivalentTo MoleculeChainRef some &#10;(?ProteinOntology and ProteinOntology)" count="1" instantiationStats="?ProteinOntology count: 2">
            <Axiom axiom="Molecule EquivalentTo MoleculeChainRef some &#10;(Chains and ProteinOntology)"/>
         </Generalisation>
         <Generalisation axiom="?ProteinOntology EquivalentTo SaltBridgeAtomicBindRef2 some &#10;((?ProteinOntology and ProteinOntology) and (AtomicBindChainRef some &#10;(?ProteinOntology and ProteinOntology)))" count="1" instantiationStats="?ProteinOntology count: 3">
            <Axiom axiom="SaltBridge EquivalentTo SaltBridgeAtomicBindRef2 some &#10;((AtomicBind and ProteinOntology) and (AtomicBindChainRef some &#10;(Chains and ProteinOntology)))"/>
         </Generalisation>
         <Generalisation axiom="?ProteinOntology SubClassOf StrandPreviousAtomRef only &#10;((?ProteinOntology and ProteinOntology) and (AtomChainRef some &#10;(?ProteinOntology and ProteinOntology)))" count="1" instantiationStats="?ProteinOntology count: 3">
            <Axiom axiom="Strands SubClassOf StrandPreviousAtomRef only &#10;((Atoms and ProteinOntology) and (AtomChainRef some &#10;(Chains and ProteinOntology)))"/>
         </Generalisation>
         <Generalisation axiom="?ProteinOntology SubClassOf HelixEndResidueRef only &#10;(?ProteinOntology and ProteinOntology)" count="1" instantiationStats="?ProteinOntology count: 2">
            <Axiom axiom="HelixStructure SubClassOf HelixEndResidueRef only &#10;(ProteinOntology and Residues)"/>
         </Generalisation>
         <Generalisation axiom="?ProteinOntology EquivalentTo BindResidueRef some Thing" count="1" instantiationStats="?ProteinOntology count: 1">
            <Axiom axiom="Bind EquivalentTo BindResidueRef some Thing"/>
         </Generalisation>
         <Generalisation axiom="?ProteinOntology SubClassOf StructureResidueRef some Thing" count="1" instantiationStats="?ProteinOntology count: 1">
            <Axiom axiom="ATOMSequence SubClassOf StructureResidueRef some Thing"/>
         </Generalisation>
         <Generalisation axiom="?ProteinOntology SubClassOf SiteGroupRef6 only &#10;(?ProteinOntology and ProteinOntology)" count="1" instantiationStats="?ProteinOntology count: 2">
            <Axiom axiom="ActiveBindingSites SubClassOf SiteGroupRef6 only &#10;(ProteinOntology and SiteGroup)"/>
         </Generalisation>
         <Generalisation axiom="?ProteinOntology SubClassOf ResidueLinkAtomicBindRef1 some &#10;(?ProteinOntology and ProteinOntology)" count="1" instantiationStats="?ProteinOntology count: 2">
            <Axiom axiom="ResidueLink SubClassOf ResidueLinkAtomicBindRef1 some &#10;(AtomicBind and ProteinOntology)"/>
         </Generalisation>
         <Generalisation axiom="?ProteinOntology SubClassOf CISPeptideBindRef1 only &#10;(?ProteinOntology and ProteinOntology)" count="1" instantiationStats="?ProteinOntology count: 2">
            <Axiom axiom="CISPeptide SubClassOf CISPeptideBindRef1 only &#10;(Bind and ProteinOntology)"/>
         </Generalisation>
         <Generalisation axiom="?ProteinOntology SubClassOf HelixChainRef some &#10;(?ProteinOntology and ProteinOntology)" count="1" instantiationStats="?ProteinOntology count: 2">
            <Axiom axiom="HelixStructure SubClassOf HelixChainRef some &#10;(Chains and ProteinOntology)"/>
         </Generalisation>
         <Generalisation axiom="?ProteinOntology EquivalentTo ResidueLinkAtomicBindRef1 some &#10;(?ProteinOntology and ProteinOntology)" count="1" instantiationStats="?ProteinOntology count: 2">
            <Axiom axiom="ResidueLink EquivalentTo ResidueLinkAtomicBindRef1 some &#10;(AtomicBind and ProteinOntology)"/>
         </Generalisation>
         <Generalisation axiom="?ProteinOntology SubClassOf HelixInitialResidueRef only &#10;(?ProteinOntology and ProteinOntology)" count="1" instantiationStats="?ProteinOntology count: 2">
            <Axiom axiom="HelixStructure SubClassOf HelixInitialResidueRef only &#10;(ProteinOntology and Residues)"/>
         </Generalisation>
         <Generalisation axiom="?ProteinOntology SubClassOf AtomChainRef some &#10;(?ProteinOntology and ProteinOntology)" count="1" instantiationStats="?ProteinOntology count: 2">
            <Axiom axiom="Atoms SubClassOf AtomChainRef some &#10;(Chains and ProteinOntology)"/>
         </Generalisation>
         <Generalisation axiom="?ProteinOntology SubClassOf CISPeptideBindRef1 some Thing" count="1" instantiationStats="?ProteinOntology count: 1">
            <Axiom axiom="CISPeptide SubClassOf CISPeptideBindRef1 some Thing"/>
         </Generalisation>
         <Generalisation axiom="?ProteinOntology SubClassOf CISPeptideBindRef2 some &#10;((?ProteinOntology and ProteinOntology) and (BindChainRef some &#10;(?ProteinOntology and ProteinOntology)))" count="1" instantiationStats="?ProteinOntology count: 3">
            <Axiom axiom="CISPeptide SubClassOf CISPeptideBindRef2 some &#10;((Bind and ProteinOntology) and (BindChainRef some &#10;(Chains and ProteinOntology)))"/>
         </Generalisation>
         <Generalisation axiom="?ProteinOntology SubClassOf StrandIntialResidueRef some &#10;(?ProteinOntology and ProteinOntology)" count="1" instantiationStats="?ProteinOntology count: 2">
            <Axiom axiom="Strands SubClassOf StrandIntialResidueRef some &#10;(ProteinOntology and Residues)"/>
         </Generalisation>
         <Generalisation axiom="?ProteinOntology SubClassOf TurnEndResidueRef some Thing" count="1" instantiationStats="?ProteinOntology count: 1">
            <Axiom axiom="TurnStructure SubClassOf TurnEndResidueRef some Thing"/>
         </Generalisation>
         <Generalisation axiom="?ProteinOntology SubClassOf SiteGroupRef5 some Thing" count="1" instantiationStats="?ProteinOntology count: 1">
            <Axiom axiom="ActiveBindingSites SubClassOf SiteGroupRef5 some Thing"/>
         </Generalisation>
         <Generalisation axiom="?ProteinOntology EquivalentTo AtomChainRef some &#10;(?ProteinOntology and ProteinOntology)" count="1" instantiationStats="?ProteinOntology count: 2">
            <Axiom axiom="Atoms EquivalentTo AtomChainRef some &#10;(Chains and ProteinOntology)"/>
         </Generalisation>
         <Generalisation axiom="?ProteinOntology SubClassOf SiteGroupRef7 some &#10;(?ProteinOntology and ProteinOntology)" count="1" instantiationStats="?ProteinOntology count: 2">
            <Axiom axiom="ActiveBindingSites SubClassOf SiteGroupRef7 some &#10;(ProteinOntology and SiteGroup)"/>
         </Generalisation>
         <Generalisation axiom="?ProteinOntology EquivalentTo TurnIntialResidueRef some Thing" count="1" instantiationStats="?ProteinOntology count: 1">
            <Axiom axiom="TurnStructure EquivalentTo TurnIntialResidueRef some Thing"/>
         </Generalisation>
         <Generalisation axiom="?ProteinOntology SubClassOf HelixEndResidueRef some &#10;(?ProteinOntology and ProteinOntology)" count="1" instantiationStats="?ProteinOntology count: 2">
            <Axiom axiom="HelixStructure SubClassOf HelixEndResidueRef some &#10;(ProteinOntology and Residues)"/>
         </Generalisation>
         <Generalisation axiom="?ProteinOntology EquivalentTo HelixInitialResidueRef some &#10;(?ProteinOntology and ProteinOntology)" count="1" instantiationStats="?ProteinOntology count: 2">
            <Axiom axiom="HelixStructure EquivalentTo HelixInitialResidueRef some &#10;(ProteinOntology and Residues)"/>
         </Generalisation>
         <Generalisation axiom="?ProteinOntology EquivalentTo ResidueLinkAtomicBindRef2 some &#10;((?ProteinOntology and ProteinOntology) and (AtomicBindAtomRef some &#10;((?ProteinOntology and ProteinOntology) and (AtomResidueRef some &#10;(?ProteinOntology and ProteinOntology)))))" count="1" instantiationStats="?ProteinOntology count: 4">
            <Axiom axiom="ResidueLink EquivalentTo ResidueLinkAtomicBindRef2 some &#10;((AtomicBind and ProteinOntology) and (AtomicBindAtomRef some &#10;((Atoms and ProteinOntology) and (AtomResidueRef some &#10;(ProteinOntology and Residues)))))"/>
         </Generalisation>
         <Generalisation axiom="?ProteinOntology SubClassOf SiteGroupRef5 only &#10;(?ProteinOntology and ProteinOntology)" count="1" instantiationStats="?ProteinOntology count: 2">
            <Axiom axiom="ActiveBindingSites SubClassOf SiteGroupRef5 only &#10;(ProteinOntology and SiteGroup)"/>
         </Generalisation>
         <Generalisation axiom="?ProteinOntology EquivalentTo TurnIntialResidueRef some &#10;(?ProteinOntology and ProteinOntology)" count="1" instantiationStats="?ProteinOntology count: 2">
            <Axiom axiom="TurnStructure EquivalentTo TurnIntialResidueRef some &#10;(ProteinOntology and Residues)"/>
         </Generalisation>
         <Generalisation axiom="?ProteinOntology EquivalentTo HydrogenBondAtomicBindRef1 some &#10;(?ProteinOntology and ProteinOntology)" count="1" instantiationStats="?ProteinOntology count: 2">
            <Axiom axiom="HydrogenBond EquivalentTo HydrogenBondAtomicBindRef1 some &#10;(AtomicBind and ProteinOntology)"/>
         </Generalisation>
         <Generalisation axiom="?ProteinOntology SubClassOf MoleculeChainRef some Thing" count="1" instantiationStats="?ProteinOntology count: 1">
            <Axiom axiom="Molecule SubClassOf MoleculeChainRef some Thing"/>
         </Generalisation>
         <Generalisation axiom="?ProteinOntology SubClassOf StrandPreviousAtomRef some &#10;((?ProteinOntology and ProteinOntology) and (AtomChainRef some &#10;(?ProteinOntology and ProteinOntology)))" count="1" instantiationStats="?ProteinOntology count: 3">
            <Axiom axiom="Strands SubClassOf StrandPreviousAtomRef some &#10;((Atoms and ProteinOntology) and (AtomChainRef some &#10;(Chains and ProteinOntology)))"/>
         </Generalisation>
         <Generalisation axiom="?ProteinOntology SubClassOf ProteinOntology" count="40" instantiationStats="?ProteinOntology count: 40">
            <Axiom axiom="Bind SubClassOf ProteinOntology"/>
            <Axiom axiom="UnitCell SubClassOf ProteinOntology"/>
            <Axiom axiom="Entry SubClassOf ProteinOntology"/>
            <Axiom axiom="Sheets SubClassOf ProteinOntology"/>
            <Axiom axiom="Helices SubClassOf ProteinOntology"/>
            <Axiom axiom="CISPeptide SubClassOf ProteinOntology"/>
            <Axiom axiom="BiologicalFunction SubClassOf ProteinOntology"/>
            <Axiom axiom="PhysiologicalFunctions SubClassOf ProteinOntology"/>
            <Axiom axiom="ProteinComplex SubClassOf ProteinOntology"/>
            <Axiom axiom="TurnStructure SubClassOf ProteinOntology"/>
            <Axiom axiom="Structure SubClassOf ProteinOntology"/>
            <Axiom axiom="ActiveBindingSites SubClassOf ProteinOntology"/>
            <Axiom axiom="Hydrophobicity SubClassOf ProteinOntology"/>
            <Axiom axiom="Molecule SubClassOf ProteinOntology"/>
            <Axiom axiom="Atoms SubClassOf ProteinOntology"/>
            <Axiom axiom="PathologicalFunctions SubClassOf ProteinOntology"/>
            <Axiom axiom="Constraints SubClassOf ProteinOntology"/>
            <Axiom axiom="Description SubClassOf ProteinOntology"/>
            <Axiom axiom="HydrogenBond SubClassOf ProteinOntology"/>
            <Axiom axiom="Residues SubClassOf ProteinOntology"/>
            <Axiom axiom="FunctionalDomains SubClassOf ProteinOntology"/>
            <Axiom axiom="StructuralDomains SubClassOf ProteinOntology"/>
            <Axiom axiom="OtherFolds SubClassOf ProteinOntology"/>
            <Axiom axiom="Turn SubClassOf ProteinOntology"/>
            <Axiom axiom="SaltBridge SubClassOf ProteinOntology"/>
            <Axiom axiom="Helix SubClassOf ProteinOntology"/>
            <Axiom axiom="Chains SubClassOf ProteinOntology"/>
            <Axiom axiom="SiteGroup SubClassOf ProteinOntology"/>
            <Axiom axiom="HelixStructure SubClassOf ProteinOntology"/>
            <Axiom axiom="ChemicalBonds SubClassOf ProteinOntology"/>
            <Axiom axiom="Sheet SubClassOf ProteinOntology"/>
            <Axiom axiom="Strands SubClassOf ProteinOntology"/>
            <Axiom axiom="ResidueLink SubClassOf ProteinOntology"/>
            <Axiom axiom="Reference SubClassOf ProteinOntology"/>
            <Axiom axiom="ModifiedResidue SubClassOf ProteinOntology"/>
            <Axiom axiom="SourceCell SubClassOf ProteinOntology"/>
            <Axiom axiom="Family SubClassOf ProteinOntology"/>
            <Axiom axiom="GeneticDefects SubClassOf ProteinOntology"/>
            <Axiom axiom="AtomicBind SubClassOf ProteinOntology"/>
            <Axiom axiom="ATOMSequence SubClassOf ProteinOntology"/>
         </Generalisation>
         <Generalisation axiom="?ProteinOntology SubClassOf StructureChainRef only &#10;(?ProteinOntology and ProteinOntology)" count="1" instantiationStats="?ProteinOntology count: 2">
            <Axiom axiom="ATOMSequence SubClassOf StructureChainRef only &#10;(Chains and ProteinOntology)"/>
         </Generalisation>
         <Generalisation axiom="?ProteinOntology EquivalentTo HydrogenBondAtomicBindRefH some Thing" count="1" instantiationStats="?ProteinOntology count: 1">
            <Axiom axiom="HydrogenBond EquivalentTo HydrogenBondAtomicBindRefH some Thing"/>
         </Generalisation>
         <Generalisation axiom="?ProteinOntology EquivalentTo SiteGroupRef3 some &#10;(?ProteinOntology and ProteinOntology)" count="1" instantiationStats="?ProteinOntology count: 2">
            <Axiom axiom="ActiveBindingSites EquivalentTo SiteGroupRef3 some &#10;(ProteinOntology and SiteGroup)"/>
         </Generalisation>
         <Generalisation axiom="?ProteinOntology EquivalentTo HelixInitialResidueRef some Thing" count="1" instantiationStats="?ProteinOntology count: 1">
            <Axiom axiom="HelixStructure EquivalentTo HelixInitialResidueRef some Thing"/>
         </Generalisation>
         <Generalisation axiom="?ProteinOntology SubClassOf AtomicBindChainRef some &#10;(?ProteinOntology and ProteinOntology)" count="1" instantiationStats="?ProteinOntology count: 2">
            <Axiom axiom="AtomicBind SubClassOf AtomicBindChainRef some &#10;(Chains and ProteinOntology)"/>
         </Generalisation>
         <Generalisation axiom="?ProteinOntology EquivalentTo HydrogenBondAtomicBindRef2 some &#10;(?ProteinOntology and ProteinOntology)" count="1" instantiationStats="?ProteinOntology count: 2">
            <Axiom axiom="HydrogenBond EquivalentTo HydrogenBondAtomicBindRef2 some &#10;(AtomicBind and ProteinOntology)"/>
         </Generalisation>
         <Generalisation axiom="?ProteinOntology EquivalentTo SiteGroupRef1 some &#10;((?ProteinOntology and ProteinOntology) and (SiteGroupChainRef some &#10;(?ProteinOntology and ProteinOntology)))" count="1" instantiationStats="?ProteinOntology count: 3">
            <Axiom axiom="ActiveBindingSites EquivalentTo SiteGroupRef1 some &#10;((ProteinOntology and SiteGroup) and (SiteGroupChainRef some &#10;(Chains and ProteinOntology)))"/>
         </Generalisation>
         <Generalisation axiom="?ProteinOntology EquivalentTo SaltBridgeAtomicBindRef1 some &#10;(?ProteinOntology and ProteinOntology)" count="1" instantiationStats="?ProteinOntology count: 2">
            <Axiom axiom="SaltBridge EquivalentTo SaltBridgeAtomicBindRef1 some &#10;(AtomicBind and ProteinOntology)"/>
         </Generalisation>
         <Generalisation axiom="?ProteinOntology SubClassOf AtomicBindAtomRef only &#10;((?ProteinOntology and ProteinOntology) and (AtomResidueRef some &#10;(?ProteinOntology and ProteinOntology)))" count="1" instantiationStats="?ProteinOntology count: 3">
            <Axiom axiom="AtomicBind SubClassOf AtomicBindAtomRef only &#10;((Atoms and ProteinOntology) and (AtomResidueRef some &#10;(ProteinOntology and Residues)))"/>
         </Generalisation>
         <Generalisation axiom="?ProteinOntology SubClassOf TurnEndResidueRef only &#10;(?ProteinOntology and ProteinOntology)" count="1" instantiationStats="?ProteinOntology count: 2">
            <Axiom axiom="TurnStructure SubClassOf TurnEndResidueRef only &#10;(ProteinOntology and Residues)"/>
         </Generalisation>
         <Generalisation axiom="?ProteinOntology SubClassOf HydrogenBondAtomicBindRefH only &#10;((?ProteinOntology and ProteinOntology) and (AtomicBindChainRef some &#10;(?ProteinOntology and ProteinOntology)))" count="1" instantiationStats="?ProteinOntology count: 3">
            <Axiom axiom="HydrogenBond SubClassOf HydrogenBondAtomicBindRefH only &#10;((AtomicBind and ProteinOntology) and (AtomicBindChainRef some &#10;(Chains and ProteinOntology)))"/>
         </Generalisation>
         <Generalisation axiom="?ProteinOntology EquivalentTo HydrogenBondAtomicBindRef2 some Thing" count="1" instantiationStats="?ProteinOntology count: 1">
            <Axiom axiom="HydrogenBond EquivalentTo HydrogenBondAtomicBindRef2 some Thing"/>
         </Generalisation>
         <Generalisation axiom="?ProteinOntology SubClassOf BindResidueRef only &#10;(?ProteinOntology and ProteinOntology)" count="1" instantiationStats="?ProteinOntology count: 2">
            <Axiom axiom="Bind SubClassOf BindResidueRef only &#10;(ProteinOntology and Residues)"/>
         </Generalisation>
         <Generalisation axiom="?ProteinOntology SubClassOf SaltBridgeAtomicBindRef1 only &#10;(?ProteinOntology and ProteinOntology)" count="1" instantiationStats="?ProteinOntology count: 2">
            <Axiom axiom="SaltBridge SubClassOf SaltBridgeAtomicBindRef1 only &#10;(AtomicBind and ProteinOntology)"/>
         </Generalisation>
         <Generalisation axiom="?ProteinOntology EquivalentTo CISPeptideBindRef1 some &#10;(?ProteinOntology and ProteinOntology)" count="1" instantiationStats="?ProteinOntology count: 2">
            <Axiom axiom="CISPeptide EquivalentTo CISPeptideBindRef1 some &#10;(Bind and ProteinOntology)"/>
         </Generalisation>
         <Generalisation axiom="?ProteinOntology SubClassOf SaltBridgeAtomicBindRef2 only &#10;((?ProteinOntology and ProteinOntology) and (AtomicBindResidueRef some &#10;(?ProteinOntology and ProteinOntology)))" count="1" instantiationStats="?ProteinOntology count: 3">
            <Axiom axiom="SaltBridge SubClassOf SaltBridgeAtomicBindRef2 only &#10;((AtomicBind and ProteinOntology) and (AtomicBindResidueRef some &#10;(ProteinOntology and Residues)))"/>
         </Generalisation>
         <Generalisation axiom="?ProteinOntology SubClassOf BindChainRef some Thing" count="1" instantiationStats="?ProteinOntology count: 1">
            <Axiom axiom="Bind SubClassOf BindChainRef some Thing"/>
         </Generalisation>
         <Generalisation axiom="?ProteinOntology SubClassOf HydrogenBondAtomicBindRef1 some Thing" count="1" instantiationStats="?ProteinOntology count: 1">
            <Axiom axiom="HydrogenBond SubClassOf HydrogenBondAtomicBindRef1 some Thing"/>
         </Generalisation>
         <Generalisation axiom="?ProteinOntology SubClassOf SiteGroupRef1 some Thing" count="1" instantiationStats="?ProteinOntology count: 1">
            <Axiom axiom="ActiveBindingSites SubClassOf SiteGroupRef1 some Thing"/>
         </Generalisation>
         <Generalisation axiom="?ProteinOntology EquivalentTo StrandPreviousAtomRef some &#10;((?ProteinOntology and ProteinOntology) and (AtomChainRef some &#10;(?ProteinOntology and ProteinOntology)))" count="1" instantiationStats="?ProteinOntology count: 3">
            <Axiom axiom="Strands EquivalentTo StrandPreviousAtomRef some &#10;((Atoms and ProteinOntology) and (AtomChainRef some &#10;(Chains and ProteinOntology)))"/>
         </Generalisation>
      </Generalisations>
   </Cluster>
</Clusters>
