<?xml version="1.0" encoding="UTF-8" standalone="no"?>
<Clusters>
   <Cluster size="62">
      <Item iri="http://purl.obolibrary.org/obo/DC_CL_0000075"/>
      <Item iri="http://purl.obolibrary.org/obo/PRO_000002001"/>
      <Item iri="http://purl.obolibrary.org/obo/PRO_000001300"/>
      <Item iri="http://purl.obolibrary.org/obo/DC_CL_0000074"/>
      <Item iri="http://purl.obolibrary.org/obo/PRO_000001015"/>
      <Item iri="http://purl.obolibrary.org/obo/PRO_000001014"/>
      <Item iri="http://purl.obolibrary.org/obo/PRO_000001013"/>
      <Item iri="http://purl.obolibrary.org/obo/DC_CL_0000071"/>
      <Item iri="http://purl.obolibrary.org/obo/DC_CL_0000070"/>
      <Item iri="http://purl.obolibrary.org/obo/PRO_000001865"/>
      <Item iri="http://purl.obolibrary.org/obo/PRO_000001438"/>
      <Item iri="http://purl.obolibrary.org/obo/PRO_000001836"/>
      <Item iri="http://purl.obolibrary.org/obo/DC_CL_0000086"/>
      <Item iri="http://purl.obolibrary.org/obo/DC_CL_0000085"/>
      <Item iri="http://purl.obolibrary.org/obo/PRO_000001310"/>
      <Item iri="http://purl.obolibrary.org/obo/PRO_000001839"/>
      <Item iri="http://purl.obolibrary.org/obo/PRO_000001003"/>
      <Item iri="http://purl.obolibrary.org/obo/PRO_000001002"/>
      <Item iri="http://purl.obolibrary.org/obo/PRO_000001004"/>
      <Item iri="http://purl.obolibrary.org/obo/DC_CL_0000081"/>
      <Item iri="http://purl.obolibrary.org/obo/DC_CL_0000101"/>
      <Item iri="http://purl.obolibrary.org/obo/DC_CL_0000100"/>
      <Item iri="http://purl.obolibrary.org/obo/DC_CL_0000103"/>
      <Item iri="http://purl.obolibrary.org/obo/PRO_000001012"/>
      <Item iri="http://purl.obolibrary.org/obo/DC_CL_0000102"/>
      <Item iri="http://purl.obolibrary.org/obo/PRO_000001293"/>
      <Item iri="http://purl.obolibrary.org/obo/PRO_000001483"/>
      <Item iri="http://purl.obolibrary.org/obo/PRO_000001292"/>
      <Item iri="http://purl.obolibrary.org/obo/PRO_000001892"/>
      <Item iri="http://purl.obolibrary.org/obo/DC_CL_0000099"/>
      <Item iri="http://purl.obolibrary.org/obo/DC_CL_0000098"/>
      <Item iri="http://purl.obolibrary.org/obo/PRO_000001905"/>
      <Item iri="http://purl.obolibrary.org/obo/PRO_000001447"/>
      <Item iri="http://purl.obolibrary.org/obo/PRO_000001945"/>
      <Item iri="http://purl.obolibrary.org/obo/PRO_000001083"/>
      <Item iri="http://purl.obolibrary.org/obo/DC_CL_0000091"/>
      <Item iri="http://purl.obolibrary.org/obo/DC_CL_0000090"/>
      <Item iri="http://purl.obolibrary.org/obo/DC_CL_0000109"/>
      <Item iri="http://purl.obolibrary.org/obo/DC_CL_0000108"/>
      <Item iri="http://purl.obolibrary.org/obo/PRO_000001843"/>
      <Item iri="http://purl.obolibrary.org/obo/PRO_000002062"/>
      <Item iri="http://purl.obolibrary.org/obo/DC_CL_0000061"/>
      <Item iri="http://purl.obolibrary.org/obo/DC_CL_0000105"/>
      <Item iri="http://purl.obolibrary.org/obo/DC_CL_0000104"/>
      <Item iri="http://purl.obolibrary.org/obo/DC_CL_0000107"/>
      <Item iri="http://purl.obolibrary.org/obo/PRO_000002065"/>
      <Item iri="http://purl.obolibrary.org/obo/DC_CL_0000106"/>
      <Item iri="http://purl.obolibrary.org/obo/DC_CL_0000065"/>
      <Item iri="http://purl.obolibrary.org/obo/DC_CL_0000066"/>
      <Item iri="http://purl.obolibrary.org/obo/DC_CL_0000069"/>
      <Item iri="http://purl.obolibrary.org/obo/PRO_000001412"/>
      <Item iri="http://purl.obolibrary.org/obo/DC_CL_0000067"/>
      <Item iri="http://purl.obolibrary.org/obo/DC_CL_0000068"/>
      <Item iri="http://purl.obolibrary.org/obo/PRO_000002025"/>
      <Item iri="http://purl.obolibrary.org/obo/PRO_000001456"/>
      <Item iri="http://purl.obolibrary.org/obo/PRO_000001786"/>
      <Item iri="http://purl.obolibrary.org/obo/PRO_000001024"/>
      <Item iri="http://purl.obolibrary.org/obo/PRO_000001027"/>
      <Item iri="http://purl.obolibrary.org/obo/PRO_000001375"/>
      <Item iri="http://purl.obolibrary.org/obo/PRO_000001026"/>
      <Item iri="http://purl.obolibrary.org/obo/PRO_000001898"/>
      <Item iri="http://purl.obolibrary.org/obo/DC_CL_0000055"/>
      <Generalisations>
         <Generalisation axiom="?FMA_63888 SubClassOf ?FMA_63887" count="66" instantiationStats="?FMA_63887 count: 3; ?FMA_63888 count: 62">
            <Axiom axiom="PRO_000001412 SubClassOf FMA_63887"/>
            <Axiom axiom="PRO_000001905 SubClassOf FMA_63887"/>
            <Axiom axiom="PRO_000001898 SubClassOf FMA_63887"/>
            <Axiom axiom="DC_CL_0000105 SubClassOf FMA_63887"/>
            <Axiom axiom="DC_CL_0000074 SubClassOf FMA_63887"/>
            <Axiom axiom="PRO_000001026 SubClassOf FMA_63887"/>
            <Axiom axiom="PRO_000001456 SubClassOf FMA_63887"/>
            <Axiom axiom="PRO_000001865 SubClassOf FMA_63887"/>
            <Axiom axiom="PRO_000001839 SubClassOf FMA_63887"/>
            <Axiom axiom="DC_CL_0000107 SubClassOf FMA_63887"/>
            <Axiom axiom="PRO_000001300 SubClassOf FMA_63887"/>
            <Axiom axiom="DC_CL_0000091 SubClassOf DC_CL_0000089"/>
            <Axiom axiom="DC_CL_0000100 SubClassOf FMA_63887"/>
            <Axiom axiom="DC_CL_0000071 SubClassOf FMA_63887"/>
            <Axiom axiom="PRO_000001293 SubClassOf FMA_63887"/>
            <Axiom axiom="PRO_000001024 SubClassOf FMA_63887"/>
            <Axiom axiom="PRO_000001003 SubClassOf FMA_63887"/>
            <Axiom axiom="PRO_000002062 SubClassOf FMA_63887"/>
            <Axiom axiom="DC_CL_0000099 SubClassOf FMA_63887"/>
            <Axiom axiom="DC_CL_0000061 SubClassOf FMA_63887"/>
            <Axiom axiom="PRO_000002025 SubClassOf FMA_63887"/>
            <Axiom axiom="DC_CL_0000085 SubClassOf FMA_63887"/>
            <Axiom axiom="DC_CL_0000068 SubClassOf FMA_63887"/>
            <Axiom axiom="DC_CL_0000090 SubClassOf DC_CL_0000089"/>
            <Axiom axiom="DC_CL_0000091 SubClassOf FMA_63887"/>
            <Axiom axiom="PRO_000001013 SubClassOf FMA_63887"/>
            <Axiom axiom="PRO_000001014 SubClassOf FMA_63887"/>
            <Axiom axiom="PRO_000001483 SubClassOf FMA_63887"/>
            <Axiom axiom="DC_CL_0000106 SubClassOf FMA_63887"/>
            <Axiom axiom="DC_CL_0000101 SubClassOf FMA_63887"/>
            <Axiom axiom="PRO_000001892 SubClassOf FMA_63887"/>
            <Axiom axiom="DC_CL_0000075 SubClassOf FMA_63887"/>
            <Axiom axiom="DC_CL_0000065 SubClassOf FMA_63887"/>
            <Axiom axiom="PRO_000001310 SubClassOf FMA_63887"/>
            <Axiom axiom="PRO_000001843 SubClassOf FMA_63887"/>
            <Axiom axiom="PRO_000001002 SubClassOf FMA_63887"/>
            <Axiom axiom="PRO_000001292 SubClassOf FMA_63887"/>
            <Axiom axiom="DC_CL_0000103 SubClassOf FMA_63887"/>
            <Axiom axiom="PRO_000001083 SubClassOf FMA_63887"/>
            <Axiom axiom="DC_CL_0000069 SubClassOf FMA_63887"/>
            <Axiom axiom="PRO_000002065 SubClassOf FMA_63887"/>
            <Axiom axiom="PRO_000001012 SubClassOf FMA_63887"/>
            <Axiom axiom="PRO_000001945 SubClassOf FMA_63887"/>
            <Axiom axiom="DC_CL_0000098 SubClassOf FMA_63887"/>
            <Axiom axiom="PRO_000001836 SubClassOf FMA_63887"/>
            <Axiom axiom="DC_CL_0000055 SubClassOf FMA_63887"/>
            <Axiom axiom="PRO_000001438 SubClassOf FMA_63887"/>
            <Axiom axiom="DC_CL_0000066 SubClassOf FMA_63887"/>
            <Axiom axiom="DC_CL_0000108 SubClassOf FMA_63887"/>
            <Axiom axiom="PRO_000001015 SubClassOf DC_CL_0000082"/>
            <Axiom axiom="PRO_000001004 SubClassOf FMA_63887"/>
            <Axiom axiom="PRO_000001375 SubClassOf FMA_63887"/>
            <Axiom axiom="PRO_000001786 SubClassOf FMA_63887"/>
            <Axiom axiom="DC_CL_0000086 SubClassOf FMA_63887"/>
            <Axiom axiom="PRO_000001027 SubClassOf FMA_63887"/>
            <Axiom axiom="DC_CL_0000090 SubClassOf FMA_63887"/>
            <Axiom axiom="PRO_000001015 SubClassOf FMA_63887"/>
            <Axiom axiom="DC_CL_0000109 SubClassOf FMA_63887"/>
            <Axiom axiom="PRO_000002001 SubClassOf FMA_63887"/>
            <Axiom axiom="DC_CL_0000067 SubClassOf FMA_63887"/>
            <Axiom axiom="DC_CL_0000104 SubClassOf FMA_63887"/>
            <Axiom axiom="DC_CL_0000102 SubClassOf FMA_63887"/>
            <Axiom axiom="DC_CL_0000081 SubClassOf FMA_63887"/>
            <Axiom axiom="PRO_000001447 SubClassOf FMA_63887"/>
            <Axiom axiom="PRO_000001014 SubClassOf DC_CL_0000082"/>
            <Axiom axiom="DC_CL_0000070 SubClassOf FMA_63887"/>
         </Generalisation>
      </Generalisations>
   </Cluster>
   <Cluster size="44">
      <Item iri="http://purl.obolibrary.org/obo/DC_CL_1111100"/>
      <Item iri="http://purl.obolibrary.org/obo/DC_CL_0000039"/>
      <Item iri="http://purl.obolibrary.org/obo/DC_CL_0000038"/>
      <Item iri="http://purl.obolibrary.org/obo/DC_CL_0000018"/>
      <Item iri="http://purl.obolibrary.org/obo/DC_CL_0000019"/>
      <Item iri="http://purl.obolibrary.org/obo/DC_CL_0000016"/>
      <Item iri="http://purl.obolibrary.org/obo/DC_CL_0000017"/>
      <Item iri="http://purl.obolibrary.org/obo/DC_CL_0000022"/>
      <Item iri="http://purl.obolibrary.org/obo/DC_CL_0000004"/>
      <Item iri="http://purl.obolibrary.org/obo/DC_CL_0000040"/>
      <Item iri="http://purl.obolibrary.org/obo/DC_CL_0000021"/>
      <Item iri="http://purl.obolibrary.org/obo/DC_CL_0000020"/>
      <Item iri="http://purl.obolibrary.org/obo/DC_CL_0000001"/>
      <Item iri="http://purl.obolibrary.org/obo/DC_CL_0000026"/>
      <Item iri="http://purl.obolibrary.org/obo/DC_CL_0000025"/>
      <Item iri="http://purl.obolibrary.org/obo/DC_CL_0000024"/>
      <Item iri="http://purl.obolibrary.org/obo/DC_CL_0000023"/>
      <Item iri="http://purl.obolibrary.org/obo/DC_CL_0000043"/>
      <Item iri="http://purl.obolibrary.org/obo/CL_0000048"/>
      <Item iri="http://purl.obolibrary.org/obo/DC_CL_0000041"/>
      <Item iri="http://purl.obolibrary.org/obo/DC_CL_0000042"/>
      <Item iri="http://purl.obolibrary.org/obo/DC_CL_0000028"/>
      <Item iri="http://purl.obolibrary.org/obo/DC_CL_0000027"/>
      <Item iri="http://purl.obolibrary.org/obo/DC_CL_0000029"/>
      <Item iri="http://purl.obolibrary.org/obo/DC_CL_1100000"/>
      <Item iri="http://purl.obolibrary.org/obo/DC_CL_0000006"/>
      <Item iri="http://purl.obolibrary.org/obo/DC_CL_1110000"/>
      <Item iri="http://purl.obolibrary.org/obo/DC_CL_0000007"/>
      <Item iri="http://purl.obolibrary.org/obo/DC_CL_0000008"/>
      <Item iri="http://purl.obolibrary.org/obo/DC_CL_0000009"/>
      <Item iri="http://purl.obolibrary.org/obo/DC_CL_0000011"/>
      <Item iri="http://purl.obolibrary.org/obo/DC_CL_0000010"/>
      <Item iri="http://purl.obolibrary.org/obo/DC_CL_0000013"/>
      <Item iri="http://purl.obolibrary.org/obo/DC_CL_0000012"/>
      <Item iri="http://purl.obolibrary.org/obo/DC_CL_0000015"/>
      <Item iri="http://purl.obolibrary.org/obo/DC_CL_0000014"/>
      <Item iri="http://purl.obolibrary.org/obo/DC_CL_0000034"/>
      <Item iri="http://purl.obolibrary.org/obo/DC_CL_0000035"/>
      <Item iri="http://purl.obolibrary.org/obo/DC_CL_0000036"/>
      <Item iri="http://purl.obolibrary.org/obo/DC_CL_1111000"/>
      <Item iri="http://purl.obolibrary.org/obo/DC_CL_0000030"/>
      <Item iri="http://purl.obolibrary.org/obo/DC_CL_0000031"/>
      <Item iri="http://purl.obolibrary.org/obo/DC_CL_0000032"/>
      <Item iri="http://purl.obolibrary.org/obo/DC_CL_0000033"/>
      <Generalisations>
         <Generalisation axiom="?cluster_2 SubClassOf ?cluster_1" count="101" instantiationStats="?cluster_2 count: 44; ?cluster_1 count: 3">
            <Axiom axiom="DC_CL_0000020 SubClassOf CL_0000738"/>
            <Axiom axiom="DC_CL_0000021 SubClassOf DC_CL_0000003"/>
            <Axiom axiom="DC_CL_0000035 SubClassOf CARO_0000013"/>
            <Axiom axiom="DC_CL_0000039 SubClassOf CL_0000738"/>
            <Axiom axiom="DC_CL_0000013 SubClassOf DC_CL_0000003"/>
            <Axiom axiom="DC_CL_0000016 SubClassOf CARO_0000013"/>
            <Axiom axiom="DC_CL_0000004 SubClassOf CL_0000738"/>
            <Axiom axiom="DC_CL_0000012 SubClassOf DC_CL_0000003"/>
            <Axiom axiom="DC_CL_0000007 SubClassOf CARO_0000013"/>
            <Axiom axiom="DC_CL_0000016 SubClassOf DC_CL_0000003"/>
            <Axiom axiom="DC_CL_0000018 SubClassOf DC_CL_0000003"/>
            <Axiom axiom="DC_CL_0000028 SubClassOf CARO_0000013"/>
            <Axiom axiom="DC_CL_0000024 SubClassOf CARO_0000013"/>
            <Axiom axiom="DC_CL_0000009 SubClassOf CL_0000738"/>
            <Axiom axiom="DC_CL_0000014 SubClassOf CL_0000738"/>
            <Axiom axiom="DC_CL_0000012 SubClassOf CARO_0000013"/>
            <Axiom axiom="DC_CL_1100000 SubClassOf CARO_0000013"/>
            <Axiom axiom="DC_CL_0000031 SubClassOf DC_CL_0000003"/>
            <Axiom axiom="DC_CL_0000019 SubClassOf CARO_0000013"/>
            <Axiom axiom="DC_CL_0000031 SubClassOf CL_0000738"/>
            <Axiom axiom="DC_CL_0000027 SubClassOf DC_CL_0000003"/>
            <Axiom axiom="DC_CL_0000017 SubClassOf CARO_0000013"/>
            <Axiom axiom="DC_CL_0000011 SubClassOf DC_CL_0000003"/>
            <Axiom axiom="DC_CL_0000015 SubClassOf DC_CL_0000003"/>
            <Axiom axiom="DC_CL_0000015 SubClassOf CL_0000738"/>
            <Axiom axiom="DC_CL_0000030 SubClassOf CL_0000738"/>
            <Axiom axiom="DC_CL_0000021 SubClassOf CL_0000738"/>
            <Axiom axiom="DC_CL_0000043 SubClassOf CARO_0000013"/>
            <Axiom axiom="DC_CL_0000010 SubClassOf CL_0000738"/>
            <Axiom axiom="DC_CL_0000023 SubClassOf DC_CL_0000003"/>
            <Axiom axiom="DC_CL_0000024 SubClassOf CL_0000738"/>
            <Axiom axiom="DC_CL_0000042 SubClassOf CARO_0000013"/>
            <Axiom axiom="DC_CL_0000021 SubClassOf CARO_0000013"/>
            <Axiom axiom="DC_CL_0000027 SubClassOf CL_0000738"/>
            <Axiom axiom="DC_CL_0000028 SubClassOf DC_CL_0000003"/>
            <Axiom axiom="DC_CL_1110000 SubClassOf CL_0000738"/>
            <Axiom axiom="DC_CL_0000022 SubClassOf CARO_0000013"/>
            <Axiom axiom="DC_CL_0000033 SubClassOf CARO_0000013"/>
            <Axiom axiom="DC_CL_0000024 SubClassOf DC_CL_0000003"/>
            <Axiom axiom="DC_CL_1110000 SubClassOf CARO_0000013"/>
            <Axiom axiom="DC_CL_0000030 SubClassOf CARO_0000013"/>
            <Axiom axiom="DC_CL_0000017 SubClassOf DC_CL_0000003"/>
            <Axiom axiom="DC_CL_0000038 SubClassOf CARO_0000013"/>
            <Axiom axiom="DC_CL_0000013 SubClassOf CARO_0000013"/>
            <Axiom axiom="DC_CL_0000006 SubClassOf CL_0000738"/>
            <Axiom axiom="DC_CL_0000014 SubClassOf CARO_0000013"/>
            <Axiom axiom="DC_CL_0000032 SubClassOf CARO_0000013"/>
            <Axiom axiom="DC_CL_1111000 SubClassOf CARO_0000013"/>
            <Axiom axiom="DC_CL_0000023 SubClassOf CARO_0000013"/>
            <Axiom axiom="DC_CL_0000018 SubClassOf CL_0000738"/>
            <Axiom axiom="DC_CL_0000040 SubClassOf CL_0000738"/>
            <Axiom axiom="DC_CL_0000008 SubClassOf CL_0000738"/>
            <Axiom axiom="DC_CL_0000022 SubClassOf DC_CL_0000003"/>
            <Axiom axiom="DC_CL_0000004 SubClassOf CARO_0000013"/>
            <Axiom axiom="DC_CL_0000009 SubClassOf CARO_0000013"/>
            <Axiom axiom="DC_CL_0000013 SubClassOf CL_0000738"/>
            <Axiom axiom="DC_CL_0000026 SubClassOf CARO_0000013"/>
            <Axiom axiom="DC_CL_0000041 SubClassOf CL_0000738"/>
            <Axiom axiom="DC_CL_0000010 SubClassOf DC_CL_0000003"/>
            <Axiom axiom="DC_CL_0000019 SubClassOf DC_CL_0000003"/>
            <Axiom axiom="DC_CL_0000008 SubClassOf CARO_0000013"/>
            <Axiom axiom="DC_CL_0000012 SubClassOf CL_0000738"/>
            <Axiom axiom="DC_CL_0000018 SubClassOf CARO_0000013"/>
            <Axiom axiom="DC_CL_0000025 SubClassOf DC_CL_0000003"/>
            <Axiom axiom="DC_CL_0000030 SubClassOf DC_CL_0000003"/>
            <Axiom axiom="DC_CL_0000020 SubClassOf DC_CL_0000003"/>
            <Axiom axiom="DC_CL_0000029 SubClassOf CL_0000738"/>
            <Axiom axiom="CL_0000048 SubClassOf CARO_0000013"/>
            <Axiom axiom="DC_CL_0000011 SubClassOf CARO_0000013"/>
            <Axiom axiom="DC_CL_0000034 SubClassOf CARO_0000013"/>
            <Axiom axiom="DC_CL_0000033 SubClassOf CL_0000738"/>
            <Axiom axiom="DC_CL_0000014 SubClassOf DC_CL_0000003"/>
            <Axiom axiom="DC_CL_0000040 SubClassOf CARO_0000013"/>
            <Axiom axiom="DC_CL_0000031 SubClassOf CARO_0000013"/>
            <Axiom axiom="DC_CL_0000001 SubClassOf CARO_0000013"/>
            <Axiom axiom="DC_CL_0000023 SubClassOf CL_0000738"/>
            <Axiom axiom="DC_CL_0000041 SubClassOf CARO_0000013"/>
            <Axiom axiom="DC_CL_0000042 SubClassOf CL_0000738"/>
            <Axiom axiom="DC_CL_0000010 SubClassOf CARO_0000013"/>
            <Axiom axiom="DC_CL_0000026 SubClassOf DC_CL_0000003"/>
            <Axiom axiom="DC_CL_0000006 SubClassOf CARO_0000013"/>
            <Axiom axiom="DC_CL_0000029 SubClassOf CARO_0000013"/>
            <Axiom axiom="DC_CL_0000022 SubClassOf CL_0000738"/>
            <Axiom axiom="DC_CL_1111000 SubClassOf CL_0000738"/>
            <Axiom axiom="DC_CL_0000028 SubClassOf CL_0000738"/>
            <Axiom axiom="DC_CL_0000029 SubClassOf DC_CL_0000003"/>
            <Axiom axiom="DC_CL_0000015 SubClassOf CARO_0000013"/>
            <Axiom axiom="DC_CL_0000026 SubClassOf CL_0000738"/>
            <Axiom axiom="DC_CL_0000036 SubClassOf CARO_0000013"/>
            <Axiom axiom="DC_CL_1111100 SubClassOf CARO_0000013"/>
            <Axiom axiom="DC_CL_0000025 SubClassOf CL_0000738"/>
            <Axiom axiom="DC_CL_0000001 SubClassOf CL_0000738"/>
            <Axiom axiom="DC_CL_0000016 SubClassOf CL_0000738"/>
            <Axiom axiom="DC_CL_0000019 SubClassOf CL_0000738"/>
            <Axiom axiom="DC_CL_0000027 SubClassOf CARO_0000013"/>
            <Axiom axiom="DC_CL_0000020 SubClassOf CARO_0000013"/>
            <Axiom axiom="DC_CL_0000011 SubClassOf CL_0000738"/>
            <Axiom axiom="DC_CL_0000039 SubClassOf CARO_0000013"/>
            <Axiom axiom="DC_CL_0000025 SubClassOf CARO_0000013"/>
            <Axiom axiom="DC_CL_0000007 SubClassOf CL_0000738"/>
            <Axiom axiom="DC_CL_0000017 SubClassOf CL_0000738"/>
         </Generalisation>
         <Generalisation axiom="?cluster_2 SubClassOf DC-CL_transformation_of some Thing" count="9" instantiationStats="?cluster_2 count: 9">
            <Axiom axiom="DC_CL_0000025 SubClassOf DC-CL_transformation_of some Thing"/>
            <Axiom axiom="DC_CL_0000031 SubClassOf DC-CL_transformation_of some Thing"/>
            <Axiom axiom="DC_CL_0000007 SubClassOf DC-CL_transformation_of some Thing"/>
            <Axiom axiom="DC_CL_0000016 SubClassOf DC-CL_transformation_of some Thing"/>
            <Axiom axiom="DC_CL_0000015 SubClassOf DC-CL_transformation_of some Thing"/>
            <Axiom axiom="DC_CL_0000018 SubClassOf DC-CL_transformation_of some Thing"/>
            <Axiom axiom="DC_CL_0000023 SubClassOf DC-CL_transformation_of some Thing"/>
            <Axiom axiom="DC_CL_0000009 SubClassOf DC-CL_transformation_of some Thing"/>
            <Axiom axiom="DC_CL_0000029 SubClassOf DC-CL_transformation_of some Thing"/>
         </Generalisation>
         <Generalisation axiom="?CARO_0000043 SubClassOf DC-CL_is_location_of some &#10;((?cluster_1 and ?cluster_2_conjunction) and (DC-CL_arises_from some &#10;(?cluster_1 and ?cluster_2_conjunction)))" count="4" instantiationStats="?CARO_0000043 count: 2; ?cluster_2 count: 7; ?cluster_1 count: 1">
            <Axiom axiom="MA_0000134 SubClassOf DC-CL_is_location_of some &#10;((CARO_0000013 and CL_0000048 and DC_CL_0000034) and (DC-CL_arises_from some &#10;(CARO_0000013 and CL_0000048 and DC_CL_0000043)))"/>
            <Axiom axiom="FMA_9608 SubClassOf DC-CL_is_location_of some &#10;((CARO_0000013 and CL_0000048 and DC_CL_0000038) and (DC-CL_arises_from some &#10;(CARO_0000013 and CL_0000048 and DC_CL_0000035)))"/>
            <Axiom axiom="MA_0000134 SubClassOf DC-CL_is_location_of some &#10;((CARO_0000013 and CL_0000048 and DC_CL_0000036) and (DC-CL_arises_from some &#10;(CARO_0000013 and CL_0000048 and DC_CL_0000043)))"/>
            <Axiom axiom="FMA_9608 SubClassOf DC-CL_is_location_of some &#10;((CARO_0000013 and CL_0000048 and DC_CL_0000032) and (DC-CL_arises_from some &#10;(CARO_0000013 and CL_0000048 and DC_CL_0000035)))"/>
         </Generalisation>
         <Generalisation axiom="?cluster_2 SubClassOf DC-CL_has_function some Thing" count="27" instantiationStats="?cluster_2 count: 27">
            <Axiom axiom="DC_CL_0000024 SubClassOf DC-CL_has_function some Thing"/>
            <Axiom axiom="DC_CL_0000031 SubClassOf DC-CL_has_function some Thing"/>
            <Axiom axiom="DC_CL_0000019 SubClassOf DC-CL_has_function some Thing"/>
            <Axiom axiom="DC_CL_0000016 SubClassOf DC-CL_has_function some Thing"/>
            <Axiom axiom="DC_CL_0000015 SubClassOf DC-CL_has_function some Thing"/>
            <Axiom axiom="DC_CL_0000010 SubClassOf DC-CL_has_function some Thing"/>
            <Axiom axiom="DC_CL_0000004 SubClassOf DC-CL_has_function some Thing"/>
            <Axiom axiom="DC_CL_0000011 SubClassOf DC-CL_has_function some Thing"/>
            <Axiom axiom="DC_CL_0000014 SubClassOf DC-CL_has_function some Thing"/>
            <Axiom axiom="DC_CL_0000013 SubClassOf DC-CL_has_function some Thing"/>
            <Axiom axiom="DC_CL_0000030 SubClassOf DC-CL_has_function some Thing"/>
            <Axiom axiom="DC_CL_0000008 SubClassOf DC-CL_has_function some Thing"/>
            <Axiom axiom="DC_CL_0000027 SubClassOf DC-CL_has_function some Thing"/>
            <Axiom axiom="DC_CL_0000023 SubClassOf DC-CL_has_function some Thing"/>
            <Axiom axiom="DC_CL_0000012 SubClassOf DC-CL_has_function some Thing"/>
            <Axiom axiom="DC_CL_0000009 SubClassOf DC-CL_has_function some Thing"/>
            <Axiom axiom="DC_CL_0000020 SubClassOf DC-CL_has_function some Thing"/>
            <Axiom axiom="DC_CL_0000028 SubClassOf DC-CL_has_function some Thing"/>
            <Axiom axiom="DC_CL_0000026 SubClassOf DC-CL_has_function some Thing"/>
            <Axiom axiom="DC_CL_0000029 SubClassOf DC-CL_has_function some Thing"/>
            <Axiom axiom="DC_CL_0000022 SubClassOf DC-CL_has_function some Thing"/>
            <Axiom axiom="DC_CL_0000006 SubClassOf DC-CL_has_function some Thing"/>
            <Axiom axiom="DC_CL_0000001 SubClassOf DC-CL_has_function some Thing"/>
            <Axiom axiom="DC_CL_0000007 SubClassOf DC-CL_has_function some Thing"/>
            <Axiom axiom="DC_CL_0000018 SubClassOf DC-CL_has_function some Thing"/>
            <Axiom axiom="DC_CL_0000017 SubClassOf DC-CL_has_function some Thing"/>
            <Axiom axiom="DC_CL_0000025 SubClassOf DC-CL_has_function some Thing"/>
         </Generalisation>
         <Generalisation axiom="?cluster_2 SubClassOf DC-CL_lacks_plasma_membrane_part some Thing" count="40" instantiationStats="?cluster_2 count: 40">
            <Axiom axiom="DC_CL_0000004 SubClassOf DC-CL_lacks_plasma_membrane_part some Thing"/>
            <Axiom axiom="DC_CL_0000024 SubClassOf DC-CL_lacks_plasma_membrane_part some Thing"/>
            <Axiom axiom="DC_CL_0000029 SubClassOf DC-CL_lacks_plasma_membrane_part some Thing"/>
            <Axiom axiom="DC_CL_0000021 SubClassOf DC-CL_lacks_plasma_membrane_part some Thing"/>
            <Axiom axiom="DC_CL_0000042 SubClassOf DC-CL_lacks_plasma_membrane_part some Thing"/>
            <Axiom axiom="DC_CL_0000032 SubClassOf DC-CL_lacks_plasma_membrane_part some Thing"/>
            <Axiom axiom="DC_CL_0000039 SubClassOf DC-CL_lacks_plasma_membrane_part some Thing"/>
            <Axiom axiom="DC_CL_0000011 SubClassOf DC-CL_lacks_plasma_membrane_part some Thing"/>
            <Axiom axiom="DC_CL_0000020 SubClassOf DC-CL_lacks_plasma_membrane_part some Thing"/>
            <Axiom axiom="DC_CL_0000014 SubClassOf DC-CL_lacks_plasma_membrane_part some Thing"/>
            <Axiom axiom="DC_CL_0000022 SubClassOf DC-CL_lacks_plasma_membrane_part some Thing"/>
            <Axiom axiom="DC_CL_0000025 SubClassOf DC-CL_lacks_plasma_membrane_part some Thing"/>
            <Axiom axiom="DC_CL_0000027 SubClassOf DC-CL_lacks_plasma_membrane_part some Thing"/>
            <Axiom axiom="DC_CL_0000015 SubClassOf DC-CL_lacks_plasma_membrane_part some Thing"/>
            <Axiom axiom="DC_CL_0000030 SubClassOf DC-CL_lacks_plasma_membrane_part some Thing"/>
            <Axiom axiom="DC_CL_0000017 SubClassOf DC-CL_lacks_plasma_membrane_part some Thing"/>
            <Axiom axiom="DC_CL_0000023 SubClassOf DC-CL_lacks_plasma_membrane_part some Thing"/>
            <Axiom axiom="DC_CL_0000035 SubClassOf DC-CL_lacks_plasma_membrane_part some Thing"/>
            <Axiom axiom="DC_CL_0000008 SubClassOf DC-CL_lacks_plasma_membrane_part some Thing"/>
            <Axiom axiom="DC_CL_1111100 SubClassOf DC-CL_lacks_plasma_membrane_part some Thing"/>
            <Axiom axiom="DC_CL_0000036 SubClassOf DC-CL_lacks_plasma_membrane_part some Thing"/>
            <Axiom axiom="DC_CL_0000006 SubClassOf DC-CL_lacks_plasma_membrane_part some Thing"/>
            <Axiom axiom="DC_CL_0000010 SubClassOf DC-CL_lacks_plasma_membrane_part some Thing"/>
            <Axiom axiom="DC_CL_1110000 SubClassOf DC-CL_lacks_plasma_membrane_part some Thing"/>
            <Axiom axiom="DC_CL_0000043 SubClassOf DC-CL_lacks_plasma_membrane_part some Thing"/>
            <Axiom axiom="DC_CL_0000034 SubClassOf DC-CL_lacks_plasma_membrane_part some Thing"/>
            <Axiom axiom="DC_CL_0000040 SubClassOf DC-CL_lacks_plasma_membrane_part some Thing"/>
            <Axiom axiom="DC_CL_0000026 SubClassOf DC-CL_lacks_plasma_membrane_part some Thing"/>
            <Axiom axiom="DC_CL_0000009 SubClassOf DC-CL_lacks_plasma_membrane_part some Thing"/>
            <Axiom axiom="DC_CL_0000019 SubClassOf DC-CL_lacks_plasma_membrane_part some Thing"/>
            <Axiom axiom="DC_CL_1100000 SubClassOf DC-CL_lacks_plasma_membrane_part some Thing"/>
            <Axiom axiom="DC_CL_0000031 SubClassOf DC-CL_lacks_plasma_membrane_part some Thing"/>
            <Axiom axiom="DC_CL_0000038 SubClassOf DC-CL_lacks_plasma_membrane_part some Thing"/>
            <Axiom axiom="DC_CL_0000018 SubClassOf DC-CL_lacks_plasma_membrane_part some Thing"/>
            <Axiom axiom="DC_CL_0000012 SubClassOf DC-CL_lacks_plasma_membrane_part some Thing"/>
            <Axiom axiom="DC_CL_0000016 SubClassOf DC-CL_lacks_plasma_membrane_part some Thing"/>
            <Axiom axiom="DC_CL_0000028 SubClassOf DC-CL_lacks_plasma_membrane_part some Thing"/>
            <Axiom axiom="DC_CL_0000007 SubClassOf DC-CL_lacks_plasma_membrane_part some Thing"/>
            <Axiom axiom="DC_CL_0000013 SubClassOf DC-CL_lacks_plasma_membrane_part some Thing"/>
            <Axiom axiom="DC_CL_0000001 SubClassOf DC-CL_lacks_plasma_membrane_part some Thing"/>
         </Generalisation>
         <Generalisation axiom="?cluster_2 SubClassOf DC-CL_has_low_plasma_membrane_amount_relative_to_leukocyte some Thing" count="13" instantiationStats="?cluster_2 count: 13">
            <Axiom axiom="DC_CL_0000028 SubClassOf DC-CL_has_low_plasma_membrane_amount_relative_to_leukocyte some Thing"/>
            <Axiom axiom="DC_CL_0000030 SubClassOf DC-CL_has_low_plasma_membrane_amount_relative_to_leukocyte some Thing"/>
            <Axiom axiom="DC_CL_0000031 SubClassOf DC-CL_has_low_plasma_membrane_amount_relative_to_leukocyte some Thing"/>
            <Axiom axiom="DC_CL_0000001 SubClassOf DC-CL_has_low_plasma_membrane_amount_relative_to_leukocyte some Thing"/>
            <Axiom axiom="DC_CL_0000014 SubClassOf DC-CL_has_low_plasma_membrane_amount_relative_to_leukocyte some Thing"/>
            <Axiom axiom="DC_CL_0000006 SubClassOf DC-CL_has_low_plasma_membrane_amount_relative_to_leukocyte some Thing"/>
            <Axiom axiom="DC_CL_0000017 SubClassOf DC-CL_has_low_plasma_membrane_amount_relative_to_leukocyte some Thing"/>
            <Axiom axiom="DC_CL_0000007 SubClassOf DC-CL_has_low_plasma_membrane_amount_relative_to_leukocyte some Thing"/>
            <Axiom axiom="DC_CL_0000027 SubClassOf DC-CL_has_low_plasma_membrane_amount_relative_to_leukocyte some Thing"/>
            <Axiom axiom="DC_CL_0000022 SubClassOf DC-CL_has_low_plasma_membrane_amount_relative_to_leukocyte some Thing"/>
            <Axiom axiom="DC_CL_0000024 SubClassOf DC-CL_has_low_plasma_membrane_amount_relative_to_leukocyte some Thing"/>
            <Axiom axiom="DC_CL_0000010 SubClassOf DC-CL_has_low_plasma_membrane_amount_relative_to_leukocyte some Thing"/>
            <Axiom axiom="DC_CL_0000008 SubClassOf DC-CL_has_low_plasma_membrane_amount_relative_to_leukocyte some Thing"/>
         </Generalisation>
         <Generalisation axiom="?cluster_2 SubClassOf ?cluster_2" count="31" instantiationStats="?cluster_2 count: 36">
            <Axiom axiom="DC_CL_0000029 SubClassOf DC_CL_0000026"/>
            <Axiom axiom="DC_CL_0000025 SubClassOf DC_CL_0000020"/>
            <Axiom axiom="DC_CL_0000017 SubClassOf DC_CL_0000013"/>
            <Axiom axiom="DC_CL_0000028 SubClassOf DC_CL_0000026"/>
            <Axiom axiom="DC_CL_0000027 SubClassOf DC_CL_0000021"/>
            <Axiom axiom="DC_CL_0000023 SubClassOf DC_CL_0000019"/>
            <Axiom axiom="DC_CL_0000028 SubClassOf DC_CL_0000021"/>
            <Axiom axiom="DC_CL_0000031 SubClassOf DC_CL_0000021"/>
            <Axiom axiom="DC_CL_0000030 SubClassOf DC_CL_0000021"/>
            <Axiom axiom="DC_CL_0000016 SubClassOf DC_CL_0000012"/>
            <Axiom axiom="DC_CL_0000036 SubClassOf CL_0000048"/>
            <Axiom axiom="DC_CL_0000026 SubClassOf DC_CL_0000021"/>
            <Axiom axiom="DC_CL_0000030 SubClassOf DC_CL_0000027"/>
            <Axiom axiom="DC_CL_0000024 SubClassOf DC_CL_0000020"/>
            <Axiom axiom="DC_CL_0000009 SubClassOf DC_CL_0000004"/>
            <Axiom axiom="DC_CL_0000006 SubClassOf DC_CL_0000001"/>
            <Axiom axiom="DC_CL_0000032 SubClassOf CL_0000048"/>
            <Axiom axiom="DC_CL_0000031 SubClassOf DC_CL_0000027"/>
            <Axiom axiom="DC_CL_0000014 SubClassOf DC_CL_0000011"/>
            <Axiom axiom="DC_CL_0000038 SubClassOf CL_0000048"/>
            <Axiom axiom="DC_CL_0000029 SubClassOf DC_CL_0000021"/>
            <Axiom axiom="DC_CL_1111100 SubClassOf CL_0000048"/>
            <Axiom axiom="DC_CL_0000010 SubClassOf DC_CL_0000012"/>
            <Axiom axiom="DC_CL_0000007 SubClassOf DC_CL_0000001"/>
            <Axiom axiom="DC_CL_0000022 SubClassOf DC_CL_0000019"/>
            <Axiom axiom="DC_CL_0000018 SubClassOf DC_CL_0000013"/>
            <Axiom axiom="DC_CL_0000015 SubClassOf DC_CL_0000011"/>
            <Axiom axiom="DC_CL_0000008 SubClassOf DC_CL_0000004"/>
            <Axiom axiom="DC_CL_0000043 SubClassOf CL_0000048"/>
            <Axiom axiom="DC_CL_0000035 SubClassOf CL_0000048"/>
            <Axiom axiom="DC_CL_0000034 SubClassOf CL_0000048"/>
         </Generalisation>
         <Generalisation axiom="?CARO_0000043 SubClassOf DC-CL_is_location_of some &#10;((?cluster_1_conjunction and ?cluster_2) and (DC-CL_arises_from some &#10;(?cluster_1 and ?cluster_2_conjunction)))" count="3" instantiationStats="?CARO_0000043 count: 1; ?cluster_2 count: 6; ?cluster_1 count: 2">
            <Axiom axiom="FMA_9608 SubClassOf DC-CL_is_location_of some &#10;((CARO_0000013 and CL_0000738 and DC_CL_0000040) and (DC-CL_arises_from some &#10;(CARO_0000013 and CL_0000048 and DC_CL_0000032)))"/>
            <Axiom axiom="FMA_9608 SubClassOf DC-CL_is_location_of some &#10;((CARO_0000013 and CL_0000738 and DC_CL_0000039) and (DC-CL_arises_from some &#10;(CARO_0000013 and CL_0000048 and DC_CL_0000032)))"/>
            <Axiom axiom="FMA_9608 SubClassOf DC-CL_is_location_of some &#10;((CARO_0000013 and CL_0000738 and DC_CL_0000042) and (DC-CL_arises_from some &#10;(CARO_0000013 and CL_0000048 and DC_CL_0000038)))"/>
         </Generalisation>
         <Generalisation axiom="?cluster_2 SubClassOf DC-CL_has_high_plasma_membrane_amount_relative_to_leukocyte some Thing" count="24" instantiationStats="?cluster_2 count: 24">
            <Axiom axiom="DC_CL_0000009 SubClassOf DC-CL_has_high_plasma_membrane_amount_relative_to_leukocyte some Thing"/>
            <Axiom axiom="DC_CL_0000024 SubClassOf DC-CL_has_high_plasma_membrane_amount_relative_to_leukocyte some Thing"/>
            <Axiom axiom="DC_CL_0000013 SubClassOf DC-CL_has_high_plasma_membrane_amount_relative_to_leukocyte some Thing"/>
            <Axiom axiom="DC_CL_0000021 SubClassOf DC-CL_has_high_plasma_membrane_amount_relative_to_leukocyte some Thing"/>
            <Axiom axiom="DC_CL_0000016 SubClassOf DC-CL_has_high_plasma_membrane_amount_relative_to_leukocyte some Thing"/>
            <Axiom axiom="DC_CL_0000012 SubClassOf DC-CL_has_high_plasma_membrane_amount_relative_to_leukocyte some Thing"/>
            <Axiom axiom="DC_CL_0000029 SubClassOf DC-CL_has_high_plasma_membrane_amount_relative_to_leukocyte some Thing"/>
            <Axiom axiom="DC_CL_0000015 SubClassOf DC-CL_has_high_plasma_membrane_amount_relative_to_leukocyte some Thing"/>
            <Axiom axiom="DC_CL_0000010 SubClassOf DC-CL_has_high_plasma_membrane_amount_relative_to_leukocyte some Thing"/>
            <Axiom axiom="DC_CL_0000018 SubClassOf DC-CL_has_high_plasma_membrane_amount_relative_to_leukocyte some Thing"/>
            <Axiom axiom="DC_CL_0000030 SubClassOf DC-CL_has_high_plasma_membrane_amount_relative_to_leukocyte some Thing"/>
            <Axiom axiom="DC_CL_0000017 SubClassOf DC-CL_has_high_plasma_membrane_amount_relative_to_leukocyte some Thing"/>
            <Axiom axiom="DC_CL_0000028 SubClassOf DC-CL_has_high_plasma_membrane_amount_relative_to_leukocyte some Thing"/>
            <Axiom axiom="DC_CL_0000026 SubClassOf DC-CL_has_high_plasma_membrane_amount_relative_to_leukocyte some Thing"/>
            <Axiom axiom="DC_CL_0000007 SubClassOf DC-CL_has_high_plasma_membrane_amount_relative_to_leukocyte some Thing"/>
            <Axiom axiom="DC_CL_0000019 SubClassOf DC-CL_has_high_plasma_membrane_amount_relative_to_leukocyte some Thing"/>
            <Axiom axiom="DC_CL_0000027 SubClassOf DC-CL_has_high_plasma_membrane_amount_relative_to_leukocyte some Thing"/>
            <Axiom axiom="DC_CL_0000031 SubClassOf DC-CL_has_high_plasma_membrane_amount_relative_to_leukocyte some Thing"/>
            <Axiom axiom="DC_CL_0000025 SubClassOf DC-CL_has_high_plasma_membrane_amount_relative_to_leukocyte some Thing"/>
            <Axiom axiom="DC_CL_0000014 SubClassOf DC-CL_has_high_plasma_membrane_amount_relative_to_leukocyte some Thing"/>
            <Axiom axiom="DC_CL_0000023 SubClassOf DC-CL_has_high_plasma_membrane_amount_relative_to_leukocyte some Thing"/>
            <Axiom axiom="DC_CL_0000011 SubClassOf DC-CL_has_high_plasma_membrane_amount_relative_to_leukocyte some Thing"/>
            <Axiom axiom="DC_CL_0000020 SubClassOf DC-CL_has_high_plasma_membrane_amount_relative_to_leukocyte some Thing"/>
            <Axiom axiom="DC_CL_0000022 SubClassOf DC-CL_has_high_plasma_membrane_amount_relative_to_leukocyte some Thing"/>
         </Generalisation>
         <Generalisation axiom="?cluster_2 SubClassOf DC-CL_arises_from some Thing" count="21" instantiationStats="?cluster_2 count: 21">
            <Axiom axiom="DC_CL_0000034 SubClassOf DC-CL_arises_from some Thing"/>
            <Axiom axiom="DC_CL_0000040 SubClassOf DC-CL_arises_from some Thing"/>
            <Axiom axiom="DC_CL_0000010 SubClassOf DC-CL_arises_from some Thing"/>
            <Axiom axiom="DC_CL_1111100 SubClassOf DC-CL_arises_from some Thing"/>
            <Axiom axiom="DC_CL_0000008 SubClassOf DC-CL_arises_from some Thing"/>
            <Axiom axiom="DC_CL_0000042 SubClassOf DC-CL_arises_from some Thing"/>
            <Axiom axiom="DC_CL_0000038 SubClassOf DC-CL_arises_from some Thing"/>
            <Axiom axiom="DC_CL_0000039 SubClassOf DC-CL_arises_from some Thing"/>
            <Axiom axiom="DC_CL_0000017 SubClassOf DC-CL_arises_from some Thing"/>
            <Axiom axiom="DC_CL_0000041 SubClassOf DC-CL_arises_from some Thing"/>
            <Axiom axiom="DC_CL_0000032 SubClassOf DC-CL_arises_from some Thing"/>
            <Axiom axiom="DC_CL_0000014 SubClassOf DC-CL_arises_from some Thing"/>
            <Axiom axiom="DC_CL_0000006 SubClassOf DC-CL_arises_from some Thing"/>
            <Axiom axiom="DC_CL_0000030 SubClassOf DC-CL_arises_from some Thing"/>
            <Axiom axiom="DC_CL_1100000 SubClassOf DC-CL_arises_from some Thing"/>
            <Axiom axiom="DC_CL_0000022 SubClassOf DC-CL_arises_from some Thing"/>
            <Axiom axiom="DC_CL_0000036 SubClassOf DC-CL_arises_from some Thing"/>
            <Axiom axiom="DC_CL_0000024 SubClassOf DC-CL_arises_from some Thing"/>
            <Axiom axiom="DC_CL_0000033 SubClassOf DC-CL_arises_from some Thing"/>
            <Axiom axiom="DC_CL_1111000 SubClassOf DC-CL_arises_from some Thing"/>
            <Axiom axiom="DC_CL_1110000 SubClassOf DC-CL_arises_from some Thing"/>
         </Generalisation>
         <Generalisation axiom="?cluster_2 SubClassOf DC-CL_has_plasma_membrane_part some Thing" count="43" instantiationStats="?cluster_2 count: 43">
            <Axiom axiom="DC_CL_0000020 SubClassOf DC-CL_has_plasma_membrane_part some Thing"/>
            <Axiom axiom="DC_CL_0000001 SubClassOf DC-CL_has_plasma_membrane_part some Thing"/>
            <Axiom axiom="DC_CL_0000013 SubClassOf DC-CL_has_plasma_membrane_part some Thing"/>
            <Axiom axiom="DC_CL_0000023 SubClassOf DC-CL_has_plasma_membrane_part some Thing"/>
            <Axiom axiom="DC_CL_0000036 SubClassOf DC-CL_has_plasma_membrane_part some Thing"/>
            <Axiom axiom="DC_CL_0000039 SubClassOf DC-CL_has_plasma_membrane_part some Thing"/>
            <Axiom axiom="DC_CL_0000007 SubClassOf DC-CL_has_plasma_membrane_part some Thing"/>
            <Axiom axiom="DC_CL_0000006 SubClassOf DC-CL_has_plasma_membrane_part some Thing"/>
            <Axiom axiom="DC_CL_0000018 SubClassOf DC-CL_has_plasma_membrane_part some Thing"/>
            <Axiom axiom="DC_CL_0000042 SubClassOf DC-CL_has_plasma_membrane_part some Thing"/>
            <Axiom axiom="DC_CL_0000024 SubClassOf DC-CL_has_plasma_membrane_part some Thing"/>
            <Axiom axiom="DC_CL_0000034 SubClassOf DC-CL_has_plasma_membrane_part some Thing"/>
            <Axiom axiom="DC_CL_0000043 SubClassOf DC-CL_has_plasma_membrane_part some Thing"/>
            <Axiom axiom="DC_CL_0000033 SubClassOf DC-CL_has_plasma_membrane_part some Thing"/>
            <Axiom axiom="DC_CL_1100000 SubClassOf DC-CL_has_plasma_membrane_part some Thing"/>
            <Axiom axiom="DC_CL_0000021 SubClassOf DC-CL_has_plasma_membrane_part some Thing"/>
            <Axiom axiom="DC_CL_0000009 SubClassOf DC-CL_has_plasma_membrane_part some Thing"/>
            <Axiom axiom="DC_CL_0000012 SubClassOf DC-CL_has_plasma_membrane_part some Thing"/>
            <Axiom axiom="DC_CL_0000008 SubClassOf DC-CL_has_plasma_membrane_part some Thing"/>
            <Axiom axiom="DC_CL_0000029 SubClassOf DC-CL_has_plasma_membrane_part some Thing"/>
            <Axiom axiom="DC_CL_0000017 SubClassOf DC-CL_has_plasma_membrane_part some Thing"/>
            <Axiom axiom="DC_CL_0000010 SubClassOf DC-CL_has_plasma_membrane_part some Thing"/>
            <Axiom axiom="DC_CL_0000027 SubClassOf DC-CL_has_plasma_membrane_part some Thing"/>
            <Axiom axiom="DC_CL_0000014 SubClassOf DC-CL_has_plasma_membrane_part some Thing"/>
            <Axiom axiom="DC_CL_1110000 SubClassOf DC-CL_has_plasma_membrane_part some Thing"/>
            <Axiom axiom="DC_CL_0000011 SubClassOf DC-CL_has_plasma_membrane_part some Thing"/>
            <Axiom axiom="DC_CL_0000030 SubClassOf DC-CL_has_plasma_membrane_part some Thing"/>
            <Axiom axiom="DC_CL_0000041 SubClassOf DC-CL_has_plasma_membrane_part some Thing"/>
            <Axiom axiom="DC_CL_0000019 SubClassOf DC-CL_has_plasma_membrane_part some Thing"/>
            <Axiom axiom="DC_CL_0000022 SubClassOf DC-CL_has_plasma_membrane_part some Thing"/>
            <Axiom axiom="DC_CL_0000038 SubClassOf DC-CL_has_plasma_membrane_part some Thing"/>
            <Axiom axiom="DC_CL_0000025 SubClassOf DC-CL_has_plasma_membrane_part some Thing"/>
            <Axiom axiom="DC_CL_0000040 SubClassOf DC-CL_has_plasma_membrane_part some Thing"/>
            <Axiom axiom="DC_CL_0000035 SubClassOf DC-CL_has_plasma_membrane_part some Thing"/>
            <Axiom axiom="DC_CL_0000015 SubClassOf DC-CL_has_plasma_membrane_part some Thing"/>
            <Axiom axiom="DC_CL_0000016 SubClassOf DC-CL_has_plasma_membrane_part some Thing"/>
            <Axiom axiom="DC_CL_0000032 SubClassOf DC-CL_has_plasma_membrane_part some Thing"/>
            <Axiom axiom="DC_CL_0000028 SubClassOf DC-CL_has_plasma_membrane_part some Thing"/>
            <Axiom axiom="DC_CL_1111100 SubClassOf DC-CL_has_plasma_membrane_part some Thing"/>
            <Axiom axiom="DC_CL_0000031 SubClassOf DC-CL_has_plasma_membrane_part some Thing"/>
            <Axiom axiom="DC_CL_1111000 SubClassOf DC-CL_has_plasma_membrane_part some Thing"/>
            <Axiom axiom="DC_CL_0000026 SubClassOf DC-CL_has_plasma_membrane_part some Thing"/>
            <Axiom axiom="DC_CL_0000004 SubClassOf DC-CL_has_plasma_membrane_part some Thing"/>
         </Generalisation>
         <Generalisation axiom="?cluster_2 SubClassOf DC-CL_has_disposition some Thing" count="23" instantiationStats="?cluster_2 count: 23">
            <Axiom axiom="DC_CL_0000020 SubClassOf DC-CL_has_disposition some Thing"/>
            <Axiom axiom="DC_CL_0000028 SubClassOf DC-CL_has_disposition some Thing"/>
            <Axiom axiom="DC_CL_0000031 SubClassOf DC-CL_has_disposition some Thing"/>
            <Axiom axiom="DC_CL_0000018 SubClassOf DC-CL_has_disposition some Thing"/>
            <Axiom axiom="DC_CL_0000026 SubClassOf DC-CL_has_disposition some Thing"/>
            <Axiom axiom="DC_CL_0000008 SubClassOf DC-CL_has_disposition some Thing"/>
            <Axiom axiom="DC_CL_0000012 SubClassOf DC-CL_has_disposition some Thing"/>
            <Axiom axiom="DC_CL_0000007 SubClassOf DC-CL_has_disposition some Thing"/>
            <Axiom axiom="DC_CL_0000030 SubClassOf DC-CL_has_disposition some Thing"/>
            <Axiom axiom="DC_CL_0000025 SubClassOf DC-CL_has_disposition some Thing"/>
            <Axiom axiom="DC_CL_0000004 SubClassOf DC-CL_has_disposition some Thing"/>
            <Axiom axiom="DC_CL_0000009 SubClassOf DC-CL_has_disposition some Thing"/>
            <Axiom axiom="DC_CL_0000010 SubClassOf DC-CL_has_disposition some Thing"/>
            <Axiom axiom="DC_CL_0000016 SubClassOf DC-CL_has_disposition some Thing"/>
            <Axiom axiom="DC_CL_0000027 SubClassOf DC-CL_has_disposition some Thing"/>
            <Axiom axiom="DC_CL_0000013 SubClassOf DC-CL_has_disposition some Thing"/>
            <Axiom axiom="DC_CL_0000033 SubClassOf DC-CL_has_disposition some Thing"/>
            <Axiom axiom="DC_CL_0000029 SubClassOf DC-CL_has_disposition some Thing"/>
            <Axiom axiom="DC_CL_0000024 SubClassOf DC-CL_has_disposition some Thing"/>
            <Axiom axiom="DC_CL_0000001 SubClassOf DC-CL_has_disposition some Thing"/>
            <Axiom axiom="DC_CL_0000006 SubClassOf DC-CL_has_disposition some Thing"/>
            <Axiom axiom="DC_CL_0000017 SubClassOf DC-CL_has_disposition some Thing"/>
            <Axiom axiom="DC_CL_0000015 SubClassOf DC-CL_has_disposition some Thing"/>
         </Generalisation>
      </Generalisations>
   </Cluster>
   <Cluster size="13">
      <Item iri="http://purl.obolibrary.org/obo/FMA_70596"/>
      <Item iri="http://purl.obolibrary.org/obo/MA_0000137"/>
      <Item iri="http://purl.obolibrary.org/obo/MA_0000134"/>
      <Item iri="http://purl.obolibrary.org/obo/MA_0000152"/>
      <Item iri="http://purl.obolibrary.org/obo/MA_0000153"/>
      <Item iri="http://purl.obolibrary.org/obo/UBERON_0000030"/>
      <Item iri="http://purl.obolibrary.org/obo/DC_CL_0000118"/>
      <Item iri="http://purl.obolibrary.org/obo/UBERON_FMA_9608-MA_0000134-MIAA_0000084-XAO_0000123-ZFA_0000669"/>
      <Item iri="http://purl.obolibrary.org/obo/FMA_9608"/>
      <Item iri="http://purl.obolibrary.org/obo/UBERON_FMA_70323-MA_0000152-MIAA_0000153-XAO_0000217-ZFA_0001119"/>
      <Item iri="http://purl.obolibrary.org/obo/UBERON_FBbt_00004993-FBbt_00005401-FMA_70596-MA_0000153-MIAA_0000154-WBbt_0005733-XAO_0000028-ZFA_0000105"/>
      <Item iri="http://purl.obolibrary.org/obo/UBERON_FMA_15054-MA_0000137"/>
      <Item iri="http://purl.obolibrary.org/obo/FMA_70323"/>
      <Generalisations>
         <Generalisation axiom="?CARO_0000043 SubClassOf CARO_0000043" count="13" instantiationStats="?CARO_0000043 count: 13">
            <Axiom axiom="UBERON_0000030 SubClassOf CARO_0000043"/>
            <Axiom axiom="FMA_70323 SubClassOf CARO_0000043"/>
            <Axiom axiom="UBERON_FMA_9608-MA_0000134-MIAA_0000084-XAO_0000123-ZFA_0000669 SubClassOf CARO_0000043"/>
            <Axiom axiom="MA_0000134 SubClassOf CARO_0000043"/>
            <Axiom axiom="DC_CL_0000118 SubClassOf CARO_0000043"/>
            <Axiom axiom="FMA_70596 SubClassOf CARO_0000043"/>
            <Axiom axiom="MA_0000153 SubClassOf CARO_0000043"/>
            <Axiom axiom="UBERON_FMA_70323-MA_0000152-MIAA_0000153-XAO_0000217-ZFA_0001119 SubClassOf CARO_0000043"/>
            <Axiom axiom="MA_0000152 SubClassOf CARO_0000043"/>
            <Axiom axiom="MA_0000137 SubClassOf CARO_0000043"/>
            <Axiom axiom="UBERON_FMA_15054-MA_0000137 SubClassOf CARO_0000043"/>
            <Axiom axiom="FMA_9608 SubClassOf CARO_0000043"/>
            <Axiom axiom="UBERON_FBbt_00004993-FBbt_00005401-FMA_70596-MA_0000153-MIAA_0000154-WBbt_0005733-XAO_0000028-ZFA_0000105 SubClassOf CARO_0000043"/>
         </Generalisation>
         <Generalisation axiom="?CARO_0000043 SubClassOf DC-CL_is_location_of some &#10;((?cluster_1 and ?cluster_2_conjunction) and (DC-CL_arises_from some &#10;(?cluster_1 and ?cluster_2_conjunction)))" count="4" instantiationStats="?CARO_0000043 count: 2; ?cluster_2 count: 7; ?cluster_1 count: 1">
            <Axiom axiom="MA_0000134 SubClassOf DC-CL_is_location_of some &#10;((CARO_0000013 and CL_0000048 and DC_CL_0000034) and (DC-CL_arises_from some &#10;(CARO_0000013 and CL_0000048 and DC_CL_0000043)))"/>
            <Axiom axiom="FMA_9608 SubClassOf DC-CL_is_location_of some &#10;((CARO_0000013 and CL_0000048 and DC_CL_0000038) and (DC-CL_arises_from some &#10;(CARO_0000013 and CL_0000048 and DC_CL_0000035)))"/>
            <Axiom axiom="MA_0000134 SubClassOf DC-CL_is_location_of some &#10;((CARO_0000013 and CL_0000048 and DC_CL_0000036) and (DC-CL_arises_from some &#10;(CARO_0000013 and CL_0000048 and DC_CL_0000043)))"/>
            <Axiom axiom="FMA_9608 SubClassOf DC-CL_is_location_of some &#10;((CARO_0000013 and CL_0000048 and DC_CL_0000032) and (DC-CL_arises_from some &#10;(CARO_0000013 and CL_0000048 and DC_CL_0000035)))"/>
         </Generalisation>
         <Generalisation axiom="?CARO_0000043 SubClassOf DC-CL_is_location_of some Thing" count="8" instantiationStats="?CARO_0000043 count: 8">
            <Axiom axiom="DC_CL_0000118 SubClassOf DC-CL_is_location_of some Thing"/>
            <Axiom axiom="MA_0000134 SubClassOf DC-CL_is_location_of some Thing"/>
            <Axiom axiom="FMA_70596 SubClassOf DC-CL_is_location_of some Thing"/>
            <Axiom axiom="MA_0000153 SubClassOf DC-CL_is_location_of some Thing"/>
            <Axiom axiom="FMA_70323 SubClassOf DC-CL_is_location_of some Thing"/>
            <Axiom axiom="MA_0000137 SubClassOf DC-CL_is_location_of some Thing"/>
            <Axiom axiom="FMA_9608 SubClassOf DC-CL_is_location_of some Thing"/>
            <Axiom axiom="MA_0000152 SubClassOf DC-CL_is_location_of some Thing"/>
         </Generalisation>
         <Generalisation axiom="?CARO_0000043 SubClassOf DC-CL_is_location_of some &#10;((?cluster_1_conjunction and ?cluster_2) and (DC-CL_arises_from some &#10;(?cluster_1 and ?cluster_2_conjunction)))" count="3" instantiationStats="?CARO_0000043 count: 1; ?cluster_2 count: 6; ?cluster_1 count: 2">
            <Axiom axiom="FMA_9608 SubClassOf DC-CL_is_location_of some &#10;((CARO_0000013 and CL_0000738 and DC_CL_0000040) and (DC-CL_arises_from some &#10;(CARO_0000013 and CL_0000048 and DC_CL_0000032)))"/>
            <Axiom axiom="FMA_9608 SubClassOf DC-CL_is_location_of some &#10;((CARO_0000013 and CL_0000738 and DC_CL_0000039) and (DC-CL_arises_from some &#10;(CARO_0000013 and CL_0000048 and DC_CL_0000032)))"/>
            <Axiom axiom="FMA_9608 SubClassOf DC-CL_is_location_of some &#10;((CARO_0000013 and CL_0000738 and DC_CL_0000042) and (DC-CL_arises_from some &#10;(CARO_0000013 and CL_0000048 and DC_CL_0000038)))"/>
         </Generalisation>
         <Generalisation axiom="?CARO_0000043 SubClassOf ?CARO_0000043" count="8" instantiationStats="?CARO_0000043 count: 13">
            <Axiom axiom="DC_CL_0000118 SubClassOf UBERON_0000030"/>
            <Axiom axiom="FMA_9608 SubClassOf UBERON_FMA_9608-MA_0000134-MIAA_0000084-XAO_0000123-ZFA_0000669"/>
            <Axiom axiom="MA_0000152 SubClassOf UBERON_FMA_70323-MA_0000152-MIAA_0000153-XAO_0000217-ZFA_0001119"/>
            <Axiom axiom="MA_0000137 SubClassOf UBERON_FMA_15054-MA_0000137"/>
            <Axiom axiom="FMA_70596 SubClassOf UBERON_FBbt_00004993-FBbt_00005401-FMA_70596-MA_0000153-MIAA_0000154-WBbt_0005733-XAO_0000028-ZFA_0000105"/>
            <Axiom axiom="FMA_70323 SubClassOf UBERON_FMA_70323-MA_0000152-MIAA_0000153-XAO_0000217-ZFA_0001119"/>
            <Axiom axiom="MA_0000134 SubClassOf UBERON_FMA_9608-MA_0000134-MIAA_0000084-XAO_0000123-ZFA_0000669"/>
            <Axiom axiom="MA_0000153 SubClassOf UBERON_FBbt_00004993-FBbt_00005401-FMA_70596-MA_0000153-MIAA_0000154-WBbt_0005733-XAO_0000028-ZFA_0000105"/>
         </Generalisation>
      </Generalisations>
   </Cluster>
   <Cluster size="9">
      <Item iri="http://purl.obolibrary.org/obo/UBERON_0000029"/>
      <Item iri="http://purl.obolibrary.org/obo/UBERON_FMA_9607-MA_0000142-MIAA_0000080-XAO_0000163-ZFA_0001078"/>
      <Item iri="http://purl.obolibrary.org/obo/MA_0000139"/>
      <Item iri="http://purl.obolibrary.org/obo/FMA_9607"/>
      <Item iri="http://purl.obolibrary.org/obo/MA_0000141"/>
      <Item iri="http://purl.obolibrary.org/obo/UBERON_FMA_7196-MA_0000141-MIAA_0000085-XAO_0000328-ZFA_0000436"/>
      <Item iri="http://purl.obolibrary.org/obo/MA_0000142"/>
      <Item iri="http://purl.obolibrary.org/obo/FMA_5034"/>
      <Item iri="http://purl.obolibrary.org/obo/FMA_7196"/>
      <Generalisations>
         <Generalisation axiom="?FMA_67498 SubClassOf ?FMA_67498" count="6" instantiationStats="?FMA_67498 count: 9">
            <Axiom axiom="FMA_9607 SubClassOf UBERON_FMA_9607-MA_0000142-MIAA_0000080-XAO_0000163-ZFA_0001078"/>
            <Axiom axiom="MA_0000142 SubClassOf UBERON_FMA_9607-MA_0000142-MIAA_0000080-XAO_0000163-ZFA_0001078"/>
            <Axiom axiom="MA_0000139 SubClassOf UBERON_0000029"/>
            <Axiom axiom="MA_0000141 SubClassOf UBERON_FMA_7196-MA_0000141-MIAA_0000085-XAO_0000328-ZFA_0000436"/>
            <Axiom axiom="FMA_7196 SubClassOf UBERON_FMA_7196-MA_0000141-MIAA_0000085-XAO_0000328-ZFA_0000436"/>
            <Axiom axiom="FMA_5034 SubClassOf UBERON_0000029"/>
         </Generalisation>
         <Generalisation axiom="?FMA_67498 SubClassOf FMA_67498" count="9" instantiationStats="?FMA_67498 count: 9">
            <Axiom axiom="MA_0000141 SubClassOf FMA_67498"/>
            <Axiom axiom="UBERON_FMA_7196-MA_0000141-MIAA_0000085-XAO_0000328-ZFA_0000436 SubClassOf FMA_67498"/>
            <Axiom axiom="MA_0000139 SubClassOf FMA_67498"/>
            <Axiom axiom="UBERON_0000029 SubClassOf FMA_67498"/>
            <Axiom axiom="MA_0000142 SubClassOf FMA_67498"/>
            <Axiom axiom="UBERON_FMA_9607-MA_0000142-MIAA_0000080-XAO_0000163-ZFA_0001078 SubClassOf FMA_67498"/>
            <Axiom axiom="FMA_9607 SubClassOf FMA_67498"/>
            <Axiom axiom="FMA_7196 SubClassOf FMA_67498"/>
            <Axiom axiom="FMA_5034 SubClassOf FMA_67498"/>
         </Generalisation>
         <Generalisation axiom="?FMA_67498 SubClassOf DC-CL_is_location_of some Thing" count="6" instantiationStats="?FMA_67498 count: 6">
            <Axiom axiom="MA_0000141 SubClassOf DC-CL_is_location_of some Thing"/>
            <Axiom axiom="MA_0000139 SubClassOf DC-CL_is_location_of some Thing"/>
            <Axiom axiom="FMA_7196 SubClassOf DC-CL_is_location_of some Thing"/>
            <Axiom axiom="FMA_5034 SubClassOf DC-CL_is_location_of some Thing"/>
            <Axiom axiom="MA_0000142 SubClassOf DC-CL_is_location_of some Thing"/>
            <Axiom axiom="FMA_9607 SubClassOf DC-CL_is_location_of some Thing"/>
         </Generalisation>
      </Generalisations>
   </Cluster>
   <Cluster size="6">
      <Item iri="http://purl.obolibrary.org/obo/DC_CL_0000127"/>
      <Item iri="http://purl.obolibrary.org/obo/DC_CL_0000126"/>
      <Item iri="http://purl.obolibrary.org/obo/DC_CL_0000129"/>
      <Item iri="http://purl.obolibrary.org/obo/DC_CL_0000128"/>
      <Item iri="http://purl.obolibrary.org/obo/DC_CL_0000124"/>
      <Item iri="http://purl.obolibrary.org/obo/DC_CL_0000125"/>
      <Generalisations>
         <Generalisation axiom="?DC_CL_1000000 SubClassOf DC_CL_1000000" count="6" instantiationStats="?DC_CL_1000000 count: 6">
            <Axiom axiom="DC_CL_0000127 SubClassOf DC_CL_1000000"/>
            <Axiom axiom="DC_CL_0000125 SubClassOf DC_CL_1000000"/>
            <Axiom axiom="DC_CL_0000126 SubClassOf DC_CL_1000000"/>
            <Axiom axiom="DC_CL_0000124 SubClassOf DC_CL_1000000"/>
            <Axiom axiom="DC_CL_0000128 SubClassOf DC_CL_1000000"/>
            <Axiom axiom="DC_CL_0000129 SubClassOf DC_CL_1000000"/>
         </Generalisation>
      </Generalisations>
   </Cluster>
   <Cluster size="4">
      <Item iri="http://purl.obolibrary.org/obo/DC_CL_0000133"/>
      <Item iri="http://purl.obolibrary.org/obo/DC_CL_0000134"/>
      <Item iri="http://purl.obolibrary.org/obo/DC_CL_0000135"/>
      <Item iri="http://purl.obolibrary.org/obo/DC_CL_0000136"/>
      <Generalisations>
         <Generalisation axiom="?DC_CL_0100000 SubClassOf DC_CL_0100000" count="4" instantiationStats="?DC_CL_0100000 count: 4">
            <Axiom axiom="DC_CL_0000136 SubClassOf DC_CL_0100000"/>
            <Axiom axiom="DC_CL_0000133 SubClassOf DC_CL_0100000"/>
            <Axiom axiom="DC_CL_0000134 SubClassOf DC_CL_0100000"/>
            <Axiom axiom="DC_CL_0000135 SubClassOf DC_CL_0100000"/>
         </Generalisation>
      </Generalisations>
   </Cluster>
   <Cluster size="3">
      <Item iri="http://purl.obolibrary.org/obo/DC_CL_0000003"/>
      <Item iri="http://purl.obolibrary.org/obo/CL_0000738"/>
      <Item iri="http://purl.obolibrary.org/obo/CARO_0000013"/>
      <Generalisations>
         <Generalisation axiom="?cluster_2 SubClassOf ?cluster_1" count="101" instantiationStats="?cluster_2 count: 44; ?cluster_1 count: 3">
            <Axiom axiom="DC_CL_0000020 SubClassOf CL_0000738"/>
            <Axiom axiom="DC_CL_0000021 SubClassOf DC_CL_0000003"/>
            <Axiom axiom="DC_CL_0000035 SubClassOf CARO_0000013"/>
            <Axiom axiom="DC_CL_0000039 SubClassOf CL_0000738"/>
            <Axiom axiom="DC_CL_0000013 SubClassOf DC_CL_0000003"/>
            <Axiom axiom="DC_CL_0000016 SubClassOf CARO_0000013"/>
            <Axiom axiom="DC_CL_0000004 SubClassOf CL_0000738"/>
            <Axiom axiom="DC_CL_0000012 SubClassOf DC_CL_0000003"/>
            <Axiom axiom="DC_CL_0000007 SubClassOf CARO_0000013"/>
            <Axiom axiom="DC_CL_0000016 SubClassOf DC_CL_0000003"/>
            <Axiom axiom="DC_CL_0000018 SubClassOf DC_CL_0000003"/>
            <Axiom axiom="DC_CL_0000028 SubClassOf CARO_0000013"/>
            <Axiom axiom="DC_CL_0000024 SubClassOf CARO_0000013"/>
            <Axiom axiom="DC_CL_0000009 SubClassOf CL_0000738"/>
            <Axiom axiom="DC_CL_0000014 SubClassOf CL_0000738"/>
            <Axiom axiom="DC_CL_0000012 SubClassOf CARO_0000013"/>
            <Axiom axiom="DC_CL_1100000 SubClassOf CARO_0000013"/>
            <Axiom axiom="DC_CL_0000031 SubClassOf DC_CL_0000003"/>
            <Axiom axiom="DC_CL_0000019 SubClassOf CARO_0000013"/>
            <Axiom axiom="DC_CL_0000031 SubClassOf CL_0000738"/>
            <Axiom axiom="DC_CL_0000027 SubClassOf DC_CL_0000003"/>
            <Axiom axiom="DC_CL_0000017 SubClassOf CARO_0000013"/>
            <Axiom axiom="DC_CL_0000011 SubClassOf DC_CL_0000003"/>
            <Axiom axiom="DC_CL_0000015 SubClassOf DC_CL_0000003"/>
            <Axiom axiom="DC_CL_0000015 SubClassOf CL_0000738"/>
            <Axiom axiom="DC_CL_0000030 SubClassOf CL_0000738"/>
            <Axiom axiom="DC_CL_0000021 SubClassOf CL_0000738"/>
            <Axiom axiom="DC_CL_0000043 SubClassOf CARO_0000013"/>
            <Axiom axiom="DC_CL_0000010 SubClassOf CL_0000738"/>
            <Axiom axiom="DC_CL_0000023 SubClassOf DC_CL_0000003"/>
            <Axiom axiom="DC_CL_0000024 SubClassOf CL_0000738"/>
            <Axiom axiom="DC_CL_0000042 SubClassOf CARO_0000013"/>
            <Axiom axiom="DC_CL_0000021 SubClassOf CARO_0000013"/>
            <Axiom axiom="DC_CL_0000027 SubClassOf CL_0000738"/>
            <Axiom axiom="DC_CL_0000028 SubClassOf DC_CL_0000003"/>
            <Axiom axiom="DC_CL_1110000 SubClassOf CL_0000738"/>
            <Axiom axiom="DC_CL_0000022 SubClassOf CARO_0000013"/>
            <Axiom axiom="DC_CL_0000033 SubClassOf CARO_0000013"/>
            <Axiom axiom="DC_CL_0000024 SubClassOf DC_CL_0000003"/>
            <Axiom axiom="DC_CL_1110000 SubClassOf CARO_0000013"/>
            <Axiom axiom="DC_CL_0000030 SubClassOf CARO_0000013"/>
            <Axiom axiom="DC_CL_0000017 SubClassOf DC_CL_0000003"/>
            <Axiom axiom="DC_CL_0000038 SubClassOf CARO_0000013"/>
            <Axiom axiom="DC_CL_0000013 SubClassOf CARO_0000013"/>
            <Axiom axiom="DC_CL_0000006 SubClassOf CL_0000738"/>
            <Axiom axiom="DC_CL_0000014 SubClassOf CARO_0000013"/>
            <Axiom axiom="DC_CL_0000032 SubClassOf CARO_0000013"/>
            <Axiom axiom="DC_CL_1111000 SubClassOf CARO_0000013"/>
            <Axiom axiom="DC_CL_0000023 SubClassOf CARO_0000013"/>
            <Axiom axiom="DC_CL_0000018 SubClassOf CL_0000738"/>
            <Axiom axiom="DC_CL_0000040 SubClassOf CL_0000738"/>
            <Axiom axiom="DC_CL_0000008 SubClassOf CL_0000738"/>
            <Axiom axiom="DC_CL_0000022 SubClassOf DC_CL_0000003"/>
            <Axiom axiom="DC_CL_0000004 SubClassOf CARO_0000013"/>
            <Axiom axiom="DC_CL_0000009 SubClassOf CARO_0000013"/>
            <Axiom axiom="DC_CL_0000013 SubClassOf CL_0000738"/>
            <Axiom axiom="DC_CL_0000026 SubClassOf CARO_0000013"/>
            <Axiom axiom="DC_CL_0000041 SubClassOf CL_0000738"/>
            <Axiom axiom="DC_CL_0000010 SubClassOf DC_CL_0000003"/>
            <Axiom axiom="DC_CL_0000019 SubClassOf DC_CL_0000003"/>
            <Axiom axiom="DC_CL_0000008 SubClassOf CARO_0000013"/>
            <Axiom axiom="DC_CL_0000012 SubClassOf CL_0000738"/>
            <Axiom axiom="DC_CL_0000018 SubClassOf CARO_0000013"/>
            <Axiom axiom="DC_CL_0000025 SubClassOf DC_CL_0000003"/>
            <Axiom axiom="DC_CL_0000030 SubClassOf DC_CL_0000003"/>
            <Axiom axiom="DC_CL_0000020 SubClassOf DC_CL_0000003"/>
            <Axiom axiom="DC_CL_0000029 SubClassOf CL_0000738"/>
            <Axiom axiom="CL_0000048 SubClassOf CARO_0000013"/>
            <Axiom axiom="DC_CL_0000011 SubClassOf CARO_0000013"/>
            <Axiom axiom="DC_CL_0000034 SubClassOf CARO_0000013"/>
            <Axiom axiom="DC_CL_0000033 SubClassOf CL_0000738"/>
            <Axiom axiom="DC_CL_0000014 SubClassOf DC_CL_0000003"/>
            <Axiom axiom="DC_CL_0000040 SubClassOf CARO_0000013"/>
            <Axiom axiom="DC_CL_0000031 SubClassOf CARO_0000013"/>
            <Axiom axiom="DC_CL_0000001 SubClassOf CARO_0000013"/>
            <Axiom axiom="DC_CL_0000023 SubClassOf CL_0000738"/>
            <Axiom axiom="DC_CL_0000041 SubClassOf CARO_0000013"/>
            <Axiom axiom="DC_CL_0000042 SubClassOf CL_0000738"/>
            <Axiom axiom="DC_CL_0000010 SubClassOf CARO_0000013"/>
            <Axiom axiom="DC_CL_0000026 SubClassOf DC_CL_0000003"/>
            <Axiom axiom="DC_CL_0000006 SubClassOf CARO_0000013"/>
            <Axiom axiom="DC_CL_0000029 SubClassOf CARO_0000013"/>
            <Axiom axiom="DC_CL_0000022 SubClassOf CL_0000738"/>
            <Axiom axiom="DC_CL_1111000 SubClassOf CL_0000738"/>
            <Axiom axiom="DC_CL_0000028 SubClassOf CL_0000738"/>
            <Axiom axiom="DC_CL_0000029 SubClassOf DC_CL_0000003"/>
            <Axiom axiom="DC_CL_0000015 SubClassOf CARO_0000013"/>
            <Axiom axiom="DC_CL_0000026 SubClassOf CL_0000738"/>
            <Axiom axiom="DC_CL_0000036 SubClassOf CARO_0000013"/>
            <Axiom axiom="DC_CL_1111100 SubClassOf CARO_0000013"/>
            <Axiom axiom="DC_CL_0000025 SubClassOf CL_0000738"/>
            <Axiom axiom="DC_CL_0000001 SubClassOf CL_0000738"/>
            <Axiom axiom="DC_CL_0000016 SubClassOf CL_0000738"/>
            <Axiom axiom="DC_CL_0000019 SubClassOf CL_0000738"/>
            <Axiom axiom="DC_CL_0000027 SubClassOf CARO_0000013"/>
            <Axiom axiom="DC_CL_0000020 SubClassOf CARO_0000013"/>
            <Axiom axiom="DC_CL_0000011 SubClassOf CL_0000738"/>
            <Axiom axiom="DC_CL_0000039 SubClassOf CARO_0000013"/>
            <Axiom axiom="DC_CL_0000025 SubClassOf CARO_0000013"/>
            <Axiom axiom="DC_CL_0000007 SubClassOf CL_0000738"/>
            <Axiom axiom="DC_CL_0000017 SubClassOf CL_0000738"/>
         </Generalisation>
         <Generalisation axiom="?CARO_0000043 SubClassOf DC-CL_is_location_of some &#10;((?cluster_1 and ?cluster_2_conjunction) and (DC-CL_arises_from some &#10;(?cluster_1 and ?cluster_2_conjunction)))" count="4" instantiationStats="?CARO_0000043 count: 2; ?cluster_2 count: 7; ?cluster_1 count: 1">
            <Axiom axiom="MA_0000134 SubClassOf DC-CL_is_location_of some &#10;((CARO_0000013 and CL_0000048 and DC_CL_0000034) and (DC-CL_arises_from some &#10;(CARO_0000013 and CL_0000048 and DC_CL_0000043)))"/>
            <Axiom axiom="FMA_9608 SubClassOf DC-CL_is_location_of some &#10;((CARO_0000013 and CL_0000048 and DC_CL_0000038) and (DC-CL_arises_from some &#10;(CARO_0000013 and CL_0000048 and DC_CL_0000035)))"/>
            <Axiom axiom="MA_0000134 SubClassOf DC-CL_is_location_of some &#10;((CARO_0000013 and CL_0000048 and DC_CL_0000036) and (DC-CL_arises_from some &#10;(CARO_0000013 and CL_0000048 and DC_CL_0000043)))"/>
            <Axiom axiom="FMA_9608 SubClassOf DC-CL_is_location_of some &#10;((CARO_0000013 and CL_0000048 and DC_CL_0000032) and (DC-CL_arises_from some &#10;(CARO_0000013 and CL_0000048 and DC_CL_0000035)))"/>
         </Generalisation>
         <Generalisation axiom="?cluster_1 SubClassOf DC-CL_has_high_plasma_membrane_amount_relative_to_leukocyte some Thing" count="1" instantiationStats="?cluster_1 count: 1">
            <Axiom axiom="DC_CL_0000003 SubClassOf DC-CL_has_high_plasma_membrane_amount_relative_to_leukocyte some Thing"/>
         </Generalisation>
         <Generalisation axiom="?cluster_1 SubClassOf ?cluster_1" count="3" instantiationStats="?cluster_1 count: 3">
            <Axiom axiom="DC_CL_0000003 SubClassOf CARO_0000013"/>
            <Axiom axiom="DC_CL_0000003 SubClassOf CL_0000738"/>
            <Axiom axiom="CL_0000738 SubClassOf CARO_0000013"/>
         </Generalisation>
         <Generalisation axiom="?CARO_0000043 SubClassOf DC-CL_is_location_of some &#10;((?cluster_1_conjunction and ?cluster_2) and (DC-CL_arises_from some &#10;(?cluster_1 and ?cluster_2_conjunction)))" count="3" instantiationStats="?CARO_0000043 count: 1; ?cluster_2 count: 6; ?cluster_1 count: 2">
            <Axiom axiom="FMA_9608 SubClassOf DC-CL_is_location_of some &#10;((CARO_0000013 and CL_0000738 and DC_CL_0000040) and (DC-CL_arises_from some &#10;(CARO_0000013 and CL_0000048 and DC_CL_0000032)))"/>
            <Axiom axiom="FMA_9608 SubClassOf DC-CL_is_location_of some &#10;((CARO_0000013 and CL_0000738 and DC_CL_0000039) and (DC-CL_arises_from some &#10;(CARO_0000013 and CL_0000048 and DC_CL_0000032)))"/>
            <Axiom axiom="FMA_9608 SubClassOf DC-CL_is_location_of some &#10;((CARO_0000013 and CL_0000738 and DC_CL_0000042) and (DC-CL_arises_from some &#10;(CARO_0000013 and CL_0000048 and DC_CL_0000038)))"/>
         </Generalisation>
         <Generalisation axiom="?cluster_1 SubClassOf DC-CL_lacks_plasma_membrane_part some Thing" count="1" instantiationStats="?cluster_1 count: 1">
            <Axiom axiom="DC_CL_0000003 SubClassOf DC-CL_lacks_plasma_membrane_part some Thing"/>
         </Generalisation>
      </Generalisations>
   </Cluster>
   <Cluster size="3">
      <Item iri="http://purl.obolibrary.org/obo/DC_CL_0000089"/>
      <Item iri="http://purl.obolibrary.org/obo/FMA_63887"/>
      <Item iri="http://purl.obolibrary.org/obo/DC_CL_0000082"/>
      <Generalisations>
         <Generalisation axiom="?FMA_63887 SubClassOf ?FMA_63887" count="2" instantiationStats="?FMA_63887 count: 3">
            <Axiom axiom="DC_CL_0000082 SubClassOf FMA_63887"/>
            <Axiom axiom="DC_CL_0000089 SubClassOf FMA_63887"/>
         </Generalisation>
         <Generalisation axiom="?FMA_63888 SubClassOf ?FMA_63887" count="66" instantiationStats="?FMA_63887 count: 3; ?FMA_63888 count: 62">
            <Axiom axiom="PRO_000001412 SubClassOf FMA_63887"/>
            <Axiom axiom="PRO_000001905 SubClassOf FMA_63887"/>
            <Axiom axiom="PRO_000001898 SubClassOf FMA_63887"/>
            <Axiom axiom="DC_CL_0000105 SubClassOf FMA_63887"/>
            <Axiom axiom="DC_CL_0000074 SubClassOf FMA_63887"/>
            <Axiom axiom="PRO_000001026 SubClassOf FMA_63887"/>
            <Axiom axiom="PRO_000001456 SubClassOf FMA_63887"/>
            <Axiom axiom="PRO_000001865 SubClassOf FMA_63887"/>
            <Axiom axiom="PRO_000001839 SubClassOf FMA_63887"/>
            <Axiom axiom="DC_CL_0000107 SubClassOf FMA_63887"/>
            <Axiom axiom="PRO_000001300 SubClassOf FMA_63887"/>
            <Axiom axiom="DC_CL_0000091 SubClassOf DC_CL_0000089"/>
            <Axiom axiom="DC_CL_0000100 SubClassOf FMA_63887"/>
            <Axiom axiom="DC_CL_0000071 SubClassOf FMA_63887"/>
            <Axiom axiom="PRO_000001293 SubClassOf FMA_63887"/>
            <Axiom axiom="PRO_000001024 SubClassOf FMA_63887"/>
            <Axiom axiom="PRO_000001003 SubClassOf FMA_63887"/>
            <Axiom axiom="PRO_000002062 SubClassOf FMA_63887"/>
            <Axiom axiom="DC_CL_0000099 SubClassOf FMA_63887"/>
            <Axiom axiom="DC_CL_0000061 SubClassOf FMA_63887"/>
            <Axiom axiom="PRO_000002025 SubClassOf FMA_63887"/>
            <Axiom axiom="DC_CL_0000085 SubClassOf FMA_63887"/>
            <Axiom axiom="DC_CL_0000068 SubClassOf FMA_63887"/>
            <Axiom axiom="DC_CL_0000090 SubClassOf DC_CL_0000089"/>
            <Axiom axiom="DC_CL_0000091 SubClassOf FMA_63887"/>
            <Axiom axiom="PRO_000001013 SubClassOf FMA_63887"/>
            <Axiom axiom="PRO_000001014 SubClassOf FMA_63887"/>
            <Axiom axiom="PRO_000001483 SubClassOf FMA_63887"/>
            <Axiom axiom="DC_CL_0000106 SubClassOf FMA_63887"/>
            <Axiom axiom="DC_CL_0000101 SubClassOf FMA_63887"/>
            <Axiom axiom="PRO_000001892 SubClassOf FMA_63887"/>
            <Axiom axiom="DC_CL_0000075 SubClassOf FMA_63887"/>
            <Axiom axiom="DC_CL_0000065 SubClassOf FMA_63887"/>
            <Axiom axiom="PRO_000001310 SubClassOf FMA_63887"/>
            <Axiom axiom="PRO_000001843 SubClassOf FMA_63887"/>
            <Axiom axiom="PRO_000001002 SubClassOf FMA_63887"/>
            <Axiom axiom="PRO_000001292 SubClassOf FMA_63887"/>
            <Axiom axiom="DC_CL_0000103 SubClassOf FMA_63887"/>
            <Axiom axiom="PRO_000001083 SubClassOf FMA_63887"/>
            <Axiom axiom="DC_CL_0000069 SubClassOf FMA_63887"/>
            <Axiom axiom="PRO_000002065 SubClassOf FMA_63887"/>
            <Axiom axiom="PRO_000001012 SubClassOf FMA_63887"/>
            <Axiom axiom="PRO_000001945 SubClassOf FMA_63887"/>
            <Axiom axiom="DC_CL_0000098 SubClassOf FMA_63887"/>
            <Axiom axiom="PRO_000001836 SubClassOf FMA_63887"/>
            <Axiom axiom="DC_CL_0000055 SubClassOf FMA_63887"/>
            <Axiom axiom="PRO_000001438 SubClassOf FMA_63887"/>
            <Axiom axiom="DC_CL_0000066 SubClassOf FMA_63887"/>
            <Axiom axiom="DC_CL_0000108 SubClassOf FMA_63887"/>
            <Axiom axiom="PRO_000001015 SubClassOf DC_CL_0000082"/>
            <Axiom axiom="PRO_000001004 SubClassOf FMA_63887"/>
            <Axiom axiom="PRO_000001375 SubClassOf FMA_63887"/>
            <Axiom axiom="PRO_000001786 SubClassOf FMA_63887"/>
            <Axiom axiom="DC_CL_0000086 SubClassOf FMA_63887"/>
            <Axiom axiom="PRO_000001027 SubClassOf FMA_63887"/>
            <Axiom axiom="DC_CL_0000090 SubClassOf FMA_63887"/>
            <Axiom axiom="PRO_000001015 SubClassOf FMA_63887"/>
            <Axiom axiom="DC_CL_0000109 SubClassOf FMA_63887"/>
            <Axiom axiom="PRO_000002001 SubClassOf FMA_63887"/>
            <Axiom axiom="DC_CL_0000067 SubClassOf FMA_63887"/>
            <Axiom axiom="DC_CL_0000104 SubClassOf FMA_63887"/>
            <Axiom axiom="DC_CL_0000102 SubClassOf FMA_63887"/>
            <Axiom axiom="DC_CL_0000081 SubClassOf FMA_63887"/>
            <Axiom axiom="PRO_000001447 SubClassOf FMA_63887"/>
            <Axiom axiom="PRO_000001014 SubClassOf DC_CL_0000082"/>
            <Axiom axiom="DC_CL_0000070 SubClassOf FMA_63887"/>
         </Generalisation>
      </Generalisations>
   </Cluster>
</Clusters>
