<?xml version="1.0" encoding="UTF-8" standalone="no"?>
<Clusters>
   <Cluster size="40">
      <Item iri="http://www.biopax.org/release/biopax-level3.owl#Evidence"/>
      <Item iri="http://www.biopax.org/release/biopax-level3.owl#SmallMoleculeReference"/>
      <Item iri="http://www.biopax.org/release/biopax-level3.owl#RnaReference"/>
      <Item iri="http://www.biopax.org/release/biopax-level3.owl#DnaReference"/>
      <Item iri="http://www.biopax.org/release/biopax-level3.owl#SequenceModificationVocabulary"/>
      <Item iri="http://www.biopax.org/release/biopax-level3.owl#BiochemicalPathwayStep"/>
      <Item iri="http://www.biopax.org/release/biopax-level3.owl#EvidenceCodeVocabulary"/>
      <Item iri="http://www.biopax.org/release/biopax-level3.owl#SequenceSite"/>
      <Item iri="http://www.biopax.org/release/biopax-level3.owl#PublicationXref"/>
      <Item iri="http://www.biopax.org/release/biopax-level3.owl#Provenance"/>
      <Item iri="http://www.biopax.org/release/biopax-level3.owl#UnificationXref"/>
      <Item iri="http://www.biopax.org/release/biopax-level3.owl#TissueVocabulary"/>
      <Item iri="http://www.biopax.org/release/biopax-level3.owl#EntityReference"/>
      <Item iri="http://www.biopax.org/release/biopax-level3.owl#BioSource"/>
      <Item iri="http://www.biopax.org/release/biopax-level3.owl#ExperimentalFormVocabulary"/>
      <Item iri="http://www.biopax.org/release/biopax-level3.owl#PathwayStep"/>
      <Item iri="http://www.biopax.org/release/biopax-level3.owl#Xref"/>
      <Item iri="http://www.biopax.org/release/biopax-level3.owl#ChemicalStructure"/>
      <Item iri="http://www.biopax.org/release/biopax-level3.owl#Score"/>
      <Item iri="http://www.biopax.org/release/biopax-level3.owl#ProteinReference"/>
      <Item iri="http://www.biopax.org/release/biopax-level3.owl#BindingFeature"/>
      <Item iri="http://www.biopax.org/release/biopax-level3.owl#FragmentFeature"/>
      <Item iri="http://www.biopax.org/release/biopax-level3.owl#DeltaG"/>
      <Item iri="http://www.biopax.org/release/biopax-level3.owl#SequenceInterval"/>
      <Item iri="http://www.biopax.org/release/biopax-level3.owl#ModificationFeature"/>
      <Item iri="http://www.biopax.org/release/biopax-level3.owl#SequenceRegionVocabulary"/>
      <Item iri="http://www.biopax.org/release/biopax-level3.owl#RelationshipTypeVocabulary"/>
      <Item iri="http://www.biopax.org/release/biopax-level3.owl#SequenceLocation"/>
      <Item iri="http://www.biopax.org/release/biopax-level3.owl#CovalentBindingFeature"/>
      <Item iri="http://www.biopax.org/release/biopax-level3.owl#EntityReferenceTypeVocabulary"/>
      <Item iri="http://www.biopax.org/release/biopax-level3.owl#InteractionVocabulary"/>
      <Item iri="http://www.biopax.org/release/biopax-level3.owl#EntityFeature"/>
      <Item iri="http://www.biopax.org/release/biopax-level3.owl#RelationshipXref"/>
      <Item iri="http://www.biopax.org/release/biopax-level3.owl#ControlledVocabulary"/>
      <Item iri="http://www.biopax.org/release/biopax-level3.owl#KPrime"/>
      <Item iri="http://www.biopax.org/release/biopax-level3.owl#CellularLocationVocabulary"/>
      <Item iri="http://www.biopax.org/release/biopax-level3.owl#DnaRegionReference"/>
      <Item iri="http://www.biopax.org/release/biopax-level3.owl#CellVocabulary"/>
      <Item iri="http://www.biopax.org/release/biopax-level3.owl#RnaRegionReference"/>
      <Item iri="http://www.biopax.org/release/biopax-level3.owl#PhenotypeVocabulary"/>
      <Generalisations>
         <Generalisation axiom="?UtilityClass SubClassOf ?UtilityClass" count="29" instantiationStats="?UtilityClass count: 33">
            <Axiom axiom="TissueVocabulary SubClassOf ControlledVocabulary"/>
            <Axiom axiom="EvidenceCodeVocabulary SubClassOf ControlledVocabulary"/>
            <Axiom axiom="ExperimentalFormVocabulary SubClassOf ControlledVocabulary"/>
            <Axiom axiom="SequenceSite SubClassOf SequenceLocation"/>
            <Axiom axiom="RelationshipTypeVocabulary SubClassOf ControlledVocabulary"/>
            <Axiom axiom="DnaReference SubClassOf EntityReference"/>
            <Axiom axiom="RnaRegionReference SubClassOf EntityReference"/>
            <Axiom axiom="SequenceRegionVocabulary SubClassOf ControlledVocabulary"/>
            <Axiom axiom="PhenotypeVocabulary SubClassOf ControlledVocabulary"/>
            <Axiom axiom="BindingFeature SubClassOf EntityFeature"/>
            <Axiom axiom="CellVocabulary SubClassOf ControlledVocabulary"/>
            <Axiom axiom="RnaReference SubClassOf EntityReference"/>
            <Axiom axiom="CovalentBindingFeature SubClassOf BindingFeature"/>
            <Axiom axiom="FragmentFeature SubClassOf EntityFeature"/>
            <Axiom axiom="ModificationFeature SubClassOf EntityFeature"/>
            <Axiom axiom="ProteinReference SubClassOf EntityReference"/>
            <Axiom axiom="SequenceInterval SubClassOf SequenceLocation"/>
            <Axiom axiom="SequenceModificationVocabulary SubClassOf ControlledVocabulary"/>
            <Axiom axiom="CellularLocationVocabulary SubClassOf ControlledVocabulary"/>
            <Axiom axiom="UnificationXref SubClassOf Xref"/>
            <Axiom axiom="InteractionVocabulary SubClassOf ControlledVocabulary"/>
            <Axiom axiom="BiochemicalPathwayStep SubClassOf PathwayStep"/>
            <Axiom axiom="DnaRegionReference SubClassOf EntityReference"/>
            <Axiom axiom="PublicationXref SubClassOf Xref"/>
            <Axiom axiom="SmallMoleculeReference SubClassOf EntityReference"/>
            <Axiom axiom="EntityReferenceTypeVocabulary SubClassOf ControlledVocabulary"/>
            <Axiom axiom="CovalentBindingFeature SubClassOf ModificationFeature"/>
            <Axiom axiom="CovalentBindingFeature SubClassOf EntityFeature"/>
            <Axiom axiom="RelationshipXref SubClassOf Xref"/>
         </Generalisation>
         <Generalisation axiom="?cluster_1 SubClassOf phenotype only &#10;(UtilityClass and ?UtilityClass_conjunction)" count="1" instantiationStats="?UtilityClass count: 2; ?cluster_1 count: 1">
            <Axiom axiom="GeneticInteraction SubClassOf phenotype only &#10;(ControlledVocabulary and PhenotypeVocabulary and UtilityClass)"/>
         </Generalisation>
         <Generalisation axiom="?UtilityClass SubClassOf confidence only &#10;(UtilityClass and ?UtilityClass)" count="1" instantiationStats="?UtilityClass count: 2">
            <Axiom axiom="Evidence SubClassOf confidence only &#10;(Score and UtilityClass)"/>
         </Generalisation>
         <Generalisation axiom="?cluster_1 SubClassOf phenotype some &#10;(UtilityClass and ?UtilityClass_conjunction)" count="1" instantiationStats="?UtilityClass count: 2; ?cluster_1 count: 1">
            <Axiom axiom="GeneticInteraction SubClassOf phenotype some &#10;(ControlledVocabulary and PhenotypeVocabulary and UtilityClass)"/>
         </Generalisation>
         <Generalisation axiom="?UtilityClass SubClassOf UtilityClass" count="40" instantiationStats="?UtilityClass count: 40">
            <Axiom axiom="CellVocabulary SubClassOf UtilityClass"/>
            <Axiom axiom="RnaRegionReference SubClassOf UtilityClass"/>
            <Axiom axiom="Score SubClassOf UtilityClass"/>
            <Axiom axiom="SequenceModificationVocabulary SubClassOf UtilityClass"/>
            <Axiom axiom="DnaRegionReference SubClassOf UtilityClass"/>
            <Axiom axiom="CovalentBindingFeature SubClassOf UtilityClass"/>
            <Axiom axiom="SequenceRegionVocabulary SubClassOf UtilityClass"/>
            <Axiom axiom="ChemicalStructure SubClassOf UtilityClass"/>
            <Axiom axiom="SequenceSite SubClassOf UtilityClass"/>
            <Axiom axiom="BindingFeature SubClassOf UtilityClass"/>
            <Axiom axiom="KPrime SubClassOf UtilityClass"/>
            <Axiom axiom="Provenance SubClassOf UtilityClass"/>
            <Axiom axiom="BioSource SubClassOf UtilityClass"/>
            <Axiom axiom="ControlledVocabulary SubClassOf UtilityClass"/>
            <Axiom axiom="SequenceLocation SubClassOf UtilityClass"/>
            <Axiom axiom="EvidenceCodeVocabulary SubClassOf UtilityClass"/>
            <Axiom axiom="PathwayStep SubClassOf UtilityClass"/>
            <Axiom axiom="InteractionVocabulary SubClassOf UtilityClass"/>
            <Axiom axiom="FragmentFeature SubClassOf UtilityClass"/>
            <Axiom axiom="TissueVocabulary SubClassOf UtilityClass"/>
            <Axiom axiom="PhenotypeVocabulary SubClassOf UtilityClass"/>
            <Axiom axiom="Evidence SubClassOf UtilityClass"/>
            <Axiom axiom="EntityReferenceTypeVocabulary SubClassOf UtilityClass"/>
            <Axiom axiom="DnaReference SubClassOf UtilityClass"/>
            <Axiom axiom="ExperimentalFormVocabulary SubClassOf UtilityClass"/>
            <Axiom axiom="CellularLocationVocabulary SubClassOf UtilityClass"/>
            <Axiom axiom="UnificationXref SubClassOf UtilityClass"/>
            <Axiom axiom="SmallMoleculeReference SubClassOf UtilityClass"/>
            <Axiom axiom="RnaReference SubClassOf UtilityClass"/>
            <Axiom axiom="RelationshipXref SubClassOf UtilityClass"/>
            <Axiom axiom="DeltaG SubClassOf UtilityClass"/>
            <Axiom axiom="RelationshipTypeVocabulary SubClassOf UtilityClass"/>
            <Axiom axiom="EntityFeature SubClassOf UtilityClass"/>
            <Axiom axiom="EntityReference SubClassOf UtilityClass"/>
            <Axiom axiom="PublicationXref SubClassOf UtilityClass"/>
            <Axiom axiom="Xref SubClassOf UtilityClass"/>
            <Axiom axiom="ProteinReference SubClassOf UtilityClass"/>
            <Axiom axiom="BiochemicalPathwayStep SubClassOf UtilityClass"/>
            <Axiom axiom="SequenceInterval SubClassOf UtilityClass"/>
            <Axiom axiom="ModificationFeature SubClassOf UtilityClass"/>
         </Generalisation>
         <Generalisation axiom="?cluster_1 EquivalentTo phenotype some &#10;(UtilityClass and ?UtilityClass_conjunction)" count="1" instantiationStats="?UtilityClass count: 2; ?cluster_1 count: 1">
            <Axiom axiom="GeneticInteraction EquivalentTo phenotype some &#10;(ControlledVocabulary and PhenotypeVocabulary and UtilityClass)"/>
         </Generalisation>
         <Generalisation axiom="?cluster_1 SubClassOf experimentalFormDescription only &#10;(UtilityClass and ?UtilityClass_conjunction)" count="1" instantiationStats="?UtilityClass count: 2; ?cluster_1 count: 1">
            <Axiom axiom="ExperimentalForm SubClassOf experimentalFormDescription only &#10;(ControlledVocabulary and ExperimentalFormVocabulary and UtilityClass)"/>
         </Generalisation>
         <Generalisation axiom="?cluster_1 EquivalentTo experimentalFormDescription some &#10;(UtilityClass and ?UtilityClass_conjunction)" count="1" instantiationStats="?UtilityClass count: 2; ?cluster_1 count: 1">
            <Axiom axiom="ExperimentalForm EquivalentTo experimentalFormDescription some &#10;(ControlledVocabulary and ExperimentalFormVocabulary and UtilityClass)"/>
         </Generalisation>
         <Generalisation axiom="?cluster_1 SubClassOf experimentalFormDescription some &#10;(UtilityClass and ?UtilityClass_conjunction)" count="1" instantiationStats="?UtilityClass count: 2; ?cluster_1 count: 1">
            <Axiom axiom="ExperimentalForm SubClassOf experimentalFormDescription some &#10;(ControlledVocabulary and ExperimentalFormVocabulary and UtilityClass)"/>
         </Generalisation>
      </Generalisations>
   </Cluster>
   <Cluster size="20">
      <Item iri="http://www.biopax.org/release/biopax-level3.owl#SmallMolecule"/>
      <Item iri="http://www.biopax.org/release/biopax-level3.owl#DnaRegion"/>
      <Item iri="http://www.biopax.org/release/biopax-level3.owl#Complex"/>
      <Item iri="http://www.biopax.org/release/biopax-level3.owl#TransportWithBiochemicalReaction"/>
      <Item iri="http://www.biopax.org/release/biopax-level3.owl#Gene"/>
      <Item iri="http://www.biopax.org/release/biopax-level3.owl#Rna"/>
      <Item iri="http://www.biopax.org/release/biopax-level3.owl#TemplateReaction"/>
      <Item iri="http://www.biopax.org/release/biopax-level3.owl#Degradation"/>
      <Item iri="http://www.biopax.org/release/biopax-level3.owl#Protein"/>
      <Item iri="http://www.biopax.org/release/biopax-level3.owl#Catalysis"/>
      <Item iri="http://www.biopax.org/release/biopax-level3.owl#MolecularInteraction"/>
      <Item iri="http://www.biopax.org/release/biopax-level3.owl#TemplateReactionRegulation"/>
      <Item iri="http://www.biopax.org/release/biopax-level3.owl#BiochemicalReaction"/>
      <Item iri="http://www.biopax.org/release/biopax-level3.owl#PhysicalEntity"/>
      <Item iri="http://www.biopax.org/release/biopax-level3.owl#Modulation"/>
      <Item iri="http://www.biopax.org/release/biopax-level3.owl#RnaRegion"/>
      <Item iri="http://www.biopax.org/release/biopax-level3.owl#Pathway"/>
      <Item iri="http://www.biopax.org/release/biopax-level3.owl#Transport"/>
      <Item iri="http://www.biopax.org/release/biopax-level3.owl#Dna"/>
      <Item iri="http://www.biopax.org/release/biopax-level3.owl#ComplexAssembly"/>
      <Generalisations>
         <Generalisation axiom="?cluster_1 SubClassOf participant some &#10;(?Entity and ?Entity_1)" count="1" instantiationStats="?Entity count: 1; ?cluster_1 count: 1; ?Entity_1 count: 1">
            <Axiom axiom="GeneticInteraction SubClassOf participant some &#10;(Entity and Gene)"/>
         </Generalisation>
         <Generalisation axiom="?cluster_1 SubClassOf physicalEntity only &#10;(?Entity and ?Entity_1)" count="1" instantiationStats="?Entity count: 1; ?cluster_1 count: 1; ?Entity_1 count: 1">
            <Axiom axiom="Stoichiometry SubClassOf physicalEntity only &#10;(Entity and PhysicalEntity)"/>
         </Generalisation>
         <Generalisation axiom="?Entity SubClassOf ?Entity" count="9" instantiationStats="?Entity count: 11">
            <Axiom axiom="Protein SubClassOf PhysicalEntity"/>
            <Axiom axiom="RnaRegion SubClassOf PhysicalEntity"/>
            <Axiom axiom="TransportWithBiochemicalReaction SubClassOf BiochemicalReaction"/>
            <Axiom axiom="SmallMolecule SubClassOf PhysicalEntity"/>
            <Axiom axiom="Rna SubClassOf PhysicalEntity"/>
            <Axiom axiom="TransportWithBiochemicalReaction SubClassOf Transport"/>
            <Axiom axiom="Complex SubClassOf PhysicalEntity"/>
            <Axiom axiom="Dna SubClassOf PhysicalEntity"/>
            <Axiom axiom="DnaRegion SubClassOf PhysicalEntity"/>
         </Generalisation>
         <Generalisation axiom="?cluster_1 SubClassOf participant only &#10;(?Entity and ?Entity_1)" count="1" instantiationStats="?Entity count: 1; ?cluster_1 count: 1; ?Entity_1 count: 1">
            <Axiom axiom="GeneticInteraction SubClassOf participant only &#10;(Entity and Gene)"/>
         </Generalisation>
         <Generalisation axiom="?Entity SubClassOf ?Entity_1" count="38" instantiationStats="?Entity count: 20; ?Entity_1 count: 4">
            <Axiom axiom="TransportWithBiochemicalReaction SubClassOf Interaction"/>
            <Axiom axiom="TemplateReaction SubClassOf Entity"/>
            <Axiom axiom="Transport SubClassOf Interaction"/>
            <Axiom axiom="Degradation SubClassOf Entity"/>
            <Axiom axiom="Rna SubClassOf Entity"/>
            <Axiom axiom="TemplateReactionRegulation SubClassOf Entity"/>
            <Axiom axiom="Modulation SubClassOf Entity"/>
            <Axiom axiom="RnaRegion SubClassOf Entity"/>
            <Axiom axiom="Catalysis SubClassOf Control"/>
            <Axiom axiom="Transport SubClassOf Entity"/>
            <Axiom axiom="SmallMolecule SubClassOf Entity"/>
            <Axiom axiom="Pathway SubClassOf Entity"/>
            <Axiom axiom="PhysicalEntity SubClassOf Entity"/>
            <Axiom axiom="Dna SubClassOf Entity"/>
            <Axiom axiom="Catalysis SubClassOf Interaction"/>
            <Axiom axiom="Degradation SubClassOf Conversion"/>
            <Axiom axiom="Transport SubClassOf Conversion"/>
            <Axiom axiom="ComplexAssembly SubClassOf Conversion"/>
            <Axiom axiom="ComplexAssembly SubClassOf Interaction"/>
            <Axiom axiom="BiochemicalReaction SubClassOf Interaction"/>
            <Axiom axiom="Protein SubClassOf Entity"/>
            <Axiom axiom="Gene SubClassOf Entity"/>
            <Axiom axiom="MolecularInteraction SubClassOf Entity"/>
            <Axiom axiom="BiochemicalReaction SubClassOf Conversion"/>
            <Axiom axiom="Degradation SubClassOf Interaction"/>
            <Axiom axiom="TemplateReaction SubClassOf Interaction"/>
            <Axiom axiom="BiochemicalReaction SubClassOf Entity"/>
            <Axiom axiom="Catalysis SubClassOf Entity"/>
            <Axiom axiom="Modulation SubClassOf Control"/>
            <Axiom axiom="ComplexAssembly SubClassOf Entity"/>
            <Axiom axiom="MolecularInteraction SubClassOf Interaction"/>
            <Axiom axiom="Modulation SubClassOf Interaction"/>
            <Axiom axiom="TransportWithBiochemicalReaction SubClassOf Entity"/>
            <Axiom axiom="TemplateReactionRegulation SubClassOf Interaction"/>
            <Axiom axiom="TemplateReactionRegulation SubClassOf Control"/>
            <Axiom axiom="DnaRegion SubClassOf Entity"/>
            <Axiom axiom="Complex SubClassOf Entity"/>
            <Axiom axiom="TransportWithBiochemicalReaction SubClassOf Conversion"/>
         </Generalisation>
         <Generalisation axiom="?cluster_1 SubClassOf physicalEntity some &#10;(?Entity and ?Entity_1)" count="1" instantiationStats="?Entity count: 1; ?cluster_1 count: 1; ?Entity_1 count: 1">
            <Axiom axiom="Stoichiometry SubClassOf physicalEntity some &#10;(Entity and PhysicalEntity)"/>
         </Generalisation>
         <Generalisation axiom="?cluster_1 EquivalentTo physicalEntity some &#10;(?Entity and ?Entity_1)" count="1" instantiationStats="?Entity count: 1; ?cluster_1 count: 1; ?Entity_1 count: 1">
            <Axiom axiom="Stoichiometry EquivalentTo physicalEntity some &#10;(Entity and PhysicalEntity)"/>
         </Generalisation>
      </Generalisations>
   </Cluster>
   <Cluster size="4">
      <Item iri="http://www.biopax.org/release/biopax-level3.owl#Interaction"/>
      <Item iri="http://www.biopax.org/release/biopax-level3.owl#Entity"/>
      <Item iri="http://www.biopax.org/release/biopax-level3.owl#Control"/>
      <Item iri="http://www.biopax.org/release/biopax-level3.owl#Conversion"/>
      <Generalisations>
         <Generalisation axiom="?cluster_1 SubClassOf ?Entity_1" count="2" instantiationStats="?cluster_1 count: 1; ?Entity_1 count: 2">
            <Axiom axiom="GeneticInteraction SubClassOf Entity"/>
            <Axiom axiom="GeneticInteraction SubClassOf Interaction"/>
         </Generalisation>
         <Generalisation axiom="?cluster_1 SubClassOf participant some &#10;(?Entity and ?Entity_1)" count="1" instantiationStats="?Entity count: 1; ?cluster_1 count: 1; ?Entity_1 count: 1">
            <Axiom axiom="GeneticInteraction SubClassOf participant some &#10;(Entity and Gene)"/>
         </Generalisation>
         <Generalisation axiom="?cluster_1 SubClassOf physicalEntity only &#10;(?Entity and ?Entity_1)" count="1" instantiationStats="?Entity count: 1; ?cluster_1 count: 1; ?Entity_1 count: 1">
            <Axiom axiom="Stoichiometry SubClassOf physicalEntity only &#10;(Entity and PhysicalEntity)"/>
         </Generalisation>
         <Generalisation axiom="?cluster_1 SubClassOf participant only &#10;(?Entity and ?Entity_1)" count="1" instantiationStats="?Entity count: 1; ?cluster_1 count: 1; ?Entity_1 count: 1">
            <Axiom axiom="GeneticInteraction SubClassOf participant only &#10;(Entity and Gene)"/>
         </Generalisation>
         <Generalisation axiom="?Entity SubClassOf ?Entity_1" count="38" instantiationStats="?Entity count: 20; ?Entity_1 count: 4">
            <Axiom axiom="TransportWithBiochemicalReaction SubClassOf Interaction"/>
            <Axiom axiom="TemplateReaction SubClassOf Entity"/>
            <Axiom axiom="Transport SubClassOf Interaction"/>
            <Axiom axiom="Degradation SubClassOf Entity"/>
            <Axiom axiom="Rna SubClassOf Entity"/>
            <Axiom axiom="TemplateReactionRegulation SubClassOf Entity"/>
            <Axiom axiom="Modulation SubClassOf Entity"/>
            <Axiom axiom="RnaRegion SubClassOf Entity"/>
            <Axiom axiom="Catalysis SubClassOf Control"/>
            <Axiom axiom="Transport SubClassOf Entity"/>
            <Axiom axiom="SmallMolecule SubClassOf Entity"/>
            <Axiom axiom="Pathway SubClassOf Entity"/>
            <Axiom axiom="PhysicalEntity SubClassOf Entity"/>
            <Axiom axiom="Dna SubClassOf Entity"/>
            <Axiom axiom="Catalysis SubClassOf Interaction"/>
            <Axiom axiom="Degradation SubClassOf Conversion"/>
            <Axiom axiom="Transport SubClassOf Conversion"/>
            <Axiom axiom="ComplexAssembly SubClassOf Conversion"/>
            <Axiom axiom="ComplexAssembly SubClassOf Interaction"/>
            <Axiom axiom="BiochemicalReaction SubClassOf Interaction"/>
            <Axiom axiom="Protein SubClassOf Entity"/>
            <Axiom axiom="Gene SubClassOf Entity"/>
            <Axiom axiom="MolecularInteraction SubClassOf Entity"/>
            <Axiom axiom="BiochemicalReaction SubClassOf Conversion"/>
            <Axiom axiom="Degradation SubClassOf Interaction"/>
            <Axiom axiom="TemplateReaction SubClassOf Interaction"/>
            <Axiom axiom="BiochemicalReaction SubClassOf Entity"/>
            <Axiom axiom="Catalysis SubClassOf Entity"/>
            <Axiom axiom="Modulation SubClassOf Control"/>
            <Axiom axiom="ComplexAssembly SubClassOf Entity"/>
            <Axiom axiom="MolecularInteraction SubClassOf Interaction"/>
            <Axiom axiom="Modulation SubClassOf Interaction"/>
            <Axiom axiom="TransportWithBiochemicalReaction SubClassOf Entity"/>
            <Axiom axiom="TemplateReactionRegulation SubClassOf Interaction"/>
            <Axiom axiom="TemplateReactionRegulation SubClassOf Control"/>
            <Axiom axiom="DnaRegion SubClassOf Entity"/>
            <Axiom axiom="Complex SubClassOf Entity"/>
            <Axiom axiom="TransportWithBiochemicalReaction SubClassOf Conversion"/>
         </Generalisation>
         <Generalisation axiom="?cluster_1 SubClassOf physicalEntity some &#10;(?Entity and ?Entity_1)" count="1" instantiationStats="?Entity count: 1; ?cluster_1 count: 1; ?Entity_1 count: 1">
            <Axiom axiom="Stoichiometry SubClassOf physicalEntity some &#10;(Entity and PhysicalEntity)"/>
         </Generalisation>
         <Generalisation axiom="?Entity_1 SubClassOf ?Entity_1" count="5" instantiationStats="?Entity_1 count: 4">
            <Axiom axiom="Conversion SubClassOf Interaction"/>
            <Axiom axiom="Control SubClassOf Entity"/>
            <Axiom axiom="Control SubClassOf Interaction"/>
            <Axiom axiom="Conversion SubClassOf Entity"/>
            <Axiom axiom="Interaction SubClassOf Entity"/>
         </Generalisation>
         <Generalisation axiom="?cluster_1 EquivalentTo physicalEntity some &#10;(?Entity and ?Entity_1)" count="1" instantiationStats="?Entity count: 1; ?cluster_1 count: 1; ?Entity_1 count: 1">
            <Axiom axiom="Stoichiometry EquivalentTo physicalEntity some &#10;(Entity and PhysicalEntity)"/>
         </Generalisation>
      </Generalisations>
   </Cluster>
   <Cluster size="3">
      <Item iri="http://www.biopax.org/release/biopax-level3.owl#Stoichiometry"/>
      <Item iri="http://www.biopax.org/release/biopax-level3.owl#ExperimentalForm"/>
      <Item iri="http://www.biopax.org/release/biopax-level3.owl#GeneticInteraction"/>
      <Generalisations>
         <Generalisation axiom="?cluster_1 SubClassOf participant some &#10;(?Entity and ?Entity_1)" count="1" instantiationStats="?Entity count: 1; ?cluster_1 count: 1; ?Entity_1 count: 1">
            <Axiom axiom="GeneticInteraction SubClassOf participant some &#10;(Entity and Gene)"/>
         </Generalisation>
         <Generalisation axiom="?cluster_1 SubClassOf ?Entity_1" count="2" instantiationStats="?cluster_1 count: 1; ?Entity_1 count: 2">
            <Axiom axiom="GeneticInteraction SubClassOf Entity"/>
            <Axiom axiom="GeneticInteraction SubClassOf Interaction"/>
         </Generalisation>
         <Generalisation axiom="?cluster_1 EquivalentTo physicalEntity some Thing" count="1" instantiationStats="?cluster_1 count: 1">
            <Axiom axiom="Stoichiometry EquivalentTo physicalEntity some Thing"/>
         </Generalisation>
         <Generalisation axiom="?cluster_1 SubClassOf physicalEntity some Thing" count="1" instantiationStats="?cluster_1 count: 1">
            <Axiom axiom="Stoichiometry SubClassOf physicalEntity some Thing"/>
         </Generalisation>
         <Generalisation axiom="?cluster_1 SubClassOf participant some Thing" count="1" instantiationStats="?cluster_1 count: 1">
            <Axiom axiom="GeneticInteraction SubClassOf participant some Thing"/>
         </Generalisation>
         <Generalisation axiom="?cluster_1 EquivalentTo experimentalFormDescription some Thing" count="1" instantiationStats="?cluster_1 count: 1">
            <Axiom axiom="ExperimentalForm EquivalentTo experimentalFormDescription some Thing"/>
         </Generalisation>
         <Generalisation axiom="?cluster_1 SubClassOf physicalEntity some &#10;(?Entity and ?Entity_1)" count="1" instantiationStats="?Entity count: 1; ?cluster_1 count: 1; ?Entity_1 count: 1">
            <Axiom axiom="Stoichiometry SubClassOf physicalEntity some &#10;(Entity and PhysicalEntity)"/>
         </Generalisation>
         <Generalisation axiom="?cluster_1 EquivalentTo phenotype some Thing" count="1" instantiationStats="?cluster_1 count: 1">
            <Axiom axiom="GeneticInteraction EquivalentTo phenotype some Thing"/>
         </Generalisation>
         <Generalisation axiom="?cluster_1 EquivalentTo phenotype some &#10;(UtilityClass and ?UtilityClass_conjunction)" count="1" instantiationStats="?UtilityClass count: 2; ?cluster_1 count: 1">
            <Axiom axiom="GeneticInteraction EquivalentTo phenotype some &#10;(ControlledVocabulary and PhenotypeVocabulary and UtilityClass)"/>
         </Generalisation>
         <Generalisation axiom="?cluster_1 SubClassOf experimentalFormDescription only &#10;(UtilityClass and ?UtilityClass_conjunction)" count="1" instantiationStats="?UtilityClass count: 2; ?cluster_1 count: 1">
            <Axiom axiom="ExperimentalForm SubClassOf experimentalFormDescription only &#10;(ControlledVocabulary and ExperimentalFormVocabulary and UtilityClass)"/>
         </Generalisation>
         <Generalisation axiom="?cluster_1 EquivalentTo experimentalFormDescription some &#10;(UtilityClass and ?UtilityClass_conjunction)" count="1" instantiationStats="?UtilityClass count: 2; ?cluster_1 count: 1">
            <Axiom axiom="ExperimentalForm EquivalentTo experimentalFormDescription some &#10;(ControlledVocabulary and ExperimentalFormVocabulary and UtilityClass)"/>
         </Generalisation>
         <Generalisation axiom="?cluster_1 SubClassOf experimentalFormDescription some &#10;(UtilityClass and ?UtilityClass_conjunction)" count="1" instantiationStats="?UtilityClass count: 2; ?cluster_1 count: 1">
            <Axiom axiom="ExperimentalForm SubClassOf experimentalFormDescription some &#10;(ControlledVocabulary and ExperimentalFormVocabulary and UtilityClass)"/>
         </Generalisation>
         <Generalisation axiom="?cluster_1 EquivalentTo physicalEntity some &#10;(?Entity and ?Entity_1)" count="1" instantiationStats="?Entity count: 1; ?cluster_1 count: 1; ?Entity_1 count: 1">
            <Axiom axiom="Stoichiometry EquivalentTo physicalEntity some &#10;(Entity and PhysicalEntity)"/>
         </Generalisation>
         <Generalisation axiom="?cluster_1 SubClassOf physicalEntity only &#10;(?Entity and ?Entity_1)" count="1" instantiationStats="?Entity count: 1; ?cluster_1 count: 1; ?Entity_1 count: 1">
            <Axiom axiom="Stoichiometry SubClassOf physicalEntity only &#10;(Entity and PhysicalEntity)"/>
         </Generalisation>
         <Generalisation axiom="?cluster_1 SubClassOf UtilityClass" count="2" instantiationStats="?cluster_1 count: 2">
            <Axiom axiom="ExperimentalForm SubClassOf UtilityClass"/>
            <Axiom axiom="Stoichiometry SubClassOf UtilityClass"/>
         </Generalisation>
         <Generalisation axiom="?cluster_1 SubClassOf phenotype some Thing" count="1" instantiationStats="?cluster_1 count: 1">
            <Axiom axiom="GeneticInteraction SubClassOf phenotype some Thing"/>
         </Generalisation>
         <Generalisation axiom="?cluster_1 SubClassOf experimentalFormDescription some Thing" count="1" instantiationStats="?cluster_1 count: 1">
            <Axiom axiom="ExperimentalForm SubClassOf experimentalFormDescription some Thing"/>
         </Generalisation>
         <Generalisation axiom="?cluster_1 SubClassOf phenotype only &#10;(UtilityClass and ?UtilityClass_conjunction)" count="1" instantiationStats="?UtilityClass count: 2; ?cluster_1 count: 1">
            <Axiom axiom="GeneticInteraction SubClassOf phenotype only &#10;(ControlledVocabulary and PhenotypeVocabulary and UtilityClass)"/>
         </Generalisation>
         <Generalisation axiom="?cluster_1 SubClassOf participant only &#10;(?Entity and ?Entity_1)" count="1" instantiationStats="?Entity count: 1; ?cluster_1 count: 1; ?Entity_1 count: 1">
            <Axiom axiom="GeneticInteraction SubClassOf participant only &#10;(Entity and Gene)"/>
         </Generalisation>
         <Generalisation axiom="?cluster_1 SubClassOf phenotype some &#10;(UtilityClass and ?UtilityClass_conjunction)" count="1" instantiationStats="?UtilityClass count: 2; ?cluster_1 count: 1">
            <Axiom axiom="GeneticInteraction SubClassOf phenotype some &#10;(ControlledVocabulary and PhenotypeVocabulary and UtilityClass)"/>
         </Generalisation>
      </Generalisations>
   </Cluster>
</Clusters>
