<?xml version="1.0" encoding="UTF-8" standalone="no"?>
<Clusters>
   <Cluster size="229">
      <Item iri="http://purl.obolibrary.org/obo/GRO_0007025"/>
      <Item iri="http://purl.obolibrary.org/obo/GRO_0007026"/>
      <Item iri="http://purl.obolibrary.org/obo/GRO_0007023"/>
      <Item iri="http://purl.obolibrary.org/obo/GRO_0007024"/>
      <Item iri="http://purl.obolibrary.org/obo/GRO_0007029"/>
      <Item iri="http://purl.obolibrary.org/obo/GRO_0007220"/>
      <Item iri="http://purl.obolibrary.org/obo/GRO_0007027"/>
      <Item iri="http://purl.obolibrary.org/obo/GRO_0007028"/>
      <Item iri="http://purl.obolibrary.org/obo/GRO_0007120"/>
      <Item iri="http://purl.obolibrary.org/obo/GRO_0007121"/>
      <Item iri="http://purl.obolibrary.org/obo/GRO_0007129"/>
      <Item iri="http://purl.obolibrary.org/obo/GRO_0007128"/>
      <Item iri="http://purl.obolibrary.org/obo/GRO_0007127"/>
      <Item iri="http://purl.obolibrary.org/obo/GRO_0007229"/>
      <Item iri="http://purl.obolibrary.org/obo/GRO_0007126"/>
      <Item iri="http://purl.obolibrary.org/obo/GRO_0007125"/>
      <Item iri="http://purl.obolibrary.org/obo/GRO_0007124"/>
      <Item iri="http://purl.obolibrary.org/obo/GRO_0007123"/>
      <Item iri="http://purl.obolibrary.org/obo/GRO_0007122"/>
      <Item iri="http://purl.obolibrary.org/obo/GRO_0007224"/>
      <Item iri="http://purl.obolibrary.org/obo/GRO_0007223"/>
      <Item iri="http://purl.obolibrary.org/obo/GRO_0007222"/>
      <Item iri="http://purl.obolibrary.org/obo/GRO_0007221"/>
      <Item iri="http://purl.obolibrary.org/obo/GRO_0007228"/>
      <Item iri="http://purl.obolibrary.org/obo/GRO_0007022"/>
      <Item iri="http://purl.obolibrary.org/obo/GRO_0007227"/>
      <Item iri="http://purl.obolibrary.org/obo/GRO_0007021"/>
      <Item iri="http://purl.obolibrary.org/obo/GRO_0007226"/>
      <Item iri="http://purl.obolibrary.org/obo/GRO_0007020"/>
      <Item iri="http://purl.obolibrary.org/obo/GRO_0007225"/>
      <Item iri="http://purl.obolibrary.org/obo/GRO_0007012"/>
      <Item iri="http://purl.obolibrary.org/obo/GRO_0007013"/>
      <Item iri="http://purl.obolibrary.org/obo/GRO_0007014"/>
      <Item iri="http://purl.obolibrary.org/obo/GRO_0007015"/>
      <Item iri="http://purl.obolibrary.org/obo/GRO_0007016"/>
      <Item iri="http://purl.obolibrary.org/obo/GRO_0007017"/>
      <Item iri="http://purl.obolibrary.org/obo/GRO_0007018"/>
      <Item iri="http://purl.obolibrary.org/obo/GRO_0007019"/>
      <Item iri="http://purl.obolibrary.org/obo/GRO_0007110"/>
      <Item iri="http://purl.obolibrary.org/obo/GRO_0007116"/>
      <Item iri="http://purl.obolibrary.org/obo/GRO_0007219"/>
      <Item iri="http://purl.obolibrary.org/obo/GRO_0007115"/>
      <Item iri="http://purl.obolibrary.org/obo/GRO_0007218"/>
      <Item iri="http://purl.obolibrary.org/obo/GRO_0007118"/>
      <Item iri="http://purl.obolibrary.org/obo/GRO_0007117"/>
      <Item iri="http://purl.obolibrary.org/obo/GRO_0007112"/>
      <Item iri="http://purl.obolibrary.org/obo/GRO_0007111"/>
      <Item iri="http://purl.obolibrary.org/obo/GRO_0007114"/>
      <Item iri="http://purl.obolibrary.org/obo/GRO_0007113"/>
      <Item iri="http://purl.obolibrary.org/obo/GRO_0007211"/>
      <Item iri="http://purl.obolibrary.org/obo/GRO_0007210"/>
      <Item iri="http://purl.obolibrary.org/obo/GRO_0007213"/>
      <Item iri="http://purl.obolibrary.org/obo/GRO_0007212"/>
      <Item iri="http://purl.obolibrary.org/obo/GRO_0007119"/>
      <Item iri="http://purl.obolibrary.org/obo/GRO_0007214"/>
      <Item iri="http://purl.obolibrary.org/obo/GRO_0007217"/>
      <Item iri="http://purl.obolibrary.org/obo/GRO_0007011"/>
      <Item iri="http://purl.obolibrary.org/obo/GRO_0007216"/>
      <Item iri="http://purl.obolibrary.org/obo/GRO_0007010"/>
      <Item iri="http://purl.obolibrary.org/obo/GRO_0007049"/>
      <Item iri="http://purl.obolibrary.org/obo/GRO_0007047"/>
      <Item iri="http://purl.obolibrary.org/obo/GRO_0007048"/>
      <Item iri="http://purl.obolibrary.org/obo/GRO_0007045"/>
      <Item iri="http://purl.obolibrary.org/obo/GRO_0007046"/>
      <Item iri="http://purl.obolibrary.org/obo/GRO_0007103"/>
      <Item iri="http://purl.obolibrary.org/obo/GRO_0007102"/>
      <Item iri="http://purl.obolibrary.org/obo/GRO_0007101"/>
      <Item iri="http://purl.obolibrary.org/obo/GRO_0007100"/>
      <Item iri="http://purl.obolibrary.org/obo/GRO_0007107"/>
      <Item iri="http://purl.obolibrary.org/obo/GRO_0007106"/>
      <Item iri="http://purl.obolibrary.org/obo/GRO_0007105"/>
      <Item iri="http://purl.obolibrary.org/obo/GRO_0007104"/>
      <Item iri="http://purl.obolibrary.org/obo/GRO_0007044"/>
      <Item iri="http://purl.obolibrary.org/obo/GRO_0007043"/>
      <Item iri="http://purl.obolibrary.org/obo/GRO_0007042"/>
      <Item iri="http://purl.obolibrary.org/obo/GRO_0007109"/>
      <Item iri="http://purl.obolibrary.org/obo/GRO_0007108"/>
      <Item iri="http://purl.obolibrary.org/obo/GRO_0007038"/>
      <Item iri="http://purl.obolibrary.org/obo/GRO_0007039"/>
      <Item iri="http://purl.obolibrary.org/obo/GRO_0007230"/>
      <Item iri="http://purl.obolibrary.org/obo/GRO_0007231"/>
      <Item iri="http://purl.obolibrary.org/obo/GRO_0007034"/>
      <Item iri="http://purl.obolibrary.org/obo/GRO_0007035"/>
      <Item iri="http://purl.obolibrary.org/obo/GRO_0007036"/>
      <Item iri="http://purl.obolibrary.org/obo/GRO_0007037"/>
      <Item iri="http://purl.obolibrary.org/obo/GRO_0007031"/>
      <Item iri="http://purl.obolibrary.org/obo/GRO_0007236"/>
      <Item iri="http://purl.obolibrary.org/obo/GRO_0007030"/>
      <Item iri="http://purl.obolibrary.org/obo/GRO_0007033"/>
      <Item iri="http://purl.obolibrary.org/obo/GRO_0007032"/>
      <Item iri="http://purl.obolibrary.org/obo/GRO_0007233"/>
      <Item iri="http://purl.obolibrary.org/obo/GRO_0007232"/>
      <Item iri="http://purl.obolibrary.org/obo/GRO_0007235"/>
      <Item iri="http://purl.obolibrary.org/obo/GRO_0007234"/>
      <Item iri="http://purl.obolibrary.org/obo/GRO_0007165"/>
      <Item iri="http://purl.obolibrary.org/obo/GRO_0007164"/>
      <Item iri="http://purl.obolibrary.org/obo/GRO_0007163"/>
      <Item iri="http://purl.obolibrary.org/obo/GRO_0007162"/>
      <Item iri="http://purl.obolibrary.org/obo/GRO_0007161"/>
      <Item iri="http://purl.obolibrary.org/obo/GRO_0007160"/>
      <Item iri="http://purl.obolibrary.org/obo/GRO_0007168"/>
      <Item iri="http://purl.obolibrary.org/obo/GRO_0007169"/>
      <Item iri="http://purl.obolibrary.org/obo/GRO_0007166"/>
      <Item iri="http://purl.obolibrary.org/obo/GRO_0007167"/>
      <Item iri="http://purl.obolibrary.org/obo/GRO_0007152"/>
      <Item iri="http://purl.obolibrary.org/obo/GRO_0007151"/>
      <Item iri="http://purl.obolibrary.org/obo/GRO_0007154"/>
      <Item iri="http://purl.obolibrary.org/obo/GRO_0007153"/>
      <Item iri="http://purl.obolibrary.org/obo/GRO_0007150"/>
      <Item iri="http://purl.obolibrary.org/obo/GRO_0007159"/>
      <Item iri="http://purl.obolibrary.org/obo/GRO_0007156"/>
      <Item iri="http://purl.obolibrary.org/obo/GRO_0007157"/>
      <Item iri="http://purl.obolibrary.org/obo/GRO_0007158"/>
      <Item iri="http://purl.obolibrary.org/obo/GRO_0007143"/>
      <Item iri="http://purl.obolibrary.org/obo/GRO_0007142"/>
      <Item iri="http://purl.obolibrary.org/obo/GRO_0007141"/>
      <Item iri="http://purl.obolibrary.org/obo/GRO_0007140"/>
      <Item iri="http://purl.obolibrary.org/obo/GRO_0007009"/>
      <Item iri="http://purl.obolibrary.org/obo/GRO_0007008"/>
      <Item iri="http://purl.obolibrary.org/obo/GRO_0007007"/>
      <Item iri="http://purl.obolibrary.org/obo/GRO_0007006"/>
      <Item iri="http://purl.obolibrary.org/obo/GRO_0007005"/>
      <Item iri="http://purl.obolibrary.org/obo/GRO_0007004"/>
      <Item iri="http://purl.obolibrary.org/obo/GRO_0007003"/>
      <Item iri="http://purl.obolibrary.org/obo/GRO_0007002"/>
      <Item iri="http://purl.obolibrary.org/obo/GRO_0007001"/>
      <Item iri="http://purl.obolibrary.org/obo/GRO_0007000"/>
      <Item iri="http://purl.obolibrary.org/obo/GRO_0007146"/>
      <Item iri="http://purl.obolibrary.org/obo/GRO_0007144"/>
      <Item iri="http://purl.obolibrary.org/obo/GRO_0007145"/>
      <Item iri="http://purl.obolibrary.org/obo/GRO_0007148"/>
      <Item iri="http://purl.obolibrary.org/obo/GRO_0007149"/>
      <Item iri="http://purl.obolibrary.org/obo/GRO_0007130"/>
      <Item iri="http://purl.obolibrary.org/obo/GRO_0007132"/>
      <Item iri="http://purl.obolibrary.org/obo/GRO_0007131"/>
      <Item iri="http://purl.obolibrary.org/obo/GRO_0007133"/>
      <Item iri="http://purl.obolibrary.org/obo/GRO_0007134"/>
      <Item iri="http://purl.obolibrary.org/obo/GRO_0007135"/>
      <Item iri="http://purl.obolibrary.org/obo/GRO_0007137"/>
      <Item iri="http://purl.obolibrary.org/obo/GRO_0007138"/>
      <Item iri="http://purl.obolibrary.org/obo/GRO_0007139"/>
      <Item iri="http://purl.obolibrary.org/obo/GRO_0007091"/>
      <Item iri="http://purl.obolibrary.org/obo/GRO_0007090"/>
      <Item iri="http://purl.obolibrary.org/obo/GRO_0007099"/>
      <Item iri="http://purl.obolibrary.org/obo/GRO_0007098"/>
      <Item iri="http://purl.obolibrary.org/obo/GRO_0007097"/>
      <Item iri="http://purl.obolibrary.org/obo/GRO_0007096"/>
      <Item iri="http://purl.obolibrary.org/obo/GRO_0007095"/>
      <Item iri="http://purl.obolibrary.org/obo/GRO_0007094"/>
      <Item iri="http://purl.obolibrary.org/obo/GRO_0007093"/>
      <Item iri="http://purl.obolibrary.org/obo/GRO_0007092"/>
      <Item iri="http://purl.obolibrary.org/obo/GRO_0007190"/>
      <Item iri="http://purl.obolibrary.org/obo/GRO_0007193"/>
      <Item iri="http://purl.obolibrary.org/obo/GRO_0007194"/>
      <Item iri="http://purl.obolibrary.org/obo/GRO_0007191"/>
      <Item iri="http://purl.obolibrary.org/obo/GRO_0007192"/>
      <Item iri="http://purl.obolibrary.org/obo/GRO_0007197"/>
      <Item iri="http://purl.obolibrary.org/obo/GRO_0007198"/>
      <Item iri="http://purl.obolibrary.org/obo/GRO_0007195"/>
      <Item iri="http://purl.obolibrary.org/obo/GRO_0007196"/>
      <Item iri="http://purl.obolibrary.org/obo/GRO_0007179"/>
      <Item iri="http://purl.obolibrary.org/obo/GRO_0007178"/>
      <Item iri="http://purl.obolibrary.org/obo/GRO_0007177"/>
      <Item iri="http://purl.obolibrary.org/obo/GRO_0007175"/>
      <Item iri="http://purl.obolibrary.org/obo/GRO_0007176"/>
      <Item iri="http://purl.obolibrary.org/obo/GRO_0007173"/>
      <Item iri="http://purl.obolibrary.org/obo/GRO_0007174"/>
      <Item iri="http://purl.obolibrary.org/obo/GRO_0007171"/>
      <Item iri="http://purl.obolibrary.org/obo/GRO_0007172"/>
      <Item iri="http://purl.obolibrary.org/obo/GRO_0007170"/>
      <Item iri="http://purl.obolibrary.org/obo/GRO_0007189"/>
      <Item iri="http://purl.obolibrary.org/obo/GRO_0007188"/>
      <Item iri="http://purl.obolibrary.org/obo/GRO_0007184"/>
      <Item iri="http://purl.obolibrary.org/obo/GRO_0007185"/>
      <Item iri="http://purl.obolibrary.org/obo/GRO_0007186"/>
      <Item iri="http://purl.obolibrary.org/obo/GRO_0007187"/>
      <Item iri="http://purl.obolibrary.org/obo/GRO_0007180"/>
      <Item iri="http://purl.obolibrary.org/obo/GRO_0007181"/>
      <Item iri="http://purl.obolibrary.org/obo/GRO_0007182"/>
      <Item iri="http://purl.obolibrary.org/obo/GRO_0007183"/>
      <Item iri="http://purl.obolibrary.org/obo/GRO_0007054"/>
      <Item iri="http://purl.obolibrary.org/obo/GRO_0007055"/>
      <Item iri="http://purl.obolibrary.org/obo/GRO_0007052"/>
      <Item iri="http://purl.obolibrary.org/obo/GRO_0007053"/>
      <Item iri="http://purl.obolibrary.org/obo/GRO_0007051"/>
      <Item iri="http://purl.obolibrary.org/obo/GRO_0007059"/>
      <Item iri="http://purl.obolibrary.org/obo/GRO_0007058"/>
      <Item iri="http://purl.obolibrary.org/obo/GRO_0007057"/>
      <Item iri="http://purl.obolibrary.org/obo/GRO_0007056"/>
      <Item iri="http://purl.obolibrary.org/obo/GRO_0007063"/>
      <Item iri="http://purl.obolibrary.org/obo/GRO_0007064"/>
      <Item iri="http://purl.obolibrary.org/obo/GRO_0007065"/>
      <Item iri="http://purl.obolibrary.org/obo/GRO_0007066"/>
      <Item iri="http://purl.obolibrary.org/obo/GRO_0007060"/>
      <Item iri="http://purl.obolibrary.org/obo/GRO_0007061"/>
      <Item iri="http://purl.obolibrary.org/obo/GRO_0007062"/>
      <Item iri="http://purl.obolibrary.org/obo/GRO_0007068"/>
      <Item iri="http://purl.obolibrary.org/obo/GRO_0007067"/>
      <Item iri="http://purl.obolibrary.org/obo/GRO_0007069"/>
      <Item iri="http://purl.obolibrary.org/obo/GRO_0007072"/>
      <Item iri="http://purl.obolibrary.org/obo/GRO_0007203"/>
      <Item iri="http://purl.obolibrary.org/obo/GRO_0007073"/>
      <Item iri="http://purl.obolibrary.org/obo/GRO_0007204"/>
      <Item iri="http://purl.obolibrary.org/obo/GRO_0007070"/>
      <Item iri="http://purl.obolibrary.org/obo/GRO_0007205"/>
      <Item iri="http://purl.obolibrary.org/obo/GRO_0007071"/>
      <Item iri="http://purl.obolibrary.org/obo/GRO_0007206"/>
      <Item iri="http://purl.obolibrary.org/obo/GRO_0007076"/>
      <Item iri="http://purl.obolibrary.org/obo/GRO_0007077"/>
      <Item iri="http://purl.obolibrary.org/obo/GRO_0007200"/>
      <Item iri="http://purl.obolibrary.org/obo/GRO_0007074"/>
      <Item iri="http://purl.obolibrary.org/obo/GRO_0007201"/>
      <Item iri="http://purl.obolibrary.org/obo/GRO_0007075"/>
      <Item iri="http://purl.obolibrary.org/obo/GRO_0007202"/>
      <Item iri="http://purl.obolibrary.org/obo/GRO_0007207"/>
      <Item iri="http://purl.obolibrary.org/obo/GRO_0007208"/>
      <Item iri="http://purl.obolibrary.org/obo/GRO_0007209"/>
      <Item iri="http://purl.obolibrary.org/obo/GRO_0007079"/>
      <Item iri="http://purl.obolibrary.org/obo/GRO_0007078"/>
      <Item iri="http://purl.obolibrary.org/obo/GRO_0007081"/>
      <Item iri="http://purl.obolibrary.org/obo/GRO_0007082"/>
      <Item iri="http://purl.obolibrary.org/obo/GRO_0007083"/>
      <Item iri="http://purl.obolibrary.org/obo/GRO_0007084"/>
      <Item iri="http://purl.obolibrary.org/obo/GRO_0007085"/>
      <Item iri="http://purl.obolibrary.org/obo/GRO_0007086"/>
      <Item iri="http://purl.obolibrary.org/obo/GRO_0007087"/>
      <Item iri="http://purl.obolibrary.org/obo/GRO_0007088"/>
      <Item iri="http://purl.obolibrary.org/obo/GRO_0007080"/>
      <Item iri="http://purl.obolibrary.org/obo/GRO_0007089"/>
      <Generalisations>
         <Generalisation axiom="?cluster_2 SubClassOf CEREAL_PLANT_GROWTH_STAGE_part_of some &#10;((?GRO_0007199_conjunction and ?cluster_1_conjunction) and (CEREAL_PLANT_GROWTH_STAGE_part_of some &#10;(?GRO_0007199_conjunction and ?cluster_1_conjunction)))" count="2" instantiationStats="?cluster_2 count: 2; ?cluster_1 count: 2; ?GRO_0007199 count: 4">
            <Axiom axiom="GRO_0007147 SubClassOf CEREAL_PLANT_GROWTH_STAGE_part_of some &#10;((GRO_0007001 and GRO_0007040 and GRO_0007048 and GRO_0007139 and GRO_0007199) and (CEREAL_PLANT_GROWTH_STAGE_part_of some &#10;(GRO_0007001 and GRO_0007040 and GRO_0007140 and GRO_0007199)))"/>
            <Axiom axiom="GRO_0007041 SubClassOf CEREAL_PLANT_GROWTH_STAGE_part_of some &#10;((GRO_0007001 and GRO_0007040 and GRO_0007048 and GRO_0007139 and GRO_0007199) and (CEREAL_PLANT_GROWTH_STAGE_part_of some &#10;(GRO_0007001 and GRO_0007040 and GRO_0007140 and GRO_0007199)))"/>
         </Generalisation>
         <Generalisation axiom="?GRO_0007199 SubClassOf CEREAL_PLANT_GROWTH_STAGE_part_of some &#10;(?GRO_0007199_conjunction and ?cluster_1)" count="3" instantiationStats="?cluster_1 count: 1; ?GRO_0007199 count: 6">
            <Axiom axiom="GRO_0007018 SubClassOf CEREAL_PLANT_GROWTH_STAGE_part_of some &#10;(GRO_0007002 and GRO_0007012 and GRO_0007016 and GRO_0007199)"/>
            <Axiom axiom="GRO_0007019 SubClassOf CEREAL_PLANT_GROWTH_STAGE_part_of some &#10;(GRO_0007002 and GRO_0007012 and GRO_0007016 and GRO_0007199)"/>
            <Axiom axiom="GRO_0007017 SubClassOf CEREAL_PLANT_GROWTH_STAGE_part_of some &#10;(GRO_0007002 and GRO_0007012 and GRO_0007016 and GRO_0007199)"/>
         </Generalisation>
         <Generalisation axiom="?GRO_0007199 SubClassOf ?GRO_0007199" count="377" instantiationStats="?GRO_0007199 count: 229">
            <Axiom axiom="GRO_0007154 SubClassOf GRO_0007042"/>
            <Axiom axiom="GRO_0007235 SubClassOf GRO_0007236"/>
            <Axiom axiom="GRO_0007120 SubClassOf GRO_0007156"/>
            <Axiom axiom="GRO_0007044 SubClassOf GRO_0007001"/>
            <Axiom axiom="GRO_0007032 SubClassOf GRO_0007002"/>
            <Axiom axiom="GRO_0007212 SubClassOf GRO_0007159"/>
            <Axiom axiom="GRO_0007134 SubClassOf GRO_0007124"/>
            <Axiom axiom="GRO_0007230 SubClassOf GRO_0007225"/>
            <Axiom axiom="GRO_0007214 SubClassOf GRO_0007159"/>
            <Axiom axiom="GRO_0007166 SubClassOf GRO_0007138"/>
            <Axiom axiom="GRO_0007103 SubClassOf GRO_0007156"/>
            <Axiom axiom="GRO_0007073 SubClassOf GRO_0007069"/>
            <Axiom axiom="GRO_0007221 SubClassOf GRO_0007212"/>
            <Axiom axiom="GRO_0007112 SubClassOf GRO_0007110"/>
            <Axiom axiom="GRO_0007051 SubClassOf GRO_0007156"/>
            <Axiom axiom="GRO_0007193 SubClassOf GRO_0007001"/>
            <Axiom axiom="GRO_0007046 SubClassOf GRO_0007141"/>
            <Axiom axiom="GRO_0007014 SubClassOf GRO_0007002"/>
            <Axiom axiom="GRO_0007219 SubClassOf GRO_0007159"/>
            <Axiom axiom="GRO_0007077 SubClassOf GRO_0007156"/>
            <Axiom axiom="GRO_0007141 SubClassOf GRO_0007001"/>
            <Axiom axiom="GRO_0007193 SubClassOf GRO_0007000"/>
            <Axiom axiom="GRO_0007102 SubClassOf GRO_0007101"/>
            <Axiom axiom="GRO_0007177 SubClassOf GRO_0007137"/>
            <Axiom axiom="GRO_0007144 SubClassOf GRO_0007139"/>
            <Axiom axiom="GRO_0007074 SubClassOf GRO_0007156"/>
            <Axiom axiom="GRO_0007236 SubClassOf GRO_0007043"/>
            <Axiom axiom="GRO_0007132 SubClassOf GRO_0007124"/>
            <Axiom axiom="GRO_0007223 SubClassOf GRO_0007212"/>
            <Axiom axiom="GRO_0007227 SubClassOf GRO_0007225"/>
            <Axiom axiom="GRO_0007102 SubClassOf GRO_0007156"/>
            <Axiom axiom="GRO_0007021 SubClassOf GRO_0007020"/>
            <Axiom axiom="GRO_0007200 SubClassOf GRO_0007157"/>
            <Axiom axiom="GRO_0007038 SubClassOf GRO_0007037"/>
            <Axiom axiom="GRO_0007070 SubClassOf GRO_0007069"/>
            <Axiom axiom="GRO_0007139 SubClassOf GRO_0007001"/>
            <Axiom axiom="GRO_0007179 SubClassOf GRO_0007160"/>
            <Axiom axiom="GRO_0007026 SubClassOf GRO_0007025"/>
            <Axiom axiom="GRO_0007216 SubClassOf GRO_0007139"/>
            <Axiom axiom="GRO_0007232 SubClassOf GRO_0007139"/>
            <Axiom axiom="GRO_0007188 SubClassOf GRO_0007160"/>
            <Axiom axiom="GRO_0007227 SubClassOf GRO_0007159"/>
            <Axiom axiom="GRO_0007133 SubClassOf GRO_0007132"/>
            <Axiom axiom="GRO_0007084 SubClassOf GRO_0007080"/>
            <Axiom axiom="GRO_0007020 SubClassOf GRO_0007002"/>
            <Axiom axiom="GRO_0007176 SubClassOf GRO_0007137"/>
            <Axiom axiom="GRO_0007109 SubClassOf GRO_0007156"/>
            <Axiom axiom="GRO_0007093 SubClassOf GRO_0007090"/>
            <Axiom axiom="GRO_0007205 SubClassOf GRO_0007158"/>
            <Axiom axiom="GRO_0007072 SubClassOf GRO_0007156"/>
            <Axiom axiom="GRO_0007057 SubClassOf GRO_0007051"/>
            <Axiom axiom="GRO_0007011 SubClassOf GRO_0007002"/>
            <Axiom axiom="GRO_0007035 SubClassOf GRO_0007029"/>
            <Axiom axiom="GRO_0007033 SubClassOf GRO_0007029"/>
            <Axiom axiom="GRO_0007019 SubClassOf GRO_0007017"/>
            <Axiom axiom="GRO_0007191 SubClassOf GRO_0007001"/>
            <Axiom axiom="GRO_0007052 SubClassOf GRO_0007156"/>
            <Axiom axiom="GRO_0007110 SubClassOf GRO_0007156"/>
            <Axiom axiom="GRO_0007091 SubClassOf GRO_0007090"/>
            <Axiom axiom="GRO_0007028 SubClassOf GRO_0007002"/>
            <Axiom axiom="GRO_0007117 SubClassOf GRO_0007114"/>
            <Axiom axiom="GRO_0007054 SubClassOf GRO_0007051"/>
            <Axiom axiom="GRO_0007079 SubClassOf GRO_0007069"/>
            <Axiom axiom="GRO_0007118 SubClassOf GRO_0007156"/>
            <Axiom axiom="GRO_0007021 SubClassOf GRO_0007002"/>
            <Axiom axiom="GRO_0007113 SubClassOf GRO_0007110"/>
            <Axiom axiom="GRO_0007116 SubClassOf GRO_0007156"/>
            <Axiom axiom="GRO_0007145 SubClassOf GRO_0007139"/>
            <Axiom axiom="GRO_0007151 SubClassOf GRO_0007001"/>
            <Axiom axiom="GRO_0007082 SubClassOf GRO_0007080"/>
            <Axiom axiom="GRO_0007073 SubClassOf GRO_0007156"/>
            <Axiom axiom="GRO_0007123 SubClassOf GRO_0007114"/>
            <Axiom axiom="GRO_0007146 SubClassOf GRO_0007139"/>
            <Axiom axiom="GRO_0007028 SubClassOf GRO_0007025"/>
            <Axiom axiom="GRO_0007023 SubClassOf GRO_0007002"/>
            <Axiom axiom="GRO_0007231 SubClassOf GRO_0007001"/>
            <Axiom axiom="GRO_0007224 SubClassOf GRO_0007212"/>
            <Axiom axiom="GRO_0007055 SubClassOf GRO_0007156"/>
            <Axiom axiom="GRO_0007013 SubClassOf GRO_0007002"/>
            <Axiom axiom="GRO_0007070 SubClassOf GRO_0007156"/>
            <Axiom axiom="GRO_0007148 SubClassOf GRO_0007140"/>
            <Axiom axiom="GRO_0007056 SubClassOf GRO_0007051"/>
            <Axiom axiom="GRO_0007090 SubClassOf GRO_0007156"/>
            <Axiom axiom="GRO_0007153 SubClassOf GRO_0007124"/>
            <Axiom axiom="GRO_0007120 SubClassOf GRO_0007114"/>
            <Axiom axiom="GRO_0007109 SubClassOf GRO_0007105"/>
            <Axiom axiom="GRO_0007203 SubClassOf GRO_0007158"/>
            <Axiom axiom="GRO_0007077 SubClassOf GRO_0007069"/>
            <Axiom axiom="GRO_0007235 SubClassOf GRO_0007139"/>
            <Axiom axiom="GRO_0007119 SubClassOf GRO_0007114"/>
            <Axiom axiom="GRO_0007210 SubClassOf GRO_0007159"/>
            <Axiom axiom="GRO_0007083 SubClassOf GRO_0007080"/>
            <Axiom axiom="GRO_0007075 SubClassOf GRO_0007156"/>
            <Axiom axiom="GRO_0007047 SubClassOf GRO_0007001"/>
            <Axiom axiom="GRO_0007007 SubClassOf GRO_0007002"/>
            <Axiom axiom="GRO_0007048 SubClassOf GRO_0007139"/>
            <Axiom axiom="GRO_0007034 SubClassOf GRO_0007002"/>
            <Axiom axiom="GRO_0007100 SubClassOf GRO_0007156"/>
            <Axiom axiom="GRO_0007064 SubClassOf GRO_0007058"/>
            <Axiom axiom="GRO_0007061 SubClassOf GRO_0007156"/>
            <Axiom axiom="GRO_0007053 SubClassOf GRO_0007051"/>
            <Axiom axiom="GRO_0007030 SubClassOf GRO_0007029"/>
            <Axiom axiom="GRO_0007095 SubClassOf GRO_0007156"/>
            <Axiom axiom="GRO_0007148 SubClassOf GRO_0007001"/>
            <Axiom axiom="GRO_0007197 SubClassOf GRO_0007157"/>
            <Axiom axiom="GRO_0007149 SubClassOf GRO_0007148"/>
            <Axiom axiom="GRO_0007066 SubClassOf GRO_0007156"/>
            <Axiom axiom="GRO_0007170 SubClassOf GRO_0007137"/>
            <Axiom axiom="GRO_0007226 SubClassOf GRO_0007159"/>
            <Axiom axiom="GRO_0007004 SubClassOf GRO_0007001"/>
            <Axiom axiom="GRO_0007096 SubClassOf GRO_0007156"/>
            <Axiom axiom="GRO_0007178 SubClassOf GRO_0007160"/>
            <Axiom axiom="GRO_0007209 SubClassOf GRO_0007159"/>
            <Axiom axiom="GRO_0007228 SubClassOf GRO_0007159"/>
            <Axiom axiom="GRO_0007186 SubClassOf GRO_0007160"/>
            <Axiom axiom="GRO_0007015 SubClassOf GRO_0007002"/>
            <Axiom axiom="GRO_0007039 SubClassOf GRO_0007037"/>
            <Axiom axiom="GRO_0007194 SubClassOf GRO_0007003"/>
            <Axiom axiom="GRO_0007167 SubClassOf GRO_0007138"/>
            <Axiom axiom="GRO_0007093 SubClassOf GRO_0007156"/>
            <Axiom axiom="GRO_0007190 SubClassOf GRO_0007157"/>
            <Axiom axiom="GRO_0007194 SubClassOf GRO_0007002"/>
            <Axiom axiom="GRO_0007233 SubClassOf GRO_0007001"/>
            <Axiom axiom="GRO_0007046 SubClassOf GRO_0007001"/>
            <Axiom axiom="GRO_0007222 SubClassOf GRO_0007212"/>
            <Axiom axiom="GRO_0007149 SubClassOf GRO_0007140"/>
            <Axiom axiom="GRO_0007103 SubClassOf GRO_0007101"/>
            <Axiom axiom="GRO_0007099 SubClassOf GRO_0007095"/>
            <Axiom axiom="GRO_0007185 SubClassOf GRO_0007160"/>
            <Axiom axiom="GRO_0007115 SubClassOf GRO_0007156"/>
            <Axiom axiom="GRO_0007018 SubClassOf GRO_0007017"/>
            <Axiom axiom="GRO_0007184 SubClassOf GRO_0007160"/>
            <Axiom axiom="GRO_0007008 SubClassOf GRO_0007002"/>
            <Axiom axiom="GRO_0007087 SubClassOf GRO_0007156"/>
            <Axiom axiom="GRO_0007196 SubClassOf GRO_0007157"/>
            <Axiom axiom="GRO_0007145 SubClassOf GRO_0007001"/>
            <Axiom axiom="GRO_0007151 SubClassOf GRO_0007044"/>
            <Axiom axiom="GRO_0007220 SubClassOf GRO_0007212"/>
            <Axiom axiom="GRO_0007031 SubClassOf GRO_0007002"/>
            <Axiom axiom="GRO_0007065 SubClassOf GRO_0007058"/>
            <Axiom axiom="GRO_0007024 SubClassOf GRO_0007020"/>
            <Axiom axiom="GRO_0007065 SubClassOf GRO_0007156"/>
            <Axiom axiom="GRO_0007121 SubClassOf GRO_0007156"/>
            <Axiom axiom="GRO_0007000 SubClassOf GRO_0007139"/>
            <Axiom axiom="GRO_0007009 SubClassOf GRO_0007007"/>
            <Axiom axiom="GRO_0007164 SubClassOf GRO_0007138"/>
            <Axiom axiom="GRO_0007049 SubClassOf GRO_0007001"/>
            <Axiom axiom="GRO_0007233 SubClassOf GRO_0007231"/>
            <Axiom axiom="GRO_0007222 SubClassOf GRO_0007159"/>
            <Axiom axiom="GRO_0007081 SubClassOf GRO_0007156"/>
            <Axiom axiom="GRO_0007107 SubClassOf GRO_0007105"/>
            <Axiom axiom="GRO_0007187 SubClassOf GRO_0007160"/>
            <Axiom axiom="GRO_0007089 SubClassOf GRO_0007080"/>
            <Axiom axiom="GRO_0007069 SubClassOf GRO_0007156"/>
            <Axiom axiom="GRO_0007217 SubClassOf GRO_0007212"/>
            <Axiom axiom="GRO_0007162 SubClassOf GRO_0007138"/>
            <Axiom axiom="GRO_0007094 SubClassOf GRO_0007090"/>
            <Axiom axiom="GRO_0007031 SubClassOf GRO_0007030"/>
            <Axiom axiom="GRO_0007089 SubClassOf GRO_0007156"/>
            <Axiom axiom="GRO_0007096 SubClassOf GRO_0007095"/>
            <Axiom axiom="GRO_0007234 SubClassOf GRO_0007043"/>
            <Axiom axiom="GRO_0007172 SubClassOf GRO_0007137"/>
            <Axiom axiom="GRO_0007083 SubClassOf GRO_0007156"/>
            <Axiom axiom="GRO_0007234 SubClassOf GRO_0007001"/>
            <Axiom axiom="GRO_0007204 SubClassOf GRO_0007158"/>
            <Axiom axiom="GRO_0007100 SubClassOf GRO_0007095"/>
            <Axiom axiom="GRO_0007081 SubClassOf GRO_0007080"/>
            <Axiom axiom="GRO_0007206 SubClassOf GRO_0007158"/>
            <Axiom axiom="GRO_0007229 SubClassOf GRO_0007159"/>
            <Axiom axiom="GRO_0007017 SubClassOf GRO_0007002"/>
            <Axiom axiom="GRO_0007053 SubClassOf GRO_0007156"/>
            <Axiom axiom="GRO_0007106 SubClassOf GRO_0007105"/>
            <Axiom axiom="GRO_0007165 SubClassOf GRO_0007138"/>
            <Axiom axiom="GRO_0007181 SubClassOf GRO_0007160"/>
            <Axiom axiom="GRO_0007144 SubClassOf GRO_0007049"/>
            <Axiom axiom="GRO_0007086 SubClassOf GRO_0007080"/>
            <Axiom axiom="GRO_0007201 SubClassOf GRO_0007157"/>
            <Axiom axiom="GRO_0007101 SubClassOf GRO_0007156"/>
            <Axiom axiom="GRO_0007092 SubClassOf GRO_0007090"/>
            <Axiom axiom="GRO_0007224 SubClassOf GRO_0007159"/>
            <Axiom axiom="GRO_0007129 SubClassOf GRO_0007124"/>
            <Axiom axiom="GRO_0007117 SubClassOf GRO_0007156"/>
            <Axiom axiom="GRO_0007232 SubClassOf GRO_0007043"/>
            <Axiom axiom="GRO_0007025 SubClassOf GRO_0007002"/>
            <Axiom axiom="GRO_0007225 SubClassOf GRO_0007159"/>
            <Axiom axiom="GRO_0007152 SubClassOf GRO_0007042"/>
            <Axiom axiom="GRO_0007116 SubClassOf GRO_0007114"/>
            <Axiom axiom="GRO_0007130 SubClassOf GRO_0007124"/>
            <Axiom axiom="GRO_0007229 SubClassOf GRO_0007225"/>
            <Axiom axiom="GRO_0007094 SubClassOf GRO_0007156"/>
            <Axiom axiom="GRO_0007180 SubClassOf GRO_0007160"/>
            <Axiom axiom="GRO_0007161 SubClassOf GRO_0007138"/>
            <Axiom axiom="GRO_0007195 SubClassOf GRO_0007157"/>
            <Axiom axiom="GRO_0007035 SubClassOf GRO_0007002"/>
            <Axiom axiom="GRO_0007059 SubClassOf GRO_0007156"/>
            <Axiom axiom="GRO_0007191 SubClassOf GRO_0007139"/>
            <Axiom axiom="GRO_0007228 SubClassOf GRO_0007225"/>
            <Axiom axiom="GRO_0007105 SubClassOf GRO_0007156"/>
            <Axiom axiom="GRO_0007047 SubClassOf GRO_0007139"/>
            <Axiom axiom="GRO_0007014 SubClassOf GRO_0007012"/>
            <Axiom axiom="GRO_0007060 SubClassOf GRO_0007156"/>
            <Axiom axiom="GRO_0007057 SubClassOf GRO_0007156"/>
            <Axiom axiom="GRO_0007078 SubClassOf GRO_0007156"/>
            <Axiom axiom="GRO_0007042 SubClassOf GRO_0007001"/>
            <Axiom axiom="GRO_0007098 SubClassOf GRO_0007095"/>
            <Axiom axiom="GRO_0007219 SubClassOf GRO_0007212"/>
            <Axiom axiom="GRO_0007107 SubClassOf GRO_0007156"/>
            <Axiom axiom="GRO_0007092 SubClassOf GRO_0007156"/>
            <Axiom axiom="GRO_0007059 SubClassOf GRO_0007058"/>
            <Axiom axiom="GRO_0007189 SubClassOf GRO_0007157"/>
            <Axiom axiom="GRO_0007226 SubClassOf GRO_0007225"/>
            <Axiom axiom="GRO_0007192 SubClassOf GRO_0007139"/>
            <Axiom axiom="GRO_0007005 SubClassOf GRO_0007003"/>
            <Axiom axiom="GRO_0007076 SubClassOf GRO_0007156"/>
            <Axiom axiom="GRO_0007085 SubClassOf GRO_0007156"/>
            <Axiom axiom="GRO_0007168 SubClassOf GRO_0007137"/>
            <Axiom axiom="GRO_0007175 SubClassOf GRO_0007137"/>
            <Axiom axiom="GRO_0007075 SubClassOf GRO_0007069"/>
            <Axiom axiom="GRO_0007142 SubClassOf GRO_0007139"/>
            <Axiom axiom="GRO_0007005 SubClassOf GRO_0007002"/>
            <Axiom axiom="GRO_0007063 SubClassOf GRO_0007058"/>
            <Axiom axiom="GRO_0007084 SubClassOf GRO_0007156"/>
            <Axiom axiom="GRO_0007045 SubClassOf GRO_0007001"/>
            <Axiom axiom="GRO_0007151 SubClassOf GRO_0007140"/>
            <Axiom axiom="GRO_0007086 SubClassOf GRO_0007156"/>
            <Axiom axiom="GRO_0007232 SubClassOf GRO_0007231"/>
            <Axiom axiom="GRO_0007218 SubClassOf GRO_0007159"/>
            <Axiom axiom="GRO_0007044 SubClassOf GRO_0007140"/>
            <Axiom axiom="GRO_0007039 SubClassOf GRO_0007002"/>
            <Axiom axiom="GRO_0007125 SubClassOf GRO_0007124"/>
            <Axiom axiom="GRO_0007027 SubClassOf GRO_0007002"/>
            <Axiom axiom="GRO_0007063 SubClassOf GRO_0007156"/>
            <Axiom axiom="GRO_0007192 SubClassOf GRO_0007001"/>
            <Axiom axiom="GRO_0007150 SubClassOf GRO_0007001"/>
            <Axiom axiom="GRO_0007149 SubClassOf GRO_0007001"/>
            <Axiom axiom="GRO_0007064 SubClassOf GRO_0007156"/>
            <Axiom axiom="GRO_0007192 SubClassOf GRO_0007000"/>
            <Axiom axiom="GRO_0007173 SubClassOf GRO_0007137"/>
            <Axiom axiom="GRO_0007191 SubClassOf GRO_0007000"/>
            <Axiom axiom="GRO_0007062 SubClassOf GRO_0007156"/>
            <Axiom axiom="GRO_0007121 SubClassOf GRO_0007114"/>
            <Axiom axiom="GRO_0007108 SubClassOf GRO_0007156"/>
            <Axiom axiom="GRO_0007217 SubClassOf GRO_0007159"/>
            <Axiom axiom="GRO_0007234 SubClassOf GRO_0007139"/>
            <Axiom axiom="GRO_0007061 SubClassOf GRO_0007058"/>
            <Axiom axiom="GRO_0007111 SubClassOf GRO_0007156"/>
            <Axiom axiom="GRO_0007236 SubClassOf GRO_0007001"/>
            <Axiom axiom="GRO_0007233 SubClassOf GRO_0007139"/>
            <Axiom axiom="GRO_0007037 SubClassOf GRO_0007002"/>
            <Axiom axiom="GRO_0007032 SubClassOf GRO_0007029"/>
            <Axiom axiom="GRO_0007054 SubClassOf GRO_0007156"/>
            <Axiom axiom="GRO_0007236 SubClassOf GRO_0007139"/>
            <Axiom axiom="GRO_0007049 SubClassOf GRO_0007139"/>
            <Axiom axiom="GRO_0007013 SubClassOf GRO_0007012"/>
            <Axiom axiom="GRO_0007031 SubClassOf GRO_0007029"/>
            <Axiom axiom="GRO_0007067 SubClassOf GRO_0007156"/>
            <Axiom axiom="GRO_0007223 SubClassOf GRO_0007159"/>
            <Axiom axiom="GRO_0007099 SubClassOf GRO_0007156"/>
            <Axiom axiom="GRO_0007112 SubClassOf GRO_0007156"/>
            <Axiom axiom="GRO_0007079 SubClassOf GRO_0007156"/>
            <Axiom axiom="GRO_0007029 SubClassOf GRO_0007002"/>
            <Axiom axiom="GRO_0007056 SubClassOf GRO_0007156"/>
            <Axiom axiom="GRO_0007082 SubClassOf GRO_0007156"/>
            <Axiom axiom="GRO_0007235 SubClassOf GRO_0007001"/>
            <Axiom axiom="GRO_0007027 SubClassOf GRO_0007025"/>
            <Axiom axiom="GRO_0007028 SubClassOf GRO_0007027"/>
            <Axiom axiom="GRO_0007022 SubClassOf GRO_0007020"/>
            <Axiom axiom="GRO_0007060 SubClassOf GRO_0007058"/>
            <Axiom axiom="GRO_0007033 SubClassOf GRO_0007002"/>
            <Axiom axiom="GRO_0007003 SubClassOf GRO_0007002"/>
            <Axiom axiom="GRO_0007118 SubClassOf GRO_0007114"/>
            <Axiom axiom="GRO_0007067 SubClassOf GRO_0007058"/>
            <Axiom axiom="GRO_0007131 SubClassOf GRO_0007124"/>
            <Axiom axiom="GRO_0007042 SubClassOf GRO_0007141"/>
            <Axiom axiom="GRO_0007104 SubClassOf GRO_0007156"/>
            <Axiom axiom="GRO_0007211 SubClassOf GRO_0007159"/>
            <Axiom axiom="GRO_0007074 SubClassOf GRO_0007069"/>
            <Axiom axiom="GRO_0007106 SubClassOf GRO_0007156"/>
            <Axiom axiom="GRO_0007133 SubClassOf GRO_0007124"/>
            <Axiom axiom="GRO_0007208 SubClassOf GRO_0007158"/>
            <Axiom axiom="GRO_0007142 SubClassOf GRO_0007001"/>
            <Axiom axiom="GRO_0007043 SubClassOf GRO_0007001"/>
            <Axiom axiom="GRO_0007221 SubClassOf GRO_0007159"/>
            <Axiom axiom="GRO_0007088 SubClassOf GRO_0007080"/>
            <Axiom axiom="GRO_0007150 SubClassOf GRO_0007148"/>
            <Axiom axiom="GRO_0007230 SubClassOf GRO_0007159"/>
            <Axiom axiom="GRO_0007233 SubClassOf GRO_0007043"/>
            <Axiom axiom="GRO_0007097 SubClassOf GRO_0007156"/>
            <Axiom axiom="GRO_0007134 SubClassOf GRO_0007132"/>
            <Axiom axiom="GRO_0007142 SubClassOf GRO_0007047"/>
            <Axiom axiom="GRO_0007207 SubClassOf GRO_0007158"/>
            <Axiom axiom="GRO_0007220 SubClassOf GRO_0007159"/>
            <Axiom axiom="GRO_0007152 SubClassOf GRO_0007141"/>
            <Axiom axiom="GRO_0007113 SubClassOf GRO_0007156"/>
            <Axiom axiom="GRO_0007008 SubClassOf GRO_0007007"/>
            <Axiom axiom="GRO_0007143 SubClassOf GRO_0007124"/>
            <Axiom axiom="GRO_0007115 SubClassOf GRO_0007114"/>
            <Axiom axiom="GRO_0007052 SubClassOf GRO_0007051"/>
            <Axiom axiom="GRO_0007015 SubClassOf GRO_0007012"/>
            <Axiom axiom="GRO_0007091 SubClassOf GRO_0007156"/>
            <Axiom axiom="GRO_0007009 SubClassOf GRO_0007002"/>
            <Axiom axiom="GRO_0007062 SubClassOf GRO_0007058"/>
            <Axiom axiom="GRO_0007154 SubClassOf GRO_0007001"/>
            <Axiom axiom="GRO_0007036 SubClassOf GRO_0007002"/>
            <Axiom axiom="GRO_0007045 SubClassOf GRO_0007141"/>
            <Axiom axiom="GRO_0007183 SubClassOf GRO_0007160"/>
            <Axiom axiom="GRO_0007080 SubClassOf GRO_0007156"/>
            <Axiom axiom="GRO_0007140 SubClassOf GRO_0007001"/>
            <Axiom axiom="GRO_0007071 SubClassOf GRO_0007069"/>
            <Axiom axiom="GRO_0007231 SubClassOf GRO_0007139"/>
            <Axiom axiom="GRO_0007213 SubClassOf GRO_0007159"/>
            <Axiom axiom="GRO_0007198 SubClassOf GRO_0007157"/>
            <Axiom axiom="GRO_0007114 SubClassOf GRO_0007156"/>
            <Axiom axiom="GRO_0007043 SubClassOf GRO_0007139"/>
            <Axiom axiom="GRO_0007048 SubClassOf GRO_0007001"/>
            <Axiom axiom="GRO_0007218 SubClassOf GRO_0007212"/>
            <Axiom axiom="GRO_0007169 SubClassOf GRO_0007137"/>
            <Axiom axiom="GRO_0007154 SubClassOf GRO_0007141"/>
            <Axiom axiom="GRO_0007006 SubClassOf GRO_0007003"/>
            <Axiom axiom="GRO_0007146 SubClassOf GRO_0007001"/>
            <Axiom axiom="GRO_0007150 SubClassOf GRO_0007140"/>
            <Axiom axiom="GRO_0007006 SubClassOf GRO_0007002"/>
            <Axiom axiom="GRO_0007000 SubClassOf GRO_0007001"/>
            <Axiom axiom="GRO_0007088 SubClassOf GRO_0007156"/>
            <Axiom axiom="GRO_0007122 SubClassOf GRO_0007114"/>
            <Axiom axiom="GRO_0007032 SubClassOf GRO_0007030"/>
            <Axiom axiom="GRO_0007232 SubClassOf GRO_0007001"/>
            <Axiom axiom="GRO_0007068 SubClassOf GRO_0007156"/>
            <Axiom axiom="GRO_0007068 SubClassOf GRO_0007058"/>
            <Axiom axiom="GRO_0007163 SubClassOf GRO_0007138"/>
            <Axiom axiom="GRO_0007216 SubClassOf GRO_0007001"/>
            <Axiom axiom="GRO_0007055 SubClassOf GRO_0007051"/>
            <Axiom axiom="GRO_0007024 SubClassOf GRO_0007002"/>
            <Axiom axiom="GRO_0007122 SubClassOf GRO_0007156"/>
            <Axiom axiom="GRO_0007030 SubClassOf GRO_0007002"/>
            <Axiom axiom="GRO_0007108 SubClassOf GRO_0007105"/>
            <Axiom axiom="GRO_0007085 SubClassOf GRO_0007080"/>
            <Axiom axiom="GRO_0007234 SubClassOf GRO_0007236"/>
            <Axiom axiom="GRO_0007182 SubClassOf GRO_0007160"/>
            <Axiom axiom="GRO_0007010 SubClassOf GRO_0007002"/>
            <Axiom axiom="GRO_0007019 SubClassOf GRO_0007002"/>
            <Axiom axiom="GRO_0007023 SubClassOf GRO_0007020"/>
            <Axiom axiom="GRO_0007066 SubClassOf GRO_0007058"/>
            <Axiom axiom="GRO_0007098 SubClassOf GRO_0007156"/>
            <Axiom axiom="GRO_0007038 SubClassOf GRO_0007002"/>
            <Axiom axiom="GRO_0007126 SubClassOf GRO_0007124"/>
            <Axiom axiom="GRO_0007016 SubClassOf GRO_0007002"/>
            <Axiom axiom="GRO_0007231 SubClassOf GRO_0007043"/>
            <Axiom axiom="GRO_0007111 SubClassOf GRO_0007110"/>
            <Axiom axiom="GRO_0007034 SubClassOf GRO_0007029"/>
            <Axiom axiom="GRO_0007202 SubClassOf GRO_0007158"/>
            <Axiom axiom="GRO_0007097 SubClassOf GRO_0007095"/>
            <Axiom axiom="GRO_0007018 SubClassOf GRO_0007002"/>
            <Axiom axiom="GRO_0007104 SubClassOf GRO_0007101"/>
            <Axiom axiom="GRO_0007058 SubClassOf GRO_0007156"/>
            <Axiom axiom="GRO_0007135 SubClassOf GRO_0007124"/>
            <Axiom axiom="GRO_0007123 SubClassOf GRO_0007156"/>
            <Axiom axiom="GRO_0007076 SubClassOf GRO_0007069"/>
            <Axiom axiom="GRO_0007087 SubClassOf GRO_0007080"/>
            <Axiom axiom="GRO_0007216 SubClassOf GRO_0007043"/>
            <Axiom axiom="GRO_0007010 SubClassOf GRO_0007007"/>
            <Axiom axiom="GRO_0007071 SubClassOf GRO_0007156"/>
            <Axiom axiom="GRO_0007128 SubClassOf GRO_0007124"/>
            <Axiom axiom="GRO_0007171 SubClassOf GRO_0007137"/>
            <Axiom axiom="GRO_0007152 SubClassOf GRO_0007001"/>
            <Axiom axiom="GRO_0007078 SubClassOf GRO_0007069"/>
            <Axiom axiom="GRO_0007119 SubClassOf GRO_0007156"/>
            <Axiom axiom="GRO_0007193 SubClassOf GRO_0007139"/>
            <Axiom axiom="GRO_0007016 SubClassOf GRO_0007012"/>
            <Axiom axiom="GRO_0007012 SubClassOf GRO_0007002"/>
            <Axiom axiom="GRO_0007174 SubClassOf GRO_0007137"/>
            <Axiom axiom="GRO_0007235 SubClassOf GRO_0007043"/>
            <Axiom axiom="GRO_0007072 SubClassOf GRO_0007069"/>
            <Axiom axiom="GRO_0007022 SubClassOf GRO_0007002"/>
            <Axiom axiom="GRO_0007026 SubClassOf GRO_0007002"/>
            <Axiom axiom="GRO_0007127 SubClassOf GRO_0007124"/>
            <Axiom axiom="GRO_0007144 SubClassOf GRO_0007001"/>
         </Generalisation>
         <Generalisation axiom="?GRO_0007199 SubClassOf CEREAL_PLANT_GROWTH_STAGE_part_of some Thing" count="4" instantiationStats="?GRO_0007199 count: 4">
            <Axiom axiom="GRO_0007017 SubClassOf CEREAL_PLANT_GROWTH_STAGE_part_of some Thing"/>
            <Axiom axiom="GRO_0007019 SubClassOf CEREAL_PLANT_GROWTH_STAGE_part_of some Thing"/>
            <Axiom axiom="GRO_0007018 SubClassOf CEREAL_PLANT_GROWTH_STAGE_part_of some Thing"/>
            <Axiom axiom="GRO_0007048 SubClassOf CEREAL_PLANT_GROWTH_STAGE_part_of some Thing"/>
         </Generalisation>
         <Generalisation axiom="?GRO_0007199 SubClassOf CEREAL_PLANT_GROWTH_STAGE_part_of some &#10;(?GRO_0007199_conjunction and ?cluster_1_conjunction)" count="1" instantiationStats="?cluster_1 count: 2; ?GRO_0007199 count: 3">
            <Axiom axiom="GRO_0007048 SubClassOf CEREAL_PLANT_GROWTH_STAGE_part_of some &#10;(GRO_0007001 and GRO_0007040 and GRO_0007140 and GRO_0007199)"/>
         </Generalisation>
         <Generalisation axiom="?GRO_0007199 SubClassOf ?cluster_1" count="401" instantiationStats="?cluster_1 count: 3; ?GRO_0007199 count: 229">
            <Axiom axiom="GRO_0007188 SubClassOf GRO_0007040"/>
            <Axiom axiom="GRO_0007004 SubClassOf GRO_0007040"/>
            <Axiom axiom="GRO_0007181 SubClassOf GRO_0007199"/>
            <Axiom axiom="GRO_0007229 SubClassOf GRO_0007040"/>
            <Axiom axiom="GRO_0007075 SubClassOf GRO_0007199"/>
            <Axiom axiom="GRO_0007093 SubClassOf GRO_0007199"/>
            <Axiom axiom="GRO_0007222 SubClassOf GRO_0007040"/>
            <Axiom axiom="GRO_0007028 SubClassOf GRO_0007199"/>
            <Axiom axiom="GRO_0007047 SubClassOf GRO_0007040"/>
            <Axiom axiom="GRO_0007226 SubClassOf GRO_0007136"/>
            <Axiom axiom="GRO_0007166 SubClassOf GRO_0007199"/>
            <Axiom axiom="GRO_0007114 SubClassOf GRO_0007199"/>
            <Axiom axiom="GRO_0007087 SubClassOf GRO_0007199"/>
            <Axiom axiom="GRO_0007187 SubClassOf GRO_0007136"/>
            <Axiom axiom="GRO_0007009 SubClassOf GRO_0007199"/>
            <Axiom axiom="GRO_0007161 SubClassOf GRO_0007199"/>
            <Axiom axiom="GRO_0007163 SubClassOf GRO_0007199"/>
            <Axiom axiom="GRO_0007159 SubClassOf GRO_0007136"/>
            <Axiom axiom="GRO_0007066 SubClassOf GRO_0007199"/>
            <Axiom axiom="GRO_0007008 SubClassOf GRO_0007199"/>
            <Axiom axiom="GRO_0007047 SubClassOf GRO_0007199"/>
            <Axiom axiom="GRO_0007174 SubClassOf GRO_0007040"/>
            <Axiom axiom="GRO_0007132 SubClassOf GRO_0007199"/>
            <Axiom axiom="GRO_0007123 SubClassOf GRO_0007199"/>
            <Axiom axiom="GRO_0007210 SubClassOf GRO_0007040"/>
            <Axiom axiom="GRO_0007161 SubClassOf GRO_0007136"/>
            <Axiom axiom="GRO_0007219 SubClassOf GRO_0007136"/>
            <Axiom axiom="GRO_0007206 SubClassOf GRO_0007136"/>
            <Axiom axiom="GRO_0007207 SubClassOf GRO_0007040"/>
            <Axiom axiom="GRO_0007146 SubClassOf GRO_0007040"/>
            <Axiom axiom="GRO_0007159 SubClassOf GRO_0007040"/>
            <Axiom axiom="GRO_0007154 SubClassOf GRO_0007040"/>
            <Axiom axiom="GRO_0007171 SubClassOf GRO_0007136"/>
            <Axiom axiom="GRO_0007226 SubClassOf GRO_0007040"/>
            <Axiom axiom="GRO_0007052 SubClassOf GRO_0007199"/>
            <Axiom axiom="GRO_0007100 SubClassOf GRO_0007199"/>
            <Axiom axiom="GRO_0007135 SubClassOf GRO_0007199"/>
            <Axiom axiom="GRO_0007204 SubClassOf GRO_0007136"/>
            <Axiom axiom="GRO_0007049 SubClassOf GRO_0007199"/>
            <Axiom axiom="GRO_0007161 SubClassOf GRO_0007040"/>
            <Axiom axiom="GRO_0007158 SubClassOf GRO_0007040"/>
            <Axiom axiom="GRO_0007185 SubClassOf GRO_0007199"/>
            <Axiom axiom="GRO_0007183 SubClassOf GRO_0007199"/>
            <Axiom axiom="GRO_0007191 SubClassOf GRO_0007040"/>
            <Axiom axiom="GRO_0007233 SubClassOf GRO_0007199"/>
            <Axiom axiom="GRO_0007127 SubClassOf GRO_0007199"/>
            <Axiom axiom="GRO_0007190 SubClassOf GRO_0007040"/>
            <Axiom axiom="GRO_0007192 SubClassOf GRO_0007040"/>
            <Axiom axiom="GRO_0007032 SubClassOf GRO_0007199"/>
            <Axiom axiom="GRO_0007016 SubClassOf GRO_0007199"/>
            <Axiom axiom="GRO_0007202 SubClassOf GRO_0007136"/>
            <Axiom axiom="GRO_0007142 SubClassOf GRO_0007199"/>
            <Axiom axiom="GRO_0007228 SubClassOf GRO_0007136"/>
            <Axiom axiom="GRO_0007140 SubClassOf GRO_0007040"/>
            <Axiom axiom="GRO_0007217 SubClassOf GRO_0007199"/>
            <Axiom axiom="GRO_0007178 SubClassOf GRO_0007199"/>
            <Axiom axiom="GRO_0007126 SubClassOf GRO_0007199"/>
            <Axiom axiom="GRO_0007204 SubClassOf GRO_0007040"/>
            <Axiom axiom="GRO_0007176 SubClassOf GRO_0007040"/>
            <Axiom axiom="GRO_0007211 SubClassOf GRO_0007136"/>
            <Axiom axiom="GRO_0007210 SubClassOf GRO_0007136"/>
            <Axiom axiom="GRO_0007069 SubClassOf GRO_0007199"/>
            <Axiom axiom="GRO_0007214 SubClassOf GRO_0007199"/>
            <Axiom axiom="GRO_0007103 SubClassOf GRO_0007199"/>
            <Axiom axiom="GRO_0007110 SubClassOf GRO_0007199"/>
            <Axiom axiom="GRO_0007108 SubClassOf GRO_0007199"/>
            <Axiom axiom="GRO_0007082 SubClassOf GRO_0007199"/>
            <Axiom axiom="GRO_0007187 SubClassOf GRO_0007040"/>
            <Axiom axiom="GRO_0007072 SubClassOf GRO_0007199"/>
            <Axiom axiom="GRO_0007139 SubClassOf GRO_0007199"/>
            <Axiom axiom="GRO_0007219 SubClassOf GRO_0007040"/>
            <Axiom axiom="GRO_0007007 SubClassOf GRO_0007199"/>
            <Axiom axiom="GRO_0007152 SubClassOf GRO_0007040"/>
            <Axiom axiom="GRO_0007200 SubClassOf GRO_0007040"/>
            <Axiom axiom="GRO_0007195 SubClassOf GRO_0007136"/>
            <Axiom axiom="GRO_0007230 SubClassOf GRO_0007199"/>
            <Axiom axiom="GRO_0007196 SubClassOf GRO_0007136"/>
            <Axiom axiom="GRO_0007146 SubClassOf GRO_0007199"/>
            <Axiom axiom="GRO_0007062 SubClassOf GRO_0007199"/>
            <Axiom axiom="GRO_0007207 SubClassOf GRO_0007136"/>
            <Axiom axiom="GRO_0007037 SubClassOf GRO_0007199"/>
            <Axiom axiom="GRO_0007214 SubClassOf GRO_0007136"/>
            <Axiom axiom="GRO_0007169 SubClassOf GRO_0007040"/>
            <Axiom axiom="GRO_0007195 SubClassOf GRO_0007040"/>
            <Axiom axiom="GRO_0007058 SubClassOf GRO_0007199"/>
            <Axiom axiom="GRO_0007156 SubClassOf GRO_0007199"/>
            <Axiom axiom="GRO_0007194 SubClassOf GRO_0007199"/>
            <Axiom axiom="GRO_0007224 SubClassOf GRO_0007136"/>
            <Axiom axiom="GRO_0007098 SubClassOf GRO_0007199"/>
            <Axiom axiom="GRO_0007192 SubClassOf GRO_0007199"/>
            <Axiom axiom="GRO_0007063 SubClassOf GRO_0007199"/>
            <Axiom axiom="GRO_0007055 SubClassOf GRO_0007199"/>
            <Axiom axiom="GRO_0007159 SubClassOf GRO_0007199"/>
            <Axiom axiom="GRO_0007196 SubClassOf GRO_0007199"/>
            <Axiom axiom="GRO_0007230 SubClassOf GRO_0007136"/>
            <Axiom axiom="GRO_0007149 SubClassOf GRO_0007040"/>
            <Axiom axiom="GRO_0007176 SubClassOf GRO_0007136"/>
            <Axiom axiom="GRO_0007000 SubClassOf GRO_0007040"/>
            <Axiom axiom="GRO_0007001 SubClassOf GRO_0007040"/>
            <Axiom axiom="GRO_0007182 SubClassOf GRO_0007136"/>
            <Axiom axiom="GRO_0007185 SubClassOf GRO_0007040"/>
            <Axiom axiom="GRO_0007177 SubClassOf GRO_0007040"/>
            <Axiom axiom="GRO_0007169 SubClassOf GRO_0007199"/>
            <Axiom axiom="GRO_0007031 SubClassOf GRO_0007199"/>
            <Axiom axiom="GRO_0007220 SubClassOf GRO_0007199"/>
            <Axiom axiom="GRO_0007139 SubClassOf GRO_0007040"/>
            <Axiom axiom="GRO_0007218 SubClassOf GRO_0007199"/>
            <Axiom axiom="GRO_0007045 SubClassOf GRO_0007199"/>
            <Axiom axiom="GRO_0007004 SubClassOf GRO_0007199"/>
            <Axiom axiom="GRO_0007229 SubClassOf GRO_0007136"/>
            <Axiom axiom="GRO_0007213 SubClassOf GRO_0007199"/>
            <Axiom axiom="GRO_0007059 SubClassOf GRO_0007199"/>
            <Axiom axiom="GRO_0007113 SubClassOf GRO_0007199"/>
            <Axiom axiom="GRO_0007043 SubClassOf GRO_0007040"/>
            <Axiom axiom="GRO_0007230 SubClassOf GRO_0007040"/>
            <Axiom axiom="GRO_0007216 SubClassOf GRO_0007199"/>
            <Axiom axiom="GRO_0007006 SubClassOf GRO_0007199"/>
            <Axiom axiom="GRO_0007209 SubClassOf GRO_0007199"/>
            <Axiom axiom="GRO_0007225 SubClassOf GRO_0007136"/>
            <Axiom axiom="GRO_0007144 SubClassOf GRO_0007040"/>
            <Axiom axiom="GRO_0007174 SubClassOf GRO_0007199"/>
            <Axiom axiom="GRO_0007185 SubClassOf GRO_0007136"/>
            <Axiom axiom="GRO_0007212 SubClassOf GRO_0007040"/>
            <Axiom axiom="GRO_0007220 SubClassOf GRO_0007040"/>
            <Axiom axiom="GRO_0007029 SubClassOf GRO_0007199"/>
            <Axiom axiom="GRO_0007036 SubClassOf GRO_0007199"/>
            <Axiom axiom="GRO_0007070 SubClassOf GRO_0007199"/>
            <Axiom axiom="GRO_0007172 SubClassOf GRO_0007199"/>
            <Axiom axiom="GRO_0007208 SubClassOf GRO_0007040"/>
            <Axiom axiom="GRO_0007225 SubClassOf GRO_0007199"/>
            <Axiom axiom="GRO_0007067 SubClassOf GRO_0007199"/>
            <Axiom axiom="GRO_0007107 SubClassOf GRO_0007199"/>
            <Axiom axiom="GRO_0007231 SubClassOf GRO_0007199"/>
            <Axiom axiom="GRO_0007131 SubClassOf GRO_0007199"/>
            <Axiom axiom="GRO_0007208 SubClassOf GRO_0007136"/>
            <Axiom axiom="GRO_0007168 SubClassOf GRO_0007040"/>
            <Axiom axiom="GRO_0007145 SubClassOf GRO_0007199"/>
            <Axiom axiom="GRO_0007229 SubClassOf GRO_0007199"/>
            <Axiom axiom="GRO_0007200 SubClassOf GRO_0007136"/>
            <Axiom axiom="GRO_0007203 SubClassOf GRO_0007136"/>
            <Axiom axiom="GRO_0007160 SubClassOf GRO_0007040"/>
            <Axiom axiom="GRO_0007172 SubClassOf GRO_0007136"/>
            <Axiom axiom="GRO_0007206 SubClassOf GRO_0007199"/>
            <Axiom axiom="GRO_0007095 SubClassOf GRO_0007199"/>
            <Axiom axiom="GRO_0007177 SubClassOf GRO_0007136"/>
            <Axiom axiom="GRO_0007235 SubClassOf GRO_0007040"/>
            <Axiom axiom="GRO_0007172 SubClassOf GRO_0007040"/>
            <Axiom axiom="GRO_0007138 SubClassOf GRO_0007040"/>
            <Axiom axiom="GRO_0007214 SubClassOf GRO_0007040"/>
            <Axiom axiom="GRO_0007033 SubClassOf GRO_0007199"/>
            <Axiom axiom="GRO_0007148 SubClassOf GRO_0007199"/>
            <Axiom axiom="GRO_0007141 SubClassOf GRO_0007199"/>
            <Axiom axiom="GRO_0007030 SubClassOf GRO_0007199"/>
            <Axiom axiom="GRO_0007017 SubClassOf GRO_0007199"/>
            <Axiom axiom="GRO_0007182 SubClassOf GRO_0007040"/>
            <Axiom axiom="GRO_0007012 SubClassOf GRO_0007199"/>
            <Axiom axiom="GRO_0007026 SubClassOf GRO_0007199"/>
            <Axiom axiom="GRO_0007150 SubClassOf GRO_0007199"/>
            <Axiom axiom="GRO_0007221 SubClassOf GRO_0007199"/>
            <Axiom axiom="GRO_0007115 SubClassOf GRO_0007199"/>
            <Axiom axiom="GRO_0007233 SubClassOf GRO_0007040"/>
            <Axiom axiom="GRO_0007177 SubClassOf GRO_0007199"/>
            <Axiom axiom="GRO_0007158 SubClassOf GRO_0007199"/>
            <Axiom axiom="GRO_0007209 SubClassOf GRO_0007136"/>
            <Axiom axiom="GRO_0007221 SubClassOf GRO_0007040"/>
            <Axiom axiom="GRO_0007074 SubClassOf GRO_0007199"/>
            <Axiom axiom="GRO_0007168 SubClassOf GRO_0007136"/>
            <Axiom axiom="GRO_0007164 SubClassOf GRO_0007040"/>
            <Axiom axiom="GRO_0007083 SubClassOf GRO_0007199"/>
            <Axiom axiom="GRO_0007189 SubClassOf GRO_0007040"/>
            <Axiom axiom="GRO_0007217 SubClassOf GRO_0007040"/>
            <Axiom axiom="GRO_0007124 SubClassOf GRO_0007199"/>
            <Axiom axiom="GRO_0007228 SubClassOf GRO_0007199"/>
            <Axiom axiom="GRO_0007090 SubClassOf GRO_0007199"/>
            <Axiom axiom="GRO_0007224 SubClassOf GRO_0007199"/>
            <Axiom axiom="GRO_0007184 SubClassOf GRO_0007136"/>
            <Axiom axiom="GRO_0007086 SubClassOf GRO_0007199"/>
            <Axiom axiom="GRO_0007164 SubClassOf GRO_0007136"/>
            <Axiom axiom="GRO_0007164 SubClassOf GRO_0007199"/>
            <Axiom axiom="GRO_0007202 SubClassOf GRO_0007199"/>
            <Axiom axiom="GRO_0007053 SubClassOf GRO_0007199"/>
            <Axiom axiom="GRO_0007221 SubClassOf GRO_0007136"/>
            <Axiom axiom="GRO_0007152 SubClassOf GRO_0007199"/>
            <Axiom axiom="GRO_0007190 SubClassOf GRO_0007199"/>
            <Axiom axiom="GRO_0007220 SubClassOf GRO_0007136"/>
            <Axiom axiom="GRO_0007170 SubClassOf GRO_0007199"/>
            <Axiom axiom="GRO_0007186 SubClassOf GRO_0007199"/>
            <Axiom axiom="GRO_0007207 SubClassOf GRO_0007199"/>
            <Axiom axiom="GRO_0007148 SubClassOf GRO_0007040"/>
            <Axiom axiom="GRO_0007054 SubClassOf GRO_0007199"/>
            <Axiom axiom="GRO_0007077 SubClassOf GRO_0007199"/>
            <Axiom axiom="GRO_0007197 SubClassOf GRO_0007136"/>
            <Axiom axiom="GRO_0007191 SubClassOf GRO_0007199"/>
            <Axiom axiom="GRO_0007013 SubClassOf GRO_0007199"/>
            <Axiom axiom="GRO_0007138 SubClassOf GRO_0007136"/>
            <Axiom axiom="GRO_0007021 SubClassOf GRO_0007199"/>
            <Axiom axiom="GRO_0007212 SubClassOf GRO_0007199"/>
            <Axiom axiom="GRO_0007116 SubClassOf GRO_0007199"/>
            <Axiom axiom="GRO_0007188 SubClassOf GRO_0007199"/>
            <Axiom axiom="GRO_0007203 SubClassOf GRO_0007199"/>
            <Axiom axiom="GRO_0007212 SubClassOf GRO_0007136"/>
            <Axiom axiom="GRO_0007222 SubClassOf GRO_0007136"/>
            <Axiom axiom="GRO_0007184 SubClassOf GRO_0007040"/>
            <Axiom axiom="GRO_0007150 SubClassOf GRO_0007040"/>
            <Axiom axiom="GRO_0007128 SubClassOf GRO_0007199"/>
            <Axiom axiom="GRO_0007044 SubClassOf GRO_0007199"/>
            <Axiom axiom="GRO_0007193 SubClassOf GRO_0007040"/>
            <Axiom axiom="GRO_0007141 SubClassOf GRO_0007040"/>
            <Axiom axiom="GRO_0007020 SubClassOf GRO_0007199"/>
            <Axiom axiom="GRO_0007121 SubClassOf GRO_0007199"/>
            <Axiom axiom="GRO_0007228 SubClassOf GRO_0007040"/>
            <Axiom axiom="GRO_0007193 SubClassOf GRO_0007199"/>
            <Axiom axiom="GRO_0007171 SubClassOf GRO_0007040"/>
            <Axiom axiom="GRO_0007203 SubClassOf GRO_0007040"/>
            <Axiom axiom="GRO_0007061 SubClassOf GRO_0007199"/>
            <Axiom axiom="GRO_0007130 SubClassOf GRO_0007199"/>
            <Axiom axiom="GRO_0007168 SubClassOf GRO_0007199"/>
            <Axiom axiom="GRO_0007223 SubClassOf GRO_0007136"/>
            <Axiom axiom="GRO_0007011 SubClassOf GRO_0007199"/>
            <Axiom axiom="GRO_0007231 SubClassOf GRO_0007040"/>
            <Axiom axiom="GRO_0007045 SubClassOf GRO_0007040"/>
            <Axiom axiom="GRO_0007068 SubClassOf GRO_0007199"/>
            <Axiom axiom="GRO_0007018 SubClassOf GRO_0007199"/>
            <Axiom axiom="GRO_0007232 SubClassOf GRO_0007040"/>
            <Axiom axiom="GRO_0007051 SubClassOf GRO_0007199"/>
            <Axiom axiom="GRO_0007109 SubClassOf GRO_0007199"/>
            <Axiom axiom="GRO_0007236 SubClassOf GRO_0007040"/>
            <Axiom axiom="GRO_0007129 SubClassOf GRO_0007199"/>
            <Axiom axiom="GRO_0007235 SubClassOf GRO_0007199"/>
            <Axiom axiom="GRO_0007073 SubClassOf GRO_0007199"/>
            <Axiom axiom="GRO_0007206 SubClassOf GRO_0007040"/>
            <Axiom axiom="GRO_0007187 SubClassOf GRO_0007199"/>
            <Axiom axiom="GRO_0007167 SubClassOf GRO_0007040"/>
            <Axiom axiom="GRO_0007099 SubClassOf GRO_0007199"/>
            <Axiom axiom="GRO_0007186 SubClassOf GRO_0007040"/>
            <Axiom axiom="GRO_0007158 SubClassOf GRO_0007136"/>
            <Axiom axiom="GRO_0007167 SubClassOf GRO_0007136"/>
            <Axiom axiom="GRO_0007195 SubClassOf GRO_0007199"/>
            <Axiom axiom="GRO_0007165 SubClassOf GRO_0007199"/>
            <Axiom axiom="GRO_0007162 SubClassOf GRO_0007040"/>
            <Axiom axiom="GRO_0007034 SubClassOf GRO_0007199"/>
            <Axiom axiom="GRO_0007189 SubClassOf GRO_0007136"/>
            <Axiom axiom="GRO_0007236 SubClassOf GRO_0007199"/>
            <Axiom axiom="GRO_0007201 SubClassOf GRO_0007040"/>
            <Axiom axiom="GRO_0007186 SubClassOf GRO_0007136"/>
            <Axiom axiom="GRO_0007149 SubClassOf GRO_0007199"/>
            <Axiom axiom="GRO_0007219 SubClassOf GRO_0007199"/>
            <Axiom axiom="GRO_0007209 SubClassOf GRO_0007040"/>
            <Axiom axiom="GRO_0007085 SubClassOf GRO_0007199"/>
            <Axiom axiom="GRO_0007162 SubClassOf GRO_0007136"/>
            <Axiom axiom="GRO_0007137 SubClassOf GRO_0007136"/>
            <Axiom axiom="GRO_0007014 SubClassOf GRO_0007199"/>
            <Axiom axiom="GRO_0007234 SubClassOf GRO_0007040"/>
            <Axiom axiom="GRO_0007117 SubClassOf GRO_0007199"/>
            <Axiom axiom="GRO_0007181 SubClassOf GRO_0007136"/>
            <Axiom axiom="GRO_0007133 SubClassOf GRO_0007199"/>
            <Axiom axiom="GRO_0007175 SubClassOf GRO_0007199"/>
            <Axiom axiom="GRO_0007204 SubClassOf GRO_0007199"/>
            <Axiom axiom="GRO_0007081 SubClassOf GRO_0007199"/>
            <Axiom axiom="GRO_0007232 SubClassOf GRO_0007199"/>
            <Axiom axiom="GRO_0007226 SubClassOf GRO_0007199"/>
            <Axiom axiom="GRO_0007080 SubClassOf GRO_0007199"/>
            <Axiom axiom="GRO_0007175 SubClassOf GRO_0007136"/>
            <Axiom axiom="GRO_0007160 SubClassOf GRO_0007199"/>
            <Axiom axiom="GRO_0007038 SubClassOf GRO_0007199"/>
            <Axiom axiom="GRO_0007120 SubClassOf GRO_0007199"/>
            <Axiom axiom="GRO_0007197 SubClassOf GRO_0007040"/>
            <Axiom axiom="GRO_0007078 SubClassOf GRO_0007199"/>
            <Axiom axiom="GRO_0007225 SubClassOf GRO_0007040"/>
            <Axiom axiom="GRO_0007178 SubClassOf GRO_0007040"/>
            <Axiom axiom="GRO_0007153 SubClassOf GRO_0007199"/>
            <Axiom axiom="GRO_0007162 SubClassOf GRO_0007199"/>
            <Axiom axiom="GRO_0007106 SubClassOf GRO_0007199"/>
            <Axiom axiom="GRO_0007216 SubClassOf GRO_0007040"/>
            <Axiom axiom="GRO_0007223 SubClassOf GRO_0007199"/>
            <Axiom axiom="GRO_0007137 SubClassOf GRO_0007040"/>
            <Axiom axiom="GRO_0007088 SubClassOf GRO_0007199"/>
            <Axiom axiom="GRO_0007112 SubClassOf GRO_0007199"/>
            <Axiom axiom="GRO_0007096 SubClassOf GRO_0007199"/>
            <Axiom axiom="GRO_0007042 SubClassOf GRO_0007199"/>
            <Axiom axiom="GRO_0007002 SubClassOf GRO_0007199"/>
            <Axiom axiom="GRO_0007201 SubClassOf GRO_0007136"/>
            <Axiom axiom="GRO_0007201 SubClassOf GRO_0007199"/>
            <Axiom axiom="GRO_0007181 SubClassOf GRO_0007040"/>
            <Axiom axiom="GRO_0007019 SubClassOf GRO_0007199"/>
            <Axiom axiom="GRO_0007144 SubClassOf GRO_0007199"/>
            <Axiom axiom="GRO_0007138 SubClassOf GRO_0007199"/>
            <Axiom axiom="GRO_0007184 SubClassOf GRO_0007199"/>
            <Axiom axiom="GRO_0007175 SubClassOf GRO_0007040"/>
            <Axiom axiom="GRO_0007169 SubClassOf GRO_0007136"/>
            <Axiom axiom="GRO_0007005 SubClassOf GRO_0007199"/>
            <Axiom axiom="GRO_0007182 SubClassOf GRO_0007199"/>
            <Axiom axiom="GRO_0007223 SubClassOf GRO_0007040"/>
            <Axiom axiom="GRO_0007025 SubClassOf GRO_0007199"/>
            <Axiom axiom="GRO_0007178 SubClassOf GRO_0007136"/>
            <Axiom axiom="GRO_0007189 SubClassOf GRO_0007199"/>
            <Axiom axiom="GRO_0007213 SubClassOf GRO_0007040"/>
            <Axiom axiom="GRO_0007065 SubClassOf GRO_0007199"/>
            <Axiom axiom="GRO_0007057 SubClassOf GRO_0007199"/>
            <Axiom axiom="GRO_0007001 SubClassOf GRO_0007199"/>
            <Axiom axiom="GRO_0007211 SubClassOf GRO_0007199"/>
            <Axiom axiom="GRO_0007042 SubClassOf GRO_0007040"/>
            <Axiom axiom="GRO_0007198 SubClassOf GRO_0007199"/>
            <Axiom axiom="GRO_0007163 SubClassOf GRO_0007136"/>
            <Axiom axiom="GRO_0007022 SubClassOf GRO_0007199"/>
            <Axiom axiom="GRO_0007048 SubClassOf GRO_0007040"/>
            <Axiom axiom="GRO_0007179 SubClassOf GRO_0007199"/>
            <Axiom axiom="GRO_0007160 SubClassOf GRO_0007136"/>
            <Axiom axiom="GRO_0007198 SubClassOf GRO_0007040"/>
            <Axiom axiom="GRO_0007234 SubClassOf GRO_0007199"/>
            <Axiom axiom="GRO_0007227 SubClassOf GRO_0007040"/>
            <Axiom axiom="GRO_0007167 SubClassOf GRO_0007199"/>
            <Axiom axiom="GRO_0007217 SubClassOf GRO_0007136"/>
            <Axiom axiom="GRO_0007227 SubClassOf GRO_0007199"/>
            <Axiom axiom="GRO_0007010 SubClassOf GRO_0007199"/>
            <Axiom axiom="GRO_0007151 SubClassOf GRO_0007199"/>
            <Axiom axiom="GRO_0007089 SubClassOf GRO_0007199"/>
            <Axiom axiom="GRO_0007205 SubClassOf GRO_0007040"/>
            <Axiom axiom="GRO_0007027 SubClassOf GRO_0007199"/>
            <Axiom axiom="GRO_0007157 SubClassOf GRO_0007136"/>
            <Axiom axiom="GRO_0007043 SubClassOf GRO_0007199"/>
            <Axiom axiom="GRO_0007003 SubClassOf GRO_0007199"/>
            <Axiom axiom="GRO_0007111 SubClassOf GRO_0007199"/>
            <Axiom axiom="GRO_0007094 SubClassOf GRO_0007199"/>
            <Axiom axiom="GRO_0007173 SubClassOf GRO_0007136"/>
            <Axiom axiom="GRO_0007227 SubClassOf GRO_0007136"/>
            <Axiom axiom="GRO_0007165 SubClassOf GRO_0007040"/>
            <Axiom axiom="GRO_0007105 SubClassOf GRO_0007199"/>
            <Axiom axiom="GRO_0007202 SubClassOf GRO_0007040"/>
            <Axiom axiom="GRO_0007213 SubClassOf GRO_0007136"/>
            <Axiom axiom="GRO_0007143 SubClassOf GRO_0007199"/>
            <Axiom axiom="GRO_0007171 SubClassOf GRO_0007199"/>
            <Axiom axiom="GRO_0007163 SubClassOf GRO_0007040"/>
            <Axiom axiom="GRO_0007173 SubClassOf GRO_0007040"/>
            <Axiom axiom="GRO_0007035 SubClassOf GRO_0007199"/>
            <Axiom axiom="GRO_0007180 SubClassOf GRO_0007040"/>
            <Axiom axiom="GRO_0007125 SubClassOf GRO_0007199"/>
            <Axiom axiom="GRO_0007208 SubClassOf GRO_0007199"/>
            <Axiom axiom="GRO_0007142 SubClassOf GRO_0007040"/>
            <Axiom axiom="GRO_0007064 SubClassOf GRO_0007199"/>
            <Axiom axiom="GRO_0007000 SubClassOf GRO_0007199"/>
            <Axiom axiom="GRO_0007170 SubClassOf GRO_0007136"/>
            <Axiom axiom="GRO_0007180 SubClassOf GRO_0007199"/>
            <Axiom axiom="GRO_0007205 SubClassOf GRO_0007136"/>
            <Axiom axiom="GRO_0007197 SubClassOf GRO_0007199"/>
            <Axiom axiom="GRO_0007173 SubClassOf GRO_0007199"/>
            <Axiom axiom="GRO_0007071 SubClassOf GRO_0007199"/>
            <Axiom axiom="GRO_0007218 SubClassOf GRO_0007040"/>
            <Axiom axiom="GRO_0007024 SubClassOf GRO_0007199"/>
            <Axiom axiom="GRO_0007179 SubClassOf GRO_0007136"/>
            <Axiom axiom="GRO_0007176 SubClassOf GRO_0007199"/>
            <Axiom axiom="GRO_0007145 SubClassOf GRO_0007040"/>
            <Axiom axiom="GRO_0007102 SubClassOf GRO_0007199"/>
            <Axiom axiom="GRO_0007046 SubClassOf GRO_0007040"/>
            <Axiom axiom="GRO_0007218 SubClassOf GRO_0007136"/>
            <Axiom axiom="GRO_0007039 SubClassOf GRO_0007199"/>
            <Axiom axiom="GRO_0007211 SubClassOf GRO_0007040"/>
            <Axiom axiom="GRO_0007122 SubClassOf GRO_0007199"/>
            <Axiom axiom="GRO_0007119 SubClassOf GRO_0007199"/>
            <Axiom axiom="GRO_0007118 SubClassOf GRO_0007199"/>
            <Axiom axiom="GRO_0007060 SubClassOf GRO_0007199"/>
            <Axiom axiom="GRO_0007170 SubClassOf GRO_0007040"/>
            <Axiom axiom="GRO_0007196 SubClassOf GRO_0007040"/>
            <Axiom axiom="GRO_0007101 SubClassOf GRO_0007199"/>
            <Axiom axiom="GRO_0007140 SubClassOf GRO_0007199"/>
            <Axiom axiom="GRO_0007166 SubClassOf GRO_0007136"/>
            <Axiom axiom="GRO_0007166 SubClassOf GRO_0007040"/>
            <Axiom axiom="GRO_0007154 SubClassOf GRO_0007199"/>
            <Axiom axiom="GRO_0007097 SubClassOf GRO_0007199"/>
            <Axiom axiom="GRO_0007049 SubClassOf GRO_0007040"/>
            <Axiom axiom="GRO_0007044 SubClassOf GRO_0007040"/>
            <Axiom axiom="GRO_0007222 SubClassOf GRO_0007199"/>
            <Axiom axiom="GRO_0007079 SubClassOf GRO_0007199"/>
            <Axiom axiom="GRO_0007076 SubClassOf GRO_0007199"/>
            <Axiom axiom="GRO_0007137 SubClassOf GRO_0007199"/>
            <Axiom axiom="GRO_0007200 SubClassOf GRO_0007199"/>
            <Axiom axiom="GRO_0007179 SubClassOf GRO_0007040"/>
            <Axiom axiom="GRO_0007046 SubClassOf GRO_0007199"/>
            <Axiom axiom="GRO_0007165 SubClassOf GRO_0007136"/>
            <Axiom axiom="GRO_0007157 SubClassOf GRO_0007199"/>
            <Axiom axiom="GRO_0007190 SubClassOf GRO_0007136"/>
            <Axiom axiom="GRO_0007015 SubClassOf GRO_0007199"/>
            <Axiom axiom="GRO_0007183 SubClassOf GRO_0007136"/>
            <Axiom axiom="GRO_0007188 SubClassOf GRO_0007136"/>
            <Axiom axiom="GRO_0007091 SubClassOf GRO_0007199"/>
            <Axiom axiom="GRO_0007056 SubClassOf GRO_0007199"/>
            <Axiom axiom="GRO_0007210 SubClassOf GRO_0007199"/>
            <Axiom axiom="GRO_0007092 SubClassOf GRO_0007199"/>
            <Axiom axiom="GRO_0007205 SubClassOf GRO_0007199"/>
            <Axiom axiom="GRO_0007224 SubClassOf GRO_0007040"/>
            <Axiom axiom="GRO_0007198 SubClassOf GRO_0007136"/>
            <Axiom axiom="GRO_0007174 SubClassOf GRO_0007136"/>
            <Axiom axiom="GRO_0007048 SubClassOf GRO_0007199"/>
            <Axiom axiom="GRO_0007084 SubClassOf GRO_0007199"/>
            <Axiom axiom="GRO_0007157 SubClassOf GRO_0007040"/>
            <Axiom axiom="GRO_0007180 SubClassOf GRO_0007136"/>
            <Axiom axiom="GRO_0007134 SubClassOf GRO_0007199"/>
            <Axiom axiom="GRO_0007183 SubClassOf GRO_0007040"/>
            <Axiom axiom="GRO_0007023 SubClassOf GRO_0007199"/>
            <Axiom axiom="GRO_0007151 SubClassOf GRO_0007040"/>
            <Axiom axiom="GRO_0007104 SubClassOf GRO_0007199"/>
         </Generalisation>
      </Generalisations>
   </Cluster>
   <Cluster size="3">
      <Item iri="http://purl.obolibrary.org/obo/GRO_0007199"/>
      <Item iri="http://purl.obolibrary.org/obo/GRO_0007136"/>
      <Item iri="http://purl.obolibrary.org/obo/GRO_0007040"/>
      <Generalisations>
         <Generalisation axiom="?cluster_2 SubClassOf CEREAL_PLANT_GROWTH_STAGE_part_of some &#10;((?GRO_0007199_conjunction and ?cluster_1_conjunction) and (CEREAL_PLANT_GROWTH_STAGE_part_of some &#10;(?GRO_0007199_conjunction and ?cluster_1_conjunction)))" count="2" instantiationStats="?cluster_2 count: 2; ?cluster_1 count: 2; ?GRO_0007199 count: 4">
            <Axiom axiom="GRO_0007147 SubClassOf CEREAL_PLANT_GROWTH_STAGE_part_of some &#10;((GRO_0007001 and GRO_0007040 and GRO_0007048 and GRO_0007139 and GRO_0007199) and (CEREAL_PLANT_GROWTH_STAGE_part_of some &#10;(GRO_0007001 and GRO_0007040 and GRO_0007140 and GRO_0007199)))"/>
            <Axiom axiom="GRO_0007041 SubClassOf CEREAL_PLANT_GROWTH_STAGE_part_of some &#10;((GRO_0007001 and GRO_0007040 and GRO_0007048 and GRO_0007139 and GRO_0007199) and (CEREAL_PLANT_GROWTH_STAGE_part_of some &#10;(GRO_0007001 and GRO_0007040 and GRO_0007140 and GRO_0007199)))"/>
         </Generalisation>
         <Generalisation axiom="?GRO_0007199 SubClassOf CEREAL_PLANT_GROWTH_STAGE_part_of some &#10;(?GRO_0007199_conjunction and ?cluster_1)" count="3" instantiationStats="?cluster_1 count: 1; ?GRO_0007199 count: 6">
            <Axiom axiom="GRO_0007018 SubClassOf CEREAL_PLANT_GROWTH_STAGE_part_of some &#10;(GRO_0007002 and GRO_0007012 and GRO_0007016 and GRO_0007199)"/>
            <Axiom axiom="GRO_0007019 SubClassOf CEREAL_PLANT_GROWTH_STAGE_part_of some &#10;(GRO_0007002 and GRO_0007012 and GRO_0007016 and GRO_0007199)"/>
            <Axiom axiom="GRO_0007017 SubClassOf CEREAL_PLANT_GROWTH_STAGE_part_of some &#10;(GRO_0007002 and GRO_0007012 and GRO_0007016 and GRO_0007199)"/>
         </Generalisation>
         <Generalisation axiom="?GRO_0007199 SubClassOf CEREAL_PLANT_GROWTH_STAGE_part_of some &#10;(?GRO_0007199_conjunction and ?cluster_1_conjunction)" count="1" instantiationStats="?cluster_1 count: 2; ?GRO_0007199 count: 3">
            <Axiom axiom="GRO_0007048 SubClassOf CEREAL_PLANT_GROWTH_STAGE_part_of some &#10;(GRO_0007001 and GRO_0007040 and GRO_0007140 and GRO_0007199)"/>
         </Generalisation>
         <Generalisation axiom="?cluster_1 SubClassOf ?cluster_1" count="3" instantiationStats="?cluster_1 count: 3">
            <Axiom axiom="GRO_0007040 SubClassOf GRO_0007199"/>
            <Axiom axiom="GRO_0007136 SubClassOf GRO_0007199"/>
            <Axiom axiom="GRO_0007136 SubClassOf GRO_0007040"/>
         </Generalisation>
         <Generalisation axiom="?GRO_0007199 SubClassOf ?cluster_1" count="401" instantiationStats="?cluster_1 count: 3; ?GRO_0007199 count: 229">
            <Axiom axiom="GRO_0007188 SubClassOf GRO_0007040"/>
            <Axiom axiom="GRO_0007004 SubClassOf GRO_0007040"/>
            <Axiom axiom="GRO_0007181 SubClassOf GRO_0007199"/>
            <Axiom axiom="GRO_0007229 SubClassOf GRO_0007040"/>
            <Axiom axiom="GRO_0007075 SubClassOf GRO_0007199"/>
            <Axiom axiom="GRO_0007093 SubClassOf GRO_0007199"/>
            <Axiom axiom="GRO_0007222 SubClassOf GRO_0007040"/>
            <Axiom axiom="GRO_0007028 SubClassOf GRO_0007199"/>
            <Axiom axiom="GRO_0007047 SubClassOf GRO_0007040"/>
            <Axiom axiom="GRO_0007226 SubClassOf GRO_0007136"/>
            <Axiom axiom="GRO_0007166 SubClassOf GRO_0007199"/>
            <Axiom axiom="GRO_0007114 SubClassOf GRO_0007199"/>
            <Axiom axiom="GRO_0007087 SubClassOf GRO_0007199"/>
            <Axiom axiom="GRO_0007187 SubClassOf GRO_0007136"/>
            <Axiom axiom="GRO_0007009 SubClassOf GRO_0007199"/>
            <Axiom axiom="GRO_0007161 SubClassOf GRO_0007199"/>
            <Axiom axiom="GRO_0007163 SubClassOf GRO_0007199"/>
            <Axiom axiom="GRO_0007159 SubClassOf GRO_0007136"/>
            <Axiom axiom="GRO_0007066 SubClassOf GRO_0007199"/>
            <Axiom axiom="GRO_0007008 SubClassOf GRO_0007199"/>
            <Axiom axiom="GRO_0007047 SubClassOf GRO_0007199"/>
            <Axiom axiom="GRO_0007174 SubClassOf GRO_0007040"/>
            <Axiom axiom="GRO_0007132 SubClassOf GRO_0007199"/>
            <Axiom axiom="GRO_0007123 SubClassOf GRO_0007199"/>
            <Axiom axiom="GRO_0007210 SubClassOf GRO_0007040"/>
            <Axiom axiom="GRO_0007161 SubClassOf GRO_0007136"/>
            <Axiom axiom="GRO_0007219 SubClassOf GRO_0007136"/>
            <Axiom axiom="GRO_0007206 SubClassOf GRO_0007136"/>
            <Axiom axiom="GRO_0007207 SubClassOf GRO_0007040"/>
            <Axiom axiom="GRO_0007146 SubClassOf GRO_0007040"/>
            <Axiom axiom="GRO_0007159 SubClassOf GRO_0007040"/>
            <Axiom axiom="GRO_0007154 SubClassOf GRO_0007040"/>
            <Axiom axiom="GRO_0007171 SubClassOf GRO_0007136"/>
            <Axiom axiom="GRO_0007226 SubClassOf GRO_0007040"/>
            <Axiom axiom="GRO_0007052 SubClassOf GRO_0007199"/>
            <Axiom axiom="GRO_0007100 SubClassOf GRO_0007199"/>
            <Axiom axiom="GRO_0007135 SubClassOf GRO_0007199"/>
            <Axiom axiom="GRO_0007204 SubClassOf GRO_0007136"/>
            <Axiom axiom="GRO_0007049 SubClassOf GRO_0007199"/>
            <Axiom axiom="GRO_0007161 SubClassOf GRO_0007040"/>
            <Axiom axiom="GRO_0007158 SubClassOf GRO_0007040"/>
            <Axiom axiom="GRO_0007185 SubClassOf GRO_0007199"/>
            <Axiom axiom="GRO_0007183 SubClassOf GRO_0007199"/>
            <Axiom axiom="GRO_0007191 SubClassOf GRO_0007040"/>
            <Axiom axiom="GRO_0007233 SubClassOf GRO_0007199"/>
            <Axiom axiom="GRO_0007127 SubClassOf GRO_0007199"/>
            <Axiom axiom="GRO_0007190 SubClassOf GRO_0007040"/>
            <Axiom axiom="GRO_0007192 SubClassOf GRO_0007040"/>
            <Axiom axiom="GRO_0007032 SubClassOf GRO_0007199"/>
            <Axiom axiom="GRO_0007016 SubClassOf GRO_0007199"/>
            <Axiom axiom="GRO_0007202 SubClassOf GRO_0007136"/>
            <Axiom axiom="GRO_0007142 SubClassOf GRO_0007199"/>
            <Axiom axiom="GRO_0007228 SubClassOf GRO_0007136"/>
            <Axiom axiom="GRO_0007140 SubClassOf GRO_0007040"/>
            <Axiom axiom="GRO_0007217 SubClassOf GRO_0007199"/>
            <Axiom axiom="GRO_0007178 SubClassOf GRO_0007199"/>
            <Axiom axiom="GRO_0007126 SubClassOf GRO_0007199"/>
            <Axiom axiom="GRO_0007204 SubClassOf GRO_0007040"/>
            <Axiom axiom="GRO_0007176 SubClassOf GRO_0007040"/>
            <Axiom axiom="GRO_0007211 SubClassOf GRO_0007136"/>
            <Axiom axiom="GRO_0007210 SubClassOf GRO_0007136"/>
            <Axiom axiom="GRO_0007069 SubClassOf GRO_0007199"/>
            <Axiom axiom="GRO_0007214 SubClassOf GRO_0007199"/>
            <Axiom axiom="GRO_0007103 SubClassOf GRO_0007199"/>
            <Axiom axiom="GRO_0007110 SubClassOf GRO_0007199"/>
            <Axiom axiom="GRO_0007108 SubClassOf GRO_0007199"/>
            <Axiom axiom="GRO_0007082 SubClassOf GRO_0007199"/>
            <Axiom axiom="GRO_0007187 SubClassOf GRO_0007040"/>
            <Axiom axiom="GRO_0007072 SubClassOf GRO_0007199"/>
            <Axiom axiom="GRO_0007139 SubClassOf GRO_0007199"/>
            <Axiom axiom="GRO_0007219 SubClassOf GRO_0007040"/>
            <Axiom axiom="GRO_0007007 SubClassOf GRO_0007199"/>
            <Axiom axiom="GRO_0007152 SubClassOf GRO_0007040"/>
            <Axiom axiom="GRO_0007200 SubClassOf GRO_0007040"/>
            <Axiom axiom="GRO_0007195 SubClassOf GRO_0007136"/>
            <Axiom axiom="GRO_0007230 SubClassOf GRO_0007199"/>
            <Axiom axiom="GRO_0007196 SubClassOf GRO_0007136"/>
            <Axiom axiom="GRO_0007146 SubClassOf GRO_0007199"/>
            <Axiom axiom="GRO_0007062 SubClassOf GRO_0007199"/>
            <Axiom axiom="GRO_0007207 SubClassOf GRO_0007136"/>
            <Axiom axiom="GRO_0007037 SubClassOf GRO_0007199"/>
            <Axiom axiom="GRO_0007214 SubClassOf GRO_0007136"/>
            <Axiom axiom="GRO_0007169 SubClassOf GRO_0007040"/>
            <Axiom axiom="GRO_0007195 SubClassOf GRO_0007040"/>
            <Axiom axiom="GRO_0007058 SubClassOf GRO_0007199"/>
            <Axiom axiom="GRO_0007156 SubClassOf GRO_0007199"/>
            <Axiom axiom="GRO_0007194 SubClassOf GRO_0007199"/>
            <Axiom axiom="GRO_0007224 SubClassOf GRO_0007136"/>
            <Axiom axiom="GRO_0007098 SubClassOf GRO_0007199"/>
            <Axiom axiom="GRO_0007192 SubClassOf GRO_0007199"/>
            <Axiom axiom="GRO_0007063 SubClassOf GRO_0007199"/>
            <Axiom axiom="GRO_0007055 SubClassOf GRO_0007199"/>
            <Axiom axiom="GRO_0007159 SubClassOf GRO_0007199"/>
            <Axiom axiom="GRO_0007196 SubClassOf GRO_0007199"/>
            <Axiom axiom="GRO_0007230 SubClassOf GRO_0007136"/>
            <Axiom axiom="GRO_0007149 SubClassOf GRO_0007040"/>
            <Axiom axiom="GRO_0007176 SubClassOf GRO_0007136"/>
            <Axiom axiom="GRO_0007000 SubClassOf GRO_0007040"/>
            <Axiom axiom="GRO_0007001 SubClassOf GRO_0007040"/>
            <Axiom axiom="GRO_0007182 SubClassOf GRO_0007136"/>
            <Axiom axiom="GRO_0007185 SubClassOf GRO_0007040"/>
            <Axiom axiom="GRO_0007177 SubClassOf GRO_0007040"/>
            <Axiom axiom="GRO_0007169 SubClassOf GRO_0007199"/>
            <Axiom axiom="GRO_0007031 SubClassOf GRO_0007199"/>
            <Axiom axiom="GRO_0007220 SubClassOf GRO_0007199"/>
            <Axiom axiom="GRO_0007139 SubClassOf GRO_0007040"/>
            <Axiom axiom="GRO_0007218 SubClassOf GRO_0007199"/>
            <Axiom axiom="GRO_0007045 SubClassOf GRO_0007199"/>
            <Axiom axiom="GRO_0007004 SubClassOf GRO_0007199"/>
            <Axiom axiom="GRO_0007229 SubClassOf GRO_0007136"/>
            <Axiom axiom="GRO_0007213 SubClassOf GRO_0007199"/>
            <Axiom axiom="GRO_0007059 SubClassOf GRO_0007199"/>
            <Axiom axiom="GRO_0007113 SubClassOf GRO_0007199"/>
            <Axiom axiom="GRO_0007043 SubClassOf GRO_0007040"/>
            <Axiom axiom="GRO_0007230 SubClassOf GRO_0007040"/>
            <Axiom axiom="GRO_0007216 SubClassOf GRO_0007199"/>
            <Axiom axiom="GRO_0007006 SubClassOf GRO_0007199"/>
            <Axiom axiom="GRO_0007209 SubClassOf GRO_0007199"/>
            <Axiom axiom="GRO_0007225 SubClassOf GRO_0007136"/>
            <Axiom axiom="GRO_0007144 SubClassOf GRO_0007040"/>
            <Axiom axiom="GRO_0007174 SubClassOf GRO_0007199"/>
            <Axiom axiom="GRO_0007185 SubClassOf GRO_0007136"/>
            <Axiom axiom="GRO_0007212 SubClassOf GRO_0007040"/>
            <Axiom axiom="GRO_0007220 SubClassOf GRO_0007040"/>
            <Axiom axiom="GRO_0007029 SubClassOf GRO_0007199"/>
            <Axiom axiom="GRO_0007036 SubClassOf GRO_0007199"/>
            <Axiom axiom="GRO_0007070 SubClassOf GRO_0007199"/>
            <Axiom axiom="GRO_0007172 SubClassOf GRO_0007199"/>
            <Axiom axiom="GRO_0007208 SubClassOf GRO_0007040"/>
            <Axiom axiom="GRO_0007225 SubClassOf GRO_0007199"/>
            <Axiom axiom="GRO_0007067 SubClassOf GRO_0007199"/>
            <Axiom axiom="GRO_0007107 SubClassOf GRO_0007199"/>
            <Axiom axiom="GRO_0007231 SubClassOf GRO_0007199"/>
            <Axiom axiom="GRO_0007131 SubClassOf GRO_0007199"/>
            <Axiom axiom="GRO_0007208 SubClassOf GRO_0007136"/>
            <Axiom axiom="GRO_0007168 SubClassOf GRO_0007040"/>
            <Axiom axiom="GRO_0007145 SubClassOf GRO_0007199"/>
            <Axiom axiom="GRO_0007229 SubClassOf GRO_0007199"/>
            <Axiom axiom="GRO_0007200 SubClassOf GRO_0007136"/>
            <Axiom axiom="GRO_0007203 SubClassOf GRO_0007136"/>
            <Axiom axiom="GRO_0007160 SubClassOf GRO_0007040"/>
            <Axiom axiom="GRO_0007172 SubClassOf GRO_0007136"/>
            <Axiom axiom="GRO_0007206 SubClassOf GRO_0007199"/>
            <Axiom axiom="GRO_0007095 SubClassOf GRO_0007199"/>
            <Axiom axiom="GRO_0007177 SubClassOf GRO_0007136"/>
            <Axiom axiom="GRO_0007235 SubClassOf GRO_0007040"/>
            <Axiom axiom="GRO_0007172 SubClassOf GRO_0007040"/>
            <Axiom axiom="GRO_0007138 SubClassOf GRO_0007040"/>
            <Axiom axiom="GRO_0007214 SubClassOf GRO_0007040"/>
            <Axiom axiom="GRO_0007033 SubClassOf GRO_0007199"/>
            <Axiom axiom="GRO_0007148 SubClassOf GRO_0007199"/>
            <Axiom axiom="GRO_0007141 SubClassOf GRO_0007199"/>
            <Axiom axiom="GRO_0007030 SubClassOf GRO_0007199"/>
            <Axiom axiom="GRO_0007017 SubClassOf GRO_0007199"/>
            <Axiom axiom="GRO_0007182 SubClassOf GRO_0007040"/>
            <Axiom axiom="GRO_0007012 SubClassOf GRO_0007199"/>
            <Axiom axiom="GRO_0007026 SubClassOf GRO_0007199"/>
            <Axiom axiom="GRO_0007150 SubClassOf GRO_0007199"/>
            <Axiom axiom="GRO_0007221 SubClassOf GRO_0007199"/>
            <Axiom axiom="GRO_0007115 SubClassOf GRO_0007199"/>
            <Axiom axiom="GRO_0007233 SubClassOf GRO_0007040"/>
            <Axiom axiom="GRO_0007177 SubClassOf GRO_0007199"/>
            <Axiom axiom="GRO_0007158 SubClassOf GRO_0007199"/>
            <Axiom axiom="GRO_0007209 SubClassOf GRO_0007136"/>
            <Axiom axiom="GRO_0007221 SubClassOf GRO_0007040"/>
            <Axiom axiom="GRO_0007074 SubClassOf GRO_0007199"/>
            <Axiom axiom="GRO_0007168 SubClassOf GRO_0007136"/>
            <Axiom axiom="GRO_0007164 SubClassOf GRO_0007040"/>
            <Axiom axiom="GRO_0007083 SubClassOf GRO_0007199"/>
            <Axiom axiom="GRO_0007189 SubClassOf GRO_0007040"/>
            <Axiom axiom="GRO_0007217 SubClassOf GRO_0007040"/>
            <Axiom axiom="GRO_0007124 SubClassOf GRO_0007199"/>
            <Axiom axiom="GRO_0007228 SubClassOf GRO_0007199"/>
            <Axiom axiom="GRO_0007090 SubClassOf GRO_0007199"/>
            <Axiom axiom="GRO_0007224 SubClassOf GRO_0007199"/>
            <Axiom axiom="GRO_0007184 SubClassOf GRO_0007136"/>
            <Axiom axiom="GRO_0007086 SubClassOf GRO_0007199"/>
            <Axiom axiom="GRO_0007164 SubClassOf GRO_0007136"/>
            <Axiom axiom="GRO_0007164 SubClassOf GRO_0007199"/>
            <Axiom axiom="GRO_0007202 SubClassOf GRO_0007199"/>
            <Axiom axiom="GRO_0007053 SubClassOf GRO_0007199"/>
            <Axiom axiom="GRO_0007221 SubClassOf GRO_0007136"/>
            <Axiom axiom="GRO_0007152 SubClassOf GRO_0007199"/>
            <Axiom axiom="GRO_0007190 SubClassOf GRO_0007199"/>
            <Axiom axiom="GRO_0007220 SubClassOf GRO_0007136"/>
            <Axiom axiom="GRO_0007170 SubClassOf GRO_0007199"/>
            <Axiom axiom="GRO_0007186 SubClassOf GRO_0007199"/>
            <Axiom axiom="GRO_0007207 SubClassOf GRO_0007199"/>
            <Axiom axiom="GRO_0007148 SubClassOf GRO_0007040"/>
            <Axiom axiom="GRO_0007054 SubClassOf GRO_0007199"/>
            <Axiom axiom="GRO_0007077 SubClassOf GRO_0007199"/>
            <Axiom axiom="GRO_0007197 SubClassOf GRO_0007136"/>
            <Axiom axiom="GRO_0007191 SubClassOf GRO_0007199"/>
            <Axiom axiom="GRO_0007013 SubClassOf GRO_0007199"/>
            <Axiom axiom="GRO_0007138 SubClassOf GRO_0007136"/>
            <Axiom axiom="GRO_0007021 SubClassOf GRO_0007199"/>
            <Axiom axiom="GRO_0007212 SubClassOf GRO_0007199"/>
            <Axiom axiom="GRO_0007116 SubClassOf GRO_0007199"/>
            <Axiom axiom="GRO_0007188 SubClassOf GRO_0007199"/>
            <Axiom axiom="GRO_0007203 SubClassOf GRO_0007199"/>
            <Axiom axiom="GRO_0007212 SubClassOf GRO_0007136"/>
            <Axiom axiom="GRO_0007222 SubClassOf GRO_0007136"/>
            <Axiom axiom="GRO_0007184 SubClassOf GRO_0007040"/>
            <Axiom axiom="GRO_0007150 SubClassOf GRO_0007040"/>
            <Axiom axiom="GRO_0007128 SubClassOf GRO_0007199"/>
            <Axiom axiom="GRO_0007044 SubClassOf GRO_0007199"/>
            <Axiom axiom="GRO_0007193 SubClassOf GRO_0007040"/>
            <Axiom axiom="GRO_0007141 SubClassOf GRO_0007040"/>
            <Axiom axiom="GRO_0007020 SubClassOf GRO_0007199"/>
            <Axiom axiom="GRO_0007121 SubClassOf GRO_0007199"/>
            <Axiom axiom="GRO_0007228 SubClassOf GRO_0007040"/>
            <Axiom axiom="GRO_0007193 SubClassOf GRO_0007199"/>
            <Axiom axiom="GRO_0007171 SubClassOf GRO_0007040"/>
            <Axiom axiom="GRO_0007203 SubClassOf GRO_0007040"/>
            <Axiom axiom="GRO_0007061 SubClassOf GRO_0007199"/>
            <Axiom axiom="GRO_0007130 SubClassOf GRO_0007199"/>
            <Axiom axiom="GRO_0007168 SubClassOf GRO_0007199"/>
            <Axiom axiom="GRO_0007223 SubClassOf GRO_0007136"/>
            <Axiom axiom="GRO_0007011 SubClassOf GRO_0007199"/>
            <Axiom axiom="GRO_0007231 SubClassOf GRO_0007040"/>
            <Axiom axiom="GRO_0007045 SubClassOf GRO_0007040"/>
            <Axiom axiom="GRO_0007068 SubClassOf GRO_0007199"/>
            <Axiom axiom="GRO_0007018 SubClassOf GRO_0007199"/>
            <Axiom axiom="GRO_0007232 SubClassOf GRO_0007040"/>
            <Axiom axiom="GRO_0007051 SubClassOf GRO_0007199"/>
            <Axiom axiom="GRO_0007109 SubClassOf GRO_0007199"/>
            <Axiom axiom="GRO_0007236 SubClassOf GRO_0007040"/>
            <Axiom axiom="GRO_0007129 SubClassOf GRO_0007199"/>
            <Axiom axiom="GRO_0007235 SubClassOf GRO_0007199"/>
            <Axiom axiom="GRO_0007073 SubClassOf GRO_0007199"/>
            <Axiom axiom="GRO_0007206 SubClassOf GRO_0007040"/>
            <Axiom axiom="GRO_0007187 SubClassOf GRO_0007199"/>
            <Axiom axiom="GRO_0007167 SubClassOf GRO_0007040"/>
            <Axiom axiom="GRO_0007099 SubClassOf GRO_0007199"/>
            <Axiom axiom="GRO_0007186 SubClassOf GRO_0007040"/>
            <Axiom axiom="GRO_0007158 SubClassOf GRO_0007136"/>
            <Axiom axiom="GRO_0007167 SubClassOf GRO_0007136"/>
            <Axiom axiom="GRO_0007195 SubClassOf GRO_0007199"/>
            <Axiom axiom="GRO_0007165 SubClassOf GRO_0007199"/>
            <Axiom axiom="GRO_0007162 SubClassOf GRO_0007040"/>
            <Axiom axiom="GRO_0007034 SubClassOf GRO_0007199"/>
            <Axiom axiom="GRO_0007189 SubClassOf GRO_0007136"/>
            <Axiom axiom="GRO_0007236 SubClassOf GRO_0007199"/>
            <Axiom axiom="GRO_0007201 SubClassOf GRO_0007040"/>
            <Axiom axiom="GRO_0007186 SubClassOf GRO_0007136"/>
            <Axiom axiom="GRO_0007149 SubClassOf GRO_0007199"/>
            <Axiom axiom="GRO_0007219 SubClassOf GRO_0007199"/>
            <Axiom axiom="GRO_0007209 SubClassOf GRO_0007040"/>
            <Axiom axiom="GRO_0007085 SubClassOf GRO_0007199"/>
            <Axiom axiom="GRO_0007162 SubClassOf GRO_0007136"/>
            <Axiom axiom="GRO_0007137 SubClassOf GRO_0007136"/>
            <Axiom axiom="GRO_0007014 SubClassOf GRO_0007199"/>
            <Axiom axiom="GRO_0007234 SubClassOf GRO_0007040"/>
            <Axiom axiom="GRO_0007117 SubClassOf GRO_0007199"/>
            <Axiom axiom="GRO_0007181 SubClassOf GRO_0007136"/>
            <Axiom axiom="GRO_0007133 SubClassOf GRO_0007199"/>
            <Axiom axiom="GRO_0007175 SubClassOf GRO_0007199"/>
            <Axiom axiom="GRO_0007204 SubClassOf GRO_0007199"/>
            <Axiom axiom="GRO_0007081 SubClassOf GRO_0007199"/>
            <Axiom axiom="GRO_0007232 SubClassOf GRO_0007199"/>
            <Axiom axiom="GRO_0007226 SubClassOf GRO_0007199"/>
            <Axiom axiom="GRO_0007080 SubClassOf GRO_0007199"/>
            <Axiom axiom="GRO_0007175 SubClassOf GRO_0007136"/>
            <Axiom axiom="GRO_0007160 SubClassOf GRO_0007199"/>
            <Axiom axiom="GRO_0007038 SubClassOf GRO_0007199"/>
            <Axiom axiom="GRO_0007120 SubClassOf GRO_0007199"/>
            <Axiom axiom="GRO_0007197 SubClassOf GRO_0007040"/>
            <Axiom axiom="GRO_0007078 SubClassOf GRO_0007199"/>
            <Axiom axiom="GRO_0007225 SubClassOf GRO_0007040"/>
            <Axiom axiom="GRO_0007178 SubClassOf GRO_0007040"/>
            <Axiom axiom="GRO_0007153 SubClassOf GRO_0007199"/>
            <Axiom axiom="GRO_0007162 SubClassOf GRO_0007199"/>
            <Axiom axiom="GRO_0007106 SubClassOf GRO_0007199"/>
            <Axiom axiom="GRO_0007216 SubClassOf GRO_0007040"/>
            <Axiom axiom="GRO_0007223 SubClassOf GRO_0007199"/>
            <Axiom axiom="GRO_0007137 SubClassOf GRO_0007040"/>
            <Axiom axiom="GRO_0007088 SubClassOf GRO_0007199"/>
            <Axiom axiom="GRO_0007112 SubClassOf GRO_0007199"/>
            <Axiom axiom="GRO_0007096 SubClassOf GRO_0007199"/>
            <Axiom axiom="GRO_0007042 SubClassOf GRO_0007199"/>
            <Axiom axiom="GRO_0007002 SubClassOf GRO_0007199"/>
            <Axiom axiom="GRO_0007201 SubClassOf GRO_0007136"/>
            <Axiom axiom="GRO_0007201 SubClassOf GRO_0007199"/>
            <Axiom axiom="GRO_0007181 SubClassOf GRO_0007040"/>
            <Axiom axiom="GRO_0007019 SubClassOf GRO_0007199"/>
            <Axiom axiom="GRO_0007144 SubClassOf GRO_0007199"/>
            <Axiom axiom="GRO_0007138 SubClassOf GRO_0007199"/>
            <Axiom axiom="GRO_0007184 SubClassOf GRO_0007199"/>
            <Axiom axiom="GRO_0007175 SubClassOf GRO_0007040"/>
            <Axiom axiom="GRO_0007169 SubClassOf GRO_0007136"/>
            <Axiom axiom="GRO_0007005 SubClassOf GRO_0007199"/>
            <Axiom axiom="GRO_0007182 SubClassOf GRO_0007199"/>
            <Axiom axiom="GRO_0007223 SubClassOf GRO_0007040"/>
            <Axiom axiom="GRO_0007025 SubClassOf GRO_0007199"/>
            <Axiom axiom="GRO_0007178 SubClassOf GRO_0007136"/>
            <Axiom axiom="GRO_0007189 SubClassOf GRO_0007199"/>
            <Axiom axiom="GRO_0007213 SubClassOf GRO_0007040"/>
            <Axiom axiom="GRO_0007065 SubClassOf GRO_0007199"/>
            <Axiom axiom="GRO_0007057 SubClassOf GRO_0007199"/>
            <Axiom axiom="GRO_0007001 SubClassOf GRO_0007199"/>
            <Axiom axiom="GRO_0007211 SubClassOf GRO_0007199"/>
            <Axiom axiom="GRO_0007042 SubClassOf GRO_0007040"/>
            <Axiom axiom="GRO_0007198 SubClassOf GRO_0007199"/>
            <Axiom axiom="GRO_0007163 SubClassOf GRO_0007136"/>
            <Axiom axiom="GRO_0007022 SubClassOf GRO_0007199"/>
            <Axiom axiom="GRO_0007048 SubClassOf GRO_0007040"/>
            <Axiom axiom="GRO_0007179 SubClassOf GRO_0007199"/>
            <Axiom axiom="GRO_0007160 SubClassOf GRO_0007136"/>
            <Axiom axiom="GRO_0007198 SubClassOf GRO_0007040"/>
            <Axiom axiom="GRO_0007234 SubClassOf GRO_0007199"/>
            <Axiom axiom="GRO_0007227 SubClassOf GRO_0007040"/>
            <Axiom axiom="GRO_0007167 SubClassOf GRO_0007199"/>
            <Axiom axiom="GRO_0007217 SubClassOf GRO_0007136"/>
            <Axiom axiom="GRO_0007227 SubClassOf GRO_0007199"/>
            <Axiom axiom="GRO_0007010 SubClassOf GRO_0007199"/>
            <Axiom axiom="GRO_0007151 SubClassOf GRO_0007199"/>
            <Axiom axiom="GRO_0007089 SubClassOf GRO_0007199"/>
            <Axiom axiom="GRO_0007205 SubClassOf GRO_0007040"/>
            <Axiom axiom="GRO_0007027 SubClassOf GRO_0007199"/>
            <Axiom axiom="GRO_0007157 SubClassOf GRO_0007136"/>
            <Axiom axiom="GRO_0007043 SubClassOf GRO_0007199"/>
            <Axiom axiom="GRO_0007003 SubClassOf GRO_0007199"/>
            <Axiom axiom="GRO_0007111 SubClassOf GRO_0007199"/>
            <Axiom axiom="GRO_0007094 SubClassOf GRO_0007199"/>
            <Axiom axiom="GRO_0007173 SubClassOf GRO_0007136"/>
            <Axiom axiom="GRO_0007227 SubClassOf GRO_0007136"/>
            <Axiom axiom="GRO_0007165 SubClassOf GRO_0007040"/>
            <Axiom axiom="GRO_0007105 SubClassOf GRO_0007199"/>
            <Axiom axiom="GRO_0007202 SubClassOf GRO_0007040"/>
            <Axiom axiom="GRO_0007213 SubClassOf GRO_0007136"/>
            <Axiom axiom="GRO_0007143 SubClassOf GRO_0007199"/>
            <Axiom axiom="GRO_0007171 SubClassOf GRO_0007199"/>
            <Axiom axiom="GRO_0007163 SubClassOf GRO_0007040"/>
            <Axiom axiom="GRO_0007173 SubClassOf GRO_0007040"/>
            <Axiom axiom="GRO_0007035 SubClassOf GRO_0007199"/>
            <Axiom axiom="GRO_0007180 SubClassOf GRO_0007040"/>
            <Axiom axiom="GRO_0007125 SubClassOf GRO_0007199"/>
            <Axiom axiom="GRO_0007208 SubClassOf GRO_0007199"/>
            <Axiom axiom="GRO_0007142 SubClassOf GRO_0007040"/>
            <Axiom axiom="GRO_0007064 SubClassOf GRO_0007199"/>
            <Axiom axiom="GRO_0007000 SubClassOf GRO_0007199"/>
            <Axiom axiom="GRO_0007170 SubClassOf GRO_0007136"/>
            <Axiom axiom="GRO_0007180 SubClassOf GRO_0007199"/>
            <Axiom axiom="GRO_0007205 SubClassOf GRO_0007136"/>
            <Axiom axiom="GRO_0007197 SubClassOf GRO_0007199"/>
            <Axiom axiom="GRO_0007173 SubClassOf GRO_0007199"/>
            <Axiom axiom="GRO_0007071 SubClassOf GRO_0007199"/>
            <Axiom axiom="GRO_0007218 SubClassOf GRO_0007040"/>
            <Axiom axiom="GRO_0007024 SubClassOf GRO_0007199"/>
            <Axiom axiom="GRO_0007179 SubClassOf GRO_0007136"/>
            <Axiom axiom="GRO_0007176 SubClassOf GRO_0007199"/>
            <Axiom axiom="GRO_0007145 SubClassOf GRO_0007040"/>
            <Axiom axiom="GRO_0007102 SubClassOf GRO_0007199"/>
            <Axiom axiom="GRO_0007046 SubClassOf GRO_0007040"/>
            <Axiom axiom="GRO_0007218 SubClassOf GRO_0007136"/>
            <Axiom axiom="GRO_0007039 SubClassOf GRO_0007199"/>
            <Axiom axiom="GRO_0007211 SubClassOf GRO_0007040"/>
            <Axiom axiom="GRO_0007122 SubClassOf GRO_0007199"/>
            <Axiom axiom="GRO_0007119 SubClassOf GRO_0007199"/>
            <Axiom axiom="GRO_0007118 SubClassOf GRO_0007199"/>
            <Axiom axiom="GRO_0007060 SubClassOf GRO_0007199"/>
            <Axiom axiom="GRO_0007170 SubClassOf GRO_0007040"/>
            <Axiom axiom="GRO_0007196 SubClassOf GRO_0007040"/>
            <Axiom axiom="GRO_0007101 SubClassOf GRO_0007199"/>
            <Axiom axiom="GRO_0007140 SubClassOf GRO_0007199"/>
            <Axiom axiom="GRO_0007166 SubClassOf GRO_0007136"/>
            <Axiom axiom="GRO_0007166 SubClassOf GRO_0007040"/>
            <Axiom axiom="GRO_0007154 SubClassOf GRO_0007199"/>
            <Axiom axiom="GRO_0007097 SubClassOf GRO_0007199"/>
            <Axiom axiom="GRO_0007049 SubClassOf GRO_0007040"/>
            <Axiom axiom="GRO_0007044 SubClassOf GRO_0007040"/>
            <Axiom axiom="GRO_0007222 SubClassOf GRO_0007199"/>
            <Axiom axiom="GRO_0007079 SubClassOf GRO_0007199"/>
            <Axiom axiom="GRO_0007076 SubClassOf GRO_0007199"/>
            <Axiom axiom="GRO_0007137 SubClassOf GRO_0007199"/>
            <Axiom axiom="GRO_0007200 SubClassOf GRO_0007199"/>
            <Axiom axiom="GRO_0007179 SubClassOf GRO_0007040"/>
            <Axiom axiom="GRO_0007046 SubClassOf GRO_0007199"/>
            <Axiom axiom="GRO_0007165 SubClassOf GRO_0007136"/>
            <Axiom axiom="GRO_0007157 SubClassOf GRO_0007199"/>
            <Axiom axiom="GRO_0007190 SubClassOf GRO_0007136"/>
            <Axiom axiom="GRO_0007015 SubClassOf GRO_0007199"/>
            <Axiom axiom="GRO_0007183 SubClassOf GRO_0007136"/>
            <Axiom axiom="GRO_0007188 SubClassOf GRO_0007136"/>
            <Axiom axiom="GRO_0007091 SubClassOf GRO_0007199"/>
            <Axiom axiom="GRO_0007056 SubClassOf GRO_0007199"/>
            <Axiom axiom="GRO_0007210 SubClassOf GRO_0007199"/>
            <Axiom axiom="GRO_0007092 SubClassOf GRO_0007199"/>
            <Axiom axiom="GRO_0007205 SubClassOf GRO_0007199"/>
            <Axiom axiom="GRO_0007224 SubClassOf GRO_0007040"/>
            <Axiom axiom="GRO_0007198 SubClassOf GRO_0007136"/>
            <Axiom axiom="GRO_0007174 SubClassOf GRO_0007136"/>
            <Axiom axiom="GRO_0007048 SubClassOf GRO_0007199"/>
            <Axiom axiom="GRO_0007084 SubClassOf GRO_0007199"/>
            <Axiom axiom="GRO_0007157 SubClassOf GRO_0007040"/>
            <Axiom axiom="GRO_0007180 SubClassOf GRO_0007136"/>
            <Axiom axiom="GRO_0007134 SubClassOf GRO_0007199"/>
            <Axiom axiom="GRO_0007183 SubClassOf GRO_0007040"/>
            <Axiom axiom="GRO_0007023 SubClassOf GRO_0007199"/>
            <Axiom axiom="GRO_0007151 SubClassOf GRO_0007040"/>
            <Axiom axiom="GRO_0007104 SubClassOf GRO_0007199"/>
         </Generalisation>
      </Generalisations>
   </Cluster>
   <Cluster size="2">
      <Item iri="http://purl.obolibrary.org/obo/GRO_0007147"/>
      <Item iri="http://purl.obolibrary.org/obo/GRO_0007041"/>
      <Generalisations>
         <Generalisation axiom="?cluster_2 SubClassOf CEREAL_PLANT_GROWTH_STAGE_part_of some &#10;((?GRO_0007199_conjunction and ?cluster_1_conjunction) and (CEREAL_PLANT_GROWTH_STAGE_part_of some &#10;(?GRO_0007199_conjunction and ?cluster_1_conjunction)))" count="2" instantiationStats="?cluster_2 count: 2; ?cluster_1 count: 2; ?GRO_0007199 count: 4">
            <Axiom axiom="GRO_0007147 SubClassOf CEREAL_PLANT_GROWTH_STAGE_part_of some &#10;((GRO_0007001 and GRO_0007040 and GRO_0007048 and GRO_0007139 and GRO_0007199) and (CEREAL_PLANT_GROWTH_STAGE_part_of some &#10;(GRO_0007001 and GRO_0007040 and GRO_0007140 and GRO_0007199)))"/>
            <Axiom axiom="GRO_0007041 SubClassOf CEREAL_PLANT_GROWTH_STAGE_part_of some &#10;((GRO_0007001 and GRO_0007040 and GRO_0007048 and GRO_0007139 and GRO_0007199) and (CEREAL_PLANT_GROWTH_STAGE_part_of some &#10;(GRO_0007001 and GRO_0007040 and GRO_0007140 and GRO_0007199)))"/>
         </Generalisation>
         <Generalisation axiom="?cluster_2 SubClassOf CEREAL_PLANT_GROWTH_STAGE_part_of some Thing" count="2" instantiationStats="?cluster_2 count: 2">
            <Axiom axiom="GRO_0007041 SubClassOf CEREAL_PLANT_GROWTH_STAGE_part_of some Thing"/>
            <Axiom axiom="GRO_0007147 SubClassOf CEREAL_PLANT_GROWTH_STAGE_part_of some Thing"/>
         </Generalisation>
      </Generalisations>
   </Cluster>
</Clusters>
