<?xml version="1.0" encoding="UTF-8" standalone="no"?>
<Clusters>
   <Cluster size="8">
      <Item iri="http://purl.obolibrary.org/obo/PO_0007015"/>
      <Item iri="http://purl.obolibrary.org/obo/PO_0007049"/>
      <Item iri="http://purl.obolibrary.org/obo/PO_0007054"/>
      <Item iri="http://purl.obolibrary.org/obo/PO_0007045"/>
      <Item iri="http://purl.obolibrary.org/obo/PO_0007022"/>
      <Item iri="http://purl.obolibrary.org/obo/PO_0007043"/>
      <Item iri="http://purl.obolibrary.org/obo/PO_0007030"/>
      <Item iri="http://purl.obolibrary.org/obo/PO_0007131"/>
      <Generalisations>
         <Generalisation axiom="?cluster_1 SubClassOf PO_0007520" count="1" instantiationStats="?cluster_1 count: 1">
            <Axiom axiom="PO_0007015 SubClassOf PO_0007520"/>
         </Generalisation>
         <Generalisation axiom="?cluster_1 SubClassOf PLANT_ONTOLOGY_part_of some &#10;(?PO_0009012_conjunction)" count="2" instantiationStats="?cluster_1 count: 2; ?PO_0009012 count: 4">
            <Axiom axiom="PO_0007131 SubClassOf PLANT_ONTOLOGY_part_of some &#10;(PO_0007033 and PO_0007057 and PO_0007134 and PO_0009012)"/>
            <Axiom axiom="PO_0007022 SubClassOf PLANT_ONTOLOGY_part_of some &#10;(PO_0007033 and PO_0007057 and PO_0007134 and PO_0009012)"/>
         </Generalisation>
         <Generalisation axiom="?cluster_1 SubClassOf ?PO_0009012" count="1" instantiationStats="?cluster_1 count: 1; ?PO_0009012 count: 1">
            <Axiom axiom="PO_0007015 SubClassOf PO_0009012"/>
         </Generalisation>
         <Generalisation axiom="?cluster_1 SubClassOf PLANT_ONTOLOGY_part_of some Thing" count="8" instantiationStats="?cluster_1 count: 8">
            <Axiom axiom="PO_0007022 SubClassOf PLANT_ONTOLOGY_part_of some Thing"/>
            <Axiom axiom="PO_0007131 SubClassOf PLANT_ONTOLOGY_part_of some Thing"/>
            <Axiom axiom="PO_0007015 SubClassOf PLANT_ONTOLOGY_part_of some Thing"/>
            <Axiom axiom="PO_0007030 SubClassOf PLANT_ONTOLOGY_part_of some Thing"/>
            <Axiom axiom="PO_0007054 SubClassOf PLANT_ONTOLOGY_part_of some Thing"/>
            <Axiom axiom="PO_0007049 SubClassOf PLANT_ONTOLOGY_part_of some Thing"/>
            <Axiom axiom="PO_0007043 SubClassOf PLANT_ONTOLOGY_part_of some Thing"/>
            <Axiom axiom="PO_0007045 SubClassOf PLANT_ONTOLOGY_part_of some Thing"/>
         </Generalisation>
         <Generalisation axiom="?cluster_1 SubClassOf PO_0007510" count="1" instantiationStats="?cluster_1 count: 1">
            <Axiom axiom="PO_0007015 SubClassOf PO_0007510"/>
         </Generalisation>
         <Generalisation axiom="?cluster_1 SubClassOf ?cluster_1" count="4" instantiationStats="?cluster_1 count: 5">
            <Axiom axiom="PO_0007045 SubClassOf PO_0007030"/>
            <Axiom axiom="PO_0007049 SubClassOf PO_0007030"/>
            <Axiom axiom="PO_0007043 SubClassOf PO_0007030"/>
            <Axiom axiom="PO_0007054 SubClassOf PO_0007030"/>
         </Generalisation>
         <Generalisation axiom="?cluster_1 SubClassOf PLANT_ONTOLOGY_part_of some &#10;(?cluster_1 and (PLANT_ONTOLOGY_part_of some &#10;(?PO_0009012_conjunction)))" count="6" instantiationStats="?cluster_1 count: 7; ?PO_0009012 count: 4">
            <Axiom axiom="PO_0007043 SubClassOf PLANT_ONTOLOGY_part_of some &#10;(PO_0007131 and (PLANT_ONTOLOGY_part_of some &#10;(PO_0007033 and PO_0007057 and PO_0007134 and PO_0009012)))"/>
            <Axiom axiom="PO_0007054 SubClassOf PLANT_ONTOLOGY_part_of some &#10;(PO_0007131 and (PLANT_ONTOLOGY_part_of some &#10;(PO_0007033 and PO_0007057 and PO_0007134 and PO_0009012)))"/>
            <Axiom axiom="PO_0007049 SubClassOf PLANT_ONTOLOGY_part_of some &#10;(PO_0007131 and (PLANT_ONTOLOGY_part_of some &#10;(PO_0007033 and PO_0007057 and PO_0007134 and PO_0009012)))"/>
            <Axiom axiom="PO_0007045 SubClassOf PLANT_ONTOLOGY_part_of some &#10;(PO_0007131 and (PLANT_ONTOLOGY_part_of some &#10;(PO_0007033 and PO_0007057 and PO_0007134 and PO_0009012)))"/>
            <Axiom axiom="PO_0007030 SubClassOf PLANT_ONTOLOGY_part_of some &#10;(PO_0007131 and (PLANT_ONTOLOGY_part_of some &#10;(PO_0007033 and PO_0007057 and PO_0007134 and PO_0009012)))"/>
            <Axiom axiom="PO_0007015 SubClassOf PLANT_ONTOLOGY_part_of some &#10;(PO_0007131 and (PLANT_ONTOLOGY_part_of some &#10;(PO_0007033 and PO_0007057 and PO_0007134 and PO_0009012)))"/>
         </Generalisation>
         <Generalisation axiom="?cluster_1 SubClassOf PO_0007021" count="1" instantiationStats="?cluster_1 count: 1">
            <Axiom axiom="PO_0007015 SubClassOf PO_0007021"/>
         </Generalisation>
         <Generalisation axiom="?cluster_1 SubClassOf PO_0001031" count="1" instantiationStats="?cluster_1 count: 1">
            <Axiom axiom="PO_0007015 SubClassOf PO_0001031"/>
         </Generalisation>
      </Generalisations>
   </Cluster>
   <Cluster size="4">
      <Item iri="http://purl.obolibrary.org/obo/PO_0007057"/>
      <Item iri="http://purl.obolibrary.org/obo/PO_0007033"/>
      <Item iri="http://purl.obolibrary.org/obo/PO_0007134"/>
      <Item iri="http://purl.obolibrary.org/obo/PO_0009012"/>
      <Generalisations>
         <Generalisation axiom="PO_0007032 SubClassOf ?PO_0009012" count="2" instantiationStats="?PO_0009012 count: 2">
            <Axiom axiom="PO_0007032 SubClassOf PO_0007033"/>
            <Axiom axiom="PO_0007032 SubClassOf PO_0009012"/>
         </Generalisation>
         <Generalisation axiom="PO_0001035 SubClassOf ?PO_0009012" count="1" instantiationStats="?PO_0009012 count: 1">
            <Axiom axiom="PO_0001035 SubClassOf PO_0009012"/>
         </Generalisation>
         <Generalisation axiom="PO_0028003 SubClassOf ?PO_0009012" count="2" instantiationStats="?PO_0009012 count: 2">
            <Axiom axiom="PO_0028003 SubClassOf PO_0007033"/>
            <Axiom axiom="PO_0028003 SubClassOf PO_0009012"/>
         </Generalisation>
         <Generalisation axiom="PO_0001053 SubClassOf ?PO_0009012" count="1" instantiationStats="?PO_0009012 count: 1">
            <Axiom axiom="PO_0001053 SubClassOf PO_0009012"/>
         </Generalisation>
         <Generalisation axiom="PO_0007037 SubClassOf ?PO_0009012" count="1" instantiationStats="?PO_0009012 count: 1">
            <Axiom axiom="PO_0007037 SubClassOf PO_0009012"/>
         </Generalisation>
         <Generalisation axiom="PO_0001049 SubClassOf ?PO_0009012" count="1" instantiationStats="?PO_0009012 count: 1">
            <Axiom axiom="PO_0001049 SubClassOf PO_0009012"/>
         </Generalisation>
         <Generalisation axiom="PO_0001021 SubClassOf ?PO_0009012" count="1" instantiationStats="?PO_0009012 count: 1">
            <Axiom axiom="PO_0001021 SubClassOf PO_0009012"/>
         </Generalisation>
         <Generalisation axiom="PO_0001170 SubClassOf ?PO_0009012" count="1" instantiationStats="?PO_0009012 count: 1">
            <Axiom axiom="PO_0001170 SubClassOf PO_0009012"/>
         </Generalisation>
         <Generalisation axiom="PO_0007026 SubClassOf ?PO_0009012" count="2" instantiationStats="?PO_0009012 count: 2">
            <Axiom axiom="PO_0007026 SubClassOf PO_0007033"/>
            <Axiom axiom="PO_0007026 SubClassOf PO_0009012"/>
         </Generalisation>
         <Generalisation axiom="PO_0007510 SubClassOf ?PO_0009012" count="1" instantiationStats="?PO_0009012 count: 1">
            <Axiom axiom="PO_0007510 SubClassOf PO_0009012"/>
         </Generalisation>
         <Generalisation axiom="PO_0007093 SubClassOf ?PO_0009012" count="3" instantiationStats="?PO_0009012 count: 3">
            <Axiom axiom="PO_0007093 SubClassOf PO_0007134"/>
            <Axiom axiom="PO_0007093 SubClassOf PO_0009012"/>
            <Axiom axiom="PO_0007093 SubClassOf PO_0007033"/>
         </Generalisation>
         <Generalisation axiom="PO_0007130 SubClassOf ?PO_0009012" count="2" instantiationStats="?PO_0009012 count: 2">
            <Axiom axiom="PO_0007130 SubClassOf PO_0007033"/>
            <Axiom axiom="PO_0007130 SubClassOf PO_0009012"/>
         </Generalisation>
         <Generalisation axiom="PO_0001077 SubClassOf ?PO_0009012" count="1" instantiationStats="?PO_0009012 count: 1">
            <Axiom axiom="PO_0001077 SubClassOf PO_0009012"/>
         </Generalisation>
         <Generalisation axiom="PO_0007085 SubClassOf ?PO_0009012" count="3" instantiationStats="?PO_0009012 count: 3">
            <Axiom axiom="PO_0007085 SubClassOf PO_0009012"/>
            <Axiom axiom="PO_0007085 SubClassOf PO_0007134"/>
            <Axiom axiom="PO_0007085 SubClassOf PO_0007033"/>
         </Generalisation>
         <Generalisation axiom="?cluster_1 SubClassOf PLANT_ONTOLOGY_part_of some &#10;(?PO_0009012_conjunction)" count="2" instantiationStats="?cluster_1 count: 2; ?PO_0009012 count: 4">
            <Axiom axiom="PO_0007131 SubClassOf PLANT_ONTOLOGY_part_of some &#10;(PO_0007033 and PO_0007057 and PO_0007134 and PO_0009012)"/>
            <Axiom axiom="PO_0007022 SubClassOf PLANT_ONTOLOGY_part_of some &#10;(PO_0007033 and PO_0007057 and PO_0007134 and PO_0009012)"/>
         </Generalisation>
         <Generalisation axiom="PO_0007048 SubClassOf ?PO_0009012" count="2" instantiationStats="?PO_0009012 count: 2">
            <Axiom axiom="PO_0007048 SubClassOf PO_0009012"/>
            <Axiom axiom="PO_0007048 SubClassOf PO_0007033"/>
         </Generalisation>
         <Generalisation axiom="PO_0007001 SubClassOf ?PO_0009012" count="2" instantiationStats="?PO_0009012 count: 2">
            <Axiom axiom="PO_0007001 SubClassOf PO_0007033"/>
            <Axiom axiom="PO_0007001 SubClassOf PO_0009012"/>
         </Generalisation>
         <Generalisation axiom="PO_0007119 SubClassOf ?PO_0009012" count="3" instantiationStats="?PO_0009012 count: 3">
            <Axiom axiom="PO_0007119 SubClassOf PO_0007134"/>
            <Axiom axiom="PO_0007119 SubClassOf PO_0009012"/>
            <Axiom axiom="PO_0007119 SubClassOf PO_0007033"/>
         </Generalisation>
         <Generalisation axiom="PO_0007076 SubClassOf ?PO_0009012" count="3" instantiationStats="?PO_0009012 count: 3">
            <Axiom axiom="PO_0007076 SubClassOf PO_0007134"/>
            <Axiom axiom="PO_0007076 SubClassOf PO_0009012"/>
            <Axiom axiom="PO_0007076 SubClassOf PO_0007033"/>
         </Generalisation>
         <Generalisation axiom="PO_0007095 SubClassOf ?PO_0009012" count="3" instantiationStats="?PO_0009012 count: 3">
            <Axiom axiom="PO_0007095 SubClassOf PO_0009012"/>
            <Axiom axiom="PO_0007095 SubClassOf PO_0007033"/>
            <Axiom axiom="PO_0007095 SubClassOf PO_0007134"/>
         </Generalisation>
         <Generalisation axiom="PO_0004507 SubClassOf ?PO_0009012" count="1" instantiationStats="?PO_0009012 count: 1">
            <Axiom axiom="PO_0004507 SubClassOf PO_0009012"/>
         </Generalisation>
         <Generalisation axiom="PO_0007607 SubClassOf ?PO_0009012" count="1" instantiationStats="?PO_0009012 count: 1">
            <Axiom axiom="PO_0007607 SubClassOf PO_0009012"/>
         </Generalisation>
         <Generalisation axiom="PO_0007110 SubClassOf ?PO_0009012" count="3" instantiationStats="?PO_0009012 count: 3">
            <Axiom axiom="PO_0007110 SubClassOf PO_0007134"/>
            <Axiom axiom="PO_0007110 SubClassOf PO_0009012"/>
            <Axiom axiom="PO_0007110 SubClassOf PO_0007033"/>
         </Generalisation>
         <Generalisation axiom="PO_0007616 SubClassOf ?PO_0009012" count="1" instantiationStats="?PO_0009012 count: 1">
            <Axiom axiom="PO_0007616 SubClassOf PO_0009012"/>
         </Generalisation>
         <Generalisation axiom="PO_0007516 SubClassOf ?PO_0009012" count="1" instantiationStats="?PO_0009012 count: 1">
            <Axiom axiom="PO_0007516 SubClassOf PO_0009012"/>
         </Generalisation>
         <Generalisation axiom="PO_0007123 SubClassOf ?PO_0009012" count="3" instantiationStats="?PO_0009012 count: 3">
            <Axiom axiom="PO_0007123 SubClassOf PO_0007134"/>
            <Axiom axiom="PO_0007123 SubClassOf PO_0007033"/>
            <Axiom axiom="PO_0007123 SubClassOf PO_0009012"/>
         </Generalisation>
         <Generalisation axiom="?cluster_1 SubClassOf PLANT_ONTOLOGY_part_of some &#10;(?cluster_1 and (PLANT_ONTOLOGY_part_of some &#10;(?PO_0009012_conjunction)))" count="6" instantiationStats="?cluster_1 count: 7; ?PO_0009012 count: 4">
            <Axiom axiom="PO_0007043 SubClassOf PLANT_ONTOLOGY_part_of some &#10;(PO_0007131 and (PLANT_ONTOLOGY_part_of some &#10;(PO_0007033 and PO_0007057 and PO_0007134 and PO_0009012)))"/>
            <Axiom axiom="PO_0007054 SubClassOf PLANT_ONTOLOGY_part_of some &#10;(PO_0007131 and (PLANT_ONTOLOGY_part_of some &#10;(PO_0007033 and PO_0007057 and PO_0007134 and PO_0009012)))"/>
            <Axiom axiom="PO_0007049 SubClassOf PLANT_ONTOLOGY_part_of some &#10;(PO_0007131 and (PLANT_ONTOLOGY_part_of some &#10;(PO_0007033 and PO_0007057 and PO_0007134 and PO_0009012)))"/>
            <Axiom axiom="PO_0007045 SubClassOf PLANT_ONTOLOGY_part_of some &#10;(PO_0007131 and (PLANT_ONTOLOGY_part_of some &#10;(PO_0007033 and PO_0007057 and PO_0007134 and PO_0009012)))"/>
            <Axiom axiom="PO_0007030 SubClassOf PLANT_ONTOLOGY_part_of some &#10;(PO_0007131 and (PLANT_ONTOLOGY_part_of some &#10;(PO_0007033 and PO_0007057 and PO_0007134 and PO_0009012)))"/>
            <Axiom axiom="PO_0007015 SubClassOf PLANT_ONTOLOGY_part_of some &#10;(PO_0007131 and (PLANT_ONTOLOGY_part_of some &#10;(PO_0007033 and PO_0007057 and PO_0007134 and PO_0009012)))"/>
         </Generalisation>
         <Generalisation axiom="PO_0007113 SubClassOf ?PO_0009012" count="3" instantiationStats="?PO_0009012 count: 3">
            <Axiom axiom="PO_0007113 SubClassOf PO_0007033"/>
            <Axiom axiom="PO_0007113 SubClassOf PO_0007134"/>
            <Axiom axiom="PO_0007113 SubClassOf PO_0009012"/>
         </Generalisation>
         <Generalisation axiom="PO_0001047 SubClassOf ?PO_0009012" count="1" instantiationStats="?PO_0009012 count: 1">
            <Axiom axiom="PO_0001047 SubClassOf PO_0009012"/>
         </Generalisation>
         <Generalisation axiom="PO_0007039 SubClassOf ?PO_0009012" count="1" instantiationStats="?PO_0009012 count: 1">
            <Axiom axiom="PO_0007039 SubClassOf PO_0009012"/>
         </Generalisation>
         <Generalisation axiom="PO_0007028 SubClassOf ?PO_0009012" count="2" instantiationStats="?PO_0009012 count: 2">
            <Axiom axiom="PO_0007028 SubClassOf PO_0007033"/>
            <Axiom axiom="PO_0007028 SubClassOf PO_0009012"/>
         </Generalisation>
         <Generalisation axiom="PO_0007038 SubClassOf ?PO_0009012" count="2" instantiationStats="?PO_0009012 count: 2">
            <Axiom axiom="PO_0007038 SubClassOf PO_0009012"/>
            <Axiom axiom="PO_0007038 SubClassOf PO_0007033"/>
         </Generalisation>
         <Generalisation axiom="PO_0001051 SubClassOf ?PO_0009012" count="1" instantiationStats="?PO_0009012 count: 1">
            <Axiom axiom="PO_0001051 SubClassOf PO_0009012"/>
         </Generalisation>
         <Generalisation axiom="PO_0007070 SubClassOf ?PO_0009012" count="3" instantiationStats="?PO_0009012 count: 3">
            <Axiom axiom="PO_0007070 SubClassOf PO_0007134"/>
            <Axiom axiom="PO_0007070 SubClassOf PO_0009012"/>
            <Axiom axiom="PO_0007070 SubClassOf PO_0007033"/>
         </Generalisation>
         <Generalisation axiom="PO_0007104 SubClassOf ?PO_0009012" count="3" instantiationStats="?PO_0009012 count: 3">
            <Axiom axiom="PO_0007104 SubClassOf PO_0007134"/>
            <Axiom axiom="PO_0007104 SubClassOf PO_0007033"/>
            <Axiom axiom="PO_0007104 SubClassOf PO_0009012"/>
         </Generalisation>
         <Generalisation axiom="PO_0001378 SubClassOf ?PO_0009012" count="1" instantiationStats="?PO_0009012 count: 1">
            <Axiom axiom="PO_0001378 SubClassOf PO_0009012"/>
         </Generalisation>
         <Generalisation axiom="PO_0001058 SubClassOf ?PO_0009012" count="1" instantiationStats="?PO_0009012 count: 1">
            <Axiom axiom="PO_0001058 SubClassOf PO_0009012"/>
         </Generalisation>
         <Generalisation axiom="PO_0001008 SubClassOf ?PO_0009012" count="1" instantiationStats="?PO_0009012 count: 1">
            <Axiom axiom="PO_0001008 SubClassOf PO_0009012"/>
         </Generalisation>
         <Generalisation axiom="PO_0004502 SubClassOf ?PO_0009012" count="1" instantiationStats="?PO_0009012 count: 1">
            <Axiom axiom="PO_0004502 SubClassOf PO_0009012"/>
         </Generalisation>
         <Generalisation axiom="PO_0007135 SubClassOf ?PO_0009012" count="1" instantiationStats="?PO_0009012 count: 1">
            <Axiom axiom="PO_0007135 SubClassOf PO_0009012"/>
         </Generalisation>
         <Generalisation axiom="PO_0001034 SubClassOf ?PO_0009012" count="1" instantiationStats="?PO_0009012 count: 1">
            <Axiom axiom="PO_0001034 SubClassOf PO_0009012"/>
         </Generalisation>
         <Generalisation axiom="PO_0001003 SubClassOf ?PO_0009012" count="1" instantiationStats="?PO_0009012 count: 1">
            <Axiom axiom="PO_0001003 SubClassOf PO_0009012"/>
         </Generalisation>
         <Generalisation axiom="PO_0007618 SubClassOf ?PO_0009012" count="1" instantiationStats="?PO_0009012 count: 1">
            <Axiom axiom="PO_0007618 SubClassOf PO_0009012"/>
         </Generalisation>
         <Generalisation axiom="PO_0007018 SubClassOf ?PO_0009012" count="2" instantiationStats="?PO_0009012 count: 2">
            <Axiom axiom="PO_0007018 SubClassOf PO_0007033"/>
            <Axiom axiom="PO_0007018 SubClassOf PO_0009012"/>
         </Generalisation>
         <Generalisation axiom="PO_0007506 SubClassOf ?PO_0009012" count="1" instantiationStats="?PO_0009012 count: 1">
            <Axiom axiom="PO_0007506 SubClassOf PO_0009012"/>
         </Generalisation>
         <Generalisation axiom="PO_0007631 SubClassOf ?PO_0009012" count="1" instantiationStats="?PO_0009012 count: 1">
            <Axiom axiom="PO_0007631 SubClassOf PO_0009012"/>
         </Generalisation>
         <Generalisation axiom="PO_0007625 SubClassOf ?PO_0009012" count="1" instantiationStats="?PO_0009012 count: 1">
            <Axiom axiom="PO_0007625 SubClassOf PO_0009012"/>
         </Generalisation>
         <Generalisation axiom="PO_0007012 SubClassOf ?PO_0009012" count="2" instantiationStats="?PO_0009012 count: 2">
            <Axiom axiom="PO_0007012 SubClassOf PO_0009012"/>
            <Axiom axiom="PO_0007012 SubClassOf PO_0007033"/>
         </Generalisation>
         <Generalisation axiom="PO_0007005 SubClassOf ?PO_0009012" count="2" instantiationStats="?PO_0009012 count: 2">
            <Axiom axiom="PO_0007005 SubClassOf PO_0009012"/>
            <Axiom axiom="PO_0007005 SubClassOf PO_0007033"/>
         </Generalisation>
         <Generalisation axiom="PO_0007633 SubClassOf ?PO_0009012" count="1" instantiationStats="?PO_0009012 count: 1">
            <Axiom axiom="PO_0007633 SubClassOf PO_0009012"/>
         </Generalisation>
         <Generalisation axiom="PO_0007091 SubClassOf ?PO_0009012" count="3" instantiationStats="?PO_0009012 count: 3">
            <Axiom axiom="PO_0007091 SubClassOf PO_0007033"/>
            <Axiom axiom="PO_0007091 SubClassOf PO_0007134"/>
            <Axiom axiom="PO_0007091 SubClassOf PO_0009012"/>
         </Generalisation>
         <Generalisation axiom="PO_0007602 SubClassOf ?PO_0009012" count="1" instantiationStats="?PO_0009012 count: 1">
            <Axiom axiom="PO_0007602 SubClassOf PO_0009012"/>
         </Generalisation>
         <Generalisation axiom="?cluster_1 SubClassOf ?PO_0009012" count="1" instantiationStats="?cluster_1 count: 1; ?PO_0009012 count: 1">
            <Axiom axiom="PO_0007015 SubClassOf PO_0009012"/>
         </Generalisation>
         <Generalisation axiom="PO_0007010 SubClassOf ?PO_0009012" count="2" instantiationStats="?PO_0009012 count: 2">
            <Axiom axiom="PO_0007010 SubClassOf PO_0007033"/>
            <Axiom axiom="PO_0007010 SubClassOf PO_0009012"/>
         </Generalisation>
         <Generalisation axiom="PO_0001052 SubClassOf ?PO_0009012" count="1" instantiationStats="?PO_0009012 count: 1">
            <Axiom axiom="PO_0001052 SubClassOf PO_0009012"/>
         </Generalisation>
         <Generalisation axiom="PO_0007087 SubClassOf ?PO_0009012" count="3" instantiationStats="?PO_0009012 count: 3">
            <Axiom axiom="PO_0007087 SubClassOf PO_0007134"/>
            <Axiom axiom="PO_0007087 SubClassOf PO_0009012"/>
            <Axiom axiom="PO_0007087 SubClassOf PO_0007033"/>
         </Generalisation>
         <Generalisation axiom="PO_0001006 SubClassOf ?PO_0009012" count="1" instantiationStats="?PO_0009012 count: 1">
            <Axiom axiom="PO_0001006 SubClassOf PO_0009012"/>
         </Generalisation>
         <Generalisation axiom="PO_0007050 SubClassOf ?PO_0009012" count="2" instantiationStats="?PO_0009012 count: 2">
            <Axiom axiom="PO_0007050 SubClassOf PO_0009012"/>
            <Axiom axiom="PO_0007050 SubClassOf PO_0007033"/>
         </Generalisation>
         <Generalisation axiom="PO_0007115 SubClassOf ?PO_0009012" count="3" instantiationStats="?PO_0009012 count: 3">
            <Axiom axiom="PO_0007115 SubClassOf PO_0007134"/>
            <Axiom axiom="PO_0007115 SubClassOf PO_0009012"/>
            <Axiom axiom="PO_0007115 SubClassOf PO_0007033"/>
         </Generalisation>
         <Generalisation axiom="PO_0007520 SubClassOf ?PO_0009012" count="1" instantiationStats="?PO_0009012 count: 1">
            <Axiom axiom="PO_0007520 SubClassOf PO_0009012"/>
         </Generalisation>
         <Generalisation axiom="PO_0007062 SubClassOf ?PO_0009012" count="3" instantiationStats="?PO_0009012 count: 3">
            <Axiom axiom="PO_0007062 SubClassOf PO_0007033"/>
            <Axiom axiom="PO_0007062 SubClassOf PO_0009012"/>
            <Axiom axiom="PO_0007062 SubClassOf PO_0007134"/>
         </Generalisation>
         <Generalisation axiom="PO_0001029 SubClassOf ?PO_0009012" count="1" instantiationStats="?PO_0009012 count: 1">
            <Axiom axiom="PO_0001029 SubClassOf PO_0009012"/>
         </Generalisation>
         <Generalisation axiom="PO_0007621 SubClassOf ?PO_0009012" count="1" instantiationStats="?PO_0009012 count: 1">
            <Axiom axiom="PO_0007621 SubClassOf PO_0009012"/>
         </Generalisation>
         <Generalisation axiom="PO_0007003 SubClassOf ?PO_0009012" count="2" instantiationStats="?PO_0009012 count: 2">
            <Axiom axiom="PO_0007003 SubClassOf PO_0007033"/>
            <Axiom axiom="PO_0007003 SubClassOf PO_0009012"/>
         </Generalisation>
         <Generalisation axiom="PO_0001096 SubClassOf ?PO_0009012" count="1" instantiationStats="?PO_0009012 count: 1">
            <Axiom axiom="PO_0001096 SubClassOf PO_0009012"/>
         </Generalisation>
         <Generalisation axiom="PO_0007603 SubClassOf ?PO_0009012" count="1" instantiationStats="?PO_0009012 count: 1">
            <Axiom axiom="PO_0007603 SubClassOf PO_0009012"/>
         </Generalisation>
         <Generalisation axiom="PO_0007108 SubClassOf ?PO_0009012" count="3" instantiationStats="?PO_0009012 count: 3">
            <Axiom axiom="PO_0007108 SubClassOf PO_0009012"/>
            <Axiom axiom="PO_0007108 SubClassOf PO_0007033"/>
            <Axiom axiom="PO_0007108 SubClassOf PO_0007134"/>
         </Generalisation>
         <Generalisation axiom="PO_0007063 SubClassOf ?PO_0009012" count="3" instantiationStats="?PO_0009012 count: 3">
            <Axiom axiom="PO_0007063 SubClassOf PO_0007134"/>
            <Axiom axiom="PO_0007063 SubClassOf PO_0009012"/>
            <Axiom axiom="PO_0007063 SubClassOf PO_0007033"/>
         </Generalisation>
         <Generalisation axiom="PO_0007114 SubClassOf ?PO_0009012" count="3" instantiationStats="?PO_0009012 count: 3">
            <Axiom axiom="PO_0007114 SubClassOf PO_0007134"/>
            <Axiom axiom="PO_0007114 SubClassOf PO_0009012"/>
            <Axiom axiom="PO_0007114 SubClassOf PO_0007033"/>
         </Generalisation>
         <Generalisation axiom="PO_0007071 SubClassOf ?PO_0009012" count="3" instantiationStats="?PO_0009012 count: 3">
            <Axiom axiom="PO_0007071 SubClassOf PO_0009012"/>
            <Axiom axiom="PO_0007071 SubClassOf PO_0007134"/>
            <Axiom axiom="PO_0007071 SubClassOf PO_0007033"/>
         </Generalisation>
         <Generalisation axiom="PO_0001014 SubClassOf ?PO_0009012" count="1" instantiationStats="?PO_0009012 count: 1">
            <Axiom axiom="PO_0001014 SubClassOf PO_0009012"/>
         </Generalisation>
         <Generalisation axiom="PO_0004503 SubClassOf ?PO_0009012" count="1" instantiationStats="?PO_0009012 count: 1">
            <Axiom axiom="PO_0004503 SubClassOf PO_0009012"/>
         </Generalisation>
         <Generalisation axiom="PO_0001083 SubClassOf ?PO_0009012" count="1" instantiationStats="?PO_0009012 count: 1">
            <Axiom axiom="PO_0001083 SubClassOf PO_0009012"/>
         </Generalisation>
         <Generalisation axiom="PO_0007024 SubClassOf ?PO_0009012" count="2" instantiationStats="?PO_0009012 count: 2">
            <Axiom axiom="PO_0007024 SubClassOf PO_0007033"/>
            <Axiom axiom="PO_0007024 SubClassOf PO_0009012"/>
         </Generalisation>
         <Generalisation axiom="PO_0001094 SubClassOf ?PO_0009012" count="1" instantiationStats="?PO_0009012 count: 1">
            <Axiom axiom="PO_0001094 SubClassOf PO_0009012"/>
         </Generalisation>
         <Generalisation axiom="PO_0007009 SubClassOf ?PO_0009012" count="2" instantiationStats="?PO_0009012 count: 2">
            <Axiom axiom="PO_0007009 SubClassOf PO_0007033"/>
            <Axiom axiom="PO_0007009 SubClassOf PO_0009012"/>
         </Generalisation>
         <Generalisation axiom="PO_0007620 SubClassOf ?PO_0009012" count="1" instantiationStats="?PO_0009012 count: 1">
            <Axiom axiom="PO_0007620 SubClassOf PO_0009012"/>
         </Generalisation>
         <Generalisation axiom="PO_0001019 SubClassOf ?PO_0009012" count="1" instantiationStats="?PO_0009012 count: 1">
            <Axiom axiom="PO_0001019 SubClassOf PO_0009012"/>
         </Generalisation>
         <Generalisation axiom="PO_0007016 SubClassOf ?PO_0009012" count="2" instantiationStats="?PO_0009012 count: 2">
            <Axiom axiom="PO_0007016 SubClassOf PO_0009012"/>
            <Axiom axiom="PO_0007016 SubClassOf PO_0007033"/>
         </Generalisation>
         <Generalisation axiom="PO_0001045 SubClassOf ?PO_0009012" count="1" instantiationStats="?PO_0009012 count: 1">
            <Axiom axiom="PO_0001045 SubClassOf PO_0009012"/>
         </Generalisation>
         <Generalisation axiom="PO_0007097 SubClassOf ?PO_0009012" count="3" instantiationStats="?PO_0009012 count: 3">
            <Axiom axiom="PO_0007097 SubClassOf PO_0009012"/>
            <Axiom axiom="PO_0007097 SubClassOf PO_0007134"/>
            <Axiom axiom="PO_0007097 SubClassOf PO_0007033"/>
         </Generalisation>
         <Generalisation axiom="PO_0007601 SubClassOf ?PO_0009012" count="1" instantiationStats="?PO_0009012 count: 1">
            <Axiom axiom="PO_0007601 SubClassOf PO_0009012"/>
         </Generalisation>
         <Generalisation axiom="PO_0001025 SubClassOf ?PO_0009012" count="1" instantiationStats="?PO_0009012 count: 1">
            <Axiom axiom="PO_0001025 SubClassOf PO_0009012"/>
         </Generalisation>
         <Generalisation axiom="PO_0001044 SubClassOf ?PO_0009012" count="1" instantiationStats="?PO_0009012 count: 1">
            <Axiom axiom="PO_0001044 SubClassOf PO_0009012"/>
         </Generalisation>
         <Generalisation axiom="PO_0007099 SubClassOf ?PO_0009012" count="3" instantiationStats="?PO_0009012 count: 3">
            <Axiom axiom="PO_0007099 SubClassOf PO_0007033"/>
            <Axiom axiom="PO_0007099 SubClassOf PO_0009012"/>
            <Axiom axiom="PO_0007099 SubClassOf PO_0007134"/>
         </Generalisation>
         <Generalisation axiom="PO_0001185 SubClassOf ?PO_0009012" count="1" instantiationStats="?PO_0009012 count: 1">
            <Axiom axiom="PO_0001185 SubClassOf PO_0009012"/>
         </Generalisation>
         <Generalisation axiom="PO_0007082 SubClassOf ?PO_0009012" count="3" instantiationStats="?PO_0009012 count: 3">
            <Axiom axiom="PO_0007082 SubClassOf PO_0007134"/>
            <Axiom axiom="PO_0007082 SubClassOf PO_0009012"/>
            <Axiom axiom="PO_0007082 SubClassOf PO_0007033"/>
         </Generalisation>
         <Generalisation axiom="PO_0007056 SubClassOf ?PO_0009012" count="1" instantiationStats="?PO_0009012 count: 1">
            <Axiom axiom="PO_0007056 SubClassOf PO_0009012"/>
         </Generalisation>
         <Generalisation axiom="PO_0007619 SubClassOf ?PO_0009012" count="1" instantiationStats="?PO_0009012 count: 1">
            <Axiom axiom="PO_0007619 SubClassOf PO_0009012"/>
         </Generalisation>
         <Generalisation axiom="PO_0001072 SubClassOf ?PO_0009012" count="1" instantiationStats="?PO_0009012 count: 1">
            <Axiom axiom="PO_0001072 SubClassOf PO_0009012"/>
         </Generalisation>
         <Generalisation axiom="PO_0007608 SubClassOf ?PO_0009012" count="1" instantiationStats="?PO_0009012 count: 1">
            <Axiom axiom="PO_0007608 SubClassOf PO_0009012"/>
         </Generalisation>
         <Generalisation axiom="PO_0007086 SubClassOf ?PO_0009012" count="3" instantiationStats="?PO_0009012 count: 3">
            <Axiom axiom="PO_0007086 SubClassOf PO_0007134"/>
            <Axiom axiom="PO_0007086 SubClassOf PO_0009012"/>
            <Axiom axiom="PO_0007086 SubClassOf PO_0007033"/>
         </Generalisation>
         <Generalisation axiom="PO_0007103 SubClassOf ?PO_0009012" count="3" instantiationStats="?PO_0009012 count: 3">
            <Axiom axiom="PO_0007103 SubClassOf PO_0007033"/>
            <Axiom axiom="PO_0007103 SubClassOf PO_0007134"/>
            <Axiom axiom="PO_0007103 SubClassOf PO_0009012"/>
         </Generalisation>
         <Generalisation axiom="PO_0001059 SubClassOf ?PO_0009012" count="1" instantiationStats="?PO_0009012 count: 1">
            <Axiom axiom="PO_0001059 SubClassOf PO_0009012"/>
         </Generalisation>
         <Generalisation axiom="PO_0007041 SubClassOf ?PO_0009012" count="2" instantiationStats="?PO_0009012 count: 2">
            <Axiom axiom="PO_0007041 SubClassOf PO_0009012"/>
            <Axiom axiom="PO_0007041 SubClassOf PO_0007033"/>
         </Generalisation>
         <Generalisation axiom="PO_0007626 SubClassOf ?PO_0009012" count="1" instantiationStats="?PO_0009012 count: 1">
            <Axiom axiom="PO_0007626 SubClassOf PO_0009012"/>
         </Generalisation>
         <Generalisation axiom="PO_0007504 SubClassOf ?PO_0009012" count="1" instantiationStats="?PO_0009012 count: 1">
            <Axiom axiom="PO_0007504 SubClassOf PO_0009012"/>
         </Generalisation>
         <Generalisation axiom="PO_0007067 SubClassOf ?PO_0009012" count="3" instantiationStats="?PO_0009012 count: 3">
            <Axiom axiom="PO_0007067 SubClassOf PO_0007134"/>
            <Axiom axiom="PO_0007067 SubClassOf PO_0007033"/>
            <Axiom axiom="PO_0007067 SubClassOf PO_0009012"/>
         </Generalisation>
         <Generalisation axiom="PO_0007065 SubClassOf ?PO_0009012" count="3" instantiationStats="?PO_0009012 count: 3">
            <Axiom axiom="PO_0007065 SubClassOf PO_0009012"/>
            <Axiom axiom="PO_0007065 SubClassOf PO_0007134"/>
            <Axiom axiom="PO_0007065 SubClassOf PO_0007033"/>
         </Generalisation>
         <Generalisation axiom="PO_0001013 SubClassOf ?PO_0009012" count="1" instantiationStats="?PO_0009012 count: 1">
            <Axiom axiom="PO_0001013 SubClassOf PO_0009012"/>
         </Generalisation>
         <Generalisation axiom="PO_0007519 SubClassOf ?PO_0009012" count="1" instantiationStats="?PO_0009012 count: 1">
            <Axiom axiom="PO_0007519 SubClassOf PO_0009012"/>
         </Generalisation>
         <Generalisation axiom="PO_0001057 SubClassOf ?PO_0009012" count="1" instantiationStats="?PO_0009012 count: 1">
            <Axiom axiom="PO_0001057 SubClassOf PO_0009012"/>
         </Generalisation>
         <Generalisation axiom="PO_0007031 SubClassOf ?PO_0009012" count="2" instantiationStats="?PO_0009012 count: 2">
            <Axiom axiom="PO_0007031 SubClassOf PO_0009012"/>
            <Axiom axiom="PO_0007031 SubClassOf PO_0007033"/>
         </Generalisation>
         <Generalisation axiom="PO_0007077 SubClassOf ?PO_0009012" count="3" instantiationStats="?PO_0009012 count: 3">
            <Axiom axiom="PO_0007077 SubClassOf PO_0007134"/>
            <Axiom axiom="PO_0007077 SubClassOf PO_0009012"/>
            <Axiom axiom="PO_0007077 SubClassOf PO_0007033"/>
         </Generalisation>
         <Generalisation axiom="PO_0001040 SubClassOf ?PO_0009012" count="1" instantiationStats="?PO_0009012 count: 1">
            <Axiom axiom="PO_0001040 SubClassOf PO_0009012"/>
         </Generalisation>
         <Generalisation axiom="PO_0007611 SubClassOf ?PO_0009012" count="1" instantiationStats="?PO_0009012 count: 1">
            <Axiom axiom="PO_0007611 SubClassOf PO_0009012"/>
         </Generalisation>
         <Generalisation axiom="PO_0001012 SubClassOf ?PO_0009012" count="1" instantiationStats="?PO_0009012 count: 1">
            <Axiom axiom="PO_0001012 SubClassOf PO_0009012"/>
         </Generalisation>
         <Generalisation axiom="PO_0001070 SubClassOf ?PO_0009012" count="1" instantiationStats="?PO_0009012 count: 1">
            <Axiom axiom="PO_0001070 SubClassOf PO_0009012"/>
         </Generalisation>
         <Generalisation axiom="PO_0007017 SubClassOf ?PO_0009012" count="2" instantiationStats="?PO_0009012 count: 2">
            <Axiom axiom="PO_0007017 SubClassOf PO_0007033"/>
            <Axiom axiom="PO_0007017 SubClassOf PO_0009012"/>
         </Generalisation>
         <Generalisation axiom="PO_0007615 SubClassOf ?PO_0009012" count="1" instantiationStats="?PO_0009012 count: 1">
            <Axiom axiom="PO_0007615 SubClassOf PO_0009012"/>
         </Generalisation>
         <Generalisation axiom="PO_0007627 SubClassOf ?PO_0009012" count="1" instantiationStats="?PO_0009012 count: 1">
            <Axiom axiom="PO_0007627 SubClassOf PO_0009012"/>
         </Generalisation>
         <Generalisation axiom="PO_0007505 SubClassOf ?PO_0009012" count="1" instantiationStats="?PO_0009012 count: 1">
            <Axiom axiom="PO_0007505 SubClassOf PO_0009012"/>
         </Generalisation>
         <Generalisation axiom="PO_0001023 SubClassOf ?PO_0009012" count="1" instantiationStats="?PO_0009012 count: 1">
            <Axiom axiom="PO_0001023 SubClassOf PO_0009012"/>
         </Generalisation>
         <Generalisation axiom="PO_0007518 SubClassOf ?PO_0009012" count="1" instantiationStats="?PO_0009012 count: 1">
            <Axiom axiom="PO_0007518 SubClassOf PO_0009012"/>
         </Generalisation>
         <Generalisation axiom="PO_0004501 SubClassOf ?PO_0009012" count="1" instantiationStats="?PO_0009012 count: 1">
            <Axiom axiom="PO_0004501 SubClassOf PO_0009012"/>
         </Generalisation>
         <Generalisation axiom="PO_0007613 SubClassOf ?PO_0009012" count="1" instantiationStats="?PO_0009012 count: 1">
            <Axiom axiom="PO_0007613 SubClassOf PO_0009012"/>
         </Generalisation>
         <Generalisation axiom="PO_0007617 SubClassOf ?PO_0009012" count="1" instantiationStats="?PO_0009012 count: 1">
            <Axiom axiom="PO_0007617 SubClassOf PO_0009012"/>
         </Generalisation>
         <Generalisation axiom="PO_0001031 SubClassOf ?PO_0009012" count="1" instantiationStats="?PO_0009012 count: 1">
            <Axiom axiom="PO_0001031 SubClassOf PO_0009012"/>
         </Generalisation>
         <Generalisation axiom="PO_0007092 SubClassOf ?PO_0009012" count="3" instantiationStats="?PO_0009012 count: 3">
            <Axiom axiom="PO_0007092 SubClassOf PO_0009012"/>
            <Axiom axiom="PO_0007092 SubClassOf PO_0007134"/>
            <Axiom axiom="PO_0007092 SubClassOf PO_0007033"/>
         </Generalisation>
         <Generalisation axiom="PO_0007088 SubClassOf ?PO_0009012" count="3" instantiationStats="?PO_0009012 count: 3">
            <Axiom axiom="PO_0007088 SubClassOf PO_0007033"/>
            <Axiom axiom="PO_0007088 SubClassOf PO_0009012"/>
            <Axiom axiom="PO_0007088 SubClassOf PO_0007134"/>
         </Generalisation>
         <Generalisation axiom="PO_0007109 SubClassOf ?PO_0009012" count="3" instantiationStats="?PO_0009012 count: 3">
            <Axiom axiom="PO_0007109 SubClassOf PO_0009012"/>
            <Axiom axiom="PO_0007109 SubClassOf PO_0007134"/>
            <Axiom axiom="PO_0007109 SubClassOf PO_0007033"/>
         </Generalisation>
         <Generalisation axiom="PO_0001180 SubClassOf ?PO_0009012" count="1" instantiationStats="?PO_0009012 count: 1">
            <Axiom axiom="PO_0001180 SubClassOf PO_0009012"/>
         </Generalisation>
         <Generalisation axiom="PO_0007101 SubClassOf ?PO_0009012" count="3" instantiationStats="?PO_0009012 count: 3">
            <Axiom axiom="PO_0007101 SubClassOf PO_0007134"/>
            <Axiom axiom="PO_0007101 SubClassOf PO_0007033"/>
            <Axiom axiom="PO_0007101 SubClassOf PO_0009012"/>
         </Generalisation>
         <Generalisation axiom="PO_0007600 SubClassOf ?PO_0009012" count="1" instantiationStats="?PO_0009012 count: 1">
            <Axiom axiom="PO_0007600 SubClassOf PO_0009012"/>
         </Generalisation>
         <Generalisation axiom="PO_0007628 SubClassOf ?PO_0009012" count="1" instantiationStats="?PO_0009012 count: 1">
            <Axiom axiom="PO_0007628 SubClassOf PO_0009012"/>
         </Generalisation>
         <Generalisation axiom="PO_0001020 SubClassOf ?PO_0009012" count="1" instantiationStats="?PO_0009012 count: 1">
            <Axiom axiom="PO_0001020 SubClassOf PO_0009012"/>
         </Generalisation>
         <Generalisation axiom="PO_0007002 SubClassOf ?PO_0009012" count="2" instantiationStats="?PO_0009012 count: 2">
            <Axiom axiom="PO_0007002 SubClassOf PO_0007033"/>
            <Axiom axiom="PO_0007002 SubClassOf PO_0009012"/>
         </Generalisation>
         <Generalisation axiom="PO_0004504 SubClassOf ?PO_0009012" count="1" instantiationStats="?PO_0009012 count: 1">
            <Axiom axiom="PO_0004504 SubClassOf PO_0009012"/>
         </Generalisation>
         <Generalisation axiom="PO_0007064 SubClassOf ?PO_0009012" count="3" instantiationStats="?PO_0009012 count: 3">
            <Axiom axiom="PO_0007064 SubClassOf PO_0009012"/>
            <Axiom axiom="PO_0007064 SubClassOf PO_0007134"/>
            <Axiom axiom="PO_0007064 SubClassOf PO_0007033"/>
         </Generalisation>
         <Generalisation axiom="PO_0001050 SubClassOf ?PO_0009012" count="1" instantiationStats="?PO_0009012 count: 1">
            <Axiom axiom="PO_0001050 SubClassOf PO_0009012"/>
         </Generalisation>
         <Generalisation axiom="PO_0007079 SubClassOf ?PO_0009012" count="3" instantiationStats="?PO_0009012 count: 3">
            <Axiom axiom="PO_0007079 SubClassOf PO_0007033"/>
            <Axiom axiom="PO_0007079 SubClassOf PO_0009012"/>
            <Axiom axiom="PO_0007079 SubClassOf PO_0007134"/>
         </Generalisation>
         <Generalisation axiom="PO_0007034 SubClassOf ?PO_0009012" count="2" instantiationStats="?PO_0009012 count: 2">
            <Axiom axiom="PO_0007034 SubClassOf PO_0009012"/>
            <Axiom axiom="PO_0007034 SubClassOf PO_0007033"/>
         </Generalisation>
         <Generalisation axiom="PO_0001078 SubClassOf ?PO_0009012" count="1" instantiationStats="?PO_0009012 count: 1">
            <Axiom axiom="PO_0001078 SubClassOf PO_0009012"/>
         </Generalisation>
         <Generalisation axiom="PO_0001074 SubClassOf ?PO_0009012" count="1" instantiationStats="?PO_0009012 count: 1">
            <Axiom axiom="PO_0001074 SubClassOf PO_0009012"/>
         </Generalisation>
         <Generalisation axiom="PO_0007047 SubClassOf ?PO_0009012" count="2" instantiationStats="?PO_0009012 count: 2">
            <Axiom axiom="PO_0007047 SubClassOf PO_0007033"/>
            <Axiom axiom="PO_0007047 SubClassOf PO_0009012"/>
         </Generalisation>
         <Generalisation axiom="PO_0007096 SubClassOf ?PO_0009012" count="3" instantiationStats="?PO_0009012 count: 3">
            <Axiom axiom="PO_0007096 SubClassOf PO_0009012"/>
            <Axiom axiom="PO_0007096 SubClassOf PO_0007033"/>
            <Axiom axiom="PO_0007096 SubClassOf PO_0007134"/>
         </Generalisation>
         <Generalisation axiom="PO_0007094 SubClassOf ?PO_0009012" count="3" instantiationStats="?PO_0009012 count: 3">
            <Axiom axiom="PO_0007094 SubClassOf PO_0007134"/>
            <Axiom axiom="PO_0007094 SubClassOf PO_0009012"/>
            <Axiom axiom="PO_0007094 SubClassOf PO_0007033"/>
         </Generalisation>
         <Generalisation axiom="PO_0007133 SubClassOf ?PO_0009012" count="3" instantiationStats="?PO_0009012 count: 3">
            <Axiom axiom="PO_0007133 SubClassOf PO_0007033"/>
            <Axiom axiom="PO_0007133 SubClassOf PO_0009012"/>
            <Axiom axiom="PO_0007133 SubClassOf PO_0007134"/>
         </Generalisation>
         <Generalisation axiom="PO_0001007 SubClassOf ?PO_0009012" count="1" instantiationStats="?PO_0009012 count: 1">
            <Axiom axiom="PO_0001007 SubClassOf PO_0009012"/>
         </Generalisation>
         <Generalisation axiom="PO_0007080 SubClassOf ?PO_0009012" count="3" instantiationStats="?PO_0009012 count: 3">
            <Axiom axiom="PO_0007080 SubClassOf PO_0007033"/>
            <Axiom axiom="PO_0007080 SubClassOf PO_0009012"/>
            <Axiom axiom="PO_0007080 SubClassOf PO_0007134"/>
         </Generalisation>
         <Generalisation axiom="PO_0004505 SubClassOf ?PO_0009012" count="1" instantiationStats="?PO_0009012 count: 1">
            <Axiom axiom="PO_0004505 SubClassOf PO_0009012"/>
         </Generalisation>
         <Generalisation axiom="PO_0007604 SubClassOf ?PO_0009012" count="1" instantiationStats="?PO_0009012 count: 1">
            <Axiom axiom="PO_0007604 SubClassOf PO_0009012"/>
         </Generalisation>
         <Generalisation axiom="PO_0007632 SubClassOf ?PO_0009012" count="1" instantiationStats="?PO_0009012 count: 1">
            <Axiom axiom="PO_0007632 SubClassOf PO_0009012"/>
         </Generalisation>
         <Generalisation axiom="PO_0007036 SubClassOf ?PO_0009012" count="2" instantiationStats="?PO_0009012 count: 2">
            <Axiom axiom="PO_0007036 SubClassOf PO_0007033"/>
            <Axiom axiom="PO_0007036 SubClassOf PO_0009012"/>
         </Generalisation>
         <Generalisation axiom="PO_0007513 SubClassOf ?PO_0009012" count="1" instantiationStats="?PO_0009012 count: 1">
            <Axiom axiom="PO_0007513 SubClassOf PO_0009012"/>
         </Generalisation>
         <Generalisation axiom="PO_0007081 SubClassOf ?PO_0009012" count="3" instantiationStats="?PO_0009012 count: 3">
            <Axiom axiom="PO_0007081 SubClassOf PO_0007033"/>
            <Axiom axiom="PO_0007081 SubClassOf PO_0009012"/>
            <Axiom axiom="PO_0007081 SubClassOf PO_0007134"/>
         </Generalisation>
         <Generalisation axiom="PO_0007042 SubClassOf ?PO_0009012" count="2" instantiationStats="?PO_0009012 count: 2">
            <Axiom axiom="PO_0007042 SubClassOf PO_0007033"/>
            <Axiom axiom="PO_0007042 SubClassOf PO_0009012"/>
         </Generalisation>
         <Generalisation axiom="PO_0001036 SubClassOf ?PO_0009012" count="1" instantiationStats="?PO_0009012 count: 1">
            <Axiom axiom="PO_0001036 SubClassOf PO_0009012"/>
         </Generalisation>
         <Generalisation axiom="PO_0007501 SubClassOf ?PO_0009012" count="1" instantiationStats="?PO_0009012 count: 1">
            <Axiom axiom="PO_0007501 SubClassOf PO_0009012"/>
         </Generalisation>
         <Generalisation axiom="PO_0001018 SubClassOf ?PO_0009012" count="1" instantiationStats="?PO_0009012 count: 1">
            <Axiom axiom="PO_0001018 SubClassOf PO_0009012"/>
         </Generalisation>
         <Generalisation axiom="PO_0001005 SubClassOf ?PO_0009012" count="1" instantiationStats="?PO_0009012 count: 1">
            <Axiom axiom="PO_0001005 SubClassOf PO_0009012"/>
         </Generalisation>
         <Generalisation axiom="PO_0007023 SubClassOf ?PO_0009012" count="2" instantiationStats="?PO_0009012 count: 2">
            <Axiom axiom="PO_0007023 SubClassOf PO_0009012"/>
            <Axiom axiom="PO_0007023 SubClassOf PO_0007033"/>
         </Generalisation>
         <Generalisation axiom="PO_0007090 SubClassOf ?PO_0009012" count="3" instantiationStats="?PO_0009012 count: 3">
            <Axiom axiom="PO_0007090 SubClassOf PO_0007134"/>
            <Axiom axiom="PO_0007090 SubClassOf PO_0007033"/>
            <Axiom axiom="PO_0007090 SubClassOf PO_0009012"/>
         </Generalisation>
         <Generalisation axiom="PO_0004500 SubClassOf ?PO_0009012" count="1" instantiationStats="?PO_0009012 count: 1">
            <Axiom axiom="PO_0004500 SubClassOf PO_0009012"/>
         </Generalisation>
         <Generalisation axiom="PO_0007509 SubClassOf ?PO_0009012" count="1" instantiationStats="?PO_0009012 count: 1">
            <Axiom axiom="PO_0007509 SubClassOf PO_0009012"/>
         </Generalisation>
         <Generalisation axiom="PO_0007511 SubClassOf ?PO_0009012" count="1" instantiationStats="?PO_0009012 count: 1">
            <Axiom axiom="PO_0007511 SubClassOf PO_0009012"/>
         </Generalisation>
         <Generalisation axiom="PO_0007008 SubClassOf ?PO_0009012" count="2" instantiationStats="?PO_0009012 count: 2">
            <Axiom axiom="PO_0007008 SubClassOf PO_0007033"/>
            <Axiom axiom="PO_0007008 SubClassOf PO_0009012"/>
         </Generalisation>
         <Generalisation axiom="PO_0007025 SubClassOf ?PO_0009012" count="2" instantiationStats="?PO_0009012 count: 2">
            <Axiom axiom="PO_0007025 SubClassOf PO_0009012"/>
            <Axiom axiom="PO_0007025 SubClassOf PO_0007033"/>
         </Generalisation>
         <Generalisation axiom="PO_0007019 SubClassOf ?PO_0009012" count="2" instantiationStats="?PO_0009012 count: 2">
            <Axiom axiom="PO_0007019 SubClassOf PO_0009012"/>
            <Axiom axiom="PO_0007019 SubClassOf PO_0007033"/>
         </Generalisation>
         <Generalisation axiom="PO_0007051 SubClassOf ?PO_0009012" count="2" instantiationStats="?PO_0009012 count: 2">
            <Axiom axiom="PO_0007051 SubClassOf PO_0007033"/>
            <Axiom axiom="PO_0007051 SubClassOf PO_0009012"/>
         </Generalisation>
         <Generalisation axiom="PO_0007066 SubClassOf ?PO_0009012" count="3" instantiationStats="?PO_0009012 count: 3">
            <Axiom axiom="PO_0007066 SubClassOf PO_0007033"/>
            <Axiom axiom="PO_0007066 SubClassOf PO_0007134"/>
            <Axiom axiom="PO_0007066 SubClassOf PO_0009012"/>
         </Generalisation>
         <Generalisation axiom="PO_0007122 SubClassOf ?PO_0009012" count="3" instantiationStats="?PO_0009012 count: 3">
            <Axiom axiom="PO_0007122 SubClassOf PO_0009012"/>
            <Axiom axiom="PO_0007122 SubClassOf PO_0007134"/>
            <Axiom axiom="PO_0007122 SubClassOf PO_0007033"/>
         </Generalisation>
         <Generalisation axiom="PO_0007120 SubClassOf ?PO_0009012" count="3" instantiationStats="?PO_0009012 count: 3">
            <Axiom axiom="PO_0007120 SubClassOf PO_0007033"/>
            <Axiom axiom="PO_0007120 SubClassOf PO_0009012"/>
            <Axiom axiom="PO_0007120 SubClassOf PO_0007134"/>
         </Generalisation>
         <Generalisation axiom="PO_0007116 SubClassOf ?PO_0009012" count="3" instantiationStats="?PO_0009012 count: 3">
            <Axiom axiom="PO_0007116 SubClassOf PO_0007134"/>
            <Axiom axiom="PO_0007116 SubClassOf PO_0007033"/>
            <Axiom axiom="PO_0007116 SubClassOf PO_0009012"/>
         </Generalisation>
         <Generalisation axiom="PO_0007517 SubClassOf ?PO_0009012" count="1" instantiationStats="?PO_0009012 count: 1">
            <Axiom axiom="PO_0007517 SubClassOf PO_0009012"/>
         </Generalisation>
         <Generalisation axiom="PO_0007073 SubClassOf ?PO_0009012" count="3" instantiationStats="?PO_0009012 count: 3">
            <Axiom axiom="PO_0007073 SubClassOf PO_0009012"/>
            <Axiom axiom="PO_0007073 SubClassOf PO_0007134"/>
            <Axiom axiom="PO_0007073 SubClassOf PO_0007033"/>
         </Generalisation>
         <Generalisation axiom="PO_0001054 SubClassOf ?PO_0009012" count="1" instantiationStats="?PO_0009012 count: 1">
            <Axiom axiom="PO_0001054 SubClassOf PO_0009012"/>
         </Generalisation>
         <Generalisation axiom="PO_0007132 SubClassOf ?PO_0009012" count="2" instantiationStats="?PO_0009012 count: 2">
            <Axiom axiom="PO_0007132 SubClassOf PO_0009012"/>
            <Axiom axiom="PO_0007132 SubClassOf PO_0007033"/>
         </Generalisation>
         <Generalisation axiom="PO_0007525 SubClassOf ?PO_0009012" count="1" instantiationStats="?PO_0009012 count: 1">
            <Axiom axiom="PO_0007525 SubClassOf PO_0009012"/>
         </Generalisation>
         <Generalisation axiom="PO_0007527 SubClassOf ?PO_0009012" count="1" instantiationStats="?PO_0009012 count: 1">
            <Axiom axiom="PO_0007527 SubClassOf PO_0009012"/>
         </Generalisation>
         <Generalisation axiom="PO_0001081 SubClassOf ?PO_0009012" count="1" instantiationStats="?PO_0009012 count: 1">
            <Axiom axiom="PO_0001081 SubClassOf PO_0009012"/>
         </Generalisation>
         <Generalisation axiom="PO_0001015 SubClassOf ?PO_0009012" count="1" instantiationStats="?PO_0009012 count: 1">
            <Axiom axiom="PO_0001015 SubClassOf PO_0009012"/>
         </Generalisation>
         <Generalisation axiom="PO_0004506 SubClassOf ?PO_0009012" count="1" instantiationStats="?PO_0009012 count: 1">
            <Axiom axiom="PO_0004506 SubClassOf PO_0009012"/>
         </Generalisation>
         <Generalisation axiom="PO_0001017 SubClassOf ?PO_0009012" count="1" instantiationStats="?PO_0009012 count: 1">
            <Axiom axiom="PO_0001017 SubClassOf PO_0009012"/>
         </Generalisation>
         <Generalisation axiom="PO_0007624 SubClassOf ?PO_0009012" count="1" instantiationStats="?PO_0009012 count: 1">
            <Axiom axiom="PO_0007624 SubClassOf PO_0009012"/>
         </Generalisation>
         <Generalisation axiom="PO_0001016 SubClassOf ?PO_0009012" count="1" instantiationStats="?PO_0009012 count: 1">
            <Axiom axiom="PO_0001016 SubClassOf PO_0009012"/>
         </Generalisation>
         <Generalisation axiom="PO_0007623 SubClassOf ?PO_0009012" count="1" instantiationStats="?PO_0009012 count: 1">
            <Axiom axiom="PO_0007623 SubClassOf PO_0009012"/>
         </Generalisation>
         <Generalisation axiom="PO_0007118 SubClassOf ?PO_0009012" count="3" instantiationStats="?PO_0009012 count: 3">
            <Axiom axiom="PO_0007118 SubClassOf PO_0007033"/>
            <Axiom axiom="PO_0007118 SubClassOf PO_0007134"/>
            <Axiom axiom="PO_0007118 SubClassOf PO_0009012"/>
         </Generalisation>
         <Generalisation axiom="PO_0007078 SubClassOf ?PO_0009012" count="3" instantiationStats="?PO_0009012 count: 3">
            <Axiom axiom="PO_0007078 SubClassOf PO_0007134"/>
            <Axiom axiom="PO_0007078 SubClassOf PO_0007033"/>
            <Axiom axiom="PO_0007078 SubClassOf PO_0009012"/>
         </Generalisation>
         <Generalisation axiom="PO_0021004 SubClassOf ?PO_0009012" count="1" instantiationStats="?PO_0009012 count: 1">
            <Axiom axiom="PO_0021004 SubClassOf PO_0009012"/>
         </Generalisation>
         <Generalisation axiom="PO_0007027 SubClassOf ?PO_0009012" count="2" instantiationStats="?PO_0009012 count: 2">
            <Axiom axiom="PO_0007027 SubClassOf PO_0009012"/>
            <Axiom axiom="PO_0007027 SubClassOf PO_0007033"/>
         </Generalisation>
         <Generalisation axiom="PO_0001380 SubClassOf ?PO_0009012" count="1" instantiationStats="?PO_0009012 count: 1">
            <Axiom axiom="PO_0001380 SubClassOf PO_0009012"/>
         </Generalisation>
         <Generalisation axiom="PO_0007622 SubClassOf ?PO_0009012" count="1" instantiationStats="?PO_0009012 count: 1">
            <Axiom axiom="PO_0007622 SubClassOf PO_0009012"/>
         </Generalisation>
         <Generalisation axiom="PO_0007053 SubClassOf ?PO_0009012" count="2" instantiationStats="?PO_0009012 count: 2">
            <Axiom axiom="PO_0007053 SubClassOf PO_0009012"/>
            <Axiom axiom="PO_0007053 SubClassOf PO_0007033"/>
         </Generalisation>
         <Generalisation axiom="PO_0007112 SubClassOf ?PO_0009012" count="3" instantiationStats="?PO_0009012 count: 3">
            <Axiom axiom="PO_0007112 SubClassOf PO_0009012"/>
            <Axiom axiom="PO_0007112 SubClassOf PO_0007033"/>
            <Axiom axiom="PO_0007112 SubClassOf PO_0007134"/>
         </Generalisation>
         <Generalisation axiom="?PO_0009012 SubClassOf ?PO_0009012" count="6" instantiationStats="?PO_0009012 count: 4">
            <Axiom axiom="PO_0007134 SubClassOf PO_0009012"/>
            <Axiom axiom="PO_0007033 SubClassOf PO_0009012"/>
            <Axiom axiom="PO_0007057 SubClassOf PO_0007134"/>
            <Axiom axiom="PO_0007057 SubClassOf PO_0007033"/>
            <Axiom axiom="PO_0007134 SubClassOf PO_0007033"/>
            <Axiom axiom="PO_0007057 SubClassOf PO_0009012"/>
         </Generalisation>
         <Generalisation axiom="PO_0007089 SubClassOf ?PO_0009012" count="3" instantiationStats="?PO_0009012 count: 3">
            <Axiom axiom="PO_0007089 SubClassOf PO_0007033"/>
            <Axiom axiom="PO_0007089 SubClassOf PO_0007134"/>
            <Axiom axiom="PO_0007089 SubClassOf PO_0009012"/>
         </Generalisation>
         <Generalisation axiom="PO_0001097 SubClassOf ?PO_0009012" count="1" instantiationStats="?PO_0009012 count: 1">
            <Axiom axiom="PO_0001097 SubClassOf PO_0009012"/>
         </Generalisation>
         <Generalisation axiom="PO_0007013 SubClassOf ?PO_0009012" count="2" instantiationStats="?PO_0009012 count: 2">
            <Axiom axiom="PO_0007013 SubClassOf PO_0009012"/>
            <Axiom axiom="PO_0007013 SubClassOf PO_0007033"/>
         </Generalisation>
         <Generalisation axiom="PO_0001071 SubClassOf ?PO_0009012" count="1" instantiationStats="?PO_0009012 count: 1">
            <Axiom axiom="PO_0001071 SubClassOf PO_0009012"/>
         </Generalisation>
         <Generalisation axiom="PO_0007606 SubClassOf ?PO_0009012" count="1" instantiationStats="?PO_0009012 count: 1">
            <Axiom axiom="PO_0007606 SubClassOf PO_0009012"/>
         </Generalisation>
         <Generalisation axiom="PO_0001048 SubClassOf ?PO_0009012" count="1" instantiationStats="?PO_0009012 count: 1">
            <Axiom axiom="PO_0001048 SubClassOf PO_0009012"/>
         </Generalisation>
         <Generalisation axiom="PO_0001009 SubClassOf ?PO_0009012" count="1" instantiationStats="?PO_0009012 count: 1">
            <Axiom axiom="PO_0001009 SubClassOf PO_0009012"/>
         </Generalisation>
         <Generalisation axiom="PO_0007605 SubClassOf ?PO_0009012" count="1" instantiationStats="?PO_0009012 count: 1">
            <Axiom axiom="PO_0007605 SubClassOf PO_0009012"/>
         </Generalisation>
         <Generalisation axiom="PO_0001055 SubClassOf ?PO_0009012" count="1" instantiationStats="?PO_0009012 count: 1">
            <Axiom axiom="PO_0001055 SubClassOf PO_0009012"/>
         </Generalisation>
         <Generalisation axiom="PO_0001010 SubClassOf ?PO_0009012" count="1" instantiationStats="?PO_0009012 count: 1">
            <Axiom axiom="PO_0001010 SubClassOf PO_0009012"/>
         </Generalisation>
         <Generalisation axiom="PO_0007111 SubClassOf ?PO_0009012" count="3" instantiationStats="?PO_0009012 count: 3">
            <Axiom axiom="PO_0007111 SubClassOf PO_0009012"/>
            <Axiom axiom="PO_0007111 SubClassOf PO_0007033"/>
            <Axiom axiom="PO_0007111 SubClassOf PO_0007134"/>
         </Generalisation>
         <Generalisation axiom="PO_0001002 SubClassOf ?PO_0009012" count="1" instantiationStats="?PO_0009012 count: 1">
            <Axiom axiom="PO_0001002 SubClassOf PO_0009012"/>
         </Generalisation>
         <Generalisation axiom="PO_0007100 SubClassOf ?PO_0009012" count="3" instantiationStats="?PO_0009012 count: 3">
            <Axiom axiom="PO_0007100 SubClassOf PO_0009012"/>
            <Axiom axiom="PO_0007100 SubClassOf PO_0007134"/>
            <Axiom axiom="PO_0007100 SubClassOf PO_0007033"/>
         </Generalisation>
         <Generalisation axiom="PO_0007021 SubClassOf ?PO_0009012" count="1" instantiationStats="?PO_0009012 count: 1">
            <Axiom axiom="PO_0007021 SubClassOf PO_0009012"/>
         </Generalisation>
         <Generalisation axiom="PO_0001095 SubClassOf ?PO_0009012" count="1" instantiationStats="?PO_0009012 count: 1">
            <Axiom axiom="PO_0001095 SubClassOf PO_0009012"/>
         </Generalisation>
         <Generalisation axiom="PO_0007058 SubClassOf ?PO_0009012" count="1" instantiationStats="?PO_0009012 count: 1">
            <Axiom axiom="PO_0007058 SubClassOf PO_0009012"/>
         </Generalisation>
         <Generalisation axiom="PO_0007014 SubClassOf ?PO_0009012" count="2" instantiationStats="?PO_0009012 count: 2">
            <Axiom axiom="PO_0007014 SubClassOf PO_0009012"/>
            <Axiom axiom="PO_0007014 SubClassOf PO_0007033"/>
         </Generalisation>
         <Generalisation axiom="PO_0007117 SubClassOf ?PO_0009012" count="3" instantiationStats="?PO_0009012 count: 3">
            <Axiom axiom="PO_0007117 SubClassOf PO_0007033"/>
            <Axiom axiom="PO_0007117 SubClassOf PO_0007134"/>
            <Axiom axiom="PO_0007117 SubClassOf PO_0009012"/>
         </Generalisation>
         <Generalisation axiom="PO_0007044 SubClassOf ?PO_0009012" count="2" instantiationStats="?PO_0009012 count: 2">
            <Axiom axiom="PO_0007044 SubClassOf PO_0009012"/>
            <Axiom axiom="PO_0007044 SubClassOf PO_0007033"/>
         </Generalisation>
         <Generalisation axiom="PO_0007059 SubClassOf ?PO_0009012" count="1" instantiationStats="?PO_0009012 count: 1">
            <Axiom axiom="PO_0007059 SubClassOf PO_0009012"/>
         </Generalisation>
         <Generalisation axiom="PO_0028002 SubClassOf ?PO_0009012" count="2" instantiationStats="?PO_0009012 count: 2">
            <Axiom axiom="PO_0028002 SubClassOf PO_0007033"/>
            <Axiom axiom="PO_0028002 SubClassOf PO_0009012"/>
         </Generalisation>
         <Generalisation axiom="PO_0001026 SubClassOf ?PO_0009012" count="1" instantiationStats="?PO_0009012 count: 1">
            <Axiom axiom="PO_0001026 SubClassOf PO_0009012"/>
         </Generalisation>
         <Generalisation axiom="PO_0001024 SubClassOf ?PO_0009012" count="1" instantiationStats="?PO_0009012 count: 1">
            <Axiom axiom="PO_0001024 SubClassOf PO_0009012"/>
         </Generalisation>
         <Generalisation axiom="PO_0007612 SubClassOf ?PO_0009012" count="1" instantiationStats="?PO_0009012 count: 1">
            <Axiom axiom="PO_0007612 SubClassOf PO_0009012"/>
         </Generalisation>
         <Generalisation axiom="PO_0007072 SubClassOf ?PO_0009012" count="3" instantiationStats="?PO_0009012 count: 3">
            <Axiom axiom="PO_0007072 SubClassOf PO_0009012"/>
            <Axiom axiom="PO_0007072 SubClassOf PO_0007033"/>
            <Axiom axiom="PO_0007072 SubClassOf PO_0007134"/>
         </Generalisation>
         <Generalisation axiom="PO_0001079 SubClassOf ?PO_0009012" count="1" instantiationStats="?PO_0009012 count: 1">
            <Axiom axiom="PO_0001079 SubClassOf PO_0009012"/>
         </Generalisation>
         <Generalisation axiom="PO_0007068 SubClassOf ?PO_0009012" count="3" instantiationStats="?PO_0009012 count: 3">
            <Axiom axiom="PO_0007068 SubClassOf PO_0007033"/>
            <Axiom axiom="PO_0007068 SubClassOf PO_0007134"/>
            <Axiom axiom="PO_0007068 SubClassOf PO_0009012"/>
         </Generalisation>
         <Generalisation axiom="PO_0001032 SubClassOf ?PO_0009012" count="1" instantiationStats="?PO_0009012 count: 1">
            <Axiom axiom="PO_0001032 SubClassOf PO_0009012"/>
         </Generalisation>
         <Generalisation axiom="PO_0007074 SubClassOf ?PO_0009012" count="3" instantiationStats="?PO_0009012 count: 3">
            <Axiom axiom="PO_0007074 SubClassOf PO_0007134"/>
            <Axiom axiom="PO_0007074 SubClassOf PO_0009012"/>
            <Axiom axiom="PO_0007074 SubClassOf PO_0007033"/>
         </Generalisation>
         <Generalisation axiom="PO_0007084 SubClassOf ?PO_0009012" count="3" instantiationStats="?PO_0009012 count: 3">
            <Axiom axiom="PO_0007084 SubClassOf PO_0009012"/>
            <Axiom axiom="PO_0007084 SubClassOf PO_0007033"/>
            <Axiom axiom="PO_0007084 SubClassOf PO_0007134"/>
         </Generalisation>
         <Generalisation axiom="PO_0007007 SubClassOf ?PO_0009012" count="2" instantiationStats="?PO_0009012 count: 2">
            <Axiom axiom="PO_0007007 SubClassOf PO_0009012"/>
            <Axiom axiom="PO_0007007 SubClassOf PO_0007033"/>
         </Generalisation>
         <Generalisation axiom="PO_0007006 SubClassOf ?PO_0009012" count="2" instantiationStats="?PO_0009012 count: 2">
            <Axiom axiom="PO_0007006 SubClassOf PO_0009012"/>
            <Axiom axiom="PO_0007006 SubClassOf PO_0007033"/>
         </Generalisation>
         <Generalisation axiom="PO_0001099 SubClassOf ?PO_0009012" count="1" instantiationStats="?PO_0009012 count: 1">
            <Axiom axiom="PO_0001099 SubClassOf PO_0009012"/>
         </Generalisation>
         <Generalisation axiom="PO_0001056 SubClassOf ?PO_0009012" count="1" instantiationStats="?PO_0009012 count: 1">
            <Axiom axiom="PO_0001056 SubClassOf PO_0009012"/>
         </Generalisation>
         <Generalisation axiom="PO_0001042 SubClassOf ?PO_0009012" count="1" instantiationStats="?PO_0009012 count: 1">
            <Axiom axiom="PO_0001042 SubClassOf PO_0009012"/>
         </Generalisation>
         <Generalisation axiom="PO_0007106 SubClassOf ?PO_0009012" count="3" instantiationStats="?PO_0009012 count: 3">
            <Axiom axiom="PO_0007106 SubClassOf PO_0007033"/>
            <Axiom axiom="PO_0007106 SubClassOf PO_0007134"/>
            <Axiom axiom="PO_0007106 SubClassOf PO_0009012"/>
         </Generalisation>
         <Generalisation axiom="PO_0001011 SubClassOf ?PO_0009012" count="1" instantiationStats="?PO_0009012 count: 1">
            <Axiom axiom="PO_0001011 SubClassOf PO_0009012"/>
         </Generalisation>
         <Generalisation axiom="PO_0007046 SubClassOf ?PO_0009012" count="2" instantiationStats="?PO_0009012 count: 2">
            <Axiom axiom="PO_0007046 SubClassOf PO_0007033"/>
            <Axiom axiom="PO_0007046 SubClassOf PO_0009012"/>
         </Generalisation>
         <Generalisation axiom="PO_0007083 SubClassOf ?PO_0009012" count="3" instantiationStats="?PO_0009012 count: 3">
            <Axiom axiom="PO_0007083 SubClassOf PO_0007033"/>
            <Axiom axiom="PO_0007083 SubClassOf PO_0009012"/>
            <Axiom axiom="PO_0007083 SubClassOf PO_0007134"/>
         </Generalisation>
         <Generalisation axiom="PO_0007098 SubClassOf ?PO_0009012" count="3" instantiationStats="?PO_0009012 count: 3">
            <Axiom axiom="PO_0007098 SubClassOf PO_0007033"/>
            <Axiom axiom="PO_0007098 SubClassOf PO_0007134"/>
            <Axiom axiom="PO_0007098 SubClassOf PO_0009012"/>
         </Generalisation>
         <Generalisation axiom="PO_0001041 SubClassOf ?PO_0009012" count="1" instantiationStats="?PO_0009012 count: 1">
            <Axiom axiom="PO_0001041 SubClassOf PO_0009012"/>
         </Generalisation>
         <Generalisation axiom="PO_0001004 SubClassOf ?PO_0009012" count="1" instantiationStats="?PO_0009012 count: 1">
            <Axiom axiom="PO_0001004 SubClassOf PO_0009012"/>
         </Generalisation>
         <Generalisation axiom="PO_0007052 SubClassOf ?PO_0009012" count="2" instantiationStats="?PO_0009012 count: 2">
            <Axiom axiom="PO_0007052 SubClassOf PO_0007033"/>
            <Axiom axiom="PO_0007052 SubClassOf PO_0009012"/>
         </Generalisation>
         <Generalisation axiom="PO_0007029 SubClassOf ?PO_0009012" count="2" instantiationStats="?PO_0009012 count: 2">
            <Axiom axiom="PO_0007029 SubClassOf PO_0009012"/>
            <Axiom axiom="PO_0007029 SubClassOf PO_0007033"/>
         </Generalisation>
         <Generalisation axiom="PO_0007629 SubClassOf ?PO_0009012" count="1" instantiationStats="?PO_0009012 count: 1">
            <Axiom axiom="PO_0007629 SubClassOf PO_0009012"/>
         </Generalisation>
      </Generalisations>
   </Cluster>
</Clusters>
