<?xml version="1.0" encoding="UTF-8" standalone="no"?>
<Clusters>
   <Cluster size="69">
      <Item iri="http://purl.obolibrary.org/obo/ECO_0000260"/>
      <Item iri="http://purl.obolibrary.org/obo/ECO_0000253"/>
      <Item iri="http://purl.obolibrary.org/obo/ECO_0000252"/>
      <Item iri="http://purl.obolibrary.org/obo/ECO_0000251"/>
      <Item iri="http://purl.obolibrary.org/obo/ECO_0000250"/>
      <Item iri="http://purl.obolibrary.org/obo/ECO_0000257"/>
      <Item iri="http://purl.obolibrary.org/obo/ECO_0000256"/>
      <Item iri="http://purl.obolibrary.org/obo/ECO_0000255"/>
      <Item iri="http://purl.obolibrary.org/obo/ECO_0000254"/>
      <Item iri="http://purl.obolibrary.org/obo/ECO_0000259"/>
      <Item iri="http://purl.obolibrary.org/obo/ECO_0000258"/>
      <Item iri="http://purl.obolibrary.org/obo/ECO_0000213"/>
      <Item iri="http://purl.obolibrary.org/obo/ECO_0000210"/>
      <Item iri="http://purl.obolibrary.org/obo/ECO_0000211"/>
      <Item iri="http://purl.obolibrary.org/obo/ECO_0000285"/>
      <Item iri="http://purl.obolibrary.org/obo/ECO_0000286"/>
      <Item iri="http://purl.obolibrary.org/obo/ECO_0000283"/>
      <Item iri="http://purl.obolibrary.org/obo/ECO_0000284"/>
      <Item iri="http://purl.obolibrary.org/obo/ECO_0000289"/>
      <Item iri="http://purl.obolibrary.org/obo/ECO_0000287"/>
      <Item iri="http://purl.obolibrary.org/obo/ECO_0000288"/>
      <Item iri="http://purl.obolibrary.org/obo/ECO_0000244"/>
      <Item iri="http://purl.obolibrary.org/obo/ECO_0000209"/>
      <Item iri="http://purl.obolibrary.org/obo/ECO_0000291"/>
      <Item iri="http://purl.obolibrary.org/obo/ECO_0000246"/>
      <Item iri="http://purl.obolibrary.org/obo/ECO_0000290"/>
      <Item iri="http://purl.obolibrary.org/obo/ECO_0000245"/>
      <Item iri="http://purl.obolibrary.org/obo/ECO_0000248"/>
      <Item iri="http://purl.obolibrary.org/obo/ECO_0000247"/>
      <Item iri="http://purl.obolibrary.org/obo/ECO_0000249"/>
      <Item iri="http://purl.obolibrary.org/obo/ECO_0000032"/>
      <Item iri="http://purl.obolibrary.org/obo/ECO_0000031"/>
      <Item iri="http://purl.obolibrary.org/obo/ECO_0000030"/>
      <Item iri="http://purl.obolibrary.org/obo/ECO_0000305"/>
      <Item iri="http://purl.obolibrary.org/obo/ECO_0000281"/>
      <Item iri="http://purl.obolibrary.org/obo/ECO_0000304"/>
      <Item iri="http://purl.obolibrary.org/obo/ECO_0000282"/>
      <Item iri="http://purl.obolibrary.org/obo/ECO_0000303"/>
      <Item iri="http://purl.obolibrary.org/obo/ECO_0000302"/>
      <Item iri="http://purl.obolibrary.org/obo/ECO_0000280"/>
      <Item iri="http://purl.obolibrary.org/obo/ECO_0000307"/>
      <Item iri="http://purl.obolibrary.org/obo/ECO_0000306"/>
      <Item iri="http://purl.obolibrary.org/obo/ECO_0000279"/>
      <Item iri="http://purl.obolibrary.org/obo/ECO_0000278"/>
      <Item iri="http://purl.obolibrary.org/obo/ECO_0000277"/>
      <Item iri="http://purl.obolibrary.org/obo/ECO_0000276"/>
      <Item iri="http://purl.obolibrary.org/obo/ECO_0000275"/>
      <Item iri="http://purl.obolibrary.org/obo/ECO_0000274"/>
      <Item iri="http://purl.obolibrary.org/obo/ECO_0000273"/>
      <Item iri="http://purl.obolibrary.org/obo/ECO_0000272"/>
      <Item iri="http://purl.obolibrary.org/obo/ECO_0000312"/>
      <Item iri="http://purl.obolibrary.org/obo/ECO_0000314"/>
      <Item iri="http://purl.obolibrary.org/obo/ECO_0000313"/>
      <Item iri="http://purl.obolibrary.org/obo/ECO_0000270"/>
      <Item iri="http://purl.obolibrary.org/obo/ECO_0000316"/>
      <Item iri="http://purl.obolibrary.org/obo/ECO_0000271"/>
      <Item iri="http://purl.obolibrary.org/obo/ECO_0000315"/>
      <Item iri="http://purl.obolibrary.org/obo/ECO_0000318"/>
      <Item iri="http://purl.obolibrary.org/obo/ECO_0000317"/>
      <Item iri="http://purl.obolibrary.org/obo/ECO_0000319"/>
      <Item iri="http://purl.obolibrary.org/obo/ECO_0000266"/>
      <Item iri="http://purl.obolibrary.org/obo/ECO_0000265"/>
      <Item iri="http://purl.obolibrary.org/obo/ECO_0000262"/>
      <Item iri="http://purl.obolibrary.org/obo/ECO_0000320"/>
      <Item iri="http://purl.obolibrary.org/obo/ECO_0000261"/>
      <Item iri="http://purl.obolibrary.org/obo/ECO_0000321"/>
      <Item iri="http://purl.obolibrary.org/obo/ECO_0000264"/>
      <Item iri="http://purl.obolibrary.org/obo/ECO_0000263"/>
      <Item iri="http://purl.obolibrary.org/obo/ECO_0000269"/>
      <Generalisations>
         <Generalisation axiom="?ECO_0000000 SubClassOf ECO_0000002" count="7" instantiationStats="?ECO_0000000 count: 7">
            <Axiom axiom="ECO_0000281 SubClassOf ECO_0000002"/>
            <Axiom axiom="ECO_0000283 SubClassOf ECO_0000002"/>
            <Axiom axiom="ECO_0000279 SubClassOf ECO_0000002"/>
            <Axiom axiom="ECO_0000284 SubClassOf ECO_0000002"/>
            <Axiom axiom="ECO_0000280 SubClassOf ECO_0000002"/>
            <Axiom axiom="ECO_0000282 SubClassOf ECO_0000002"/>
            <Axiom axiom="ECO_0000314 SubClassOf ECO_0000002"/>
         </Generalisation>
         <Generalisation axiom="?ECO_0000000 SubClassOf ECO_0000205" count="3" instantiationStats="?ECO_0000000 count: 3">
            <Axiom axiom="ECO_0000306 SubClassOf ECO_0000205"/>
            <Axiom axiom="ECO_0000305 SubClassOf ECO_0000205"/>
            <Axiom axiom="ECO_0000307 SubClassOf ECO_0000205"/>
         </Generalisation>
         <Generalisation axiom="?ECO_0000000 SubClassOf ECO_0000026" count="2" instantiationStats="?ECO_0000000 count: 2">
            <Axiom axiom="ECO_0000287 SubClassOf ECO_0000026"/>
            <Axiom axiom="ECO_0000290 SubClassOf ECO_0000026"/>
         </Generalisation>
         <Generalisation axiom="?ECO_0000000 SubClassOf ECO_0000105" count="1" instantiationStats="?ECO_0000000 count: 1">
            <Axiom axiom="ECO_0000277 SubClassOf ECO_0000105"/>
         </Generalisation>
         <Generalisation axiom="?ECO_0000000 SubClassOf ECO_0000058" count="2" instantiationStats="?ECO_0000000 count: 2">
            <Axiom axiom="ECO_0000275 SubClassOf ECO_0000058"/>
            <Axiom axiom="ECO_0000285 SubClassOf ECO_0000058"/>
         </Generalisation>
         <Generalisation axiom="?ECO_0000000 SubClassOf ECO_0000114" count="1" instantiationStats="?ECO_0000000 count: 1">
            <Axiom axiom="ECO_0000281 SubClassOf ECO_0000114"/>
         </Generalisation>
         <Generalisation axiom="?ECO_0000000 SubClassOf ECO_0000051" count="2" instantiationStats="?ECO_0000000 count: 2">
            <Axiom axiom="ECO_0000253 SubClassOf ECO_0000051"/>
            <Axiom axiom="ECO_0000254 SubClassOf ECO_0000051"/>
         </Generalisation>
         <Generalisation axiom="?ECO_0000000 SubClassOf ECO_0000046" count="2" instantiationStats="?ECO_0000000 count: 2">
            <Axiom axiom="ECO_0000279 SubClassOf ECO_0000046"/>
            <Axiom axiom="ECO_0000280 SubClassOf ECO_0000046"/>
         </Generalisation>
         <Generalisation axiom="?ECO_0000000 SubClassOf ECO_0000029" count="2" instantiationStats="?ECO_0000000 count: 2">
            <Axiom axiom="ECO_0000259 SubClassOf ECO_0000029"/>
            <Axiom axiom="ECO_0000260 SubClassOf ECO_0000029"/>
         </Generalisation>
         <Generalisation axiom="?ECO_0000000 SubClassOf ECO_0000202" count="4" instantiationStats="?ECO_0000000 count: 4">
            <Axiom axiom="ECO_0000259 SubClassOf ECO_0000202"/>
            <Axiom axiom="ECO_0000256 SubClassOf ECO_0000202"/>
            <Axiom axiom="ECO_0000255 SubClassOf ECO_0000202"/>
            <Axiom axiom="ECO_0000260 SubClassOf ECO_0000202"/>
         </Generalisation>
         <Generalisation axiom="?ECO_0000000 SubClassOf ECO_0000083" count="2" instantiationStats="?ECO_0000000 count: 2">
            <Axiom axiom="ECO_0000264 SubClassOf ECO_0000083"/>
            <Axiom axiom="ECO_0000263 SubClassOf ECO_0000083"/>
         </Generalisation>
         <Generalisation axiom="?ECO_0000000 SubClassOf ECO_0000110" count="1" instantiationStats="?ECO_0000000 count: 1">
            <Axiom axiom="ECO_0000288 SubClassOf ECO_0000110"/>
         </Generalisation>
         <Generalisation axiom="?ECO_0000000 SubClassOf ECO_0000311" count="2" instantiationStats="?ECO_0000000 count: 2">
            <Axiom axiom="ECO_0000313 SubClassOf ECO_0000311"/>
            <Axiom axiom="ECO_0000312 SubClassOf ECO_0000311"/>
         </Generalisation>
         <Generalisation axiom="?ECO_0000000 SubClassOf ECO_0000216" count="1" instantiationStats="?ECO_0000000 count: 1">
            <Axiom axiom="ECO_0000320 SubClassOf ECO_0000216"/>
         </Generalisation>
         <Generalisation axiom="?ECO_0000000 SubClassOf ECO_0000062" count="1" instantiationStats="?ECO_0000000 count: 1">
            <Axiom axiom="ECO_0000276 SubClassOf ECO_0000062"/>
         </Generalisation>
         <Generalisation axiom="?ECO_0000000 SubClassOf ECO_0000034" count="1" instantiationStats="?ECO_0000000 count: 1">
            <Axiom axiom="ECO_0000303 SubClassOf ECO_0000034"/>
         </Generalisation>
         <Generalisation axiom="?ECO_0000000 SubClassOf ECO_0000010" count="6" instantiationStats="?ECO_0000000 count: 6">
            <Axiom axiom="ECO_0000281 SubClassOf ECO_0000010"/>
            <Axiom axiom="ECO_0000280 SubClassOf ECO_0000010"/>
            <Axiom axiom="ECO_0000283 SubClassOf ECO_0000010"/>
            <Axiom axiom="ECO_0000279 SubClassOf ECO_0000010"/>
            <Axiom axiom="ECO_0000284 SubClassOf ECO_0000010"/>
            <Axiom axiom="ECO_0000282 SubClassOf ECO_0000010"/>
         </Generalisation>
         <Generalisation axiom="?ECO_0000000 SubClassOf ECO_0000212" count="4" instantiationStats="?ECO_0000000 count: 4">
            <Axiom axiom="ECO_0000245 SubClassOf ECO_0000212"/>
            <Axiom axiom="ECO_0000244 SubClassOf ECO_0000212"/>
            <Axiom axiom="ECO_0000246 SubClassOf ECO_0000212"/>
            <Axiom axiom="ECO_0000213 SubClassOf ECO_0000212"/>
         </Generalisation>
         <Generalisation axiom="?ECO_0000000 SubClassOf ECO_0000035" count="1" instantiationStats="?ECO_0000000 count: 1">
            <Axiom axiom="ECO_0000307 SubClassOf ECO_0000035"/>
         </Generalisation>
         <Generalisation axiom="?ECO_0000000 SubClassOf ECO_0000104" count="1" instantiationStats="?ECO_0000000 count: 1">
            <Axiom axiom="ECO_0000285 SubClassOf ECO_0000104"/>
         </Generalisation>
         <Generalisation axiom="?ECO_0000000 SubClassOf ECO_0000080" count="4" instantiationStats="?ECO_0000000 count: 4">
            <Axiom axiom="ECO_0000319 SubClassOf ECO_0000080"/>
            <Axiom axiom="ECO_0000318 SubClassOf ECO_0000080"/>
            <Axiom axiom="ECO_0000320 SubClassOf ECO_0000080"/>
            <Axiom axiom="ECO_0000321 SubClassOf ECO_0000080"/>
         </Generalisation>
         <Generalisation axiom="?ECO_0000000 SubClassOf ECO_0000177" count="1" instantiationStats="?ECO_0000000 count: 1">
            <Axiom axiom="ECO_0000317 SubClassOf ECO_0000177"/>
         </Generalisation>
         <Generalisation axiom="?ECO_0000000 SubClassOf ECO_0000047" count="1" instantiationStats="?ECO_0000000 count: 1">
            <Axiom axiom="ECO_0000289 SubClassOf ECO_0000047"/>
         </Generalisation>
         <Generalisation axiom="?ECO_0000000 SubClassOf ECO_0000015" count="1" instantiationStats="?ECO_0000000 count: 1">
            <Axiom axiom="ECO_0000315 SubClassOf ECO_0000015"/>
         </Generalisation>
         <Generalisation axiom="?ECO_0000000 SubClassOf ECO_0000059" count="2" instantiationStats="?ECO_0000000 count: 2">
            <Axiom axiom="ECO_0000316 SubClassOf ECO_0000059"/>
            <Axiom axiom="ECO_0000315 SubClassOf ECO_0000059"/>
         </Generalisation>
         <Generalisation axiom="?ECO_0000000 SubClassOf ECO_0000116" count="1" instantiationStats="?ECO_0000000 count: 1">
            <Axiom axiom="ECO_0000287 SubClassOf ECO_0000116"/>
         </Generalisation>
         <Generalisation axiom="?ECO_0000000 SubClassOf EVIDENCE_CODE2.OBO_used_in some Thing" count="69" instantiationStats="?ECO_0000000 count: 69">
            <Axiom axiom="ECO_0000278 SubClassOf EVIDENCE_CODE2.OBO_used_in some Thing"/>
            <Axiom axiom="ECO_0000307 SubClassOf EVIDENCE_CODE2.OBO_used_in some Thing"/>
            <Axiom axiom="ECO_0000289 SubClassOf EVIDENCE_CODE2.OBO_used_in some Thing"/>
            <Axiom axiom="ECO_0000250 SubClassOf EVIDENCE_CODE2.OBO_used_in some Thing"/>
            <Axiom axiom="ECO_0000244 SubClassOf EVIDENCE_CODE2.OBO_used_in some Thing"/>
            <Axiom axiom="ECO_0000210 SubClassOf EVIDENCE_CODE2.OBO_used_in some Thing"/>
            <Axiom axiom="ECO_0000279 SubClassOf EVIDENCE_CODE2.OBO_used_in some Thing"/>
            <Axiom axiom="ECO_0000269 SubClassOf EVIDENCE_CODE2.OBO_used_in some Thing"/>
            <Axiom axiom="ECO_0000286 SubClassOf EVIDENCE_CODE2.OBO_used_in some Thing"/>
            <Axiom axiom="ECO_0000318 SubClassOf EVIDENCE_CODE2.OBO_used_in some Thing"/>
            <Axiom axiom="ECO_0000031 SubClassOf EVIDENCE_CODE2.OBO_used_in some Thing"/>
            <Axiom axiom="ECO_0000273 SubClassOf EVIDENCE_CODE2.OBO_used_in some Thing"/>
            <Axiom axiom="ECO_0000246 SubClassOf EVIDENCE_CODE2.OBO_used_in some Thing"/>
            <Axiom axiom="ECO_0000287 SubClassOf EVIDENCE_CODE2.OBO_used_in some Thing"/>
            <Axiom axiom="ECO_0000257 SubClassOf EVIDENCE_CODE2.OBO_used_in some Thing"/>
            <Axiom axiom="ECO_0000303 SubClassOf EVIDENCE_CODE2.OBO_used_in some Thing"/>
            <Axiom axiom="ECO_0000321 SubClassOf EVIDENCE_CODE2.OBO_used_in some Thing"/>
            <Axiom axiom="ECO_0000256 SubClassOf EVIDENCE_CODE2.OBO_used_in some Thing"/>
            <Axiom axiom="ECO_0000264 SubClassOf EVIDENCE_CODE2.OBO_used_in some Thing"/>
            <Axiom axiom="ECO_0000213 SubClassOf EVIDENCE_CODE2.OBO_used_in some Thing"/>
            <Axiom axiom="ECO_0000282 SubClassOf EVIDENCE_CODE2.OBO_used_in some Thing"/>
            <Axiom axiom="ECO_0000254 SubClassOf EVIDENCE_CODE2.OBO_used_in some Thing"/>
            <Axiom axiom="ECO_0000252 SubClassOf EVIDENCE_CODE2.OBO_used_in some Thing"/>
            <Axiom axiom="ECO_0000271 SubClassOf EVIDENCE_CODE2.OBO_used_in some Thing"/>
            <Axiom axiom="ECO_0000281 SubClassOf EVIDENCE_CODE2.OBO_used_in some Thing"/>
            <Axiom axiom="ECO_0000305 SubClassOf EVIDENCE_CODE2.OBO_used_in some Thing"/>
            <Axiom axiom="ECO_0000251 SubClassOf EVIDENCE_CODE2.OBO_used_in some Thing"/>
            <Axiom axiom="ECO_0000316 SubClassOf EVIDENCE_CODE2.OBO_used_in some Thing"/>
            <Axiom axiom="ECO_0000260 SubClassOf EVIDENCE_CODE2.OBO_used_in some Thing"/>
            <Axiom axiom="ECO_0000247 SubClassOf EVIDENCE_CODE2.OBO_used_in some Thing"/>
            <Axiom axiom="ECO_0000288 SubClassOf EVIDENCE_CODE2.OBO_used_in some Thing"/>
            <Axiom axiom="ECO_0000285 SubClassOf EVIDENCE_CODE2.OBO_used_in some Thing"/>
            <Axiom axiom="ECO_0000315 SubClassOf EVIDENCE_CODE2.OBO_used_in some Thing"/>
            <Axiom axiom="ECO_0000320 SubClassOf EVIDENCE_CODE2.OBO_used_in some Thing"/>
            <Axiom axiom="ECO_0000313 SubClassOf EVIDENCE_CODE2.OBO_used_in some Thing"/>
            <Axiom axiom="ECO_0000283 SubClassOf EVIDENCE_CODE2.OBO_used_in some Thing"/>
            <Axiom axiom="ECO_0000290 SubClassOf EVIDENCE_CODE2.OBO_used_in some Thing"/>
            <Axiom axiom="ECO_0000248 SubClassOf EVIDENCE_CODE2.OBO_used_in some Thing"/>
            <Axiom axiom="ECO_0000270 SubClassOf EVIDENCE_CODE2.OBO_used_in some Thing"/>
            <Axiom axiom="ECO_0000255 SubClassOf EVIDENCE_CODE2.OBO_used_in some Thing"/>
            <Axiom axiom="ECO_0000277 SubClassOf EVIDENCE_CODE2.OBO_used_in some Thing"/>
            <Axiom axiom="ECO_0000276 SubClassOf EVIDENCE_CODE2.OBO_used_in some Thing"/>
            <Axiom axiom="ECO_0000263 SubClassOf EVIDENCE_CODE2.OBO_used_in some Thing"/>
            <Axiom axiom="ECO_0000274 SubClassOf EVIDENCE_CODE2.OBO_used_in some Thing"/>
            <Axiom axiom="ECO_0000032 SubClassOf EVIDENCE_CODE2.OBO_used_in some Thing"/>
            <Axiom axiom="ECO_0000258 SubClassOf EVIDENCE_CODE2.OBO_used_in some Thing"/>
            <Axiom axiom="ECO_0000319 SubClassOf EVIDENCE_CODE2.OBO_used_in some Thing"/>
            <Axiom axiom="ECO_0000030 SubClassOf EVIDENCE_CODE2.OBO_used_in some Thing"/>
            <Axiom axiom="ECO_0000272 SubClassOf EVIDENCE_CODE2.OBO_used_in some Thing"/>
            <Axiom axiom="ECO_0000306 SubClassOf EVIDENCE_CODE2.OBO_used_in some Thing"/>
            <Axiom axiom="ECO_0000211 SubClassOf EVIDENCE_CODE2.OBO_used_in some Thing"/>
            <Axiom axiom="ECO_0000265 SubClassOf EVIDENCE_CODE2.OBO_used_in some Thing"/>
            <Axiom axiom="ECO_0000314 SubClassOf EVIDENCE_CODE2.OBO_used_in some Thing"/>
            <Axiom axiom="ECO_0000259 SubClassOf EVIDENCE_CODE2.OBO_used_in some Thing"/>
            <Axiom axiom="ECO_0000261 SubClassOf EVIDENCE_CODE2.OBO_used_in some Thing"/>
            <Axiom axiom="ECO_0000275 SubClassOf EVIDENCE_CODE2.OBO_used_in some Thing"/>
            <Axiom axiom="ECO_0000209 SubClassOf EVIDENCE_CODE2.OBO_used_in some Thing"/>
            <Axiom axiom="ECO_0000249 SubClassOf EVIDENCE_CODE2.OBO_used_in some Thing"/>
            <Axiom axiom="ECO_0000302 SubClassOf EVIDENCE_CODE2.OBO_used_in some Thing"/>
            <Axiom axiom="ECO_0000245 SubClassOf EVIDENCE_CODE2.OBO_used_in some Thing"/>
            <Axiom axiom="ECO_0000253 SubClassOf EVIDENCE_CODE2.OBO_used_in some Thing"/>
            <Axiom axiom="ECO_0000284 SubClassOf EVIDENCE_CODE2.OBO_used_in some Thing"/>
            <Axiom axiom="ECO_0000280 SubClassOf EVIDENCE_CODE2.OBO_used_in some Thing"/>
            <Axiom axiom="ECO_0000262 SubClassOf EVIDENCE_CODE2.OBO_used_in some Thing"/>
            <Axiom axiom="ECO_0000291 SubClassOf EVIDENCE_CODE2.OBO_used_in some Thing"/>
            <Axiom axiom="ECO_0000312 SubClassOf EVIDENCE_CODE2.OBO_used_in some Thing"/>
            <Axiom axiom="ECO_0000317 SubClassOf EVIDENCE_CODE2.OBO_used_in some Thing"/>
            <Axiom axiom="ECO_0000266 SubClassOf EVIDENCE_CODE2.OBO_used_in some Thing"/>
            <Axiom axiom="ECO_0000304 SubClassOf EVIDENCE_CODE2.OBO_used_in some Thing"/>
         </Generalisation>
         <Generalisation axiom="?ECO_0000000 SubClassOf ECO_0000009" count="7" instantiationStats="?ECO_0000000 count: 7">
            <Axiom axiom="ECO_0000290 SubClassOf ECO_0000009"/>
            <Axiom axiom="ECO_0000291 SubClassOf ECO_0000009"/>
            <Axiom axiom="ECO_0000285 SubClassOf ECO_0000009"/>
            <Axiom axiom="ECO_0000287 SubClassOf ECO_0000009"/>
            <Axiom axiom="ECO_0000286 SubClassOf ECO_0000009"/>
            <Axiom axiom="ECO_0000289 SubClassOf ECO_0000009"/>
            <Axiom axiom="ECO_0000288 SubClassOf ECO_0000009"/>
         </Generalisation>
         <Generalisation axiom="?ECO_0000000 SubClassOf ECO_0000011" count="1" instantiationStats="?ECO_0000000 count: 1">
            <Axiom axiom="ECO_0000316 SubClassOf ECO_0000011"/>
         </Generalisation>
         <Generalisation axiom="?ECO_0000000 SubClassOf ECO_0000040" count="1" instantiationStats="?ECO_0000000 count: 1">
            <Axiom axiom="ECO_0000281 SubClassOf ECO_0000040"/>
         </Generalisation>
         <Generalisation axiom="?ECO_0000000 SubClassOf ECO_0000023" count="1" instantiationStats="?ECO_0000000 count: 1">
            <Axiom axiom="ECO_0000281 SubClassOf ECO_0000023"/>
         </Generalisation>
         <Generalisation axiom="?ECO_0000000 SubClassOf ECO_0000215" count="1" instantiationStats="?ECO_0000000 count: 1">
            <Axiom axiom="ECO_0000321 SubClassOf ECO_0000215"/>
         </Generalisation>
         <Generalisation axiom="?ECO_0000000 SubClassOf ECO_0000206" count="6" instantiationStats="?ECO_0000000 count: 6">
            <Axiom axiom="ECO_0000210 SubClassOf ECO_0000206"/>
            <Axiom axiom="ECO_0000209 SubClassOf ECO_0000206"/>
            <Axiom axiom="ECO_0000030 SubClassOf ECO_0000206"/>
            <Axiom axiom="ECO_0000031 SubClassOf ECO_0000206"/>
            <Axiom axiom="ECO_0000211 SubClassOf ECO_0000206"/>
            <Axiom axiom="ECO_0000032 SubClassOf ECO_0000206"/>
         </Generalisation>
         <Generalisation axiom="?ECO_0000000 SubClassOf ECO_0000055" count="9" instantiationStats="?ECO_0000000 count: 9">
            <Axiom axiom="ECO_0000271 SubClassOf ECO_0000055"/>
            <Axiom axiom="ECO_0000272 SubClassOf ECO_0000055"/>
            <Axiom axiom="ECO_0000285 SubClassOf ECO_0000055"/>
            <Axiom axiom="ECO_0000276 SubClassOf ECO_0000055"/>
            <Axiom axiom="ECO_0000274 SubClassOf ECO_0000055"/>
            <Axiom axiom="ECO_0000273 SubClassOf ECO_0000055"/>
            <Axiom axiom="ECO_0000278 SubClassOf ECO_0000055"/>
            <Axiom axiom="ECO_0000277 SubClassOf ECO_0000055"/>
            <Axiom axiom="ECO_0000275 SubClassOf ECO_0000055"/>
         </Generalisation>
         <Generalisation axiom="?ECO_0000000 SubClassOf ECO_0000006" count="26" instantiationStats="?ECO_0000000 count: 26">
            <Axiom axiom="ECO_0000273 SubClassOf ECO_0000006"/>
            <Axiom axiom="ECO_0000284 SubClassOf ECO_0000006"/>
            <Axiom axiom="ECO_0000287 SubClassOf ECO_0000006"/>
            <Axiom axiom="ECO_0000272 SubClassOf ECO_0000006"/>
            <Axiom axiom="ECO_0000286 SubClassOf ECO_0000006"/>
            <Axiom axiom="ECO_0000316 SubClassOf ECO_0000006"/>
            <Axiom axiom="ECO_0000289 SubClassOf ECO_0000006"/>
            <Axiom axiom="ECO_0000315 SubClassOf ECO_0000006"/>
            <Axiom axiom="ECO_0000271 SubClassOf ECO_0000006"/>
            <Axiom axiom="ECO_0000288 SubClassOf ECO_0000006"/>
            <Axiom axiom="ECO_0000285 SubClassOf ECO_0000006"/>
            <Axiom axiom="ECO_0000282 SubClassOf ECO_0000006"/>
            <Axiom axiom="ECO_0000278 SubClassOf ECO_0000006"/>
            <Axiom axiom="ECO_0000270 SubClassOf ECO_0000006"/>
            <Axiom axiom="ECO_0000314 SubClassOf ECO_0000006"/>
            <Axiom axiom="ECO_0000291 SubClassOf ECO_0000006"/>
            <Axiom axiom="ECO_0000280 SubClassOf ECO_0000006"/>
            <Axiom axiom="ECO_0000279 SubClassOf ECO_0000006"/>
            <Axiom axiom="ECO_0000277 SubClassOf ECO_0000006"/>
            <Axiom axiom="ECO_0000281 SubClassOf ECO_0000006"/>
            <Axiom axiom="ECO_0000269 SubClassOf ECO_0000006"/>
            <Axiom axiom="ECO_0000274 SubClassOf ECO_0000006"/>
            <Axiom axiom="ECO_0000290 SubClassOf ECO_0000006"/>
            <Axiom axiom="ECO_0000276 SubClassOf ECO_0000006"/>
            <Axiom axiom="ECO_0000283 SubClassOf ECO_0000006"/>
            <Axiom axiom="ECO_0000275 SubClassOf ECO_0000006"/>
         </Generalisation>
         <Generalisation axiom="?ECO_0000000 SubClassOf ECO_0000039" count="6" instantiationStats="?ECO_0000000 count: 6">
            <Axiom axiom="ECO_0000279 SubClassOf ECO_0000039"/>
            <Axiom axiom="ECO_0000284 SubClassOf ECO_0000039"/>
            <Axiom axiom="ECO_0000283 SubClassOf ECO_0000039"/>
            <Axiom axiom="ECO_0000280 SubClassOf ECO_0000039"/>
            <Axiom axiom="ECO_0000281 SubClassOf ECO_0000039"/>
            <Axiom axiom="ECO_0000282 SubClassOf ECO_0000039"/>
         </Generalisation>
         <Generalisation axiom="?ECO_0000000 SubClassOf ECO_0000101" count="1" instantiationStats="?ECO_0000000 count: 1">
            <Axiom axiom="ECO_0000272 SubClassOf ECO_0000101"/>
         </Generalisation>
         <Generalisation axiom="?ECO_0000000 SubClassOf ECO_0000048" count="2" instantiationStats="?ECO_0000000 count: 2">
            <Axiom axiom="ECO_0000285 SubClassOf ECO_0000048"/>
            <Axiom axiom="ECO_0000286 SubClassOf ECO_0000048"/>
         </Generalisation>
         <Generalisation axiom="?ECO_0000000 SubClassOf ECO_0000200" count="8" instantiationStats="?ECO_0000000 count: 8">
            <Axiom axiom="ECO_0000030 SubClassOf ECO_0000200"/>
            <Axiom axiom="ECO_0000032 SubClassOf ECO_0000200"/>
            <Axiom axiom="ECO_0000247 SubClassOf ECO_0000200"/>
            <Axiom axiom="ECO_0000248 SubClassOf ECO_0000200"/>
            <Axiom axiom="ECO_0000210 SubClassOf ECO_0000200"/>
            <Axiom axiom="ECO_0000209 SubClassOf ECO_0000200"/>
            <Axiom axiom="ECO_0000031 SubClassOf ECO_0000200"/>
            <Axiom axiom="ECO_0000211 SubClassOf ECO_0000200"/>
         </Generalisation>
         <Generalisation axiom="?ECO_0000000 SubClassOf ECO_0000081" count="2" instantiationStats="?ECO_0000000 count: 2">
            <Axiom axiom="ECO_0000261 SubClassOf ECO_0000081"/>
            <Axiom axiom="ECO_0000262 SubClassOf ECO_0000081"/>
         </Generalisation>
         <Generalisation axiom="?ECO_0000000 SubClassOf ECO_0000000" count="69" instantiationStats="?ECO_0000000 count: 69">
            <Axiom axiom="ECO_0000258 SubClassOf ECO_0000000"/>
            <Axiom axiom="ECO_0000276 SubClassOf ECO_0000000"/>
            <Axiom axiom="ECO_0000289 SubClassOf ECO_0000000"/>
            <Axiom axiom="ECO_0000244 SubClassOf ECO_0000000"/>
            <Axiom axiom="ECO_0000282 SubClassOf ECO_0000000"/>
            <Axiom axiom="ECO_0000284 SubClassOf ECO_0000000"/>
            <Axiom axiom="ECO_0000210 SubClassOf ECO_0000000"/>
            <Axiom axiom="ECO_0000247 SubClassOf ECO_0000000"/>
            <Axiom axiom="ECO_0000321 SubClassOf ECO_0000000"/>
            <Axiom axiom="ECO_0000248 SubClassOf ECO_0000000"/>
            <Axiom axiom="ECO_0000291 SubClassOf ECO_0000000"/>
            <Axiom axiom="ECO_0000254 SubClassOf ECO_0000000"/>
            <Axiom axiom="ECO_0000280 SubClassOf ECO_0000000"/>
            <Axiom axiom="ECO_0000266 SubClassOf ECO_0000000"/>
            <Axiom axiom="ECO_0000279 SubClassOf ECO_0000000"/>
            <Axiom axiom="ECO_0000316 SubClassOf ECO_0000000"/>
            <Axiom axiom="ECO_0000262 SubClassOf ECO_0000000"/>
            <Axiom axiom="ECO_0000303 SubClassOf ECO_0000000"/>
            <Axiom axiom="ECO_0000245 SubClassOf ECO_0000000"/>
            <Axiom axiom="ECO_0000273 SubClassOf ECO_0000000"/>
            <Axiom axiom="ECO_0000032 SubClassOf ECO_0000000"/>
            <Axiom axiom="ECO_0000272 SubClassOf ECO_0000000"/>
            <Axiom axiom="ECO_0000271 SubClassOf ECO_0000000"/>
            <Axiom axiom="ECO_0000278 SubClassOf ECO_0000000"/>
            <Axiom axiom="ECO_0000287 SubClassOf ECO_0000000"/>
            <Axiom axiom="ECO_0000275 SubClassOf ECO_0000000"/>
            <Axiom axiom="ECO_0000209 SubClassOf ECO_0000000"/>
            <Axiom axiom="ECO_0000312 SubClassOf ECO_0000000"/>
            <Axiom axiom="ECO_0000320 SubClassOf ECO_0000000"/>
            <Axiom axiom="ECO_0000252 SubClassOf ECO_0000000"/>
            <Axiom axiom="ECO_0000319 SubClassOf ECO_0000000"/>
            <Axiom axiom="ECO_0000307 SubClassOf ECO_0000000"/>
            <Axiom axiom="ECO_0000256 SubClassOf ECO_0000000"/>
            <Axiom axiom="ECO_0000306 SubClassOf ECO_0000000"/>
            <Axiom axiom="ECO_0000317 SubClassOf ECO_0000000"/>
            <Axiom axiom="ECO_0000250 SubClassOf ECO_0000000"/>
            <Axiom axiom="ECO_0000264 SubClassOf ECO_0000000"/>
            <Axiom axiom="ECO_0000315 SubClassOf ECO_0000000"/>
            <Axiom axiom="ECO_0000255 SubClassOf ECO_0000000"/>
            <Axiom axiom="ECO_0000290 SubClassOf ECO_0000000"/>
            <Axiom axiom="ECO_0000281 SubClassOf ECO_0000000"/>
            <Axiom axiom="ECO_0000270 SubClassOf ECO_0000000"/>
            <Axiom axiom="ECO_0000246 SubClassOf ECO_0000000"/>
            <Axiom axiom="ECO_0000259 SubClassOf ECO_0000000"/>
            <Axiom axiom="ECO_0000030 SubClassOf ECO_0000000"/>
            <Axiom axiom="ECO_0000274 SubClassOf ECO_0000000"/>
            <Axiom axiom="ECO_0000031 SubClassOf ECO_0000000"/>
            <Axiom axiom="ECO_0000288 SubClassOf ECO_0000000"/>
            <Axiom axiom="ECO_0000318 SubClassOf ECO_0000000"/>
            <Axiom axiom="ECO_0000269 SubClassOf ECO_0000000"/>
            <Axiom axiom="ECO_0000314 SubClassOf ECO_0000000"/>
            <Axiom axiom="ECO_0000304 SubClassOf ECO_0000000"/>
            <Axiom axiom="ECO_0000251 SubClassOf ECO_0000000"/>
            <Axiom axiom="ECO_0000285 SubClassOf ECO_0000000"/>
            <Axiom axiom="ECO_0000277 SubClassOf ECO_0000000"/>
            <Axiom axiom="ECO_0000286 SubClassOf ECO_0000000"/>
            <Axiom axiom="ECO_0000305 SubClassOf ECO_0000000"/>
            <Axiom axiom="ECO_0000302 SubClassOf ECO_0000000"/>
            <Axiom axiom="ECO_0000283 SubClassOf ECO_0000000"/>
            <Axiom axiom="ECO_0000260 SubClassOf ECO_0000000"/>
            <Axiom axiom="ECO_0000313 SubClassOf ECO_0000000"/>
            <Axiom axiom="ECO_0000261 SubClassOf ECO_0000000"/>
            <Axiom axiom="ECO_0000265 SubClassOf ECO_0000000"/>
            <Axiom axiom="ECO_0000253 SubClassOf ECO_0000000"/>
            <Axiom axiom="ECO_0000249 SubClassOf ECO_0000000"/>
            <Axiom axiom="ECO_0000213 SubClassOf ECO_0000000"/>
            <Axiom axiom="ECO_0000263 SubClassOf ECO_0000000"/>
            <Axiom axiom="ECO_0000211 SubClassOf ECO_0000000"/>
            <Axiom axiom="ECO_0000257 SubClassOf ECO_0000000"/>
         </Generalisation>
         <Generalisation axiom="?ECO_0000000 SubClassOf ECO_0000053" count="2" instantiationStats="?ECO_0000000 count: 2">
            <Axiom axiom="ECO_0000246 SubClassOf ECO_0000053"/>
            <Axiom axiom="ECO_0000245 SubClassOf ECO_0000053"/>
         </Generalisation>
         <Generalisation axiom="?ECO_0000000 SubClassOf ECO_0000021" count="1" instantiationStats="?ECO_0000000 count: 1">
            <Axiom axiom="ECO_0000281 SubClassOf ECO_0000021"/>
         </Generalisation>
         <Generalisation axiom="?ECO_0000000 SubClassOf ECO_0000112" count="1" instantiationStats="?ECO_0000000 count: 1">
            <Axiom axiom="ECO_0000279 SubClassOf ECO_0000112"/>
         </Generalisation>
         <Generalisation axiom="?ECO_0000000 SubClassOf ECO_0000097" count="1" instantiationStats="?ECO_0000000 count: 1">
            <Axiom axiom="ECO_0000273 SubClassOf ECO_0000097"/>
         </Generalisation>
         <Generalisation axiom="?ECO_0000000 SubClassOf ECO_0000207" count="2" instantiationStats="?ECO_0000000 count: 2">
            <Axiom axiom="ECO_0000210 SubClassOf ECO_0000207"/>
            <Axiom axiom="ECO_0000032 SubClassOf ECO_0000207"/>
         </Generalisation>
         <Generalisation axiom="?ECO_0000000 SubClassOf ECO_0000041" count="30" instantiationStats="?ECO_0000000 count: 30">
            <Axiom axiom="ECO_0000256 SubClassOf ECO_0000041"/>
            <Axiom axiom="ECO_0000248 SubClassOf ECO_0000041"/>
            <Axiom axiom="ECO_0000262 SubClassOf ECO_0000041"/>
            <Axiom axiom="ECO_0000321 SubClassOf ECO_0000041"/>
            <Axiom axiom="ECO_0000254 SubClassOf ECO_0000041"/>
            <Axiom axiom="ECO_0000030 SubClassOf ECO_0000041"/>
            <Axiom axiom="ECO_0000032 SubClassOf ECO_0000041"/>
            <Axiom axiom="ECO_0000259 SubClassOf ECO_0000041"/>
            <Axiom axiom="ECO_0000258 SubClassOf ECO_0000041"/>
            <Axiom axiom="ECO_0000251 SubClassOf ECO_0000041"/>
            <Axiom axiom="ECO_0000318 SubClassOf ECO_0000041"/>
            <Axiom axiom="ECO_0000211 SubClassOf ECO_0000041"/>
            <Axiom axiom="ECO_0000255 SubClassOf ECO_0000041"/>
            <Axiom axiom="ECO_0000031 SubClassOf ECO_0000041"/>
            <Axiom axiom="ECO_0000263 SubClassOf ECO_0000041"/>
            <Axiom axiom="ECO_0000253 SubClassOf ECO_0000041"/>
            <Axiom axiom="ECO_0000265 SubClassOf ECO_0000041"/>
            <Axiom axiom="ECO_0000261 SubClassOf ECO_0000041"/>
            <Axiom axiom="ECO_0000247 SubClassOf ECO_0000041"/>
            <Axiom axiom="ECO_0000249 SubClassOf ECO_0000041"/>
            <Axiom axiom="ECO_0000264 SubClassOf ECO_0000041"/>
            <Axiom axiom="ECO_0000209 SubClassOf ECO_0000041"/>
            <Axiom axiom="ECO_0000260 SubClassOf ECO_0000041"/>
            <Axiom axiom="ECO_0000250 SubClassOf ECO_0000041"/>
            <Axiom axiom="ECO_0000266 SubClassOf ECO_0000041"/>
            <Axiom axiom="ECO_0000257 SubClassOf ECO_0000041"/>
            <Axiom axiom="ECO_0000319 SubClassOf ECO_0000041"/>
            <Axiom axiom="ECO_0000252 SubClassOf ECO_0000041"/>
            <Axiom axiom="ECO_0000210 SubClassOf ECO_0000041"/>
            <Axiom axiom="ECO_0000320 SubClassOf ECO_0000041"/>
         </Generalisation>
         <Generalisation axiom="?ECO_0000000 SubClassOf ECO_0000044" count="22" instantiationStats="?ECO_0000000 count: 22">
            <Axiom axiom="ECO_0000257 SubClassOf ECO_0000044"/>
            <Axiom axiom="ECO_0000210 SubClassOf ECO_0000044"/>
            <Axiom axiom="ECO_0000264 SubClassOf ECO_0000044"/>
            <Axiom axiom="ECO_0000259 SubClassOf ECO_0000044"/>
            <Axiom axiom="ECO_0000030 SubClassOf ECO_0000044"/>
            <Axiom axiom="ECO_0000265 SubClassOf ECO_0000044"/>
            <Axiom axiom="ECO_0000266 SubClassOf ECO_0000044"/>
            <Axiom axiom="ECO_0000032 SubClassOf ECO_0000044"/>
            <Axiom axiom="ECO_0000211 SubClassOf ECO_0000044"/>
            <Axiom axiom="ECO_0000261 SubClassOf ECO_0000044"/>
            <Axiom axiom="ECO_0000255 SubClassOf ECO_0000044"/>
            <Axiom axiom="ECO_0000258 SubClassOf ECO_0000044"/>
            <Axiom axiom="ECO_0000250 SubClassOf ECO_0000044"/>
            <Axiom axiom="ECO_0000260 SubClassOf ECO_0000044"/>
            <Axiom axiom="ECO_0000209 SubClassOf ECO_0000044"/>
            <Axiom axiom="ECO_0000249 SubClassOf ECO_0000044"/>
            <Axiom axiom="ECO_0000247 SubClassOf ECO_0000044"/>
            <Axiom axiom="ECO_0000256 SubClassOf ECO_0000044"/>
            <Axiom axiom="ECO_0000248 SubClassOf ECO_0000044"/>
            <Axiom axiom="ECO_0000031 SubClassOf ECO_0000044"/>
            <Axiom axiom="ECO_0000262 SubClassOf ECO_0000044"/>
            <Axiom axiom="ECO_0000263 SubClassOf ECO_0000044"/>
         </Generalisation>
         <Generalisation axiom="?ECO_0000000 SubClassOf ECO_0000214" count="1" instantiationStats="?ECO_0000000 count: 1">
            <Axiom axiom="ECO_0000319 SubClassOf ECO_0000214"/>
         </Generalisation>
         <Generalisation axiom="?ECO_0000000 SubClassOf ECO_0000073" count="2" instantiationStats="?ECO_0000000 count: 2">
            <Axiom axiom="ECO_0000287 SubClassOf ECO_0000073"/>
            <Axiom axiom="ECO_0000290 SubClassOf ECO_0000073"/>
         </Generalisation>
         <Generalisation axiom="?ECO_0000000 SubClassOf ECO_0000154" count="1" instantiationStats="?ECO_0000000 count: 1">
            <Axiom axiom="ECO_0000282 SubClassOf ECO_0000154"/>
         </Generalisation>
         <Generalisation axiom="?ECO_0000000 SubClassOf ECO_0000308" count="1" instantiationStats="?ECO_0000000 count: 1">
            <Axiom axiom="ECO_0000318 SubClassOf ECO_0000308"/>
         </Generalisation>
         <Generalisation axiom="?ECO_0000000 SubClassOf EVIDENCE_CODE2.OBO_used_in some &#10;(?ECO_0000217_conjunction)" count="69" instantiationStats="?ECO_0000000 count: 69; ?ECO_0000217 count: 3">
            <Axiom axiom="ECO_0000211 SubClassOf EVIDENCE_CODE2.OBO_used_in some &#10;(ECO_0000203 and ECO_0000217)"/>
            <Axiom axiom="ECO_0000312 SubClassOf EVIDENCE_CODE2.OBO_used_in some &#10;(ECO_0000217 and ECO_0000218)"/>
            <Axiom axiom="ECO_0000285 SubClassOf EVIDENCE_CODE2.OBO_used_in some &#10;(ECO_0000217 and ECO_0000218)"/>
            <Axiom axiom="ECO_0000276 SubClassOf EVIDENCE_CODE2.OBO_used_in some &#10;(ECO_0000217 and ECO_0000218)"/>
            <Axiom axiom="ECO_0000274 SubClassOf EVIDENCE_CODE2.OBO_used_in some &#10;(ECO_0000217 and ECO_0000218)"/>
            <Axiom axiom="ECO_0000302 SubClassOf EVIDENCE_CODE2.OBO_used_in some &#10;(ECO_0000217 and ECO_0000218)"/>
            <Axiom axiom="ECO_0000256 SubClassOf EVIDENCE_CODE2.OBO_used_in some &#10;(ECO_0000203 and ECO_0000217)"/>
            <Axiom axiom="ECO_0000032 SubClassOf EVIDENCE_CODE2.OBO_used_in some &#10;(ECO_0000217 and ECO_0000218)"/>
            <Axiom axiom="ECO_0000244 SubClassOf EVIDENCE_CODE2.OBO_used_in some &#10;(ECO_0000217 and ECO_0000218)"/>
            <Axiom axiom="ECO_0000320 SubClassOf EVIDENCE_CODE2.OBO_used_in some &#10;(ECO_0000217 and ECO_0000218)"/>
            <Axiom axiom="ECO_0000253 SubClassOf EVIDENCE_CODE2.OBO_used_in some &#10;(ECO_0000217 and ECO_0000218)"/>
            <Axiom axiom="ECO_0000263 SubClassOf EVIDENCE_CODE2.OBO_used_in some &#10;(ECO_0000203 and ECO_0000217)"/>
            <Axiom axiom="ECO_0000307 SubClassOf EVIDENCE_CODE2.OBO_used_in some &#10;(ECO_0000217 and ECO_0000218)"/>
            <Axiom axiom="ECO_0000269 SubClassOf EVIDENCE_CODE2.OBO_used_in some &#10;(ECO_0000217 and ECO_0000218)"/>
            <Axiom axiom="ECO_0000316 SubClassOf EVIDENCE_CODE2.OBO_used_in some &#10;(ECO_0000217 and ECO_0000218)"/>
            <Axiom axiom="ECO_0000265 SubClassOf EVIDENCE_CODE2.OBO_used_in some &#10;(ECO_0000203 and ECO_0000217)"/>
            <Axiom axiom="ECO_0000278 SubClassOf EVIDENCE_CODE2.OBO_used_in some &#10;(ECO_0000217 and ECO_0000218)"/>
            <Axiom axiom="ECO_0000287 SubClassOf EVIDENCE_CODE2.OBO_used_in some &#10;(ECO_0000217 and ECO_0000218)"/>
            <Axiom axiom="ECO_0000279 SubClassOf EVIDENCE_CODE2.OBO_used_in some &#10;(ECO_0000217 and ECO_0000218)"/>
            <Axiom axiom="ECO_0000317 SubClassOf EVIDENCE_CODE2.OBO_used_in some &#10;(ECO_0000217 and ECO_0000218)"/>
            <Axiom axiom="ECO_0000321 SubClassOf EVIDENCE_CODE2.OBO_used_in some &#10;(ECO_0000217 and ECO_0000218)"/>
            <Axiom axiom="ECO_0000262 SubClassOf EVIDENCE_CODE2.OBO_used_in some &#10;(ECO_0000217 and ECO_0000218)"/>
            <Axiom axiom="ECO_0000281 SubClassOf EVIDENCE_CODE2.OBO_used_in some &#10;(ECO_0000217 and ECO_0000218)"/>
            <Axiom axiom="ECO_0000251 SubClassOf EVIDENCE_CODE2.OBO_used_in some &#10;(ECO_0000203 and ECO_0000217)"/>
            <Axiom axiom="ECO_0000261 SubClassOf EVIDENCE_CODE2.OBO_used_in some &#10;(ECO_0000203 and ECO_0000217)"/>
            <Axiom axiom="ECO_0000213 SubClassOf EVIDENCE_CODE2.OBO_used_in some &#10;(ECO_0000203 and ECO_0000217)"/>
            <Axiom axiom="ECO_0000280 SubClassOf EVIDENCE_CODE2.OBO_used_in some &#10;(ECO_0000217 and ECO_0000218)"/>
            <Axiom axiom="ECO_0000271 SubClassOf EVIDENCE_CODE2.OBO_used_in some &#10;(ECO_0000217 and ECO_0000218)"/>
            <Axiom axiom="ECO_0000315 SubClassOf EVIDENCE_CODE2.OBO_used_in some &#10;(ECO_0000217 and ECO_0000218)"/>
            <Axiom axiom="ECO_0000248 SubClassOf EVIDENCE_CODE2.OBO_used_in some &#10;(ECO_0000203 and ECO_0000217)"/>
            <Axiom axiom="ECO_0000257 SubClassOf EVIDENCE_CODE2.OBO_used_in some &#10;(ECO_0000217 and ECO_0000218)"/>
            <Axiom axiom="ECO_0000255 SubClassOf EVIDENCE_CODE2.OBO_used_in some &#10;(ECO_0000217 and ECO_0000218)"/>
            <Axiom axiom="ECO_0000318 SubClassOf EVIDENCE_CODE2.OBO_used_in some &#10;(ECO_0000217 and ECO_0000218)"/>
            <Axiom axiom="ECO_0000270 SubClassOf EVIDENCE_CODE2.OBO_used_in some &#10;(ECO_0000217 and ECO_0000218)"/>
            <Axiom axiom="ECO_0000250 SubClassOf EVIDENCE_CODE2.OBO_used_in some &#10;(ECO_0000217 and ECO_0000218)"/>
            <Axiom axiom="ECO_0000304 SubClassOf EVIDENCE_CODE2.OBO_used_in some &#10;(ECO_0000217 and ECO_0000218)"/>
            <Axiom axiom="ECO_0000282 SubClassOf EVIDENCE_CODE2.OBO_used_in some &#10;(ECO_0000217 and ECO_0000218)"/>
            <Axiom axiom="ECO_0000247 SubClassOf EVIDENCE_CODE2.OBO_used_in some &#10;(ECO_0000217 and ECO_0000218)"/>
            <Axiom axiom="ECO_0000252 SubClassOf EVIDENCE_CODE2.OBO_used_in some &#10;(ECO_0000217 and ECO_0000218)"/>
            <Axiom axiom="ECO_0000266 SubClassOf EVIDENCE_CODE2.OBO_used_in some &#10;(ECO_0000217 and ECO_0000218)"/>
            <Axiom axiom="ECO_0000306 SubClassOf EVIDENCE_CODE2.OBO_used_in some &#10;(ECO_0000217 and ECO_0000218)"/>
            <Axiom axiom="ECO_0000030 SubClassOf EVIDENCE_CODE2.OBO_used_in some &#10;(ECO_0000217 and ECO_0000218)"/>
            <Axiom axiom="ECO_0000286 SubClassOf EVIDENCE_CODE2.OBO_used_in some &#10;(ECO_0000217 and ECO_0000218)"/>
            <Axiom axiom="ECO_0000272 SubClassOf EVIDENCE_CODE2.OBO_used_in some &#10;(ECO_0000217 and ECO_0000218)"/>
            <Axiom axiom="ECO_0000284 SubClassOf EVIDENCE_CODE2.OBO_used_in some &#10;(ECO_0000217 and ECO_0000218)"/>
            <Axiom axiom="ECO_0000259 SubClassOf EVIDENCE_CODE2.OBO_used_in some &#10;(ECO_0000203 and ECO_0000217)"/>
            <Axiom axiom="ECO_0000246 SubClassOf EVIDENCE_CODE2.OBO_used_in some &#10;(ECO_0000203 and ECO_0000217)"/>
            <Axiom axiom="ECO_0000283 SubClassOf EVIDENCE_CODE2.OBO_used_in some &#10;(ECO_0000217 and ECO_0000218)"/>
            <Axiom axiom="ECO_0000275 SubClassOf EVIDENCE_CODE2.OBO_used_in some &#10;(ECO_0000217 and ECO_0000218)"/>
            <Axiom axiom="ECO_0000210 SubClassOf EVIDENCE_CODE2.OBO_used_in some &#10;(ECO_0000203 and ECO_0000217)"/>
            <Axiom axiom="ECO_0000313 SubClassOf EVIDENCE_CODE2.OBO_used_in some &#10;(ECO_0000203 and ECO_0000217)"/>
            <Axiom axiom="ECO_0000249 SubClassOf EVIDENCE_CODE2.OBO_used_in some &#10;(ECO_0000203 and ECO_0000217)"/>
            <Axiom axiom="ECO_0000258 SubClassOf EVIDENCE_CODE2.OBO_used_in some &#10;(ECO_0000203 and ECO_0000217)"/>
            <Axiom axiom="ECO_0000264 SubClassOf EVIDENCE_CODE2.OBO_used_in some &#10;(ECO_0000217 and ECO_0000218)"/>
            <Axiom axiom="ECO_0000291 SubClassOf EVIDENCE_CODE2.OBO_used_in some &#10;(ECO_0000217 and ECO_0000218)"/>
            <Axiom axiom="ECO_0000303 SubClassOf EVIDENCE_CODE2.OBO_used_in some &#10;(ECO_0000217 and ECO_0000218)"/>
            <Axiom axiom="ECO_0000314 SubClassOf EVIDENCE_CODE2.OBO_used_in some &#10;(ECO_0000217 and ECO_0000218)"/>
            <Axiom axiom="ECO_0000319 SubClassOf EVIDENCE_CODE2.OBO_used_in some &#10;(ECO_0000217 and ECO_0000218)"/>
            <Axiom axiom="ECO_0000260 SubClassOf EVIDENCE_CODE2.OBO_used_in some &#10;(ECO_0000217 and ECO_0000218)"/>
            <Axiom axiom="ECO_0000245 SubClassOf EVIDENCE_CODE2.OBO_used_in some &#10;(ECO_0000217 and ECO_0000218)"/>
            <Axiom axiom="ECO_0000254 SubClassOf EVIDENCE_CODE2.OBO_used_in some &#10;(ECO_0000203 and ECO_0000217)"/>
            <Axiom axiom="ECO_0000209 SubClassOf EVIDENCE_CODE2.OBO_used_in some &#10;(ECO_0000203 and ECO_0000217)"/>
            <Axiom axiom="ECO_0000305 SubClassOf EVIDENCE_CODE2.OBO_used_in some &#10;(ECO_0000217 and ECO_0000218)"/>
            <Axiom axiom="ECO_0000290 SubClassOf EVIDENCE_CODE2.OBO_used_in some &#10;(ECO_0000217 and ECO_0000218)"/>
            <Axiom axiom="ECO_0000273 SubClassOf EVIDENCE_CODE2.OBO_used_in some &#10;(ECO_0000217 and ECO_0000218)"/>
            <Axiom axiom="ECO_0000289 SubClassOf EVIDENCE_CODE2.OBO_used_in some &#10;(ECO_0000217 and ECO_0000218)"/>
            <Axiom axiom="ECO_0000277 SubClassOf EVIDENCE_CODE2.OBO_used_in some &#10;(ECO_0000217 and ECO_0000218)"/>
            <Axiom axiom="ECO_0000288 SubClassOf EVIDENCE_CODE2.OBO_used_in some &#10;(ECO_0000217 and ECO_0000218)"/>
            <Axiom axiom="ECO_0000031 SubClassOf EVIDENCE_CODE2.OBO_used_in some &#10;(ECO_0000217 and ECO_0000218)"/>
         </Generalisation>
         <Generalisation axiom="?ECO_0000000 SubClassOf ECO_0000001" count="1" instantiationStats="?ECO_0000000 count: 1">
            <Axiom axiom="ECO_0000306 SubClassOf ECO_0000001"/>
         </Generalisation>
         <Generalisation axiom="?ECO_0000000 SubClassOf ECO_0000201" count="2" instantiationStats="?ECO_0000000 count: 2">
            <Axiom axiom="ECO_0000265 SubClassOf ECO_0000201"/>
            <Axiom axiom="ECO_0000266 SubClassOf ECO_0000201"/>
         </Generalisation>
         <Generalisation axiom="?ECO_0000000 SubClassOf ECO_0000093" count="1" instantiationStats="?ECO_0000000 count: 1">
            <Axiom axiom="ECO_0000278 SubClassOf ECO_0000093"/>
         </Generalisation>
         <Generalisation axiom="?ECO_0000000 SubClassOf ECO_0000204" count="3" instantiationStats="?ECO_0000000 count: 3">
            <Axiom axiom="ECO_0000302 SubClassOf ECO_0000204"/>
            <Axiom axiom="ECO_0000303 SubClassOf ECO_0000204"/>
            <Axiom axiom="ECO_0000304 SubClassOf ECO_0000204"/>
         </Generalisation>
         <Generalisation axiom="?ECO_0000000 SubClassOf ECO_0000008" count="22" instantiationStats="?ECO_0000000 count: 22">
            <Axiom axiom="ECO_0000276 SubClassOf ECO_0000008"/>
            <Axiom axiom="ECO_0000289 SubClassOf ECO_0000008"/>
            <Axiom axiom="ECO_0000270 SubClassOf ECO_0000008"/>
            <Axiom axiom="ECO_0000290 SubClassOf ECO_0000008"/>
            <Axiom axiom="ECO_0000287 SubClassOf ECO_0000008"/>
            <Axiom axiom="ECO_0000273 SubClassOf ECO_0000008"/>
            <Axiom axiom="ECO_0000279 SubClassOf ECO_0000008"/>
            <Axiom axiom="ECO_0000274 SubClassOf ECO_0000008"/>
            <Axiom axiom="ECO_0000281 SubClassOf ECO_0000008"/>
            <Axiom axiom="ECO_0000286 SubClassOf ECO_0000008"/>
            <Axiom axiom="ECO_0000288 SubClassOf ECO_0000008"/>
            <Axiom axiom="ECO_0000275 SubClassOf ECO_0000008"/>
            <Axiom axiom="ECO_0000278 SubClassOf ECO_0000008"/>
            <Axiom axiom="ECO_0000282 SubClassOf ECO_0000008"/>
            <Axiom axiom="ECO_0000272 SubClassOf ECO_0000008"/>
            <Axiom axiom="ECO_0000283 SubClassOf ECO_0000008"/>
            <Axiom axiom="ECO_0000280 SubClassOf ECO_0000008"/>
            <Axiom axiom="ECO_0000284 SubClassOf ECO_0000008"/>
            <Axiom axiom="ECO_0000285 SubClassOf ECO_0000008"/>
            <Axiom axiom="ECO_0000291 SubClassOf ECO_0000008"/>
            <Axiom axiom="ECO_0000277 SubClassOf ECO_0000008"/>
            <Axiom axiom="ECO_0000271 SubClassOf ECO_0000008"/>
         </Generalisation>
         <Generalisation axiom="?ECO_0000000 SubClassOf ECO_0000065" count="1" instantiationStats="?ECO_0000000 count: 1">
            <Axiom axiom="ECO_0000274 SubClassOf ECO_0000065"/>
         </Generalisation>
         <Generalisation axiom="?ECO_0000000 SubClassOf ECO_0000118" count="1" instantiationStats="?ECO_0000000 count: 1">
            <Axiom axiom="ECO_0000290 SubClassOf ECO_0000118"/>
         </Generalisation>
         <Generalisation axiom="?ECO_0000000 SubClassOf ECO_0000033" count="1" instantiationStats="?ECO_0000000 count: 1">
            <Axiom axiom="ECO_0000304 SubClassOf ECO_0000033"/>
         </Generalisation>
         <Generalisation axiom="?ECO_0000000 SubClassOf ECO_0000208" count="2" instantiationStats="?ECO_0000000 count: 2">
            <Axiom axiom="ECO_0000211 SubClassOf ECO_0000208"/>
            <Axiom axiom="ECO_0000031 SubClassOf ECO_0000208"/>
         </Generalisation>
         <Generalisation axiom="?ECO_0000000 SubClassOf ECO_0000045" count="1" instantiationStats="?ECO_0000000 count: 1">
            <Axiom axiom="ECO_0000283 SubClassOf ECO_0000045"/>
         </Generalisation>
         <Generalisation axiom="?ECO_0000000 SubClassOf ECO_0000028" count="6" instantiationStats="?ECO_0000000 count: 6">
            <Axiom axiom="ECO_0000257 SubClassOf ECO_0000028"/>
            <Axiom axiom="ECO_0000263 SubClassOf ECO_0000028"/>
            <Axiom axiom="ECO_0000261 SubClassOf ECO_0000028"/>
            <Axiom axiom="ECO_0000258 SubClassOf ECO_0000028"/>
            <Axiom axiom="ECO_0000262 SubClassOf ECO_0000028"/>
            <Axiom axiom="ECO_0000264 SubClassOf ECO_0000028"/>
         </Generalisation>
      </Generalisations>
   </Cluster>
   <Cluster size="3">
      <Item iri="http://purl.obolibrary.org/obo/ECO_0000203"/>
      <Item iri="http://purl.obolibrary.org/obo/ECO_0000217"/>
      <Item iri="http://purl.obolibrary.org/obo/ECO_0000218"/>
      <Generalisations>
         <Generalisation axiom="?ECO_0000000 SubClassOf EVIDENCE_CODE2.OBO_used_in some &#10;(?ECO_0000217_conjunction)" count="69" instantiationStats="?ECO_0000000 count: 69; ?ECO_0000217 count: 3">
            <Axiom axiom="ECO_0000211 SubClassOf EVIDENCE_CODE2.OBO_used_in some &#10;(ECO_0000203 and ECO_0000217)"/>
            <Axiom axiom="ECO_0000312 SubClassOf EVIDENCE_CODE2.OBO_used_in some &#10;(ECO_0000217 and ECO_0000218)"/>
            <Axiom axiom="ECO_0000285 SubClassOf EVIDENCE_CODE2.OBO_used_in some &#10;(ECO_0000217 and ECO_0000218)"/>
            <Axiom axiom="ECO_0000276 SubClassOf EVIDENCE_CODE2.OBO_used_in some &#10;(ECO_0000217 and ECO_0000218)"/>
            <Axiom axiom="ECO_0000274 SubClassOf EVIDENCE_CODE2.OBO_used_in some &#10;(ECO_0000217 and ECO_0000218)"/>
            <Axiom axiom="ECO_0000302 SubClassOf EVIDENCE_CODE2.OBO_used_in some &#10;(ECO_0000217 and ECO_0000218)"/>
            <Axiom axiom="ECO_0000256 SubClassOf EVIDENCE_CODE2.OBO_used_in some &#10;(ECO_0000203 and ECO_0000217)"/>
            <Axiom axiom="ECO_0000032 SubClassOf EVIDENCE_CODE2.OBO_used_in some &#10;(ECO_0000217 and ECO_0000218)"/>
            <Axiom axiom="ECO_0000244 SubClassOf EVIDENCE_CODE2.OBO_used_in some &#10;(ECO_0000217 and ECO_0000218)"/>
            <Axiom axiom="ECO_0000320 SubClassOf EVIDENCE_CODE2.OBO_used_in some &#10;(ECO_0000217 and ECO_0000218)"/>
            <Axiom axiom="ECO_0000253 SubClassOf EVIDENCE_CODE2.OBO_used_in some &#10;(ECO_0000217 and ECO_0000218)"/>
            <Axiom axiom="ECO_0000263 SubClassOf EVIDENCE_CODE2.OBO_used_in some &#10;(ECO_0000203 and ECO_0000217)"/>
            <Axiom axiom="ECO_0000307 SubClassOf EVIDENCE_CODE2.OBO_used_in some &#10;(ECO_0000217 and ECO_0000218)"/>
            <Axiom axiom="ECO_0000269 SubClassOf EVIDENCE_CODE2.OBO_used_in some &#10;(ECO_0000217 and ECO_0000218)"/>
            <Axiom axiom="ECO_0000316 SubClassOf EVIDENCE_CODE2.OBO_used_in some &#10;(ECO_0000217 and ECO_0000218)"/>
            <Axiom axiom="ECO_0000265 SubClassOf EVIDENCE_CODE2.OBO_used_in some &#10;(ECO_0000203 and ECO_0000217)"/>
            <Axiom axiom="ECO_0000278 SubClassOf EVIDENCE_CODE2.OBO_used_in some &#10;(ECO_0000217 and ECO_0000218)"/>
            <Axiom axiom="ECO_0000287 SubClassOf EVIDENCE_CODE2.OBO_used_in some &#10;(ECO_0000217 and ECO_0000218)"/>
            <Axiom axiom="ECO_0000279 SubClassOf EVIDENCE_CODE2.OBO_used_in some &#10;(ECO_0000217 and ECO_0000218)"/>
            <Axiom axiom="ECO_0000317 SubClassOf EVIDENCE_CODE2.OBO_used_in some &#10;(ECO_0000217 and ECO_0000218)"/>
            <Axiom axiom="ECO_0000321 SubClassOf EVIDENCE_CODE2.OBO_used_in some &#10;(ECO_0000217 and ECO_0000218)"/>
            <Axiom axiom="ECO_0000262 SubClassOf EVIDENCE_CODE2.OBO_used_in some &#10;(ECO_0000217 and ECO_0000218)"/>
            <Axiom axiom="ECO_0000281 SubClassOf EVIDENCE_CODE2.OBO_used_in some &#10;(ECO_0000217 and ECO_0000218)"/>
            <Axiom axiom="ECO_0000251 SubClassOf EVIDENCE_CODE2.OBO_used_in some &#10;(ECO_0000203 and ECO_0000217)"/>
            <Axiom axiom="ECO_0000261 SubClassOf EVIDENCE_CODE2.OBO_used_in some &#10;(ECO_0000203 and ECO_0000217)"/>
            <Axiom axiom="ECO_0000213 SubClassOf EVIDENCE_CODE2.OBO_used_in some &#10;(ECO_0000203 and ECO_0000217)"/>
            <Axiom axiom="ECO_0000280 SubClassOf EVIDENCE_CODE2.OBO_used_in some &#10;(ECO_0000217 and ECO_0000218)"/>
            <Axiom axiom="ECO_0000271 SubClassOf EVIDENCE_CODE2.OBO_used_in some &#10;(ECO_0000217 and ECO_0000218)"/>
            <Axiom axiom="ECO_0000315 SubClassOf EVIDENCE_CODE2.OBO_used_in some &#10;(ECO_0000217 and ECO_0000218)"/>
            <Axiom axiom="ECO_0000248 SubClassOf EVIDENCE_CODE2.OBO_used_in some &#10;(ECO_0000203 and ECO_0000217)"/>
            <Axiom axiom="ECO_0000257 SubClassOf EVIDENCE_CODE2.OBO_used_in some &#10;(ECO_0000217 and ECO_0000218)"/>
            <Axiom axiom="ECO_0000255 SubClassOf EVIDENCE_CODE2.OBO_used_in some &#10;(ECO_0000217 and ECO_0000218)"/>
            <Axiom axiom="ECO_0000318 SubClassOf EVIDENCE_CODE2.OBO_used_in some &#10;(ECO_0000217 and ECO_0000218)"/>
            <Axiom axiom="ECO_0000270 SubClassOf EVIDENCE_CODE2.OBO_used_in some &#10;(ECO_0000217 and ECO_0000218)"/>
            <Axiom axiom="ECO_0000250 SubClassOf EVIDENCE_CODE2.OBO_used_in some &#10;(ECO_0000217 and ECO_0000218)"/>
            <Axiom axiom="ECO_0000304 SubClassOf EVIDENCE_CODE2.OBO_used_in some &#10;(ECO_0000217 and ECO_0000218)"/>
            <Axiom axiom="ECO_0000282 SubClassOf EVIDENCE_CODE2.OBO_used_in some &#10;(ECO_0000217 and ECO_0000218)"/>
            <Axiom axiom="ECO_0000247 SubClassOf EVIDENCE_CODE2.OBO_used_in some &#10;(ECO_0000217 and ECO_0000218)"/>
            <Axiom axiom="ECO_0000252 SubClassOf EVIDENCE_CODE2.OBO_used_in some &#10;(ECO_0000217 and ECO_0000218)"/>
            <Axiom axiom="ECO_0000266 SubClassOf EVIDENCE_CODE2.OBO_used_in some &#10;(ECO_0000217 and ECO_0000218)"/>
            <Axiom axiom="ECO_0000306 SubClassOf EVIDENCE_CODE2.OBO_used_in some &#10;(ECO_0000217 and ECO_0000218)"/>
            <Axiom axiom="ECO_0000030 SubClassOf EVIDENCE_CODE2.OBO_used_in some &#10;(ECO_0000217 and ECO_0000218)"/>
            <Axiom axiom="ECO_0000286 SubClassOf EVIDENCE_CODE2.OBO_used_in some &#10;(ECO_0000217 and ECO_0000218)"/>
            <Axiom axiom="ECO_0000272 SubClassOf EVIDENCE_CODE2.OBO_used_in some &#10;(ECO_0000217 and ECO_0000218)"/>
            <Axiom axiom="ECO_0000284 SubClassOf EVIDENCE_CODE2.OBO_used_in some &#10;(ECO_0000217 and ECO_0000218)"/>
            <Axiom axiom="ECO_0000259 SubClassOf EVIDENCE_CODE2.OBO_used_in some &#10;(ECO_0000203 and ECO_0000217)"/>
            <Axiom axiom="ECO_0000246 SubClassOf EVIDENCE_CODE2.OBO_used_in some &#10;(ECO_0000203 and ECO_0000217)"/>
            <Axiom axiom="ECO_0000283 SubClassOf EVIDENCE_CODE2.OBO_used_in some &#10;(ECO_0000217 and ECO_0000218)"/>
            <Axiom axiom="ECO_0000275 SubClassOf EVIDENCE_CODE2.OBO_used_in some &#10;(ECO_0000217 and ECO_0000218)"/>
            <Axiom axiom="ECO_0000210 SubClassOf EVIDENCE_CODE2.OBO_used_in some &#10;(ECO_0000203 and ECO_0000217)"/>
            <Axiom axiom="ECO_0000313 SubClassOf EVIDENCE_CODE2.OBO_used_in some &#10;(ECO_0000203 and ECO_0000217)"/>
            <Axiom axiom="ECO_0000249 SubClassOf EVIDENCE_CODE2.OBO_used_in some &#10;(ECO_0000203 and ECO_0000217)"/>
            <Axiom axiom="ECO_0000258 SubClassOf EVIDENCE_CODE2.OBO_used_in some &#10;(ECO_0000203 and ECO_0000217)"/>
            <Axiom axiom="ECO_0000264 SubClassOf EVIDENCE_CODE2.OBO_used_in some &#10;(ECO_0000217 and ECO_0000218)"/>
            <Axiom axiom="ECO_0000291 SubClassOf EVIDENCE_CODE2.OBO_used_in some &#10;(ECO_0000217 and ECO_0000218)"/>
            <Axiom axiom="ECO_0000303 SubClassOf EVIDENCE_CODE2.OBO_used_in some &#10;(ECO_0000217 and ECO_0000218)"/>
            <Axiom axiom="ECO_0000314 SubClassOf EVIDENCE_CODE2.OBO_used_in some &#10;(ECO_0000217 and ECO_0000218)"/>
            <Axiom axiom="ECO_0000319 SubClassOf EVIDENCE_CODE2.OBO_used_in some &#10;(ECO_0000217 and ECO_0000218)"/>
            <Axiom axiom="ECO_0000260 SubClassOf EVIDENCE_CODE2.OBO_used_in some &#10;(ECO_0000217 and ECO_0000218)"/>
            <Axiom axiom="ECO_0000245 SubClassOf EVIDENCE_CODE2.OBO_used_in some &#10;(ECO_0000217 and ECO_0000218)"/>
            <Axiom axiom="ECO_0000254 SubClassOf EVIDENCE_CODE2.OBO_used_in some &#10;(ECO_0000203 and ECO_0000217)"/>
            <Axiom axiom="ECO_0000209 SubClassOf EVIDENCE_CODE2.OBO_used_in some &#10;(ECO_0000203 and ECO_0000217)"/>
            <Axiom axiom="ECO_0000305 SubClassOf EVIDENCE_CODE2.OBO_used_in some &#10;(ECO_0000217 and ECO_0000218)"/>
            <Axiom axiom="ECO_0000290 SubClassOf EVIDENCE_CODE2.OBO_used_in some &#10;(ECO_0000217 and ECO_0000218)"/>
            <Axiom axiom="ECO_0000273 SubClassOf EVIDENCE_CODE2.OBO_used_in some &#10;(ECO_0000217 and ECO_0000218)"/>
            <Axiom axiom="ECO_0000289 SubClassOf EVIDENCE_CODE2.OBO_used_in some &#10;(ECO_0000217 and ECO_0000218)"/>
            <Axiom axiom="ECO_0000277 SubClassOf EVIDENCE_CODE2.OBO_used_in some &#10;(ECO_0000217 and ECO_0000218)"/>
            <Axiom axiom="ECO_0000288 SubClassOf EVIDENCE_CODE2.OBO_used_in some &#10;(ECO_0000217 and ECO_0000218)"/>
            <Axiom axiom="ECO_0000031 SubClassOf EVIDENCE_CODE2.OBO_used_in some &#10;(ECO_0000217 and ECO_0000218)"/>
         </Generalisation>
         <Generalisation axiom="?ECO_0000217 SubClassOf ?ECO_0000217" count="2" instantiationStats="?ECO_0000217 count: 3">
            <Axiom axiom="ECO_0000203 SubClassOf ECO_0000217"/>
            <Axiom axiom="ECO_0000218 SubClassOf ECO_0000217"/>
         </Generalisation>
      </Generalisations>
   </Cluster>
</Clusters>
