<?xml version="1.0" encoding="UTF-8" standalone="no"?>
<Clusters>
   <Cluster size="19">
      <Item iri="http://www.owl-ontologies.com/2009/9/24/Ontology1253802770.owl#CYP3A"/>
      <Item iri="http://www.owl-ontologies.com/2009/9/24/Ontology1253802770.owl#in-vivo"/>
      <Item iri="http://www.owl-ontologies.com/2009/9/24/Ontology1253802770.owl#Metabolism"/>
      <Item iri="http://www.owl-ontologies.com/2009/9/24/Ontology1253802770.owl#Transporter"/>
      <Item iri="http://www.owl-ontologies.com/2009/9/24/Ontology1253802770.owl#in-vitro"/>
      <Item iri="http://www.owl-ontologies.com/2009/9/24/Ontology1253802770.owl#Target"/>
      <Item iri="http://www.owl-ontologies.com/2009/9/24/Ontology1253802770.owl#Study-Design"/>
      <Item iri="http://www.owl-ontologies.com/2009/9/24/Ontology1253802770.owl#Hepatocyte"/>
      <Item iri="http://www.owl-ontologies.com/2009/9/24/Ontology1253802770.owl#CYP2D6"/>
      <Item iri="http://www.owl-ontologies.com/2009/9/24/Ontology1253802770.owl#Genetics"/>
      <Item iri="http://www.owl-ontologies.com/2009/9/24/Ontology1253802770.owl#Environment"/>
      <Item iri="http://www.owl-ontologies.com/2009/9/24/Ontology1253802770.owl#HLM"/>
      <Item iri="http://www.owl-ontologies.com/2009/9/24/Ontology1253802770.owl#Population"/>
      <Item iri="http://www.owl-ontologies.com/2009/9/24/Ontology1253802770.owl#Recombinant"/>
      <Item iri="http://www.owl-ontologies.com/2009/9/24/Ontology1253802770.owl#Disease"/>
      <Item iri="http://www.owl-ontologies.com/2009/9/24/Ontology1253802770.owl#Physiology"/>
      <Item iri="http://www.owl-ontologies.com/2009/9/24/Ontology1253802770.owl#CYP2B1"/>
      <Item iri="http://www.owl-ontologies.com/2009/9/24/Ontology1253802770.owl#Compartment"/>
      <Item iri="http://www.owl-ontologies.com/2009/9/24/Ontology1253802770.owl#Other"/>
      <Generalisations>
         <Generalisation axiom="?Summary SubClassOf ?Summary" count="19" instantiationStats="?Summary count: 19">
            <Axiom axiom="CYP2D6 SubClassOf Genetics"/>
            <Axiom axiom="Disease SubClassOf Environment"/>
            <Axiom axiom="Compartment SubClassOf in-vivo"/>
            <Axiom axiom="CYP2D6 SubClassOf Metabolism"/>
            <Axiom axiom="Recombinant SubClassOf in-vitro"/>
            <Axiom axiom="HLM SubClassOf in-vitro"/>
            <Axiom axiom="Physiology SubClassOf Environment"/>
            <Axiom axiom="Other SubClassOf Genetics"/>
            <Axiom axiom="Transporter SubClassOf Genetics"/>
            <Axiom axiom="Population SubClassOf Environment"/>
            <Axiom axiom="Metabolism SubClassOf Genetics"/>
            <Axiom axiom="Study-Design SubClassOf in-vivo"/>
            <Axiom axiom="Target SubClassOf Genetics"/>
            <Axiom axiom="Hepatocyte SubClassOf in-vitro"/>
            <Axiom axiom="CYP3A SubClassOf Genetics"/>
            <Axiom axiom="CYP3A SubClassOf Metabolism"/>
            <Axiom axiom="CYP2B1 SubClassOf Metabolism"/>
            <Axiom axiom="CYP2B1 SubClassOf Genetics"/>
            <Axiom axiom="Other SubClassOf Metabolism"/>
         </Generalisation>
         <Generalisation axiom="?Summary SubClassOf hasGenetics some &#10;(?Summary and ?cluster_1)" count="7" instantiationStats="?cluster_1 count: 1; ?Summary count: 8">
            <Axiom axiom="Target SubClassOf hasGenetics some &#10;(Genetics and Summary)"/>
            <Axiom axiom="Metabolism SubClassOf hasGenetics some &#10;(Genetics and Summary)"/>
            <Axiom axiom="CYP2D6 SubClassOf hasGenetics some &#10;(Genetics and Summary)"/>
            <Axiom axiom="CYP3A SubClassOf hasGenetics some &#10;(Genetics and Summary)"/>
            <Axiom axiom="Other SubClassOf hasGenetics some &#10;(Genetics and Summary)"/>
            <Axiom axiom="CYP2B1 SubClassOf hasGenetics some &#10;(Genetics and Summary)"/>
            <Axiom axiom="Transporter SubClassOf hasGenetics some &#10;(Genetics and Summary)"/>
         </Generalisation>
         <Generalisation axiom="?Summary SubClassOf hasMetabolism some &#10;(?Summary_conjunction and ?cluster_1)" count="4" instantiationStats="?cluster_1 count: 1; ?Summary count: 6">
            <Axiom axiom="CYP2D6 SubClassOf hasMetabolism some &#10;(Genetics and Metabolism and Summary)"/>
            <Axiom axiom="Other SubClassOf hasMetabolism some &#10;(Genetics and Metabolism and Summary)"/>
            <Axiom axiom="CYP3A SubClassOf hasMetabolism some &#10;(Genetics and Metabolism and Summary)"/>
            <Axiom axiom="CYP2B1 SubClassOf hasMetabolism some &#10;(Genetics and Metabolism and Summary)"/>
         </Generalisation>
         <Generalisation axiom="?Summary SubClassOf hasSummary some &#10;((?cluster_1_conjunction) and (fromExperiment some &#10;(?cluster_1_conjunction)))" count="7" instantiationStats="?cluster_1 count: 2; ?Summary count: 7">
            <Axiom axiom="Study-Design SubClassOf hasSummary some &#10;((Experiments and Summary) and (fromExperiment some &#10;(Experiments and Summary)))"/>
            <Axiom axiom="Recombinant SubClassOf hasSummary some &#10;((Experiments and Summary) and (fromExperiment some &#10;(Experiments and Summary)))"/>
            <Axiom axiom="Compartment SubClassOf hasSummary some &#10;((Experiments and Summary) and (fromExperiment some &#10;(Experiments and Summary)))"/>
            <Axiom axiom="HLM SubClassOf hasSummary some &#10;((Experiments and Summary) and (fromExperiment some &#10;(Experiments and Summary)))"/>
            <Axiom axiom="in-vitro SubClassOf hasSummary some &#10;((Experiments and Summary) and (fromExperiment some &#10;(Experiments and Summary)))"/>
            <Axiom axiom="Hepatocyte SubClassOf hasSummary some &#10;((Experiments and Summary) and (fromExperiment some &#10;(Experiments and Summary)))"/>
            <Axiom axiom="in-vivo SubClassOf hasSummary some &#10;((Experiments and Summary) and (fromExperiment some &#10;(Experiments and Summary)))"/>
         </Generalisation>
         <Generalisation axiom="?Summary SubClassOf fromExperiment only &#10;(?cluster_1_conjunction)" count="7" instantiationStats="?cluster_1 count: 2; ?Summary count: 7">
            <Axiom axiom="Hepatocyte SubClassOf fromExperiment only &#10;(Experiments and Summary)"/>
            <Axiom axiom="Study-Design SubClassOf fromExperiment only &#10;(Experiments and Summary)"/>
            <Axiom axiom="HLM SubClassOf fromExperiment only &#10;(Experiments and Summary)"/>
            <Axiom axiom="in-vivo SubClassOf fromExperiment only &#10;(Experiments and Summary)"/>
            <Axiom axiom="in-vitro SubClassOf fromExperiment only &#10;(Experiments and Summary)"/>
            <Axiom axiom="Recombinant SubClassOf fromExperiment only &#10;(Experiments and Summary)"/>
            <Axiom axiom="Compartment SubClassOf fromExperiment only &#10;(Experiments and Summary)"/>
         </Generalisation>
         <Generalisation axiom="?Summary SubClassOf fromExperiment some Thing" count="7" instantiationStats="?Summary count: 7">
            <Axiom axiom="Recombinant SubClassOf fromExperiment some Thing"/>
            <Axiom axiom="Compartment SubClassOf fromExperiment some Thing"/>
            <Axiom axiom="HLM SubClassOf fromExperiment some Thing"/>
            <Axiom axiom="in-vivo SubClassOf fromExperiment some Thing"/>
            <Axiom axiom="Hepatocyte SubClassOf fromExperiment some Thing"/>
            <Axiom axiom="Study-Design SubClassOf fromExperiment some Thing"/>
            <Axiom axiom="in-vitro SubClassOf fromExperiment some Thing"/>
         </Generalisation>
         <Generalisation axiom="?Summary SubClassOf ?cluster_1" count="26" instantiationStats="?cluster_1 count: 2; ?Summary count: 19">
            <Axiom axiom="Environment SubClassOf Summary"/>
            <Axiom axiom="Physiology SubClassOf Summary"/>
            <Axiom axiom="Target SubClassOf Summary"/>
            <Axiom axiom="Disease SubClassOf Summary"/>
            <Axiom axiom="HLM SubClassOf Experiments"/>
            <Axiom axiom="in-vitro SubClassOf Summary"/>
            <Axiom axiom="Metabolism SubClassOf Summary"/>
            <Axiom axiom="Hepatocyte SubClassOf Experiments"/>
            <Axiom axiom="Genetics SubClassOf Summary"/>
            <Axiom axiom="Population SubClassOf Summary"/>
            <Axiom axiom="Transporter SubClassOf Summary"/>
            <Axiom axiom="Study-Design SubClassOf Summary"/>
            <Axiom axiom="in-vivo SubClassOf Summary"/>
            <Axiom axiom="Study-Design SubClassOf Experiments"/>
            <Axiom axiom="HLM SubClassOf Summary"/>
            <Axiom axiom="CYP2B1 SubClassOf Summary"/>
            <Axiom axiom="in-vitro SubClassOf Experiments"/>
            <Axiom axiom="Recombinant SubClassOf Summary"/>
            <Axiom axiom="in-vivo SubClassOf Experiments"/>
            <Axiom axiom="CYP3A SubClassOf Summary"/>
            <Axiom axiom="Compartment SubClassOf Experiments"/>
            <Axiom axiom="CYP2D6 SubClassOf Summary"/>
            <Axiom axiom="Hepatocyte SubClassOf Summary"/>
            <Axiom axiom="Compartment SubClassOf Summary"/>
            <Axiom axiom="Other SubClassOf Summary"/>
            <Axiom axiom="Recombinant SubClassOf Experiments"/>
         </Generalisation>
         <Generalisation axiom="?Summary SubClassOf hasMetabolism only &#10;(?Summary_conjunction and ?cluster_1)" count="4" instantiationStats="?cluster_1 count: 1; ?Summary count: 6">
            <Axiom axiom="Other SubClassOf hasMetabolism only &#10;(Genetics and Metabolism and Summary)"/>
            <Axiom axiom="CYP3A SubClassOf hasMetabolism only &#10;(Genetics and Metabolism and Summary)"/>
            <Axiom axiom="CYP2D6 SubClassOf hasMetabolism only &#10;(Genetics and Metabolism and Summary)"/>
            <Axiom axiom="CYP2B1 SubClassOf hasMetabolism only &#10;(Genetics and Metabolism and Summary)"/>
         </Generalisation>
         <Generalisation axiom="?Summary SubClassOf hasMetabolism some Thing" count="4" instantiationStats="?Summary count: 4">
            <Axiom axiom="CYP2B1 SubClassOf hasMetabolism some Thing"/>
            <Axiom axiom="Other SubClassOf hasMetabolism some Thing"/>
            <Axiom axiom="CYP3A SubClassOf hasMetabolism some Thing"/>
            <Axiom axiom="CYP2D6 SubClassOf hasMetabolism some Thing"/>
         </Generalisation>
         <Generalisation axiom="?Summary SubClassOf hasSummary some Thing" count="19" instantiationStats="?Summary count: 19">
            <Axiom axiom="in-vitro SubClassOf hasSummary some Thing"/>
            <Axiom axiom="Disease SubClassOf hasSummary some Thing"/>
            <Axiom axiom="in-vivo SubClassOf hasSummary some Thing"/>
            <Axiom axiom="Hepatocyte SubClassOf hasSummary some Thing"/>
            <Axiom axiom="HLM SubClassOf hasSummary some Thing"/>
            <Axiom axiom="Population SubClassOf hasSummary some Thing"/>
            <Axiom axiom="Environment SubClassOf hasSummary some Thing"/>
            <Axiom axiom="Compartment SubClassOf hasSummary some Thing"/>
            <Axiom axiom="Other SubClassOf hasSummary some Thing"/>
            <Axiom axiom="Recombinant SubClassOf hasSummary some Thing"/>
            <Axiom axiom="Transporter SubClassOf hasSummary some Thing"/>
            <Axiom axiom="Physiology SubClassOf hasSummary some Thing"/>
            <Axiom axiom="CYP2B1 SubClassOf hasSummary some Thing"/>
            <Axiom axiom="CYP2D6 SubClassOf hasSummary some Thing"/>
            <Axiom axiom="Metabolism SubClassOf hasSummary some Thing"/>
            <Axiom axiom="CYP3A SubClassOf hasSummary some Thing"/>
            <Axiom axiom="Target SubClassOf hasSummary some Thing"/>
            <Axiom axiom="Study-Design SubClassOf hasSummary some Thing"/>
            <Axiom axiom="Genetics SubClassOf hasSummary some Thing"/>
         </Generalisation>
         <Generalisation axiom="?Summary SubClassOf fromExperiment some &#10;(?cluster_1_conjunction)" count="7" instantiationStats="?cluster_1 count: 2; ?Summary count: 7">
            <Axiom axiom="Recombinant SubClassOf fromExperiment some &#10;(Experiments and Summary)"/>
            <Axiom axiom="in-vivo SubClassOf fromExperiment some &#10;(Experiments and Summary)"/>
            <Axiom axiom="in-vitro SubClassOf fromExperiment some &#10;(Experiments and Summary)"/>
            <Axiom axiom="Hepatocyte SubClassOf fromExperiment some &#10;(Experiments and Summary)"/>
            <Axiom axiom="HLM SubClassOf fromExperiment some &#10;(Experiments and Summary)"/>
            <Axiom axiom="Study-Design SubClassOf fromExperiment some &#10;(Experiments and Summary)"/>
            <Axiom axiom="Compartment SubClassOf fromExperiment some &#10;(Experiments and Summary)"/>
         </Generalisation>
         <Generalisation axiom="?Summary SubClassOf hasSummary only &#10;((?cluster_1_conjunction) and (fromExperiment some &#10;(?cluster_1_conjunction)))" count="7" instantiationStats="?cluster_1 count: 2; ?Summary count: 7">
            <Axiom axiom="Compartment SubClassOf hasSummary only &#10;((Experiments and Summary) and (fromExperiment some &#10;(Experiments and Summary)))"/>
            <Axiom axiom="Study-Design SubClassOf hasSummary only &#10;((Experiments and Summary) and (fromExperiment some &#10;(Experiments and Summary)))"/>
            <Axiom axiom="in-vivo SubClassOf hasSummary only &#10;((Experiments and Summary) and (fromExperiment some &#10;(Experiments and Summary)))"/>
            <Axiom axiom="HLM SubClassOf hasSummary only &#10;((Experiments and Summary) and (fromExperiment some &#10;(Experiments and Summary)))"/>
            <Axiom axiom="in-vitro SubClassOf hasSummary only &#10;((Experiments and Summary) and (fromExperiment some &#10;(Experiments and Summary)))"/>
            <Axiom axiom="Hepatocyte SubClassOf hasSummary only &#10;((Experiments and Summary) and (fromExperiment some &#10;(Experiments and Summary)))"/>
            <Axiom axiom="Recombinant SubClassOf hasSummary only &#10;((Experiments and Summary) and (fromExperiment some &#10;(Experiments and Summary)))"/>
         </Generalisation>
         <Generalisation axiom="?Summary SubClassOf hasSummary some ?cluster_1" count="12" instantiationStats="?cluster_1 count: 1; ?Summary count: 12">
            <Axiom axiom="Genetics SubClassOf hasSummary some Summary"/>
            <Axiom axiom="Disease SubClassOf hasSummary some Summary"/>
            <Axiom axiom="Target SubClassOf hasSummary some Summary"/>
            <Axiom axiom="Metabolism SubClassOf hasSummary some Summary"/>
            <Axiom axiom="CYP2B1 SubClassOf hasSummary some Summary"/>
            <Axiom axiom="CYP2D6 SubClassOf hasSummary some Summary"/>
            <Axiom axiom="Environment SubClassOf hasSummary some Summary"/>
            <Axiom axiom="Transporter SubClassOf hasSummary some Summary"/>
            <Axiom axiom="Other SubClassOf hasSummary some Summary"/>
            <Axiom axiom="Physiology SubClassOf hasSummary some Summary"/>
            <Axiom axiom="Population SubClassOf hasSummary some Summary"/>
            <Axiom axiom="CYP3A SubClassOf hasSummary some Summary"/>
         </Generalisation>
         <Generalisation axiom="?Summary SubClassOf hasSummary only ?cluster_1" count="12" instantiationStats="?cluster_1 count: 1; ?Summary count: 12">
            <Axiom axiom="Genetics SubClassOf hasSummary only Summary"/>
            <Axiom axiom="CYP2D6 SubClassOf hasSummary only Summary"/>
            <Axiom axiom="CYP3A SubClassOf hasSummary only Summary"/>
            <Axiom axiom="Target SubClassOf hasSummary only Summary"/>
            <Axiom axiom="Physiology SubClassOf hasSummary only Summary"/>
            <Axiom axiom="Disease SubClassOf hasSummary only Summary"/>
            <Axiom axiom="Metabolism SubClassOf hasSummary only Summary"/>
            <Axiom axiom="CYP2B1 SubClassOf hasSummary only Summary"/>
            <Axiom axiom="Population SubClassOf hasSummary only Summary"/>
            <Axiom axiom="Other SubClassOf hasSummary only Summary"/>
            <Axiom axiom="Environment SubClassOf hasSummary only Summary"/>
            <Axiom axiom="Transporter SubClassOf hasSummary only Summary"/>
         </Generalisation>
         <Generalisation axiom="?Summary SubClassOf hasGenetics some Thing" count="7" instantiationStats="?Summary count: 7">
            <Axiom axiom="Metabolism SubClassOf hasGenetics some Thing"/>
            <Axiom axiom="Target SubClassOf hasGenetics some Thing"/>
            <Axiom axiom="CYP2D6 SubClassOf hasGenetics some Thing"/>
            <Axiom axiom="CYP2B1 SubClassOf hasGenetics some Thing"/>
            <Axiom axiom="Other SubClassOf hasGenetics some Thing"/>
            <Axiom axiom="Transporter SubClassOf hasGenetics some Thing"/>
            <Axiom axiom="CYP3A SubClassOf hasGenetics some Thing"/>
         </Generalisation>
         <Generalisation axiom="?Summary SubClassOf hasGenetics only &#10;(?Summary and ?cluster_1)" count="7" instantiationStats="?cluster_1 count: 1; ?Summary count: 8">
            <Axiom axiom="CYP3A SubClassOf hasGenetics only &#10;(Genetics and Summary)"/>
            <Axiom axiom="CYP2B1 SubClassOf hasGenetics only &#10;(Genetics and Summary)"/>
            <Axiom axiom="Metabolism SubClassOf hasGenetics only &#10;(Genetics and Summary)"/>
            <Axiom axiom="Transporter SubClassOf hasGenetics only &#10;(Genetics and Summary)"/>
            <Axiom axiom="Other SubClassOf hasGenetics only &#10;(Genetics and Summary)"/>
            <Axiom axiom="Target SubClassOf hasGenetics only &#10;(Genetics and Summary)"/>
            <Axiom axiom="CYP2D6 SubClassOf hasGenetics only &#10;(Genetics and Summary)"/>
         </Generalisation>
      </Generalisations>
   </Cluster>
   <Cluster size="2">
      <Item iri="http://www.owl-ontologies.com/2009/9/24/Ontology1253802770.owl#Summary"/>
      <Item iri="http://www.owl-ontologies.com/2009/9/24/Ontology1253802770.owl#Experiments"/>
      <Generalisations>
         <Generalisation axiom="?Summary SubClassOf hasGenetics some &#10;(?Summary and ?cluster_1)" count="7" instantiationStats="?cluster_1 count: 1; ?Summary count: 8">
            <Axiom axiom="Target SubClassOf hasGenetics some &#10;(Genetics and Summary)"/>
            <Axiom axiom="Metabolism SubClassOf hasGenetics some &#10;(Genetics and Summary)"/>
            <Axiom axiom="CYP2D6 SubClassOf hasGenetics some &#10;(Genetics and Summary)"/>
            <Axiom axiom="CYP3A SubClassOf hasGenetics some &#10;(Genetics and Summary)"/>
            <Axiom axiom="Other SubClassOf hasGenetics some &#10;(Genetics and Summary)"/>
            <Axiom axiom="CYP2B1 SubClassOf hasGenetics some &#10;(Genetics and Summary)"/>
            <Axiom axiom="Transporter SubClassOf hasGenetics some &#10;(Genetics and Summary)"/>
         </Generalisation>
         <Generalisation axiom="?Summary SubClassOf hasMetabolism some &#10;(?Summary_conjunction and ?cluster_1)" count="4" instantiationStats="?cluster_1 count: 1; ?Summary count: 6">
            <Axiom axiom="CYP2D6 SubClassOf hasMetabolism some &#10;(Genetics and Metabolism and Summary)"/>
            <Axiom axiom="Other SubClassOf hasMetabolism some &#10;(Genetics and Metabolism and Summary)"/>
            <Axiom axiom="CYP3A SubClassOf hasMetabolism some &#10;(Genetics and Metabolism and Summary)"/>
            <Axiom axiom="CYP2B1 SubClassOf hasMetabolism some &#10;(Genetics and Metabolism and Summary)"/>
         </Generalisation>
         <Generalisation axiom="?cluster_1 SubClassOf fromExperiment some Thing" count="1" instantiationStats="?cluster_1 count: 1">
            <Axiom axiom="Experiments SubClassOf fromExperiment some Thing"/>
         </Generalisation>
         <Generalisation axiom="?Summary SubClassOf fromExperiment only &#10;(?cluster_1_conjunction)" count="7" instantiationStats="?cluster_1 count: 2; ?Summary count: 7">
            <Axiom axiom="Hepatocyte SubClassOf fromExperiment only &#10;(Experiments and Summary)"/>
            <Axiom axiom="Study-Design SubClassOf fromExperiment only &#10;(Experiments and Summary)"/>
            <Axiom axiom="HLM SubClassOf fromExperiment only &#10;(Experiments and Summary)"/>
            <Axiom axiom="in-vivo SubClassOf fromExperiment only &#10;(Experiments and Summary)"/>
            <Axiom axiom="in-vitro SubClassOf fromExperiment only &#10;(Experiments and Summary)"/>
            <Axiom axiom="Recombinant SubClassOf fromExperiment only &#10;(Experiments and Summary)"/>
            <Axiom axiom="Compartment SubClassOf fromExperiment only &#10;(Experiments and Summary)"/>
         </Generalisation>
         <Generalisation axiom="?Summary SubClassOf hasSummary some &#10;((?cluster_1_conjunction) and (fromExperiment some &#10;(?cluster_1_conjunction)))" count="7" instantiationStats="?cluster_1 count: 2; ?Summary count: 7">
            <Axiom axiom="Study-Design SubClassOf hasSummary some &#10;((Experiments and Summary) and (fromExperiment some &#10;(Experiments and Summary)))"/>
            <Axiom axiom="Recombinant SubClassOf hasSummary some &#10;((Experiments and Summary) and (fromExperiment some &#10;(Experiments and Summary)))"/>
            <Axiom axiom="Compartment SubClassOf hasSummary some &#10;((Experiments and Summary) and (fromExperiment some &#10;(Experiments and Summary)))"/>
            <Axiom axiom="HLM SubClassOf hasSummary some &#10;((Experiments and Summary) and (fromExperiment some &#10;(Experiments and Summary)))"/>
            <Axiom axiom="in-vitro SubClassOf hasSummary some &#10;((Experiments and Summary) and (fromExperiment some &#10;(Experiments and Summary)))"/>
            <Axiom axiom="Hepatocyte SubClassOf hasSummary some &#10;((Experiments and Summary) and (fromExperiment some &#10;(Experiments and Summary)))"/>
            <Axiom axiom="in-vivo SubClassOf hasSummary some &#10;((Experiments and Summary) and (fromExperiment some &#10;(Experiments and Summary)))"/>
         </Generalisation>
         <Generalisation axiom="?Summary SubClassOf ?cluster_1" count="26" instantiationStats="?cluster_1 count: 2; ?Summary count: 19">
            <Axiom axiom="Environment SubClassOf Summary"/>
            <Axiom axiom="Physiology SubClassOf Summary"/>
            <Axiom axiom="Target SubClassOf Summary"/>
            <Axiom axiom="Disease SubClassOf Summary"/>
            <Axiom axiom="HLM SubClassOf Experiments"/>
            <Axiom axiom="in-vitro SubClassOf Summary"/>
            <Axiom axiom="Metabolism SubClassOf Summary"/>
            <Axiom axiom="Hepatocyte SubClassOf Experiments"/>
            <Axiom axiom="Genetics SubClassOf Summary"/>
            <Axiom axiom="Population SubClassOf Summary"/>
            <Axiom axiom="Transporter SubClassOf Summary"/>
            <Axiom axiom="Study-Design SubClassOf Summary"/>
            <Axiom axiom="in-vivo SubClassOf Summary"/>
            <Axiom axiom="Study-Design SubClassOf Experiments"/>
            <Axiom axiom="HLM SubClassOf Summary"/>
            <Axiom axiom="CYP2B1 SubClassOf Summary"/>
            <Axiom axiom="in-vitro SubClassOf Experiments"/>
            <Axiom axiom="Recombinant SubClassOf Summary"/>
            <Axiom axiom="in-vivo SubClassOf Experiments"/>
            <Axiom axiom="CYP3A SubClassOf Summary"/>
            <Axiom axiom="Compartment SubClassOf Experiments"/>
            <Axiom axiom="CYP2D6 SubClassOf Summary"/>
            <Axiom axiom="Hepatocyte SubClassOf Summary"/>
            <Axiom axiom="Compartment SubClassOf Summary"/>
            <Axiom axiom="Other SubClassOf Summary"/>
            <Axiom axiom="Recombinant SubClassOf Experiments"/>
         </Generalisation>
         <Generalisation axiom="?cluster_1 SubClassOf ?cluster_1" count="1" instantiationStats="?cluster_1 count: 2">
            <Axiom axiom="Experiments SubClassOf Summary"/>
         </Generalisation>
         <Generalisation axiom="?Summary SubClassOf hasMetabolism only &#10;(?Summary_conjunction and ?cluster_1)" count="4" instantiationStats="?cluster_1 count: 1; ?Summary count: 6">
            <Axiom axiom="Other SubClassOf hasMetabolism only &#10;(Genetics and Metabolism and Summary)"/>
            <Axiom axiom="CYP3A SubClassOf hasMetabolism only &#10;(Genetics and Metabolism and Summary)"/>
            <Axiom axiom="CYP2D6 SubClassOf hasMetabolism only &#10;(Genetics and Metabolism and Summary)"/>
            <Axiom axiom="CYP2B1 SubClassOf hasMetabolism only &#10;(Genetics and Metabolism and Summary)"/>
         </Generalisation>
         <Generalisation axiom="?Summary SubClassOf fromExperiment some &#10;(?cluster_1_conjunction)" count="7" instantiationStats="?cluster_1 count: 2; ?Summary count: 7">
            <Axiom axiom="Recombinant SubClassOf fromExperiment some &#10;(Experiments and Summary)"/>
            <Axiom axiom="in-vivo SubClassOf fromExperiment some &#10;(Experiments and Summary)"/>
            <Axiom axiom="in-vitro SubClassOf fromExperiment some &#10;(Experiments and Summary)"/>
            <Axiom axiom="Hepatocyte SubClassOf fromExperiment some &#10;(Experiments and Summary)"/>
            <Axiom axiom="HLM SubClassOf fromExperiment some &#10;(Experiments and Summary)"/>
            <Axiom axiom="Study-Design SubClassOf fromExperiment some &#10;(Experiments and Summary)"/>
            <Axiom axiom="Compartment SubClassOf fromExperiment some &#10;(Experiments and Summary)"/>
         </Generalisation>
         <Generalisation axiom="?cluster_1 SubClassOf fromExperiment only &#10;(?cluster_1_conjunction)" count="1" instantiationStats="?cluster_1 count: 2">
            <Axiom axiom="Experiments SubClassOf fromExperiment only &#10;(Experiments and Summary)"/>
         </Generalisation>
         <Generalisation axiom="?Summary SubClassOf hasSummary only &#10;((?cluster_1_conjunction) and (fromExperiment some &#10;(?cluster_1_conjunction)))" count="7" instantiationStats="?cluster_1 count: 2; ?Summary count: 7">
            <Axiom axiom="Compartment SubClassOf hasSummary only &#10;((Experiments and Summary) and (fromExperiment some &#10;(Experiments and Summary)))"/>
            <Axiom axiom="Study-Design SubClassOf hasSummary only &#10;((Experiments and Summary) and (fromExperiment some &#10;(Experiments and Summary)))"/>
            <Axiom axiom="in-vivo SubClassOf hasSummary only &#10;((Experiments and Summary) and (fromExperiment some &#10;(Experiments and Summary)))"/>
            <Axiom axiom="HLM SubClassOf hasSummary only &#10;((Experiments and Summary) and (fromExperiment some &#10;(Experiments and Summary)))"/>
            <Axiom axiom="in-vitro SubClassOf hasSummary only &#10;((Experiments and Summary) and (fromExperiment some &#10;(Experiments and Summary)))"/>
            <Axiom axiom="Hepatocyte SubClassOf hasSummary only &#10;((Experiments and Summary) and (fromExperiment some &#10;(Experiments and Summary)))"/>
            <Axiom axiom="Recombinant SubClassOf hasSummary only &#10;((Experiments and Summary) and (fromExperiment some &#10;(Experiments and Summary)))"/>
         </Generalisation>
         <Generalisation axiom="?Summary SubClassOf hasSummary some ?cluster_1" count="12" instantiationStats="?cluster_1 count: 1; ?Summary count: 12">
            <Axiom axiom="Genetics SubClassOf hasSummary some Summary"/>
            <Axiom axiom="Disease SubClassOf hasSummary some Summary"/>
            <Axiom axiom="Target SubClassOf hasSummary some Summary"/>
            <Axiom axiom="Metabolism SubClassOf hasSummary some Summary"/>
            <Axiom axiom="CYP2B1 SubClassOf hasSummary some Summary"/>
            <Axiom axiom="CYP2D6 SubClassOf hasSummary some Summary"/>
            <Axiom axiom="Environment SubClassOf hasSummary some Summary"/>
            <Axiom axiom="Transporter SubClassOf hasSummary some Summary"/>
            <Axiom axiom="Other SubClassOf hasSummary some Summary"/>
            <Axiom axiom="Physiology SubClassOf hasSummary some Summary"/>
            <Axiom axiom="Population SubClassOf hasSummary some Summary"/>
            <Axiom axiom="CYP3A SubClassOf hasSummary some Summary"/>
         </Generalisation>
         <Generalisation axiom="?cluster_1 SubClassOf fromExperiment some &#10;(?cluster_1_conjunction)" count="1" instantiationStats="?cluster_1 count: 2">
            <Axiom axiom="Experiments SubClassOf fromExperiment some &#10;(Experiments and Summary)"/>
         </Generalisation>
         <Generalisation axiom="?Summary SubClassOf hasSummary only ?cluster_1" count="12" instantiationStats="?cluster_1 count: 1; ?Summary count: 12">
            <Axiom axiom="Genetics SubClassOf hasSummary only Summary"/>
            <Axiom axiom="CYP2D6 SubClassOf hasSummary only Summary"/>
            <Axiom axiom="CYP3A SubClassOf hasSummary only Summary"/>
            <Axiom axiom="Target SubClassOf hasSummary only Summary"/>
            <Axiom axiom="Physiology SubClassOf hasSummary only Summary"/>
            <Axiom axiom="Disease SubClassOf hasSummary only Summary"/>
            <Axiom axiom="Metabolism SubClassOf hasSummary only Summary"/>
            <Axiom axiom="CYP2B1 SubClassOf hasSummary only Summary"/>
            <Axiom axiom="Population SubClassOf hasSummary only Summary"/>
            <Axiom axiom="Other SubClassOf hasSummary only Summary"/>
            <Axiom axiom="Environment SubClassOf hasSummary only Summary"/>
            <Axiom axiom="Transporter SubClassOf hasSummary only Summary"/>
         </Generalisation>
         <Generalisation axiom="?Summary SubClassOf hasGenetics only &#10;(?Summary and ?cluster_1)" count="7" instantiationStats="?cluster_1 count: 1; ?Summary count: 8">
            <Axiom axiom="CYP3A SubClassOf hasGenetics only &#10;(Genetics and Summary)"/>
            <Axiom axiom="CYP2B1 SubClassOf hasGenetics only &#10;(Genetics and Summary)"/>
            <Axiom axiom="Metabolism SubClassOf hasGenetics only &#10;(Genetics and Summary)"/>
            <Axiom axiom="Transporter SubClassOf hasGenetics only &#10;(Genetics and Summary)"/>
            <Axiom axiom="Other SubClassOf hasGenetics only &#10;(Genetics and Summary)"/>
            <Axiom axiom="Target SubClassOf hasGenetics only &#10;(Genetics and Summary)"/>
            <Axiom axiom="CYP2D6 SubClassOf hasGenetics only &#10;(Genetics and Summary)"/>
         </Generalisation>
      </Generalisations>
   </Cluster>
</Clusters>
