<?xml version="1.0" encoding="UTF-8" standalone="no"?>
<Clusters>
   <Cluster size="29">
      <Item iri="http://www.co-ode.org/ontologies/basic-bio/top-bio.owl#Organ"/>
      <Item iri="http://www.co-ode.org/ontologies/basic-bio/top-bio.owl#Biological_object"/>
      <Item iri="http://www.co-ode.org/ontologies/basic-bio/top-bio.owl#Organ_component"/>
      <Item iri="http://www.co-ode.org/ontologies/basic-bio/top-bio.owl#Cell_part"/>
      <Item iri="http://www.co-ode.org/ontologies/basic-bio/top-bio.owl#Body"/>
      <Item iri="http://www.co-ode.org/ontologies/basic-bio/top-bio.owl#Amount_of_biological_matter_or_energy"/>
      <Item iri="http://www.co-ode.org/ontologies/basic-bio/top-bio.owl#Body_part_subdivision"/>
      <Item iri="http://www.co-ode.org/ontologies/basic-bio/top-bio.owl#Body_part"/>
      <Item iri="http://www.co-ode.org/ontologies/basic-bio/top-bio.owl#Biological_small_molecule"/>
      <Item iri="http://www.co-ode.org/ontologies/basic-bio/top-bio.owl#Adenine_residue"/>
      <Item iri="http://www.co-ode.org/ontologies/basic-bio/top-bio.owl#Nucleic_acid_base_residue"/>
      <Item iri="http://www.co-ode.org/ontologies/basic-bio/top-bio.owl#Organ_part"/>
      <Item iri="http://www.co-ode.org/ontologies/basic-bio/top-bio.owl#Biological_discrete_physical_continuant"/>
      <Item iri="http://www.co-ode.org/ontologies/basic-bio/top-bio.owl#gross_anat_structure"/>
      <Item iri="http://www.co-ode.org/ontologies/basic-bio/top-bio.owl#Amount_of_Tissue"/>
      <Item iri="http://www.co-ode.org/ontologies/basic-bio/top-bio.owl#Biological_physical_process"/>
      <Item iri="http://www.co-ode.org/ontologies/basic-bio/top-bio.owl#Biologic_discrete_nonmaterial_entity"/>
      <Item iri="http://www.co-ode.org/ontologies/basic-bio/top-bio.owl#Biological_entity"/>
      <Item iri="http://www.co-ode.org/ontologies/basic-bio/top-bio.owl#Guanine_residue"/>
      <Item iri="http://www.co-ode.org/ontologies/basic-bio/top-bio.owl#Amount_of_Biological_substance"/>
      <Item iri="http://www.co-ode.org/ontologies/basic-bio/top-bio.owl#Cell"/>
      <Item iri="http://www.co-ode.org/ontologies/basic-bio/top-bio.owl#Organelle"/>
      <Item iri="http://www.co-ode.org/ontologies/basic-bio/top-bio.owl#Biological_cavity"/>
      <Item iri="http://www.co-ode.org/ontologies/basic-bio/top-bio.owl#Thymine_residue"/>
      <Item iri="http://www.co-ode.org/ontologies/basic-bio/top-bio.owl#Cytosine_residue"/>
      <Item iri="http://www.co-ode.org/ontologies/basic-bio/top-bio.owl#Organ_division"/>
      <Item iri="http://www.co-ode.org/ontologies/basic-bio/top-bio.owl#Non_biological_entity"/>
      <Item iri="http://www.co-ode.org/ontologies/basic-bio/top-bio.owl#Organism"/>
      <Item iri="http://www.co-ode.org/ontologies/basic-bio/top-bio.owl#Biological_Macromolecule"/>
      <Generalisations>
         <Generalisation axiom="?cluster_1 SubClassOf refining_property some Thing" count="29" instantiationStats="?cluster_1 count: 29">
            <Axiom axiom="Biologic_discrete_nonmaterial_entity SubClassOf refining_property some Thing"/>
            <Axiom axiom="Guanine_residue SubClassOf refining_property some Thing"/>
            <Axiom axiom="Body_part_subdivision SubClassOf refining_property some Thing"/>
            <Axiom axiom="Cytosine_residue SubClassOf refining_property some Thing"/>
            <Axiom axiom="Cell SubClassOf refining_property some Thing"/>
            <Axiom axiom="Adenine_residue SubClassOf refining_property some Thing"/>
            <Axiom axiom="Organelle SubClassOf refining_property some Thing"/>
            <Axiom axiom="Cell_part SubClassOf refining_property some Thing"/>
            <Axiom axiom="Organ SubClassOf refining_property some Thing"/>
            <Axiom axiom="Biological_discrete_physical_continuant SubClassOf refining_property some Thing"/>
            <Axiom axiom="Thymine_residue SubClassOf refining_property some Thing"/>
            <Axiom axiom="Biological_entity SubClassOf refining_property some Thing"/>
            <Axiom axiom="Organ_part SubClassOf refining_property some Thing"/>
            <Axiom axiom="Biological_Macromolecule SubClassOf refining_property some Thing"/>
            <Axiom axiom="Organism SubClassOf refining_property some Thing"/>
            <Axiom axiom="Biological_cavity SubClassOf refining_property some Thing"/>
            <Axiom axiom="Biological_object SubClassOf refining_property some Thing"/>
            <Axiom axiom="Amount_of_biological_matter_or_energy SubClassOf refining_property some Thing"/>
            <Axiom axiom="Amount_of_Biological_substance SubClassOf refining_property some Thing"/>
            <Axiom axiom="Nucleic_acid_base_residue SubClassOf refining_property some Thing"/>
            <Axiom axiom="Amount_of_Tissue SubClassOf refining_property some Thing"/>
            <Axiom axiom="Biological_physical_process SubClassOf refining_property some Thing"/>
            <Axiom axiom="Biological_small_molecule SubClassOf refining_property some Thing"/>
            <Axiom axiom="Non_biological_entity SubClassOf refining_property some Thing"/>
            <Axiom axiom="Organ_division SubClassOf refining_property some Thing"/>
            <Axiom axiom="Body SubClassOf refining_property some Thing"/>
            <Axiom axiom="Body_part SubClassOf refining_property some Thing"/>
            <Axiom axiom="Organ_component SubClassOf refining_property some Thing"/>
            <Axiom axiom="gross_anat_structure SubClassOf refining_property some Thing"/>
         </Generalisation>
         <Generalisation axiom="?cluster_1 SubClassOf Mass_entity" count="3" instantiationStats="?cluster_1 count: 3">
            <Axiom axiom="Amount_of_biological_matter_or_energy SubClassOf Mass_entity"/>
            <Axiom axiom="Amount_of_Tissue SubClassOf Mass_entity"/>
            <Axiom axiom="Amount_of_Biological_substance SubClassOf Mass_entity"/>
         </Generalisation>
         <Generalisation axiom="?cluster_1 SubClassOf has_bio_status only &#10;(?Domain_entity_conjunction)" count="29" instantiationStats="?Domain_entity count: 7; ?cluster_1 count: 29">
            <Axiom axiom="Adenine_residue SubClassOf has_bio_status only &#10;(Intrinsic_characteristic and Biological and Biological_status_value_partition and Of_biological_origin and Domain_entity and Refining_entity)"/>
            <Axiom axiom="Biological_entity SubClassOf has_bio_status only &#10;(Intrinsic_characteristic and Biological and Biological_status_value_partition and Of_biological_origin and Domain_entity and Refining_entity)"/>
            <Axiom axiom="Nucleic_acid_base_residue SubClassOf has_bio_status only &#10;(Intrinsic_characteristic and Biological and Biological_status_value_partition and Of_biological_origin and Domain_entity and Refining_entity)"/>
            <Axiom axiom="Amount_of_Biological_substance SubClassOf has_bio_status only &#10;(Intrinsic_characteristic and Biological and Biological_status_value_partition and Of_biological_origin and Domain_entity and Refining_entity)"/>
            <Axiom axiom="Guanine_residue SubClassOf has_bio_status only &#10;(Intrinsic_characteristic and Biological and Biological_status_value_partition and Of_biological_origin and Domain_entity and Refining_entity)"/>
            <Axiom axiom="Biological_small_molecule SubClassOf has_bio_status only &#10;(Intrinsic_characteristic and Biological and Biological_status_value_partition and Of_biological_origin and Domain_entity and Refining_entity)"/>
            <Axiom axiom="Biological_cavity SubClassOf has_bio_status only &#10;(Intrinsic_characteristic and Biological and Biological_status_value_partition and Of_biological_origin and Domain_entity and Refining_entity)"/>
            <Axiom axiom="Organism SubClassOf has_bio_status only &#10;(Intrinsic_characteristic and Biological and Biological_status_value_partition and Of_biological_origin and Domain_entity and Refining_entity)"/>
            <Axiom axiom="Biological_discrete_physical_continuant SubClassOf has_bio_status only &#10;(Intrinsic_characteristic and Biological and Biological_status_value_partition and Of_biological_origin and Domain_entity and Refining_entity)"/>
            <Axiom axiom="Biological_physical_process SubClassOf has_bio_status only &#10;(Intrinsic_characteristic and Biological and Biological_status_value_partition and Of_biological_origin and Domain_entity and Refining_entity)"/>
            <Axiom axiom="Organelle SubClassOf has_bio_status only &#10;(Intrinsic_characteristic and Biological and Biological_status_value_partition and Of_biological_origin and Domain_entity and Refining_entity)"/>
            <Axiom axiom="Biological_Macromolecule SubClassOf has_bio_status only &#10;(Intrinsic_characteristic and Biological and Biological_status_value_partition and Of_biological_origin and Domain_entity and Refining_entity)"/>
            <Axiom axiom="Thymine_residue SubClassOf has_bio_status only &#10;(Intrinsic_characteristic and Biological and Biological_status_value_partition and Of_biological_origin and Domain_entity and Refining_entity)"/>
            <Axiom axiom="Body_part_subdivision SubClassOf has_bio_status only &#10;(Intrinsic_characteristic and Biological and Biological_status_value_partition and Of_biological_origin and Domain_entity and Refining_entity)"/>
            <Axiom axiom="Amount_of_Tissue SubClassOf has_bio_status only &#10;(Intrinsic_characteristic and Biological and Biological_status_value_partition and Of_biological_origin and Domain_entity and Refining_entity)"/>
            <Axiom axiom="Body SubClassOf has_bio_status only &#10;(Intrinsic_characteristic and Biological and Biological_status_value_partition and Of_biological_origin and Domain_entity and Refining_entity)"/>
            <Axiom axiom="Body_part SubClassOf has_bio_status only &#10;(Intrinsic_characteristic and Biological and Biological_status_value_partition and Of_biological_origin and Domain_entity and Refining_entity)"/>
            <Axiom axiom="Organ_component SubClassOf has_bio_status only &#10;(Intrinsic_characteristic and Biological and Biological_status_value_partition and Of_biological_origin and Domain_entity and Refining_entity)"/>
            <Axiom axiom="Cell SubClassOf has_bio_status only &#10;(Intrinsic_characteristic and Biological and Biological_status_value_partition and Of_biological_origin and Domain_entity and Refining_entity)"/>
            <Axiom axiom="Cell_part SubClassOf has_bio_status only &#10;(Intrinsic_characteristic and Biological and Biological_status_value_partition and Of_biological_origin and Domain_entity and Refining_entity)"/>
            <Axiom axiom="Biologic_discrete_nonmaterial_entity SubClassOf has_bio_status only &#10;(Intrinsic_characteristic and Biological and Biological_status_value_partition and Of_biological_origin and Domain_entity and Refining_entity)"/>
            <Axiom axiom="Non_biological_entity SubClassOf has_bio_status only &#10;(Intrinsic_characteristic and Biological_status_value_partition and Non_biological and Domain_entity and Refining_entity)"/>
            <Axiom axiom="Cytosine_residue SubClassOf has_bio_status only &#10;(Intrinsic_characteristic and Biological and Biological_status_value_partition and Of_biological_origin and Domain_entity and Refining_entity)"/>
            <Axiom axiom="Biological_object SubClassOf has_bio_status only &#10;(Intrinsic_characteristic and Biological and Biological_status_value_partition and Of_biological_origin and Domain_entity and Refining_entity)"/>
            <Axiom axiom="gross_anat_structure SubClassOf has_bio_status only &#10;(Intrinsic_characteristic and Biological and Biological_status_value_partition and Of_biological_origin and Domain_entity and Refining_entity)"/>
            <Axiom axiom="Organ SubClassOf has_bio_status only &#10;(Intrinsic_characteristic and Biological and Biological_status_value_partition and Of_biological_origin and Domain_entity and Refining_entity)"/>
            <Axiom axiom="Organ_division SubClassOf has_bio_status only &#10;(Intrinsic_characteristic and Biological and Biological_status_value_partition and Of_biological_origin and Domain_entity and Refining_entity)"/>
            <Axiom axiom="Organ_part SubClassOf has_bio_status only &#10;(Intrinsic_characteristic and Biological and Biological_status_value_partition and Of_biological_origin and Domain_entity and Refining_entity)"/>
            <Axiom axiom="Amount_of_biological_matter_or_energy SubClassOf has_bio_status only &#10;(Intrinsic_characteristic and Biological and Biological_status_value_partition and Of_biological_origin and Domain_entity and Refining_entity)"/>
         </Generalisation>
         <Generalisation axiom="?cluster_1 SubClassOf intrinsic_property some &#10;(?Domain_entity_conjunction)" count="29" instantiationStats="?Domain_entity count: 7; ?cluster_1 count: 29">
            <Axiom axiom="gross_anat_structure SubClassOf intrinsic_property some &#10;(Intrinsic_characteristic and Biological and Biological_status_value_partition and Of_biological_origin and Domain_entity and Refining_entity)"/>
            <Axiom axiom="Organ_component SubClassOf intrinsic_property some &#10;(Intrinsic_characteristic and Biological and Biological_status_value_partition and Of_biological_origin and Domain_entity and Refining_entity)"/>
            <Axiom axiom="Biologic_discrete_nonmaterial_entity SubClassOf intrinsic_property some &#10;(Intrinsic_characteristic and Biological and Biological_status_value_partition and Of_biological_origin and Domain_entity and Refining_entity)"/>
            <Axiom axiom="Organ_division SubClassOf intrinsic_property some &#10;(Intrinsic_characteristic and Biological and Biological_status_value_partition and Of_biological_origin and Domain_entity and Refining_entity)"/>
            <Axiom axiom="Organ_part SubClassOf intrinsic_property some &#10;(Intrinsic_characteristic and Biological and Biological_status_value_partition and Of_biological_origin and Domain_entity and Refining_entity)"/>
            <Axiom axiom="Biological_cavity SubClassOf intrinsic_property some &#10;(Intrinsic_characteristic and Biological and Biological_status_value_partition and Of_biological_origin and Domain_entity and Refining_entity)"/>
            <Axiom axiom="Nucleic_acid_base_residue SubClassOf intrinsic_property some &#10;(Intrinsic_characteristic and Biological and Biological_status_value_partition and Of_biological_origin and Domain_entity and Refining_entity)"/>
            <Axiom axiom="Organelle SubClassOf intrinsic_property some &#10;(Intrinsic_characteristic and Biological and Biological_status_value_partition and Of_biological_origin and Domain_entity and Refining_entity)"/>
            <Axiom axiom="Organ SubClassOf intrinsic_property some &#10;(Intrinsic_characteristic and Biological and Biological_status_value_partition and Of_biological_origin and Domain_entity and Refining_entity)"/>
            <Axiom axiom="Amount_of_biological_matter_or_energy SubClassOf intrinsic_property some &#10;(Intrinsic_characteristic and Biological and Biological_status_value_partition and Of_biological_origin and Domain_entity and Refining_entity)"/>
            <Axiom axiom="Biological_Macromolecule SubClassOf intrinsic_property some &#10;(Intrinsic_characteristic and Biological and Biological_status_value_partition and Of_biological_origin and Domain_entity and Refining_entity)"/>
            <Axiom axiom="Biological_entity SubClassOf intrinsic_property some &#10;(Intrinsic_characteristic and Biological and Biological_status_value_partition and Of_biological_origin and Domain_entity and Refining_entity)"/>
            <Axiom axiom="Cell_part SubClassOf intrinsic_property some &#10;(Intrinsic_characteristic and Biological and Biological_status_value_partition and Of_biological_origin and Domain_entity and Refining_entity)"/>
            <Axiom axiom="Adenine_residue SubClassOf intrinsic_property some &#10;(Intrinsic_characteristic and Biological and Biological_status_value_partition and Of_biological_origin and Domain_entity and Refining_entity)"/>
            <Axiom axiom="Cytosine_residue SubClassOf intrinsic_property some &#10;(Intrinsic_characteristic and Biological and Biological_status_value_partition and Of_biological_origin and Domain_entity and Refining_entity)"/>
            <Axiom axiom="Biological_physical_process SubClassOf intrinsic_property some &#10;(Intrinsic_characteristic and Biological and Biological_status_value_partition and Of_biological_origin and Domain_entity and Refining_entity)"/>
            <Axiom axiom="Biological_object SubClassOf intrinsic_property some &#10;(Intrinsic_characteristic and Biological and Biological_status_value_partition and Of_biological_origin and Domain_entity and Refining_entity)"/>
            <Axiom axiom="Cell SubClassOf intrinsic_property some &#10;(Intrinsic_characteristic and Biological and Biological_status_value_partition and Of_biological_origin and Domain_entity and Refining_entity)"/>
            <Axiom axiom="Biological_small_molecule SubClassOf intrinsic_property some &#10;(Intrinsic_characteristic and Biological and Biological_status_value_partition and Of_biological_origin and Domain_entity and Refining_entity)"/>
            <Axiom axiom="Body_part SubClassOf intrinsic_property some &#10;(Intrinsic_characteristic and Biological and Biological_status_value_partition and Of_biological_origin and Domain_entity and Refining_entity)"/>
            <Axiom axiom="Thymine_residue SubClassOf intrinsic_property some &#10;(Intrinsic_characteristic and Biological and Biological_status_value_partition and Of_biological_origin and Domain_entity and Refining_entity)"/>
            <Axiom axiom="Body_part_subdivision SubClassOf intrinsic_property some &#10;(Intrinsic_characteristic and Biological and Biological_status_value_partition and Of_biological_origin and Domain_entity and Refining_entity)"/>
            <Axiom axiom="Biological_discrete_physical_continuant SubClassOf intrinsic_property some &#10;(Intrinsic_characteristic and Biological and Biological_status_value_partition and Of_biological_origin and Domain_entity and Refining_entity)"/>
            <Axiom axiom="Amount_of_Tissue SubClassOf intrinsic_property some &#10;(Intrinsic_characteristic and Biological and Biological_status_value_partition and Of_biological_origin and Domain_entity and Refining_entity)"/>
            <Axiom axiom="Organism SubClassOf intrinsic_property some &#10;(Intrinsic_characteristic and Biological and Biological_status_value_partition and Of_biological_origin and Domain_entity and Refining_entity)"/>
            <Axiom axiom="Non_biological_entity SubClassOf intrinsic_property some &#10;(Intrinsic_characteristic and Biological_status_value_partition and Non_biological and Domain_entity and Refining_entity)"/>
            <Axiom axiom="Body SubClassOf intrinsic_property some &#10;(Intrinsic_characteristic and Biological and Biological_status_value_partition and Of_biological_origin and Domain_entity and Refining_entity)"/>
            <Axiom axiom="Guanine_residue SubClassOf intrinsic_property some &#10;(Intrinsic_characteristic and Biological and Biological_status_value_partition and Of_biological_origin and Domain_entity and Refining_entity)"/>
            <Axiom axiom="Amount_of_Biological_substance SubClassOf intrinsic_property some &#10;(Intrinsic_characteristic and Biological and Biological_status_value_partition and Of_biological_origin and Domain_entity and Refining_entity)"/>
         </Generalisation>
         <Generalisation axiom="?cluster_1 SubClassOf has_bio_status some Thing" count="29" instantiationStats="?cluster_1 count: 29">
            <Axiom axiom="Organism SubClassOf has_bio_status some Thing"/>
            <Axiom axiom="Amount_of_Tissue SubClassOf has_bio_status some Thing"/>
            <Axiom axiom="Organ_part SubClassOf has_bio_status some Thing"/>
            <Axiom axiom="Biological_small_molecule SubClassOf has_bio_status some Thing"/>
            <Axiom axiom="Biologic_discrete_nonmaterial_entity SubClassOf has_bio_status some Thing"/>
            <Axiom axiom="Cell_part SubClassOf has_bio_status some Thing"/>
            <Axiom axiom="Nucleic_acid_base_residue SubClassOf has_bio_status some Thing"/>
            <Axiom axiom="Organ SubClassOf has_bio_status some Thing"/>
            <Axiom axiom="Organ_component SubClassOf has_bio_status some Thing"/>
            <Axiom axiom="Organ_division SubClassOf has_bio_status some Thing"/>
            <Axiom axiom="Amount_of_Biological_substance SubClassOf has_bio_status some Thing"/>
            <Axiom axiom="Thymine_residue SubClassOf has_bio_status some Thing"/>
            <Axiom axiom="Body SubClassOf has_bio_status some Thing"/>
            <Axiom axiom="Biological_physical_process SubClassOf has_bio_status some Thing"/>
            <Axiom axiom="Cytosine_residue SubClassOf has_bio_status some Thing"/>
            <Axiom axiom="Non_biological_entity SubClassOf has_bio_status some Thing"/>
            <Axiom axiom="Organelle SubClassOf has_bio_status some Thing"/>
            <Axiom axiom="Biological_cavity SubClassOf has_bio_status some Thing"/>
            <Axiom axiom="Biological_Macromolecule SubClassOf has_bio_status some Thing"/>
            <Axiom axiom="gross_anat_structure SubClassOf has_bio_status some Thing"/>
            <Axiom axiom="Biological_discrete_physical_continuant SubClassOf has_bio_status some Thing"/>
            <Axiom axiom="Cell SubClassOf has_bio_status some Thing"/>
            <Axiom axiom="Guanine_residue SubClassOf has_bio_status some Thing"/>
            <Axiom axiom="Biological_object SubClassOf has_bio_status some Thing"/>
            <Axiom axiom="Body_part_subdivision SubClassOf has_bio_status some Thing"/>
            <Axiom axiom="Body_part SubClassOf has_bio_status some Thing"/>
            <Axiom axiom="Biological_entity SubClassOf has_bio_status some Thing"/>
            <Axiom axiom="Adenine_residue SubClassOf has_bio_status some Thing"/>
            <Axiom axiom="Amount_of_biological_matter_or_energy SubClassOf has_bio_status some Thing"/>
         </Generalisation>
         <Generalisation axiom="?cluster_1 SubClassOf Discrete_Physical_continuant" count="1" instantiationStats="?cluster_1 count: 1">
            <Axiom axiom="Biological_discrete_physical_continuant SubClassOf Discrete_Physical_continuant"/>
         </Generalisation>
         <Generalisation axiom="?cluster_1 SubClassOf Discrete_non_material_entity" count="2" instantiationStats="?cluster_1 count: 2">
            <Axiom axiom="Biologic_discrete_nonmaterial_entity SubClassOf Discrete_non_material_entity"/>
            <Axiom axiom="Biological_cavity SubClassOf Discrete_non_material_entity"/>
         </Generalisation>
         <Generalisation axiom="?cluster_1 SubClassOf ?cluster_1" count="68" instantiationStats="?cluster_1 count: 28">
            <Axiom axiom="Body_part SubClassOf Biological_object"/>
            <Axiom axiom="Body_part_subdivision SubClassOf Biological_object"/>
            <Axiom axiom="Cytosine_residue SubClassOf Biological_small_molecule"/>
            <Axiom axiom="Amount_of_Biological_substance SubClassOf Amount_of_biological_matter_or_energy"/>
            <Axiom axiom="Body_part_subdivision SubClassOf Biological_entity"/>
            <Axiom axiom="Organ SubClassOf Biological_object"/>
            <Axiom axiom="Nucleic_acid_base_residue SubClassOf Biological_small_molecule"/>
            <Axiom axiom="Organ_division SubClassOf Biological_entity"/>
            <Axiom axiom="Body SubClassOf gross_anat_structure"/>
            <Axiom axiom="Biological_Macromolecule SubClassOf Biological_entity"/>
            <Axiom axiom="gross_anat_structure SubClassOf Biological_entity"/>
            <Axiom axiom="Adenine_residue SubClassOf Biological_small_molecule"/>
            <Axiom axiom="Adenine_residue SubClassOf Biological_object"/>
            <Axiom axiom="Amount_of_biological_matter_or_energy SubClassOf Biological_entity"/>
            <Axiom axiom="Biological_small_molecule SubClassOf Biological_object"/>
            <Axiom axiom="Organ SubClassOf gross_anat_structure"/>
            <Axiom axiom="Thymine_residue SubClassOf Biological_small_molecule"/>
            <Axiom axiom="Biological_Macromolecule SubClassOf Biological_object"/>
            <Axiom axiom="Organism SubClassOf Biological_object"/>
            <Axiom axiom="Organelle SubClassOf Biological_object"/>
            <Axiom axiom="Organ_part SubClassOf Biological_object"/>
            <Axiom axiom="Body_part SubClassOf Biological_entity"/>
            <Axiom axiom="Organ_component SubClassOf Biological_entity"/>
            <Axiom axiom="Biological_cavity SubClassOf Biological_entity"/>
            <Axiom axiom="Cell SubClassOf Biological_entity"/>
            <Axiom axiom="Organ_component SubClassOf gross_anat_structure"/>
            <Axiom axiom="Body_part SubClassOf gross_anat_structure"/>
            <Axiom axiom="Body SubClassOf Biological_object"/>
            <Axiom axiom="Guanine_residue SubClassOf Biological_object"/>
            <Axiom axiom="Organelle SubClassOf Cell_part"/>
            <Axiom axiom="Cell_part SubClassOf Biological_entity"/>
            <Axiom axiom="Biological_discrete_physical_continuant SubClassOf Biological_entity"/>
            <Axiom axiom="Organism SubClassOf Biological_entity"/>
            <Axiom axiom="Thymine_residue SubClassOf Nucleic_acid_base_residue"/>
            <Axiom axiom="Amount_of_Tissue SubClassOf Biological_entity"/>
            <Axiom axiom="Organ_component SubClassOf Biological_object"/>
            <Axiom axiom="Biological_object SubClassOf Biological_entity"/>
            <Axiom axiom="Biological_physical_process SubClassOf Biological_entity"/>
            <Axiom axiom="gross_anat_structure SubClassOf Biological_object"/>
            <Axiom axiom="Guanine_residue SubClassOf Biological_small_molecule"/>
            <Axiom axiom="Thymine_residue SubClassOf Biological_entity"/>
            <Axiom axiom="Organ_division SubClassOf Biological_object"/>
            <Axiom axiom="Cytosine_residue SubClassOf Biological_entity"/>
            <Axiom axiom="Adenine_residue SubClassOf Nucleic_acid_base_residue"/>
            <Axiom axiom="Biological_cavity SubClassOf Biologic_discrete_nonmaterial_entity"/>
            <Axiom axiom="Adenine_residue SubClassOf Biological_entity"/>
            <Axiom axiom="Cell_part SubClassOf Biological_object"/>
            <Axiom axiom="Body SubClassOf Biological_entity"/>
            <Axiom axiom="Organ_division SubClassOf gross_anat_structure"/>
            <Axiom axiom="Organ SubClassOf Biological_entity"/>
            <Axiom axiom="Biologic_discrete_nonmaterial_entity SubClassOf Biological_entity"/>
            <Axiom axiom="Cytosine_residue SubClassOf Nucleic_acid_base_residue"/>
            <Axiom axiom="Cytosine_residue SubClassOf Biological_object"/>
            <Axiom axiom="Nucleic_acid_base_residue SubClassOf Biological_entity"/>
            <Axiom axiom="Amount_of_Tissue SubClassOf Amount_of_biological_matter_or_energy"/>
            <Axiom axiom="Nucleic_acid_base_residue SubClassOf Biological_object"/>
            <Axiom axiom="Biological_small_molecule SubClassOf Biological_entity"/>
            <Axiom axiom="Guanine_residue SubClassOf Nucleic_acid_base_residue"/>
            <Axiom axiom="Amount_of_Biological_substance SubClassOf Biological_entity"/>
            <Axiom axiom="Guanine_residue SubClassOf Biological_entity"/>
            <Axiom axiom="Organ_division SubClassOf Organ_part"/>
            <Axiom axiom="Thymine_residue SubClassOf Biological_object"/>
            <Axiom axiom="Organ_component SubClassOf Organ_part"/>
            <Axiom axiom="Cell SubClassOf Biological_object"/>
            <Axiom axiom="Organ_part SubClassOf gross_anat_structure"/>
            <Axiom axiom="Organ_part SubClassOf Biological_entity"/>
            <Axiom axiom="Body_part_subdivision SubClassOf gross_anat_structure"/>
            <Axiom axiom="Organelle SubClassOf Biological_entity"/>
         </Generalisation>
         <Generalisation axiom="?cluster_1 SubClassOf intrinsic_property some Thing" count="29" instantiationStats="?cluster_1 count: 29">
            <Axiom axiom="Organ_component SubClassOf intrinsic_property some Thing"/>
            <Axiom axiom="Biological_cavity SubClassOf intrinsic_property some Thing"/>
            <Axiom axiom="Organism SubClassOf intrinsic_property some Thing"/>
            <Axiom axiom="Organ SubClassOf intrinsic_property some Thing"/>
            <Axiom axiom="Biological_Macromolecule SubClassOf intrinsic_property some Thing"/>
            <Axiom axiom="Adenine_residue SubClassOf intrinsic_property some Thing"/>
            <Axiom axiom="Amount_of_Biological_substance SubClassOf intrinsic_property some Thing"/>
            <Axiom axiom="Body SubClassOf intrinsic_property some Thing"/>
            <Axiom axiom="Cell SubClassOf intrinsic_property some Thing"/>
            <Axiom axiom="Organelle SubClassOf intrinsic_property some Thing"/>
            <Axiom axiom="Thymine_residue SubClassOf intrinsic_property some Thing"/>
            <Axiom axiom="Amount_of_biological_matter_or_energy SubClassOf intrinsic_property some Thing"/>
            <Axiom axiom="Biological_object SubClassOf intrinsic_property some Thing"/>
            <Axiom axiom="Biological_discrete_physical_continuant SubClassOf intrinsic_property some Thing"/>
            <Axiom axiom="gross_anat_structure SubClassOf intrinsic_property some Thing"/>
            <Axiom axiom="Cell_part SubClassOf intrinsic_property some Thing"/>
            <Axiom axiom="Biologic_discrete_nonmaterial_entity SubClassOf intrinsic_property some Thing"/>
            <Axiom axiom="Organ_part SubClassOf intrinsic_property some Thing"/>
            <Axiom axiom="Body_part SubClassOf intrinsic_property some Thing"/>
            <Axiom axiom="Non_biological_entity SubClassOf intrinsic_property some Thing"/>
            <Axiom axiom="Biological_entity SubClassOf intrinsic_property some Thing"/>
            <Axiom axiom="Nucleic_acid_base_residue SubClassOf intrinsic_property some Thing"/>
            <Axiom axiom="Amount_of_Tissue SubClassOf intrinsic_property some Thing"/>
            <Axiom axiom="Biological_small_molecule SubClassOf intrinsic_property some Thing"/>
            <Axiom axiom="Body_part_subdivision SubClassOf intrinsic_property some Thing"/>
            <Axiom axiom="Biological_physical_process SubClassOf intrinsic_property some Thing"/>
            <Axiom axiom="Organ_division SubClassOf intrinsic_property some Thing"/>
            <Axiom axiom="Guanine_residue SubClassOf intrinsic_property some Thing"/>
            <Axiom axiom="Cytosine_residue SubClassOf intrinsic_property some Thing"/>
         </Generalisation>
         <Generalisation axiom="?cluster_1 SubClassOf Self_standing_entity" count="29" instantiationStats="?cluster_1 count: 29">
            <Axiom axiom="Organelle SubClassOf Self_standing_entity"/>
            <Axiom axiom="Non_biological_entity SubClassOf Self_standing_entity"/>
            <Axiom axiom="gross_anat_structure SubClassOf Self_standing_entity"/>
            <Axiom axiom="Biological_Macromolecule SubClassOf Self_standing_entity"/>
            <Axiom axiom="Biologic_discrete_nonmaterial_entity SubClassOf Self_standing_entity"/>
            <Axiom axiom="Cell SubClassOf Self_standing_entity"/>
            <Axiom axiom="Organ_part SubClassOf Self_standing_entity"/>
            <Axiom axiom="Body_part SubClassOf Self_standing_entity"/>
            <Axiom axiom="Organ_component SubClassOf Self_standing_entity"/>
            <Axiom axiom="Biological_cavity SubClassOf Self_standing_entity"/>
            <Axiom axiom="Cytosine_residue SubClassOf Self_standing_entity"/>
            <Axiom axiom="Biological_discrete_physical_continuant SubClassOf Self_standing_entity"/>
            <Axiom axiom="Organ SubClassOf Self_standing_entity"/>
            <Axiom axiom="Organism SubClassOf Self_standing_entity"/>
            <Axiom axiom="Nucleic_acid_base_residue SubClassOf Self_standing_entity"/>
            <Axiom axiom="Guanine_residue SubClassOf Self_standing_entity"/>
            <Axiom axiom="Biological_small_molecule SubClassOf Self_standing_entity"/>
            <Axiom axiom="Thymine_residue SubClassOf Self_standing_entity"/>
            <Axiom axiom="Body_part_subdivision SubClassOf Self_standing_entity"/>
            <Axiom axiom="Organ_division SubClassOf Self_standing_entity"/>
            <Axiom axiom="Amount_of_Tissue SubClassOf Self_standing_entity"/>
            <Axiom axiom="Biological_object SubClassOf Self_standing_entity"/>
            <Axiom axiom="Adenine_residue SubClassOf Self_standing_entity"/>
            <Axiom axiom="Cell_part SubClassOf Self_standing_entity"/>
            <Axiom axiom="Body SubClassOf Self_standing_entity"/>
            <Axiom axiom="Biological_entity SubClassOf Self_standing_entity"/>
            <Axiom axiom="Biological_physical_process SubClassOf Self_standing_entity"/>
            <Axiom axiom="Amount_of_biological_matter_or_energy SubClassOf Self_standing_entity"/>
            <Axiom axiom="Amount_of_Biological_substance SubClassOf Self_standing_entity"/>
         </Generalisation>
         <Generalisation axiom="?cluster_1 SubClassOf Physical_object" count="20" instantiationStats="?cluster_1 count: 20">
            <Axiom axiom="Cell_part SubClassOf Physical_object"/>
            <Axiom axiom="Biological_small_molecule SubClassOf Physical_object"/>
            <Axiom axiom="Biological_Macromolecule SubClassOf Physical_object"/>
            <Axiom axiom="Cytosine_residue SubClassOf Physical_object"/>
            <Axiom axiom="Guanine_residue SubClassOf Physical_object"/>
            <Axiom axiom="Organism SubClassOf Physical_object"/>
            <Axiom axiom="Body SubClassOf Physical_object"/>
            <Axiom axiom="Cell SubClassOf Physical_object"/>
            <Axiom axiom="Adenine_residue SubClassOf Physical_object"/>
            <Axiom axiom="Organ_component SubClassOf Physical_object"/>
            <Axiom axiom="Body_part SubClassOf Physical_object"/>
            <Axiom axiom="Organ SubClassOf Physical_object"/>
            <Axiom axiom="Biological_object SubClassOf Physical_object"/>
            <Axiom axiom="Body_part_subdivision SubClassOf Physical_object"/>
            <Axiom axiom="gross_anat_structure SubClassOf Physical_object"/>
            <Axiom axiom="Organ_part SubClassOf Physical_object"/>
            <Axiom axiom="Organelle SubClassOf Physical_object"/>
            <Axiom axiom="Thymine_residue SubClassOf Physical_object"/>
            <Axiom axiom="Organ_division SubClassOf Physical_object"/>
            <Axiom axiom="Nucleic_acid_base_residue SubClassOf Physical_object"/>
         </Generalisation>
         <Generalisation axiom="?cluster_1 SubClassOf has_bio_status some &#10;(?Domain_entity_conjunction)" count="29" instantiationStats="?Domain_entity count: 7; ?cluster_1 count: 29">
            <Axiom axiom="gross_anat_structure SubClassOf has_bio_status some &#10;(Intrinsic_characteristic and Biological and Biological_status_value_partition and Of_biological_origin and Domain_entity and Refining_entity)"/>
            <Axiom axiom="Guanine_residue SubClassOf has_bio_status some &#10;(Intrinsic_characteristic and Biological and Biological_status_value_partition and Of_biological_origin and Domain_entity and Refining_entity)"/>
            <Axiom axiom="Non_biological_entity SubClassOf has_bio_status some &#10;(Intrinsic_characteristic and Biological_status_value_partition and Non_biological and Domain_entity and Refining_entity)"/>
            <Axiom axiom="Biological_Macromolecule SubClassOf has_bio_status some &#10;(Intrinsic_characteristic and Biological and Biological_status_value_partition and Of_biological_origin and Domain_entity and Refining_entity)"/>
            <Axiom axiom="Body SubClassOf has_bio_status some &#10;(Intrinsic_characteristic and Biological and Biological_status_value_partition and Of_biological_origin and Domain_entity and Refining_entity)"/>
            <Axiom axiom="Organ_part SubClassOf has_bio_status some &#10;(Intrinsic_characteristic and Biological and Biological_status_value_partition and Of_biological_origin and Domain_entity and Refining_entity)"/>
            <Axiom axiom="Biologic_discrete_nonmaterial_entity SubClassOf has_bio_status some &#10;(Intrinsic_characteristic and Biological and Biological_status_value_partition and Of_biological_origin and Domain_entity and Refining_entity)"/>
            <Axiom axiom="Biological_object SubClassOf has_bio_status some &#10;(Intrinsic_characteristic and Biological and Biological_status_value_partition and Of_biological_origin and Domain_entity and Refining_entity)"/>
            <Axiom axiom="Biological_entity SubClassOf has_bio_status some &#10;(Intrinsic_characteristic and Biological and Biological_status_value_partition and Of_biological_origin and Domain_entity and Refining_entity)"/>
            <Axiom axiom="Body_part_subdivision SubClassOf has_bio_status some &#10;(Intrinsic_characteristic and Biological and Biological_status_value_partition and Of_biological_origin and Domain_entity and Refining_entity)"/>
            <Axiom axiom="Biological_physical_process SubClassOf has_bio_status some &#10;(Intrinsic_characteristic and Biological and Biological_status_value_partition and Of_biological_origin and Domain_entity and Refining_entity)"/>
            <Axiom axiom="Body_part SubClassOf has_bio_status some &#10;(Intrinsic_characteristic and Biological and Biological_status_value_partition and Of_biological_origin and Domain_entity and Refining_entity)"/>
            <Axiom axiom="Organ_division SubClassOf has_bio_status some &#10;(Intrinsic_characteristic and Biological and Biological_status_value_partition and Of_biological_origin and Domain_entity and Refining_entity)"/>
            <Axiom axiom="Biological_small_molecule SubClassOf has_bio_status some &#10;(Intrinsic_characteristic and Biological and Biological_status_value_partition and Of_biological_origin and Domain_entity and Refining_entity)"/>
            <Axiom axiom="Biological_cavity SubClassOf has_bio_status some &#10;(Intrinsic_characteristic and Biological and Biological_status_value_partition and Of_biological_origin and Domain_entity and Refining_entity)"/>
            <Axiom axiom="Cytosine_residue SubClassOf has_bio_status some &#10;(Intrinsic_characteristic and Biological and Biological_status_value_partition and Of_biological_origin and Domain_entity and Refining_entity)"/>
            <Axiom axiom="Organ_component SubClassOf has_bio_status some &#10;(Intrinsic_characteristic and Biological and Biological_status_value_partition and Of_biological_origin and Domain_entity and Refining_entity)"/>
            <Axiom axiom="Amount_of_Biological_substance SubClassOf has_bio_status some &#10;(Intrinsic_characteristic and Biological and Biological_status_value_partition and Of_biological_origin and Domain_entity and Refining_entity)"/>
            <Axiom axiom="Cell_part SubClassOf has_bio_status some &#10;(Intrinsic_characteristic and Biological and Biological_status_value_partition and Of_biological_origin and Domain_entity and Refining_entity)"/>
            <Axiom axiom="Thymine_residue SubClassOf has_bio_status some &#10;(Intrinsic_characteristic and Biological and Biological_status_value_partition and Of_biological_origin and Domain_entity and Refining_entity)"/>
            <Axiom axiom="Organ SubClassOf has_bio_status some &#10;(Intrinsic_characteristic and Biological and Biological_status_value_partition and Of_biological_origin and Domain_entity and Refining_entity)"/>
            <Axiom axiom="Cell SubClassOf has_bio_status some &#10;(Intrinsic_characteristic and Biological and Biological_status_value_partition and Of_biological_origin and Domain_entity and Refining_entity)"/>
            <Axiom axiom="Adenine_residue SubClassOf has_bio_status some &#10;(Intrinsic_characteristic and Biological and Biological_status_value_partition and Of_biological_origin and Domain_entity and Refining_entity)"/>
            <Axiom axiom="Organism SubClassOf has_bio_status some &#10;(Intrinsic_characteristic and Biological and Biological_status_value_partition and Of_biological_origin and Domain_entity and Refining_entity)"/>
            <Axiom axiom="Nucleic_acid_base_residue SubClassOf has_bio_status some &#10;(Intrinsic_characteristic and Biological and Biological_status_value_partition and Of_biological_origin and Domain_entity and Refining_entity)"/>
            <Axiom axiom="Amount_of_Tissue SubClassOf has_bio_status some &#10;(Intrinsic_characteristic and Biological and Biological_status_value_partition and Of_biological_origin and Domain_entity and Refining_entity)"/>
            <Axiom axiom="Biological_discrete_physical_continuant SubClassOf has_bio_status some &#10;(Intrinsic_characteristic and Biological and Biological_status_value_partition and Of_biological_origin and Domain_entity and Refining_entity)"/>
            <Axiom axiom="Organelle SubClassOf has_bio_status some &#10;(Intrinsic_characteristic and Biological and Biological_status_value_partition and Of_biological_origin and Domain_entity and Refining_entity)"/>
            <Axiom axiom="Amount_of_biological_matter_or_energy SubClassOf has_bio_status some &#10;(Intrinsic_characteristic and Biological and Biological_status_value_partition and Of_biological_origin and Domain_entity and Refining_entity)"/>
         </Generalisation>
         <Generalisation axiom="?cluster_1 SubClassOf Continuant_entity" count="26" instantiationStats="?cluster_1 count: 26">
            <Axiom axiom="Cytosine_residue SubClassOf Continuant_entity"/>
            <Axiom axiom="Organ_part SubClassOf Continuant_entity"/>
            <Axiom axiom="Biologic_discrete_nonmaterial_entity SubClassOf Continuant_entity"/>
            <Axiom axiom="Adenine_residue SubClassOf Continuant_entity"/>
            <Axiom axiom="Thymine_residue SubClassOf Continuant_entity"/>
            <Axiom axiom="Organ_division SubClassOf Continuant_entity"/>
            <Axiom axiom="Biological_small_molecule SubClassOf Continuant_entity"/>
            <Axiom axiom="Biological_discrete_physical_continuant SubClassOf Continuant_entity"/>
            <Axiom axiom="Cell SubClassOf Continuant_entity"/>
            <Axiom axiom="Guanine_residue SubClassOf Continuant_entity"/>
            <Axiom axiom="Organ_component SubClassOf Continuant_entity"/>
            <Axiom axiom="gross_anat_structure SubClassOf Continuant_entity"/>
            <Axiom axiom="Biological_cavity SubClassOf Continuant_entity"/>
            <Axiom axiom="Organism SubClassOf Continuant_entity"/>
            <Axiom axiom="Amount_of_Tissue SubClassOf Continuant_entity"/>
            <Axiom axiom="Organ SubClassOf Continuant_entity"/>
            <Axiom axiom="Biological_Macromolecule SubClassOf Continuant_entity"/>
            <Axiom axiom="Biological_object SubClassOf Continuant_entity"/>
            <Axiom axiom="Amount_of_Biological_substance SubClassOf Continuant_entity"/>
            <Axiom axiom="Amount_of_biological_matter_or_energy SubClassOf Continuant_entity"/>
            <Axiom axiom="Body SubClassOf Continuant_entity"/>
            <Axiom axiom="Nucleic_acid_base_residue SubClassOf Continuant_entity"/>
            <Axiom axiom="Organelle SubClassOf Continuant_entity"/>
            <Axiom axiom="Body_part SubClassOf Continuant_entity"/>
            <Axiom axiom="Cell_part SubClassOf Continuant_entity"/>
            <Axiom axiom="Body_part_subdivision SubClassOf Continuant_entity"/>
         </Generalisation>
         <Generalisation axiom="?cluster_1 SubClassOf Non_material_entity" count="2" instantiationStats="?cluster_1 count: 2">
            <Axiom axiom="Biologic_discrete_nonmaterial_entity SubClassOf Non_material_entity"/>
            <Axiom axiom="Biological_cavity SubClassOf Non_material_entity"/>
         </Generalisation>
         <Generalisation axiom="?cluster_1 SubClassOf ?Domain_entity" count="29" instantiationStats="?Domain_entity count: 1; ?cluster_1 count: 29">
            <Axiom axiom="Biological_object SubClassOf Domain_entity"/>
            <Axiom axiom="Organism SubClassOf Domain_entity"/>
            <Axiom axiom="Biological_entity SubClassOf Domain_entity"/>
            <Axiom axiom="Biological_cavity SubClassOf Domain_entity"/>
            <Axiom axiom="Body_part_subdivision SubClassOf Domain_entity"/>
            <Axiom axiom="Amount_of_Biological_substance SubClassOf Domain_entity"/>
            <Axiom axiom="Amount_of_biological_matter_or_energy SubClassOf Domain_entity"/>
            <Axiom axiom="Organ_component SubClassOf Domain_entity"/>
            <Axiom axiom="Organelle SubClassOf Domain_entity"/>
            <Axiom axiom="Cell SubClassOf Domain_entity"/>
            <Axiom axiom="Biologic_discrete_nonmaterial_entity SubClassOf Domain_entity"/>
            <Axiom axiom="Guanine_residue SubClassOf Domain_entity"/>
            <Axiom axiom="Amount_of_Tissue SubClassOf Domain_entity"/>
            <Axiom axiom="Biological_Macromolecule SubClassOf Domain_entity"/>
            <Axiom axiom="Body_part SubClassOf Domain_entity"/>
            <Axiom axiom="Non_biological_entity SubClassOf Domain_entity"/>
            <Axiom axiom="gross_anat_structure SubClassOf Domain_entity"/>
            <Axiom axiom="Biological_small_molecule SubClassOf Domain_entity"/>
            <Axiom axiom="Organ_division SubClassOf Domain_entity"/>
            <Axiom axiom="Adenine_residue SubClassOf Domain_entity"/>
            <Axiom axiom="Nucleic_acid_base_residue SubClassOf Domain_entity"/>
            <Axiom axiom="Cell_part SubClassOf Domain_entity"/>
            <Axiom axiom="Body SubClassOf Domain_entity"/>
            <Axiom axiom="Organ_part SubClassOf Domain_entity"/>
            <Axiom axiom="Biological_discrete_physical_continuant SubClassOf Domain_entity"/>
            <Axiom axiom="Cytosine_residue SubClassOf Domain_entity"/>
            <Axiom axiom="Organ SubClassOf Domain_entity"/>
            <Axiom axiom="Biological_physical_process SubClassOf Domain_entity"/>
            <Axiom axiom="Thymine_residue SubClassOf Domain_entity"/>
         </Generalisation>
         <Generalisation axiom="?cluster_1 SubClassOf Occurrent_entity" count="1" instantiationStats="?cluster_1 count: 1">
            <Axiom axiom="Biological_physical_process SubClassOf Occurrent_entity"/>
         </Generalisation>
         <Generalisation axiom="?cluster_1 EquivalentTo has_bio_status some &#10;(?Domain_entity_conjunction)" count="2" instantiationStats="?Domain_entity count: 7; ?cluster_1 count: 2">
            <Axiom axiom="Non_biological_entity EquivalentTo has_bio_status some &#10;(Intrinsic_characteristic and Biological_status_value_partition and Non_biological and Domain_entity and Refining_entity)"/>
            <Axiom axiom="Biological_entity EquivalentTo has_bio_status some &#10;(Intrinsic_characteristic and Biological and Biological_status_value_partition and Of_biological_origin and Domain_entity and Refining_entity)"/>
         </Generalisation>
         <Generalisation axiom="?cluster_1 SubClassOf Discrete_entity" count="23" instantiationStats="?cluster_1 count: 23">
            <Axiom axiom="Cytosine_residue SubClassOf Discrete_entity"/>
            <Axiom axiom="Biological_small_molecule SubClassOf Discrete_entity"/>
            <Axiom axiom="Biological_object SubClassOf Discrete_entity"/>
            <Axiom axiom="Thymine_residue SubClassOf Discrete_entity"/>
            <Axiom axiom="Organism SubClassOf Discrete_entity"/>
            <Axiom axiom="Biological_cavity SubClassOf Discrete_entity"/>
            <Axiom axiom="Biologic_discrete_nonmaterial_entity SubClassOf Discrete_entity"/>
            <Axiom axiom="Biological_Macromolecule SubClassOf Discrete_entity"/>
            <Axiom axiom="Organ_division SubClassOf Discrete_entity"/>
            <Axiom axiom="Guanine_residue SubClassOf Discrete_entity"/>
            <Axiom axiom="Organ_part SubClassOf Discrete_entity"/>
            <Axiom axiom="Cell_part SubClassOf Discrete_entity"/>
            <Axiom axiom="Organ SubClassOf Discrete_entity"/>
            <Axiom axiom="Organelle SubClassOf Discrete_entity"/>
            <Axiom axiom="Adenine_residue SubClassOf Discrete_entity"/>
            <Axiom axiom="Body_part_subdivision SubClassOf Discrete_entity"/>
            <Axiom axiom="Nucleic_acid_base_residue SubClassOf Discrete_entity"/>
            <Axiom axiom="Cell SubClassOf Discrete_entity"/>
            <Axiom axiom="Body_part SubClassOf Discrete_entity"/>
            <Axiom axiom="Biological_discrete_physical_continuant SubClassOf Discrete_entity"/>
            <Axiom axiom="Organ_component SubClassOf Discrete_entity"/>
            <Axiom axiom="gross_anat_structure SubClassOf Discrete_entity"/>
            <Axiom axiom="Body SubClassOf Discrete_entity"/>
         </Generalisation>
         <Generalisation axiom="?cluster_1 SubClassOf Physical_entity" count="27" instantiationStats="?cluster_1 count: 27">
            <Axiom axiom="Biological_discrete_physical_continuant SubClassOf Physical_entity"/>
            <Axiom axiom="Biological_Macromolecule SubClassOf Physical_entity"/>
            <Axiom axiom="Organ_division SubClassOf Physical_entity"/>
            <Axiom axiom="Thymine_residue SubClassOf Physical_entity"/>
            <Axiom axiom="Organ_component SubClassOf Physical_entity"/>
            <Axiom axiom="Organism SubClassOf Physical_entity"/>
            <Axiom axiom="Amount_of_Tissue SubClassOf Physical_entity"/>
            <Axiom axiom="Guanine_residue SubClassOf Physical_entity"/>
            <Axiom axiom="Organ SubClassOf Physical_entity"/>
            <Axiom axiom="Organ_part SubClassOf Physical_entity"/>
            <Axiom axiom="Nucleic_acid_base_residue SubClassOf Physical_entity"/>
            <Axiom axiom="Amount_of_biological_matter_or_energy SubClassOf Physical_entity"/>
            <Axiom axiom="Body_part SubClassOf Physical_entity"/>
            <Axiom axiom="Biologic_discrete_nonmaterial_entity SubClassOf Physical_entity"/>
            <Axiom axiom="Cytosine_residue SubClassOf Physical_entity"/>
            <Axiom axiom="Biological_object SubClassOf Physical_entity"/>
            <Axiom axiom="Adenine_residue SubClassOf Physical_entity"/>
            <Axiom axiom="Biological_physical_process SubClassOf Physical_entity"/>
            <Axiom axiom="Body_part_subdivision SubClassOf Physical_entity"/>
            <Axiom axiom="Amount_of_Biological_substance SubClassOf Physical_entity"/>
            <Axiom axiom="Biological_cavity SubClassOf Physical_entity"/>
            <Axiom axiom="Biological_small_molecule SubClassOf Physical_entity"/>
            <Axiom axiom="Organelle SubClassOf Physical_entity"/>
            <Axiom axiom="Cell_part SubClassOf Physical_entity"/>
            <Axiom axiom="Cell SubClassOf Physical_entity"/>
            <Axiom axiom="gross_anat_structure SubClassOf Physical_entity"/>
            <Axiom axiom="Body SubClassOf Physical_entity"/>
         </Generalisation>
         <Generalisation axiom="?cluster_1 SubClassOf Material_entity" count="23" instantiationStats="?cluster_1 count: 23">
            <Axiom axiom="Cytosine_residue SubClassOf Material_entity"/>
            <Axiom axiom="Amount_of_Tissue SubClassOf Material_entity"/>
            <Axiom axiom="Organelle SubClassOf Material_entity"/>
            <Axiom axiom="Body SubClassOf Material_entity"/>
            <Axiom axiom="Organ_part SubClassOf Material_entity"/>
            <Axiom axiom="Amount_of_Biological_substance SubClassOf Material_entity"/>
            <Axiom axiom="Organ_component SubClassOf Material_entity"/>
            <Axiom axiom="Organ_division SubClassOf Material_entity"/>
            <Axiom axiom="Biological_object SubClassOf Material_entity"/>
            <Axiom axiom="Amount_of_biological_matter_or_energy SubClassOf Material_entity"/>
            <Axiom axiom="Biological_Macromolecule SubClassOf Material_entity"/>
            <Axiom axiom="Cell_part SubClassOf Material_entity"/>
            <Axiom axiom="Guanine_residue SubClassOf Material_entity"/>
            <Axiom axiom="Cell SubClassOf Material_entity"/>
            <Axiom axiom="Body_part SubClassOf Material_entity"/>
            <Axiom axiom="Organ SubClassOf Material_entity"/>
            <Axiom axiom="gross_anat_structure SubClassOf Material_entity"/>
            <Axiom axiom="Nucleic_acid_base_residue SubClassOf Material_entity"/>
            <Axiom axiom="Adenine_residue SubClassOf Material_entity"/>
            <Axiom axiom="Thymine_residue SubClassOf Material_entity"/>
            <Axiom axiom="Body_part_subdivision SubClassOf Material_entity"/>
            <Axiom axiom="Organism SubClassOf Material_entity"/>
            <Axiom axiom="Biological_small_molecule SubClassOf Material_entity"/>
         </Generalisation>
         <Generalisation axiom="?cluster_1 SubClassOf refining_property some &#10;(?Domain_entity_conjunction)" count="29" instantiationStats="?Domain_entity count: 7; ?cluster_1 count: 29">
            <Axiom axiom="Adenine_residue SubClassOf refining_property some &#10;(Intrinsic_characteristic and Biological and Biological_status_value_partition and Of_biological_origin and Domain_entity and Refining_entity)"/>
            <Axiom axiom="Body SubClassOf refining_property some &#10;(Intrinsic_characteristic and Biological and Biological_status_value_partition and Of_biological_origin and Domain_entity and Refining_entity)"/>
            <Axiom axiom="Organ SubClassOf refining_property some &#10;(Intrinsic_characteristic and Biological and Biological_status_value_partition and Of_biological_origin and Domain_entity and Refining_entity)"/>
            <Axiom axiom="Biological_Macromolecule SubClassOf refining_property some &#10;(Intrinsic_characteristic and Biological and Biological_status_value_partition and Of_biological_origin and Domain_entity and Refining_entity)"/>
            <Axiom axiom="Amount_of_Tissue SubClassOf refining_property some &#10;(Intrinsic_characteristic and Biological and Biological_status_value_partition and Of_biological_origin and Domain_entity and Refining_entity)"/>
            <Axiom axiom="Amount_of_biological_matter_or_energy SubClassOf refining_property some &#10;(Intrinsic_characteristic and Biological and Biological_status_value_partition and Of_biological_origin and Domain_entity and Refining_entity)"/>
            <Axiom axiom="Biological_entity SubClassOf refining_property some &#10;(Intrinsic_characteristic and Biological and Biological_status_value_partition and Of_biological_origin and Domain_entity and Refining_entity)"/>
            <Axiom axiom="Biological_physical_process SubClassOf refining_property some &#10;(Intrinsic_characteristic and Biological and Biological_status_value_partition and Of_biological_origin and Domain_entity and Refining_entity)"/>
            <Axiom axiom="Organ_division SubClassOf refining_property some &#10;(Intrinsic_characteristic and Biological and Biological_status_value_partition and Of_biological_origin and Domain_entity and Refining_entity)"/>
            <Axiom axiom="Guanine_residue SubClassOf refining_property some &#10;(Intrinsic_characteristic and Biological and Biological_status_value_partition and Of_biological_origin and Domain_entity and Refining_entity)"/>
            <Axiom axiom="Non_biological_entity SubClassOf refining_property some &#10;(Intrinsic_characteristic and Biological_status_value_partition and Non_biological and Domain_entity and Refining_entity)"/>
            <Axiom axiom="Biological_small_molecule SubClassOf refining_property some &#10;(Intrinsic_characteristic and Biological and Biological_status_value_partition and Of_biological_origin and Domain_entity and Refining_entity)"/>
            <Axiom axiom="Body_part SubClassOf refining_property some &#10;(Intrinsic_characteristic and Biological and Biological_status_value_partition and Of_biological_origin and Domain_entity and Refining_entity)"/>
            <Axiom axiom="Biological_object SubClassOf refining_property some &#10;(Intrinsic_characteristic and Biological and Biological_status_value_partition and Of_biological_origin and Domain_entity and Refining_entity)"/>
            <Axiom axiom="Biological_discrete_physical_continuant SubClassOf refining_property some &#10;(Intrinsic_characteristic and Biological and Biological_status_value_partition and Of_biological_origin and Domain_entity and Refining_entity)"/>
            <Axiom axiom="Cell_part SubClassOf refining_property some &#10;(Intrinsic_characteristic and Biological and Biological_status_value_partition and Of_biological_origin and Domain_entity and Refining_entity)"/>
            <Axiom axiom="gross_anat_structure SubClassOf refining_property some &#10;(Intrinsic_characteristic and Biological and Biological_status_value_partition and Of_biological_origin and Domain_entity and Refining_entity)"/>
            <Axiom axiom="Nucleic_acid_base_residue SubClassOf refining_property some &#10;(Intrinsic_characteristic and Biological and Biological_status_value_partition and Of_biological_origin and Domain_entity and Refining_entity)"/>
            <Axiom axiom="Organism SubClassOf refining_property some &#10;(Intrinsic_characteristic and Biological and Biological_status_value_partition and Of_biological_origin and Domain_entity and Refining_entity)"/>
            <Axiom axiom="Organ_component SubClassOf refining_property some &#10;(Intrinsic_characteristic and Biological and Biological_status_value_partition and Of_biological_origin and Domain_entity and Refining_entity)"/>
            <Axiom axiom="Cytosine_residue SubClassOf refining_property some &#10;(Intrinsic_characteristic and Biological and Biological_status_value_partition and Of_biological_origin and Domain_entity and Refining_entity)"/>
            <Axiom axiom="Cell SubClassOf refining_property some &#10;(Intrinsic_characteristic and Biological and Biological_status_value_partition and Of_biological_origin and Domain_entity and Refining_entity)"/>
            <Axiom axiom="Amount_of_Biological_substance SubClassOf refining_property some &#10;(Intrinsic_characteristic and Biological and Biological_status_value_partition and Of_biological_origin and Domain_entity and Refining_entity)"/>
            <Axiom axiom="Organ_part SubClassOf refining_property some &#10;(Intrinsic_characteristic and Biological and Biological_status_value_partition and Of_biological_origin and Domain_entity and Refining_entity)"/>
            <Axiom axiom="Organelle SubClassOf refining_property some &#10;(Intrinsic_characteristic and Biological and Biological_status_value_partition and Of_biological_origin and Domain_entity and Refining_entity)"/>
            <Axiom axiom="Biologic_discrete_nonmaterial_entity SubClassOf refining_property some &#10;(Intrinsic_characteristic and Biological and Biological_status_value_partition and Of_biological_origin and Domain_entity and Refining_entity)"/>
            <Axiom axiom="Biological_cavity SubClassOf refining_property some &#10;(Intrinsic_characteristic and Biological and Biological_status_value_partition and Of_biological_origin and Domain_entity and Refining_entity)"/>
            <Axiom axiom="Thymine_residue SubClassOf refining_property some &#10;(Intrinsic_characteristic and Biological and Biological_status_value_partition and Of_biological_origin and Domain_entity and Refining_entity)"/>
            <Axiom axiom="Body_part_subdivision SubClassOf refining_property some &#10;(Intrinsic_characteristic and Biological and Biological_status_value_partition and Of_biological_origin and Domain_entity and Refining_entity)"/>
         </Generalisation>
         <Generalisation axiom="?cluster_1 SubClassOf Cavity" count="1" instantiationStats="?cluster_1 count: 1">
            <Axiom axiom="Biological_cavity SubClassOf Cavity"/>
         </Generalisation>
      </Generalisations>
   </Cluster>
   <Cluster size="7">
      <Item iri="http://www.co-ode.org/ontologies/basic-bio/top-bio.owl#Of_biological_origin"/>
      <Item iri="http://www.co-ode.org/ontologies/basic-bio/very-top.owl#Refining_entity"/>
      <Item iri="http://www.co-ode.org/ontologies/basic-bio/top-bio.owl#Non_biological"/>
      <Item iri="http://www.co-ode.org/ontologies/basic-bio/top-bio.owl#Biological_status_value_partition"/>
      <Item iri="http://www.co-ode.org/ontologies/basic-bio/very-top.owl#Domain_entity"/>
      <Item iri="http://www.co-ode.org/ontologies/basic-bio/refining-entities-and-properties.owl#Intrinsic_characteristic"/>
      <Item iri="http://www.co-ode.org/ontologies/basic-bio/top-bio.owl#Biological"/>
      <Generalisations>
         <Generalisation axiom="Discrete_continuant_entity SubClassOf ?Domain_entity" count="1" instantiationStats="?Domain_entity count: 1">
            <Axiom axiom="Discrete_continuant_entity SubClassOf Domain_entity"/>
         </Generalisation>
         <Generalisation axiom="Non_physical_entity SubClassOf ?Domain_entity" count="1" instantiationStats="?Domain_entity count: 1">
            <Axiom axiom="Non_physical_entity SubClassOf Domain_entity"/>
         </Generalisation>
         <Generalisation axiom="Self_standing_entity SubClassOf ?Domain_entity" count="1" instantiationStats="?Domain_entity count: 1">
            <Axiom axiom="Self_standing_entity SubClassOf Domain_entity"/>
         </Generalisation>
         <Generalisation axiom="?cluster_1 SubClassOf intrinsic_property some &#10;(?Domain_entity_conjunction)" count="29" instantiationStats="?Domain_entity count: 7; ?cluster_1 count: 29">
            <Axiom axiom="gross_anat_structure SubClassOf intrinsic_property some &#10;(Intrinsic_characteristic and Biological and Biological_status_value_partition and Of_biological_origin and Domain_entity and Refining_entity)"/>
            <Axiom axiom="Organ_component SubClassOf intrinsic_property some &#10;(Intrinsic_characteristic and Biological and Biological_status_value_partition and Of_biological_origin and Domain_entity and Refining_entity)"/>
            <Axiom axiom="Biologic_discrete_nonmaterial_entity SubClassOf intrinsic_property some &#10;(Intrinsic_characteristic and Biological and Biological_status_value_partition and Of_biological_origin and Domain_entity and Refining_entity)"/>
            <Axiom axiom="Organ_division SubClassOf intrinsic_property some &#10;(Intrinsic_characteristic and Biological and Biological_status_value_partition and Of_biological_origin and Domain_entity and Refining_entity)"/>
            <Axiom axiom="Organ_part SubClassOf intrinsic_property some &#10;(Intrinsic_characteristic and Biological and Biological_status_value_partition and Of_biological_origin and Domain_entity and Refining_entity)"/>
            <Axiom axiom="Biological_cavity SubClassOf intrinsic_property some &#10;(Intrinsic_characteristic and Biological and Biological_status_value_partition and Of_biological_origin and Domain_entity and Refining_entity)"/>
            <Axiom axiom="Nucleic_acid_base_residue SubClassOf intrinsic_property some &#10;(Intrinsic_characteristic and Biological and Biological_status_value_partition and Of_biological_origin and Domain_entity and Refining_entity)"/>
            <Axiom axiom="Organelle SubClassOf intrinsic_property some &#10;(Intrinsic_characteristic and Biological and Biological_status_value_partition and Of_biological_origin and Domain_entity and Refining_entity)"/>
            <Axiom axiom="Organ SubClassOf intrinsic_property some &#10;(Intrinsic_characteristic and Biological and Biological_status_value_partition and Of_biological_origin and Domain_entity and Refining_entity)"/>
            <Axiom axiom="Amount_of_biological_matter_or_energy SubClassOf intrinsic_property some &#10;(Intrinsic_characteristic and Biological and Biological_status_value_partition and Of_biological_origin and Domain_entity and Refining_entity)"/>
            <Axiom axiom="Biological_Macromolecule SubClassOf intrinsic_property some &#10;(Intrinsic_characteristic and Biological and Biological_status_value_partition and Of_biological_origin and Domain_entity and Refining_entity)"/>
            <Axiom axiom="Biological_entity SubClassOf intrinsic_property some &#10;(Intrinsic_characteristic and Biological and Biological_status_value_partition and Of_biological_origin and Domain_entity and Refining_entity)"/>
            <Axiom axiom="Cell_part SubClassOf intrinsic_property some &#10;(Intrinsic_characteristic and Biological and Biological_status_value_partition and Of_biological_origin and Domain_entity and Refining_entity)"/>
            <Axiom axiom="Adenine_residue SubClassOf intrinsic_property some &#10;(Intrinsic_characteristic and Biological and Biological_status_value_partition and Of_biological_origin and Domain_entity and Refining_entity)"/>
            <Axiom axiom="Cytosine_residue SubClassOf intrinsic_property some &#10;(Intrinsic_characteristic and Biological and Biological_status_value_partition and Of_biological_origin and Domain_entity and Refining_entity)"/>
            <Axiom axiom="Biological_physical_process SubClassOf intrinsic_property some &#10;(Intrinsic_characteristic and Biological and Biological_status_value_partition and Of_biological_origin and Domain_entity and Refining_entity)"/>
            <Axiom axiom="Biological_object SubClassOf intrinsic_property some &#10;(Intrinsic_characteristic and Biological and Biological_status_value_partition and Of_biological_origin and Domain_entity and Refining_entity)"/>
            <Axiom axiom="Cell SubClassOf intrinsic_property some &#10;(Intrinsic_characteristic and Biological and Biological_status_value_partition and Of_biological_origin and Domain_entity and Refining_entity)"/>
            <Axiom axiom="Biological_small_molecule SubClassOf intrinsic_property some &#10;(Intrinsic_characteristic and Biological and Biological_status_value_partition and Of_biological_origin and Domain_entity and Refining_entity)"/>
            <Axiom axiom="Body_part SubClassOf intrinsic_property some &#10;(Intrinsic_characteristic and Biological and Biological_status_value_partition and Of_biological_origin and Domain_entity and Refining_entity)"/>
            <Axiom axiom="Thymine_residue SubClassOf intrinsic_property some &#10;(Intrinsic_characteristic and Biological and Biological_status_value_partition and Of_biological_origin and Domain_entity and Refining_entity)"/>
            <Axiom axiom="Body_part_subdivision SubClassOf intrinsic_property some &#10;(Intrinsic_characteristic and Biological and Biological_status_value_partition and Of_biological_origin and Domain_entity and Refining_entity)"/>
            <Axiom axiom="Biological_discrete_physical_continuant SubClassOf intrinsic_property some &#10;(Intrinsic_characteristic and Biological and Biological_status_value_partition and Of_biological_origin and Domain_entity and Refining_entity)"/>
            <Axiom axiom="Amount_of_Tissue SubClassOf intrinsic_property some &#10;(Intrinsic_characteristic and Biological and Biological_status_value_partition and Of_biological_origin and Domain_entity and Refining_entity)"/>
            <Axiom axiom="Organism SubClassOf intrinsic_property some &#10;(Intrinsic_characteristic and Biological and Biological_status_value_partition and Of_biological_origin and Domain_entity and Refining_entity)"/>
            <Axiom axiom="Non_biological_entity SubClassOf intrinsic_property some &#10;(Intrinsic_characteristic and Biological_status_value_partition and Non_biological and Domain_entity and Refining_entity)"/>
            <Axiom axiom="Body SubClassOf intrinsic_property some &#10;(Intrinsic_characteristic and Biological and Biological_status_value_partition and Of_biological_origin and Domain_entity and Refining_entity)"/>
            <Axiom axiom="Guanine_residue SubClassOf intrinsic_property some &#10;(Intrinsic_characteristic and Biological and Biological_status_value_partition and Of_biological_origin and Domain_entity and Refining_entity)"/>
            <Axiom axiom="Amount_of_Biological_substance SubClassOf intrinsic_property some &#10;(Intrinsic_characteristic and Biological and Biological_status_value_partition and Of_biological_origin and Domain_entity and Refining_entity)"/>
         </Generalisation>
         <Generalisation axiom="Mass_continuant_entity SubClassOf ?Domain_entity" count="1" instantiationStats="?Domain_entity count: 1">
            <Axiom axiom="Mass_continuant_entity SubClassOf Domain_entity"/>
         </Generalisation>
         <Generalisation axiom="Natural_pattern SubClassOf ?Domain_entity" count="1" instantiationStats="?Domain_entity count: 1">
            <Axiom axiom="Natural_pattern SubClassOf Domain_entity"/>
         </Generalisation>
         <Generalisation axiom="Group SubClassOf ?Domain_entity" count="1" instantiationStats="?Domain_entity count: 1">
            <Axiom axiom="Group SubClassOf Domain_entity"/>
         </Generalisation>
         <Generalisation axiom="Proportion SubClassOf ?Domain_entity" count="1" instantiationStats="?Domain_entity count: 1">
            <Axiom axiom="Proportion SubClassOf Domain_entity"/>
         </Generalisation>
         <Generalisation axiom="Material_entity SubClassOf ?Domain_entity" count="1" instantiationStats="?Domain_entity count: 1">
            <Axiom axiom="Material_entity SubClassOf Domain_entity"/>
         </Generalisation>
         <Generalisation axiom="Non_material_entity SubClassOf ?Domain_entity" count="1" instantiationStats="?Domain_entity count: 1">
            <Axiom axiom="Non_material_entity SubClassOf Domain_entity"/>
         </Generalisation>
         <Generalisation axiom="Occurrent_entity SubClassOf ?Domain_entity" count="1" instantiationStats="?Domain_entity count: 1">
            <Axiom axiom="Occurrent_entity SubClassOf Domain_entity"/>
         </Generalisation>
         <Generalisation axiom="Quality SubClassOf ?Domain_entity" count="1" instantiationStats="?Domain_entity count: 1">
            <Axiom axiom="Quality SubClassOf Domain_entity"/>
         </Generalisation>
         <Generalisation axiom="Physical_object SubClassOf ?Domain_entity" count="1" instantiationStats="?Domain_entity count: 1">
            <Axiom axiom="Physical_object SubClassOf Domain_entity"/>
         </Generalisation>
         <Generalisation axiom="Amount_of_matter_or_energy SubClassOf ?Domain_entity" count="1" instantiationStats="?Domain_entity count: 1">
            <Axiom axiom="Amount_of_matter_or_energy SubClassOf Domain_entity"/>
         </Generalisation>
         <Generalisation axiom="?cluster_1 EquivalentTo has_bio_status some &#10;(?Domain_entity_conjunction)" count="2" instantiationStats="?Domain_entity count: 7; ?cluster_1 count: 2">
            <Axiom axiom="Non_biological_entity EquivalentTo has_bio_status some &#10;(Intrinsic_characteristic and Biological_status_value_partition and Non_biological and Domain_entity and Refining_entity)"/>
            <Axiom axiom="Biological_entity EquivalentTo has_bio_status some &#10;(Intrinsic_characteristic and Biological and Biological_status_value_partition and Of_biological_origin and Domain_entity and Refining_entity)"/>
         </Generalisation>
         <Generalisation axiom="Pattern SubClassOf ?Domain_entity" count="1" instantiationStats="?Domain_entity count: 1">
            <Axiom axiom="Pattern SubClassOf Domain_entity"/>
         </Generalisation>
         <Generalisation axiom="Selector SubClassOf ?Domain_entity" count="3" instantiationStats="?Domain_entity count: 3">
            <Axiom axiom="Selector SubClassOf Refining_entity"/>
            <Axiom axiom="Selector SubClassOf Domain_entity"/>
            <Axiom axiom="Selector SubClassOf Intrinsic_characteristic"/>
         </Generalisation>
         <Generalisation axiom="Physical_entity SubClassOf ?Domain_entity" count="1" instantiationStats="?Domain_entity count: 1">
            <Axiom axiom="Physical_entity SubClassOf Domain_entity"/>
         </Generalisation>
         <Generalisation axiom="?cluster_1 SubClassOf has_bio_status only &#10;(?Domain_entity_conjunction)" count="29" instantiationStats="?Domain_entity count: 7; ?cluster_1 count: 29">
            <Axiom axiom="Adenine_residue SubClassOf has_bio_status only &#10;(Intrinsic_characteristic and Biological and Biological_status_value_partition and Of_biological_origin and Domain_entity and Refining_entity)"/>
            <Axiom axiom="Biological_entity SubClassOf has_bio_status only &#10;(Intrinsic_characteristic and Biological and Biological_status_value_partition and Of_biological_origin and Domain_entity and Refining_entity)"/>
            <Axiom axiom="Nucleic_acid_base_residue SubClassOf has_bio_status only &#10;(Intrinsic_characteristic and Biological and Biological_status_value_partition and Of_biological_origin and Domain_entity and Refining_entity)"/>
            <Axiom axiom="Amount_of_Biological_substance SubClassOf has_bio_status only &#10;(Intrinsic_characteristic and Biological and Biological_status_value_partition and Of_biological_origin and Domain_entity and Refining_entity)"/>
            <Axiom axiom="Guanine_residue SubClassOf has_bio_status only &#10;(Intrinsic_characteristic and Biological and Biological_status_value_partition and Of_biological_origin and Domain_entity and Refining_entity)"/>
            <Axiom axiom="Biological_small_molecule SubClassOf has_bio_status only &#10;(Intrinsic_characteristic and Biological and Biological_status_value_partition and Of_biological_origin and Domain_entity and Refining_entity)"/>
            <Axiom axiom="Biological_cavity SubClassOf has_bio_status only &#10;(Intrinsic_characteristic and Biological and Biological_status_value_partition and Of_biological_origin and Domain_entity and Refining_entity)"/>
            <Axiom axiom="Organism SubClassOf has_bio_status only &#10;(Intrinsic_characteristic and Biological and Biological_status_value_partition and Of_biological_origin and Domain_entity and Refining_entity)"/>
            <Axiom axiom="Biological_discrete_physical_continuant SubClassOf has_bio_status only &#10;(Intrinsic_characteristic and Biological and Biological_status_value_partition and Of_biological_origin and Domain_entity and Refining_entity)"/>
            <Axiom axiom="Biological_physical_process SubClassOf has_bio_status only &#10;(Intrinsic_characteristic and Biological and Biological_status_value_partition and Of_biological_origin and Domain_entity and Refining_entity)"/>
            <Axiom axiom="Organelle SubClassOf has_bio_status only &#10;(Intrinsic_characteristic and Biological and Biological_status_value_partition and Of_biological_origin and Domain_entity and Refining_entity)"/>
            <Axiom axiom="Biological_Macromolecule SubClassOf has_bio_status only &#10;(Intrinsic_characteristic and Biological and Biological_status_value_partition and Of_biological_origin and Domain_entity and Refining_entity)"/>
            <Axiom axiom="Thymine_residue SubClassOf has_bio_status only &#10;(Intrinsic_characteristic and Biological and Biological_status_value_partition and Of_biological_origin and Domain_entity and Refining_entity)"/>
            <Axiom axiom="Body_part_subdivision SubClassOf has_bio_status only &#10;(Intrinsic_characteristic and Biological and Biological_status_value_partition and Of_biological_origin and Domain_entity and Refining_entity)"/>
            <Axiom axiom="Amount_of_Tissue SubClassOf has_bio_status only &#10;(Intrinsic_characteristic and Biological and Biological_status_value_partition and Of_biological_origin and Domain_entity and Refining_entity)"/>
            <Axiom axiom="Body SubClassOf has_bio_status only &#10;(Intrinsic_characteristic and Biological and Biological_status_value_partition and Of_biological_origin and Domain_entity and Refining_entity)"/>
            <Axiom axiom="Body_part SubClassOf has_bio_status only &#10;(Intrinsic_characteristic and Biological and Biological_status_value_partition and Of_biological_origin and Domain_entity and Refining_entity)"/>
            <Axiom axiom="Organ_component SubClassOf has_bio_status only &#10;(Intrinsic_characteristic and Biological and Biological_status_value_partition and Of_biological_origin and Domain_entity and Refining_entity)"/>
            <Axiom axiom="Cell SubClassOf has_bio_status only &#10;(Intrinsic_characteristic and Biological and Biological_status_value_partition and Of_biological_origin and Domain_entity and Refining_entity)"/>
            <Axiom axiom="Cell_part SubClassOf has_bio_status only &#10;(Intrinsic_characteristic and Biological and Biological_status_value_partition and Of_biological_origin and Domain_entity and Refining_entity)"/>
            <Axiom axiom="Biologic_discrete_nonmaterial_entity SubClassOf has_bio_status only &#10;(Intrinsic_characteristic and Biological and Biological_status_value_partition and Of_biological_origin and Domain_entity and Refining_entity)"/>
            <Axiom axiom="Non_biological_entity SubClassOf has_bio_status only &#10;(Intrinsic_characteristic and Biological_status_value_partition and Non_biological and Domain_entity and Refining_entity)"/>
            <Axiom axiom="Cytosine_residue SubClassOf has_bio_status only &#10;(Intrinsic_characteristic and Biological and Biological_status_value_partition and Of_biological_origin and Domain_entity and Refining_entity)"/>
            <Axiom axiom="Biological_object SubClassOf has_bio_status only &#10;(Intrinsic_characteristic and Biological and Biological_status_value_partition and Of_biological_origin and Domain_entity and Refining_entity)"/>
            <Axiom axiom="gross_anat_structure SubClassOf has_bio_status only &#10;(Intrinsic_characteristic and Biological and Biological_status_value_partition and Of_biological_origin and Domain_entity and Refining_entity)"/>
            <Axiom axiom="Organ SubClassOf has_bio_status only &#10;(Intrinsic_characteristic and Biological and Biological_status_value_partition and Of_biological_origin and Domain_entity and Refining_entity)"/>
            <Axiom axiom="Organ_division SubClassOf has_bio_status only &#10;(Intrinsic_characteristic and Biological and Biological_status_value_partition and Of_biological_origin and Domain_entity and Refining_entity)"/>
            <Axiom axiom="Organ_part SubClassOf has_bio_status only &#10;(Intrinsic_characteristic and Biological and Biological_status_value_partition and Of_biological_origin and Domain_entity and Refining_entity)"/>
            <Axiom axiom="Amount_of_biological_matter_or_energy SubClassOf has_bio_status only &#10;(Intrinsic_characteristic and Biological and Biological_status_value_partition and Of_biological_origin and Domain_entity and Refining_entity)"/>
         </Generalisation>
         <Generalisation axiom="Discrete_non_material_entity SubClassOf ?Domain_entity" count="1" instantiationStats="?Domain_entity count: 1">
            <Axiom axiom="Discrete_non_material_entity SubClassOf Domain_entity"/>
         </Generalisation>
         <Generalisation axiom="?Domain_entity SubClassOf ?Domain_entity" count="19" instantiationStats="?Domain_entity count: 7">
            <Axiom axiom="Biological SubClassOf Refining_entity"/>
            <Axiom axiom="Biological SubClassOf Intrinsic_characteristic"/>
            <Axiom axiom="Biological_status_value_partition SubClassOf Intrinsic_characteristic"/>
            <Axiom axiom="Intrinsic_characteristic SubClassOf Refining_entity"/>
            <Axiom axiom="Biological_status_value_partition SubClassOf Domain_entity"/>
            <Axiom axiom="Of_biological_origin SubClassOf Domain_entity"/>
            <Axiom axiom="Biological_status_value_partition SubClassOf Refining_entity"/>
            <Axiom axiom="Biological SubClassOf Domain_entity"/>
            <Axiom axiom="Biological SubClassOf Biological_status_value_partition"/>
            <Axiom axiom="Biological SubClassOf Of_biological_origin"/>
            <Axiom axiom="Of_biological_origin SubClassOf Biological_status_value_partition"/>
            <Axiom axiom="Non_biological SubClassOf Biological_status_value_partition"/>
            <Axiom axiom="Non_biological SubClassOf Intrinsic_characteristic"/>
            <Axiom axiom="Intrinsic_characteristic SubClassOf Domain_entity"/>
            <Axiom axiom="Non_biological SubClassOf Refining_entity"/>
            <Axiom axiom="Non_biological SubClassOf Domain_entity"/>
            <Axiom axiom="Refining_entity SubClassOf Domain_entity"/>
            <Axiom axiom="Of_biological_origin SubClassOf Intrinsic_characteristic"/>
            <Axiom axiom="Of_biological_origin SubClassOf Refining_entity"/>
         </Generalisation>
         <Generalisation axiom="Quality_partition SubClassOf ?Domain_entity" count="2" instantiationStats="?Domain_entity count: 2">
            <Axiom axiom="Quality_partition SubClassOf Domain_entity"/>
            <Axiom axiom="Quality_partition SubClassOf Refining_entity"/>
         </Generalisation>
         <Generalisation axiom="Mass_entity SubClassOf ?Domain_entity" count="1" instantiationStats="?Domain_entity count: 1">
            <Axiom axiom="Mass_entity SubClassOf Domain_entity"/>
         </Generalisation>
         <Generalisation axiom="Discrete_Physical_continuant SubClassOf ?Domain_entity" count="1" instantiationStats="?Domain_entity count: 1">
            <Axiom axiom="Discrete_Physical_continuant SubClassOf Domain_entity"/>
         </Generalisation>
         <Generalisation axiom="Composed_entity SubClassOf ?Domain_entity" count="1" instantiationStats="?Domain_entity count: 1">
            <Axiom axiom="Composed_entity SubClassOf Domain_entity"/>
         </Generalisation>
         <Generalisation axiom="?cluster_1 SubClassOf has_bio_status some &#10;(?Domain_entity_conjunction)" count="29" instantiationStats="?Domain_entity count: 7; ?cluster_1 count: 29">
            <Axiom axiom="gross_anat_structure SubClassOf has_bio_status some &#10;(Intrinsic_characteristic and Biological and Biological_status_value_partition and Of_biological_origin and Domain_entity and Refining_entity)"/>
            <Axiom axiom="Guanine_residue SubClassOf has_bio_status some &#10;(Intrinsic_characteristic and Biological and Biological_status_value_partition and Of_biological_origin and Domain_entity and Refining_entity)"/>
            <Axiom axiom="Non_biological_entity SubClassOf has_bio_status some &#10;(Intrinsic_characteristic and Biological_status_value_partition and Non_biological and Domain_entity and Refining_entity)"/>
            <Axiom axiom="Biological_Macromolecule SubClassOf has_bio_status some &#10;(Intrinsic_characteristic and Biological and Biological_status_value_partition and Of_biological_origin and Domain_entity and Refining_entity)"/>
            <Axiom axiom="Body SubClassOf has_bio_status some &#10;(Intrinsic_characteristic and Biological and Biological_status_value_partition and Of_biological_origin and Domain_entity and Refining_entity)"/>
            <Axiom axiom="Organ_part SubClassOf has_bio_status some &#10;(Intrinsic_characteristic and Biological and Biological_status_value_partition and Of_biological_origin and Domain_entity and Refining_entity)"/>
            <Axiom axiom="Biologic_discrete_nonmaterial_entity SubClassOf has_bio_status some &#10;(Intrinsic_characteristic and Biological and Biological_status_value_partition and Of_biological_origin and Domain_entity and Refining_entity)"/>
            <Axiom axiom="Biological_object SubClassOf has_bio_status some &#10;(Intrinsic_characteristic and Biological and Biological_status_value_partition and Of_biological_origin and Domain_entity and Refining_entity)"/>
            <Axiom axiom="Biological_entity SubClassOf has_bio_status some &#10;(Intrinsic_characteristic and Biological and Biological_status_value_partition and Of_biological_origin and Domain_entity and Refining_entity)"/>
            <Axiom axiom="Body_part_subdivision SubClassOf has_bio_status some &#10;(Intrinsic_characteristic and Biological and Biological_status_value_partition and Of_biological_origin and Domain_entity and Refining_entity)"/>
            <Axiom axiom="Biological_physical_process SubClassOf has_bio_status some &#10;(Intrinsic_characteristic and Biological and Biological_status_value_partition and Of_biological_origin and Domain_entity and Refining_entity)"/>
            <Axiom axiom="Body_part SubClassOf has_bio_status some &#10;(Intrinsic_characteristic and Biological and Biological_status_value_partition and Of_biological_origin and Domain_entity and Refining_entity)"/>
            <Axiom axiom="Organ_division SubClassOf has_bio_status some &#10;(Intrinsic_characteristic and Biological and Biological_status_value_partition and Of_biological_origin and Domain_entity and Refining_entity)"/>
            <Axiom axiom="Biological_small_molecule SubClassOf has_bio_status some &#10;(Intrinsic_characteristic and Biological and Biological_status_value_partition and Of_biological_origin and Domain_entity and Refining_entity)"/>
            <Axiom axiom="Biological_cavity SubClassOf has_bio_status some &#10;(Intrinsic_characteristic and Biological and Biological_status_value_partition and Of_biological_origin and Domain_entity and Refining_entity)"/>
            <Axiom axiom="Cytosine_residue SubClassOf has_bio_status some &#10;(Intrinsic_characteristic and Biological and Biological_status_value_partition and Of_biological_origin and Domain_entity and Refining_entity)"/>
            <Axiom axiom="Organ_component SubClassOf has_bio_status some &#10;(Intrinsic_characteristic and Biological and Biological_status_value_partition and Of_biological_origin and Domain_entity and Refining_entity)"/>
            <Axiom axiom="Amount_of_Biological_substance SubClassOf has_bio_status some &#10;(Intrinsic_characteristic and Biological and Biological_status_value_partition and Of_biological_origin and Domain_entity and Refining_entity)"/>
            <Axiom axiom="Cell_part SubClassOf has_bio_status some &#10;(Intrinsic_characteristic and Biological and Biological_status_value_partition and Of_biological_origin and Domain_entity and Refining_entity)"/>
            <Axiom axiom="Thymine_residue SubClassOf has_bio_status some &#10;(Intrinsic_characteristic and Biological and Biological_status_value_partition and Of_biological_origin and Domain_entity and Refining_entity)"/>
            <Axiom axiom="Organ SubClassOf has_bio_status some &#10;(Intrinsic_characteristic and Biological and Biological_status_value_partition and Of_biological_origin and Domain_entity and Refining_entity)"/>
            <Axiom axiom="Cell SubClassOf has_bio_status some &#10;(Intrinsic_characteristic and Biological and Biological_status_value_partition and Of_biological_origin and Domain_entity and Refining_entity)"/>
            <Axiom axiom="Adenine_residue SubClassOf has_bio_status some &#10;(Intrinsic_characteristic and Biological and Biological_status_value_partition and Of_biological_origin and Domain_entity and Refining_entity)"/>
            <Axiom axiom="Organism SubClassOf has_bio_status some &#10;(Intrinsic_characteristic and Biological and Biological_status_value_partition and Of_biological_origin and Domain_entity and Refining_entity)"/>
            <Axiom axiom="Nucleic_acid_base_residue SubClassOf has_bio_status some &#10;(Intrinsic_characteristic and Biological and Biological_status_value_partition and Of_biological_origin and Domain_entity and Refining_entity)"/>
            <Axiom axiom="Amount_of_Tissue SubClassOf has_bio_status some &#10;(Intrinsic_characteristic and Biological and Biological_status_value_partition and Of_biological_origin and Domain_entity and Refining_entity)"/>
            <Axiom axiom="Biological_discrete_physical_continuant SubClassOf has_bio_status some &#10;(Intrinsic_characteristic and Biological and Biological_status_value_partition and Of_biological_origin and Domain_entity and Refining_entity)"/>
            <Axiom axiom="Organelle SubClassOf has_bio_status some &#10;(Intrinsic_characteristic and Biological and Biological_status_value_partition and Of_biological_origin and Domain_entity and Refining_entity)"/>
            <Axiom axiom="Amount_of_biological_matter_or_energy SubClassOf has_bio_status some &#10;(Intrinsic_characteristic and Biological and Biological_status_value_partition and Of_biological_origin and Domain_entity and Refining_entity)"/>
         </Generalisation>
         <Generalisation axiom="Continuant_entity SubClassOf ?Domain_entity" count="1" instantiationStats="?Domain_entity count: 1">
            <Axiom axiom="Continuant_entity SubClassOf Domain_entity"/>
         </Generalisation>
         <Generalisation axiom="?cluster_1 SubClassOf ?Domain_entity" count="29" instantiationStats="?Domain_entity count: 1; ?cluster_1 count: 29">
            <Axiom axiom="Biological_object SubClassOf Domain_entity"/>
            <Axiom axiom="Organism SubClassOf Domain_entity"/>
            <Axiom axiom="Biological_entity SubClassOf Domain_entity"/>
            <Axiom axiom="Biological_cavity SubClassOf Domain_entity"/>
            <Axiom axiom="Body_part_subdivision SubClassOf Domain_entity"/>
            <Axiom axiom="Amount_of_Biological_substance SubClassOf Domain_entity"/>
            <Axiom axiom="Amount_of_biological_matter_or_energy SubClassOf Domain_entity"/>
            <Axiom axiom="Organ_component SubClassOf Domain_entity"/>
            <Axiom axiom="Organelle SubClassOf Domain_entity"/>
            <Axiom axiom="Cell SubClassOf Domain_entity"/>
            <Axiom axiom="Biologic_discrete_nonmaterial_entity SubClassOf Domain_entity"/>
            <Axiom axiom="Guanine_residue SubClassOf Domain_entity"/>
            <Axiom axiom="Amount_of_Tissue SubClassOf Domain_entity"/>
            <Axiom axiom="Biological_Macromolecule SubClassOf Domain_entity"/>
            <Axiom axiom="Body_part SubClassOf Domain_entity"/>
            <Axiom axiom="Non_biological_entity SubClassOf Domain_entity"/>
            <Axiom axiom="gross_anat_structure SubClassOf Domain_entity"/>
            <Axiom axiom="Biological_small_molecule SubClassOf Domain_entity"/>
            <Axiom axiom="Organ_division SubClassOf Domain_entity"/>
            <Axiom axiom="Adenine_residue SubClassOf Domain_entity"/>
            <Axiom axiom="Nucleic_acid_base_residue SubClassOf Domain_entity"/>
            <Axiom axiom="Cell_part SubClassOf Domain_entity"/>
            <Axiom axiom="Body SubClassOf Domain_entity"/>
            <Axiom axiom="Organ_part SubClassOf Domain_entity"/>
            <Axiom axiom="Biological_discrete_physical_continuant SubClassOf Domain_entity"/>
            <Axiom axiom="Cytosine_residue SubClassOf Domain_entity"/>
            <Axiom axiom="Organ SubClassOf Domain_entity"/>
            <Axiom axiom="Biological_physical_process SubClassOf Domain_entity"/>
            <Axiom axiom="Thymine_residue SubClassOf Domain_entity"/>
         </Generalisation>
         <Generalisation axiom="Cavity SubClassOf ?Domain_entity" count="1" instantiationStats="?Domain_entity count: 1">
            <Axiom axiom="Cavity SubClassOf Domain_entity"/>
         </Generalisation>
         <Generalisation axiom="Aggregation SubClassOf ?Domain_entity" count="1" instantiationStats="?Domain_entity count: 1">
            <Axiom axiom="Aggregation SubClassOf Domain_entity"/>
         </Generalisation>
         <Generalisation axiom="Discrete_entity SubClassOf ?Domain_entity" count="1" instantiationStats="?Domain_entity count: 1">
            <Axiom axiom="Discrete_entity SubClassOf Domain_entity"/>
         </Generalisation>
         <Generalisation axiom="Oeuvre SubClassOf ?Domain_entity" count="1" instantiationStats="?Domain_entity count: 1">
            <Axiom axiom="Oeuvre SubClassOf Domain_entity"/>
         </Generalisation>
         <Generalisation axiom="?cluster_1 SubClassOf refining_property some &#10;(?Domain_entity_conjunction)" count="29" instantiationStats="?Domain_entity count: 7; ?cluster_1 count: 29">
            <Axiom axiom="Adenine_residue SubClassOf refining_property some &#10;(Intrinsic_characteristic and Biological and Biological_status_value_partition and Of_biological_origin and Domain_entity and Refining_entity)"/>
            <Axiom axiom="Body SubClassOf refining_property some &#10;(Intrinsic_characteristic and Biological and Biological_status_value_partition and Of_biological_origin and Domain_entity and Refining_entity)"/>
            <Axiom axiom="Organ SubClassOf refining_property some &#10;(Intrinsic_characteristic and Biological and Biological_status_value_partition and Of_biological_origin and Domain_entity and Refining_entity)"/>
            <Axiom axiom="Biological_Macromolecule SubClassOf refining_property some &#10;(Intrinsic_characteristic and Biological and Biological_status_value_partition and Of_biological_origin and Domain_entity and Refining_entity)"/>
            <Axiom axiom="Amount_of_Tissue SubClassOf refining_property some &#10;(Intrinsic_characteristic and Biological and Biological_status_value_partition and Of_biological_origin and Domain_entity and Refining_entity)"/>
            <Axiom axiom="Amount_of_biological_matter_or_energy SubClassOf refining_property some &#10;(Intrinsic_characteristic and Biological and Biological_status_value_partition and Of_biological_origin and Domain_entity and Refining_entity)"/>
            <Axiom axiom="Biological_entity SubClassOf refining_property some &#10;(Intrinsic_characteristic and Biological and Biological_status_value_partition and Of_biological_origin and Domain_entity and Refining_entity)"/>
            <Axiom axiom="Biological_physical_process SubClassOf refining_property some &#10;(Intrinsic_characteristic and Biological and Biological_status_value_partition and Of_biological_origin and Domain_entity and Refining_entity)"/>
            <Axiom axiom="Organ_division SubClassOf refining_property some &#10;(Intrinsic_characteristic and Biological and Biological_status_value_partition and Of_biological_origin and Domain_entity and Refining_entity)"/>
            <Axiom axiom="Guanine_residue SubClassOf refining_property some &#10;(Intrinsic_characteristic and Biological and Biological_status_value_partition and Of_biological_origin and Domain_entity and Refining_entity)"/>
            <Axiom axiom="Non_biological_entity SubClassOf refining_property some &#10;(Intrinsic_characteristic and Biological_status_value_partition and Non_biological and Domain_entity and Refining_entity)"/>
            <Axiom axiom="Biological_small_molecule SubClassOf refining_property some &#10;(Intrinsic_characteristic and Biological and Biological_status_value_partition and Of_biological_origin and Domain_entity and Refining_entity)"/>
            <Axiom axiom="Body_part SubClassOf refining_property some &#10;(Intrinsic_characteristic and Biological and Biological_status_value_partition and Of_biological_origin and Domain_entity and Refining_entity)"/>
            <Axiom axiom="Biological_object SubClassOf refining_property some &#10;(Intrinsic_characteristic and Biological and Biological_status_value_partition and Of_biological_origin and Domain_entity and Refining_entity)"/>
            <Axiom axiom="Biological_discrete_physical_continuant SubClassOf refining_property some &#10;(Intrinsic_characteristic and Biological and Biological_status_value_partition and Of_biological_origin and Domain_entity and Refining_entity)"/>
            <Axiom axiom="Cell_part SubClassOf refining_property some &#10;(Intrinsic_characteristic and Biological and Biological_status_value_partition and Of_biological_origin and Domain_entity and Refining_entity)"/>
            <Axiom axiom="gross_anat_structure SubClassOf refining_property some &#10;(Intrinsic_characteristic and Biological and Biological_status_value_partition and Of_biological_origin and Domain_entity and Refining_entity)"/>
            <Axiom axiom="Nucleic_acid_base_residue SubClassOf refining_property some &#10;(Intrinsic_characteristic and Biological and Biological_status_value_partition and Of_biological_origin and Domain_entity and Refining_entity)"/>
            <Axiom axiom="Organism SubClassOf refining_property some &#10;(Intrinsic_characteristic and Biological and Biological_status_value_partition and Of_biological_origin and Domain_entity and Refining_entity)"/>
            <Axiom axiom="Organ_component SubClassOf refining_property some &#10;(Intrinsic_characteristic and Biological and Biological_status_value_partition and Of_biological_origin and Domain_entity and Refining_entity)"/>
            <Axiom axiom="Cytosine_residue SubClassOf refining_property some &#10;(Intrinsic_characteristic and Biological and Biological_status_value_partition and Of_biological_origin and Domain_entity and Refining_entity)"/>
            <Axiom axiom="Cell SubClassOf refining_property some &#10;(Intrinsic_characteristic and Biological and Biological_status_value_partition and Of_biological_origin and Domain_entity and Refining_entity)"/>
            <Axiom axiom="Amount_of_Biological_substance SubClassOf refining_property some &#10;(Intrinsic_characteristic and Biological and Biological_status_value_partition and Of_biological_origin and Domain_entity and Refining_entity)"/>
            <Axiom axiom="Organ_part SubClassOf refining_property some &#10;(Intrinsic_characteristic and Biological and Biological_status_value_partition and Of_biological_origin and Domain_entity and Refining_entity)"/>
            <Axiom axiom="Organelle SubClassOf refining_property some &#10;(Intrinsic_characteristic and Biological and Biological_status_value_partition and Of_biological_origin and Domain_entity and Refining_entity)"/>
            <Axiom axiom="Biologic_discrete_nonmaterial_entity SubClassOf refining_property some &#10;(Intrinsic_characteristic and Biological and Biological_status_value_partition and Of_biological_origin and Domain_entity and Refining_entity)"/>
            <Axiom axiom="Biological_cavity SubClassOf refining_property some &#10;(Intrinsic_characteristic and Biological and Biological_status_value_partition and Of_biological_origin and Domain_entity and Refining_entity)"/>
            <Axiom axiom="Thymine_residue SubClassOf refining_property some &#10;(Intrinsic_characteristic and Biological and Biological_status_value_partition and Of_biological_origin and Domain_entity and Refining_entity)"/>
            <Axiom axiom="Body_part_subdivision SubClassOf refining_property some &#10;(Intrinsic_characteristic and Biological and Biological_status_value_partition and Of_biological_origin and Domain_entity and Refining_entity)"/>
         </Generalisation>
         <Generalisation axiom="Relationship SubClassOf ?Domain_entity" count="1" instantiationStats="?Domain_entity count: 1">
            <Axiom axiom="Relationship SubClassOf Domain_entity"/>
         </Generalisation>
         <Generalisation axiom="Collective SubClassOf ?Domain_entity" count="1" instantiationStats="?Domain_entity count: 1">
            <Axiom axiom="Collective SubClassOf Domain_entity"/>
         </Generalisation>
      </Generalisations>
   </Cluster>
</Clusters>
