<?xml version="1.0" encoding="UTF-8" standalone="no"?>
<Clusters>
   <Cluster size="2">
      <Item iri="http://purl.org/obo/owl/UBERON#UBERON_0000955"/>
      <Item iri="http://purl.org/obo/owl/UBERON#UBERON_0000010"/>
      <Generalisations>
         <Generalisation axiom="?OBI_0100015 SubClassOf ?cluster_1" count="2" instantiationStats="?cluster_1 count: 1; ?OBI_0100015 count: 2">
            <Axiom axiom="UBERON_0000955 SubClassOf OBI_0100015"/>
            <Axiom axiom="UBERON_0000010 SubClassOf OBI_0100015"/>
         </Generalisation>
         <Generalisation axiom="?OBI_0100015 SubClassOf part_of some Thing" count="2" instantiationStats="?OBI_0100015 count: 2">
            <Axiom axiom="UBERON_0000010 SubClassOf part_of some Thing"/>
            <Axiom axiom="UBERON_0000955 SubClassOf part_of some Thing"/>
         </Generalisation>
         <Generalisation axiom="?OBI_0100015 SubClassOf part_of some &#10;(?cluster_1_conjunction)" count="2" instantiationStats="?cluster_1 count: 2; ?OBI_0100015 count: 2">
            <Axiom axiom="UBERON_0000010 SubClassOf part_of some &#10;(OBI_0100015 and UBERON_0001016)"/>
            <Axiom axiom="UBERON_0000955 SubClassOf part_of some &#10;(OBI_0100015 and UBERON_0001016)"/>
         </Generalisation>
      </Generalisations>
   </Cluster>
   <Cluster size="2">
      <Item iri="http://purl.obolibrary.org/obo/OBI_0100015"/>
      <Item iri="http://purl.org/obo/owl/UBERON#UBERON_0001016"/>
      <Generalisations>
         <Generalisation axiom="?OBI_0100015 SubClassOf ?cluster_1" count="2" instantiationStats="?cluster_1 count: 1; ?OBI_0100015 count: 2">
            <Axiom axiom="UBERON_0000955 SubClassOf OBI_0100015"/>
            <Axiom axiom="UBERON_0000010 SubClassOf OBI_0100015"/>
         </Generalisation>
         <Generalisation axiom="?OBI_0100015 SubClassOf part_of some &#10;(?cluster_1_conjunction)" count="2" instantiationStats="?cluster_1 count: 2; ?OBI_0100015 count: 2">
            <Axiom axiom="UBERON_0000010 SubClassOf part_of some &#10;(OBI_0100015 and UBERON_0001016)"/>
            <Axiom axiom="UBERON_0000955 SubClassOf part_of some &#10;(OBI_0100015 and UBERON_0001016)"/>
         </Generalisation>
         <Generalisation axiom="?cluster_1 SubClassOf ?cluster_1" count="1" instantiationStats="?cluster_1 count: 2">
            <Axiom axiom="UBERON_0001016 SubClassOf OBI_0100015"/>
         </Generalisation>
      </Generalisations>
   </Cluster>
</Clusters>
