<?xml version="1.0" encoding="UTF-8" standalone="no"?>
<Clusters>
   <Cluster size="29">
      <Item iri="http://purl.obolibrary.org/obo/DC_CL_0000018"/>
      <Item iri="http://purl.obolibrary.org/obo/DC_CL_0000019"/>
      <Item iri="http://purl.obolibrary.org/obo/DC_CL_0000016"/>
      <Item iri="http://purl.obolibrary.org/obo/DC_CL_0000017"/>
      <Item iri="http://purl.obolibrary.org/obo/DC_CL_0000004"/>
      <Item iri="http://purl.obolibrary.org/obo/DC_CL_0000022"/>
      <Item iri="http://purl.obolibrary.org/obo/DC_CL_0000021"/>
      <Item iri="http://purl.obolibrary.org/obo/DC_CL_0000003"/>
      <Item iri="http://purl.obolibrary.org/obo/DC_CL_0000020"/>
      <Item iri="http://purl.obolibrary.org/obo/DC_CL_0000001"/>
      <Item iri="http://purl.obolibrary.org/obo/DC_CL_0000026"/>
      <Item iri="http://purl.obolibrary.org/obo/DC_CL_0000025"/>
      <Item iri="http://purl.obolibrary.org/obo/DC_CL_0000024"/>
      <Item iri="http://purl.obolibrary.org/obo/DC_CL_0000023"/>
      <Item iri="http://purl.obolibrary.org/obo/DC_CL_0000028"/>
      <Item iri="http://purl.obolibrary.org/obo/DC_CL_0000027"/>
      <Item iri="http://purl.obolibrary.org/obo/DC_CL_0000029"/>
      <Item iri="http://purl.obolibrary.org/obo/DC_CL_0000006"/>
      <Item iri="http://purl.obolibrary.org/obo/DC_CL_0000007"/>
      <Item iri="http://purl.obolibrary.org/obo/DC_CL_0000008"/>
      <Item iri="http://purl.obolibrary.org/obo/DC_CL_0000009"/>
      <Item iri="http://purl.obolibrary.org/obo/DC_CL_0000011"/>
      <Item iri="http://purl.obolibrary.org/obo/DC_CL_0000010"/>
      <Item iri="http://purl.obolibrary.org/obo/DC_CL_0000013"/>
      <Item iri="http://purl.obolibrary.org/obo/DC_CL_0000012"/>
      <Item iri="http://purl.obolibrary.org/obo/DC_CL_0000015"/>
      <Item iri="http://purl.obolibrary.org/obo/DC_CL_0000014"/>
      <Item iri="http://purl.obolibrary.org/obo/DC_CL_0000030"/>
      <Item iri="http://purl.obolibrary.org/obo/DC_CL_0000031"/>
      <Generalisations>
         <Generalisation axiom="?cluster_2 SubClassOf DC-CL_transformation_of some Thing" count="9" instantiationStats="?cluster_2 count: 9">
            <Axiom axiom="DC_CL_0000025 SubClassOf DC-CL_transformation_of some Thing"/>
            <Axiom axiom="DC_CL_0000031 SubClassOf DC-CL_transformation_of some Thing"/>
            <Axiom axiom="DC_CL_0000007 SubClassOf DC-CL_transformation_of some Thing"/>
            <Axiom axiom="DC_CL_0000016 SubClassOf DC-CL_transformation_of some Thing"/>
            <Axiom axiom="DC_CL_0000015 SubClassOf DC-CL_transformation_of some Thing"/>
            <Axiom axiom="DC_CL_0000018 SubClassOf DC-CL_transformation_of some Thing"/>
            <Axiom axiom="DC_CL_0000023 SubClassOf DC-CL_transformation_of some Thing"/>
            <Axiom axiom="DC_CL_0000009 SubClassOf DC-CL_transformation_of some Thing"/>
            <Axiom axiom="DC_CL_0000029 SubClassOf DC-CL_transformation_of some Thing"/>
         </Generalisation>
         <Generalisation axiom="?cluster_2 SubClassOf ?cluster_4" count="29" instantiationStats="?cluster_4 count: 1; ?cluster_2 count: 29">
            <Axiom axiom="DC_CL_0000003 SubClassOf CARO_0000013"/>
            <Axiom axiom="DC_CL_0000015 SubClassOf CARO_0000013"/>
            <Axiom axiom="DC_CL_0000024 SubClassOf CARO_0000013"/>
            <Axiom axiom="DC_CL_0000022 SubClassOf CARO_0000013"/>
            <Axiom axiom="DC_CL_0000012 SubClassOf CARO_0000013"/>
            <Axiom axiom="DC_CL_0000001 SubClassOf CARO_0000013"/>
            <Axiom axiom="DC_CL_0000030 SubClassOf CARO_0000013"/>
            <Axiom axiom="DC_CL_0000017 SubClassOf CARO_0000013"/>
            <Axiom axiom="DC_CL_0000004 SubClassOf CARO_0000013"/>
            <Axiom axiom="DC_CL_0000019 SubClassOf CARO_0000013"/>
            <Axiom axiom="DC_CL_0000027 SubClassOf CARO_0000013"/>
            <Axiom axiom="DC_CL_0000013 SubClassOf CARO_0000013"/>
            <Axiom axiom="DC_CL_0000025 SubClassOf CARO_0000013"/>
            <Axiom axiom="DC_CL_0000008 SubClassOf CARO_0000013"/>
            <Axiom axiom="DC_CL_0000014 SubClassOf CARO_0000013"/>
            <Axiom axiom="DC_CL_0000020 SubClassOf CARO_0000013"/>
            <Axiom axiom="DC_CL_0000018 SubClassOf CARO_0000013"/>
            <Axiom axiom="DC_CL_0000007 SubClassOf CARO_0000013"/>
            <Axiom axiom="DC_CL_0000011 SubClassOf CARO_0000013"/>
            <Axiom axiom="DC_CL_0000023 SubClassOf CARO_0000013"/>
            <Axiom axiom="DC_CL_0000006 SubClassOf CARO_0000013"/>
            <Axiom axiom="DC_CL_0000029 SubClassOf CARO_0000013"/>
            <Axiom axiom="DC_CL_0000016 SubClassOf CARO_0000013"/>
            <Axiom axiom="DC_CL_0000021 SubClassOf CARO_0000013"/>
            <Axiom axiom="DC_CL_0000028 SubClassOf CARO_0000013"/>
            <Axiom axiom="DC_CL_0000010 SubClassOf CARO_0000013"/>
            <Axiom axiom="DC_CL_0000031 SubClassOf CARO_0000013"/>
            <Axiom axiom="DC_CL_0000009 SubClassOf CARO_0000013"/>
            <Axiom axiom="DC_CL_0000026 SubClassOf CARO_0000013"/>
         </Generalisation>
         <Generalisation axiom="?cluster_2 SubClassOf DC-CL_has_function some Thing" count="27" instantiationStats="?cluster_2 count: 27">
            <Axiom axiom="DC_CL_0000024 SubClassOf DC-CL_has_function some Thing"/>
            <Axiom axiom="DC_CL_0000031 SubClassOf DC-CL_has_function some Thing"/>
            <Axiom axiom="DC_CL_0000019 SubClassOf DC-CL_has_function some Thing"/>
            <Axiom axiom="DC_CL_0000016 SubClassOf DC-CL_has_function some Thing"/>
            <Axiom axiom="DC_CL_0000015 SubClassOf DC-CL_has_function some Thing"/>
            <Axiom axiom="DC_CL_0000010 SubClassOf DC-CL_has_function some Thing"/>
            <Axiom axiom="DC_CL_0000004 SubClassOf DC-CL_has_function some Thing"/>
            <Axiom axiom="DC_CL_0000011 SubClassOf DC-CL_has_function some Thing"/>
            <Axiom axiom="DC_CL_0000014 SubClassOf DC-CL_has_function some Thing"/>
            <Axiom axiom="DC_CL_0000013 SubClassOf DC-CL_has_function some Thing"/>
            <Axiom axiom="DC_CL_0000030 SubClassOf DC-CL_has_function some Thing"/>
            <Axiom axiom="DC_CL_0000008 SubClassOf DC-CL_has_function some Thing"/>
            <Axiom axiom="DC_CL_0000027 SubClassOf DC-CL_has_function some Thing"/>
            <Axiom axiom="DC_CL_0000023 SubClassOf DC-CL_has_function some Thing"/>
            <Axiom axiom="DC_CL_0000012 SubClassOf DC-CL_has_function some Thing"/>
            <Axiom axiom="DC_CL_0000009 SubClassOf DC-CL_has_function some Thing"/>
            <Axiom axiom="DC_CL_0000020 SubClassOf DC-CL_has_function some Thing"/>
            <Axiom axiom="DC_CL_0000028 SubClassOf DC-CL_has_function some Thing"/>
            <Axiom axiom="DC_CL_0000026 SubClassOf DC-CL_has_function some Thing"/>
            <Axiom axiom="DC_CL_0000029 SubClassOf DC-CL_has_function some Thing"/>
            <Axiom axiom="DC_CL_0000022 SubClassOf DC-CL_has_function some Thing"/>
            <Axiom axiom="DC_CL_0000006 SubClassOf DC-CL_has_function some Thing"/>
            <Axiom axiom="DC_CL_0000001 SubClassOf DC-CL_has_function some Thing"/>
            <Axiom axiom="DC_CL_0000007 SubClassOf DC-CL_has_function some Thing"/>
            <Axiom axiom="DC_CL_0000018 SubClassOf DC-CL_has_function some Thing"/>
            <Axiom axiom="DC_CL_0000017 SubClassOf DC-CL_has_function some Thing"/>
            <Axiom axiom="DC_CL_0000025 SubClassOf DC-CL_has_function some Thing"/>
         </Generalisation>
         <Generalisation axiom="?cluster_2 SubClassOf DC-CL_lacks_plasma_membrane_part some Thing" count="29" instantiationStats="?cluster_2 count: 29">
            <Axiom axiom="DC_CL_0000024 SubClassOf DC-CL_lacks_plasma_membrane_part some Thing"/>
            <Axiom axiom="DC_CL_0000004 SubClassOf DC-CL_lacks_plasma_membrane_part some Thing"/>
            <Axiom axiom="DC_CL_0000029 SubClassOf DC-CL_lacks_plasma_membrane_part some Thing"/>
            <Axiom axiom="DC_CL_0000021 SubClassOf DC-CL_lacks_plasma_membrane_part some Thing"/>
            <Axiom axiom="DC_CL_0000011 SubClassOf DC-CL_lacks_plasma_membrane_part some Thing"/>
            <Axiom axiom="DC_CL_0000020 SubClassOf DC-CL_lacks_plasma_membrane_part some Thing"/>
            <Axiom axiom="DC_CL_0000022 SubClassOf DC-CL_lacks_plasma_membrane_part some Thing"/>
            <Axiom axiom="DC_CL_0000025 SubClassOf DC-CL_lacks_plasma_membrane_part some Thing"/>
            <Axiom axiom="DC_CL_0000014 SubClassOf DC-CL_lacks_plasma_membrane_part some Thing"/>
            <Axiom axiom="DC_CL_0000027 SubClassOf DC-CL_lacks_plasma_membrane_part some Thing"/>
            <Axiom axiom="DC_CL_0000015 SubClassOf DC-CL_lacks_plasma_membrane_part some Thing"/>
            <Axiom axiom="DC_CL_0000030 SubClassOf DC-CL_lacks_plasma_membrane_part some Thing"/>
            <Axiom axiom="DC_CL_0000017 SubClassOf DC-CL_lacks_plasma_membrane_part some Thing"/>
            <Axiom axiom="DC_CL_0000023 SubClassOf DC-CL_lacks_plasma_membrane_part some Thing"/>
            <Axiom axiom="DC_CL_0000008 SubClassOf DC-CL_lacks_plasma_membrane_part some Thing"/>
            <Axiom axiom="DC_CL_0000006 SubClassOf DC-CL_lacks_plasma_membrane_part some Thing"/>
            <Axiom axiom="DC_CL_0000010 SubClassOf DC-CL_lacks_plasma_membrane_part some Thing"/>
            <Axiom axiom="DC_CL_0000003 SubClassOf DC-CL_lacks_plasma_membrane_part some Thing"/>
            <Axiom axiom="DC_CL_0000026 SubClassOf DC-CL_lacks_plasma_membrane_part some Thing"/>
            <Axiom axiom="DC_CL_0000009 SubClassOf DC-CL_lacks_plasma_membrane_part some Thing"/>
            <Axiom axiom="DC_CL_0000019 SubClassOf DC-CL_lacks_plasma_membrane_part some Thing"/>
            <Axiom axiom="DC_CL_0000031 SubClassOf DC-CL_lacks_plasma_membrane_part some Thing"/>
            <Axiom axiom="DC_CL_0000018 SubClassOf DC-CL_lacks_plasma_membrane_part some Thing"/>
            <Axiom axiom="DC_CL_0000012 SubClassOf DC-CL_lacks_plasma_membrane_part some Thing"/>
            <Axiom axiom="DC_CL_0000016 SubClassOf DC-CL_lacks_plasma_membrane_part some Thing"/>
            <Axiom axiom="DC_CL_0000028 SubClassOf DC-CL_lacks_plasma_membrane_part some Thing"/>
            <Axiom axiom="DC_CL_0000007 SubClassOf DC-CL_lacks_plasma_membrane_part some Thing"/>
            <Axiom axiom="DC_CL_0000013 SubClassOf DC-CL_lacks_plasma_membrane_part some Thing"/>
            <Axiom axiom="DC_CL_0000001 SubClassOf DC-CL_lacks_plasma_membrane_part some Thing"/>
         </Generalisation>
         <Generalisation axiom="?cluster_2 SubClassOf CL_0000738" count="29" instantiationStats="?cluster_2 count: 29">
            <Axiom axiom="DC_CL_0000006 SubClassOf CL_0000738"/>
            <Axiom axiom="DC_CL_0000030 SubClassOf CL_0000738"/>
            <Axiom axiom="DC_CL_0000021 SubClassOf CL_0000738"/>
            <Axiom axiom="DC_CL_0000015 SubClassOf CL_0000738"/>
            <Axiom axiom="DC_CL_0000019 SubClassOf CL_0000738"/>
            <Axiom axiom="DC_CL_0000023 SubClassOf CL_0000738"/>
            <Axiom axiom="DC_CL_0000018 SubClassOf CL_0000738"/>
            <Axiom axiom="DC_CL_0000012 SubClassOf CL_0000738"/>
            <Axiom axiom="DC_CL_0000020 SubClassOf CL_0000738"/>
            <Axiom axiom="DC_CL_0000010 SubClassOf CL_0000738"/>
            <Axiom axiom="DC_CL_0000029 SubClassOf CL_0000738"/>
            <Axiom axiom="DC_CL_0000016 SubClassOf CL_0000738"/>
            <Axiom axiom="DC_CL_0000024 SubClassOf CL_0000738"/>
            <Axiom axiom="DC_CL_0000013 SubClassOf CL_0000738"/>
            <Axiom axiom="DC_CL_0000004 SubClassOf CL_0000738"/>
            <Axiom axiom="DC_CL_0000008 SubClassOf CL_0000738"/>
            <Axiom axiom="DC_CL_0000022 SubClassOf CL_0000738"/>
            <Axiom axiom="DC_CL_0000009 SubClassOf CL_0000738"/>
            <Axiom axiom="DC_CL_0000025 SubClassOf CL_0000738"/>
            <Axiom axiom="DC_CL_0000011 SubClassOf CL_0000738"/>
            <Axiom axiom="DC_CL_0000001 SubClassOf CL_0000738"/>
            <Axiom axiom="DC_CL_0000017 SubClassOf CL_0000738"/>
            <Axiom axiom="DC_CL_0000014 SubClassOf CL_0000738"/>
            <Axiom axiom="DC_CL_0000031 SubClassOf CL_0000738"/>
            <Axiom axiom="DC_CL_0000003 SubClassOf CL_0000738"/>
            <Axiom axiom="DC_CL_0000028 SubClassOf CL_0000738"/>
            <Axiom axiom="DC_CL_0000026 SubClassOf CL_0000738"/>
            <Axiom axiom="DC_CL_0000007 SubClassOf CL_0000738"/>
            <Axiom axiom="DC_CL_0000027 SubClassOf CL_0000738"/>
         </Generalisation>
         <Generalisation axiom="?cluster_2 SubClassOf DC-CL_has_low_plasma_membrane_amount_relative_to_leukocyte some Thing" count="13" instantiationStats="?cluster_2 count: 13">
            <Axiom axiom="DC_CL_0000028 SubClassOf DC-CL_has_low_plasma_membrane_amount_relative_to_leukocyte some Thing"/>
            <Axiom axiom="DC_CL_0000030 SubClassOf DC-CL_has_low_plasma_membrane_amount_relative_to_leukocyte some Thing"/>
            <Axiom axiom="DC_CL_0000031 SubClassOf DC-CL_has_low_plasma_membrane_amount_relative_to_leukocyte some Thing"/>
            <Axiom axiom="DC_CL_0000001 SubClassOf DC-CL_has_low_plasma_membrane_amount_relative_to_leukocyte some Thing"/>
            <Axiom axiom="DC_CL_0000014 SubClassOf DC-CL_has_low_plasma_membrane_amount_relative_to_leukocyte some Thing"/>
            <Axiom axiom="DC_CL_0000006 SubClassOf DC-CL_has_low_plasma_membrane_amount_relative_to_leukocyte some Thing"/>
            <Axiom axiom="DC_CL_0000017 SubClassOf DC-CL_has_low_plasma_membrane_amount_relative_to_leukocyte some Thing"/>
            <Axiom axiom="DC_CL_0000007 SubClassOf DC-CL_has_low_plasma_membrane_amount_relative_to_leukocyte some Thing"/>
            <Axiom axiom="DC_CL_0000027 SubClassOf DC-CL_has_low_plasma_membrane_amount_relative_to_leukocyte some Thing"/>
            <Axiom axiom="DC_CL_0000022 SubClassOf DC-CL_has_low_plasma_membrane_amount_relative_to_leukocyte some Thing"/>
            <Axiom axiom="DC_CL_0000024 SubClassOf DC-CL_has_low_plasma_membrane_amount_relative_to_leukocyte some Thing"/>
            <Axiom axiom="DC_CL_0000010 SubClassOf DC-CL_has_low_plasma_membrane_amount_relative_to_leukocyte some Thing"/>
            <Axiom axiom="DC_CL_0000008 SubClassOf DC-CL_has_low_plasma_membrane_amount_relative_to_leukocyte some Thing"/>
         </Generalisation>
         <Generalisation axiom="?cluster_2 SubClassOf ?cluster_2" count="46" instantiationStats="?cluster_2 count: 29">
            <Axiom axiom="DC_CL_0000029 SubClassOf DC_CL_0000026"/>
            <Axiom axiom="DC_CL_0000025 SubClassOf DC_CL_0000020"/>
            <Axiom axiom="DC_CL_0000019 SubClassOf DC_CL_0000003"/>
            <Axiom axiom="DC_CL_0000017 SubClassOf DC_CL_0000013"/>
            <Axiom axiom="DC_CL_0000025 SubClassOf DC_CL_0000003"/>
            <Axiom axiom="DC_CL_0000028 SubClassOf DC_CL_0000026"/>
            <Axiom axiom="DC_CL_0000027 SubClassOf DC_CL_0000021"/>
            <Axiom axiom="DC_CL_0000023 SubClassOf DC_CL_0000019"/>
            <Axiom axiom="DC_CL_0000016 SubClassOf DC_CL_0000003"/>
            <Axiom axiom="DC_CL_0000013 SubClassOf DC_CL_0000003"/>
            <Axiom axiom="DC_CL_0000026 SubClassOf DC_CL_0000003"/>
            <Axiom axiom="DC_CL_0000028 SubClassOf DC_CL_0000021"/>
            <Axiom axiom="DC_CL_0000015 SubClassOf DC_CL_0000003"/>
            <Axiom axiom="DC_CL_0000031 SubClassOf DC_CL_0000021"/>
            <Axiom axiom="DC_CL_0000030 SubClassOf DC_CL_0000021"/>
            <Axiom axiom="DC_CL_0000016 SubClassOf DC_CL_0000012"/>
            <Axiom axiom="DC_CL_0000017 SubClassOf DC_CL_0000003"/>
            <Axiom axiom="DC_CL_0000026 SubClassOf DC_CL_0000021"/>
            <Axiom axiom="DC_CL_0000030 SubClassOf DC_CL_0000027"/>
            <Axiom axiom="DC_CL_0000023 SubClassOf DC_CL_0000003"/>
            <Axiom axiom="DC_CL_0000021 SubClassOf DC_CL_0000003"/>
            <Axiom axiom="DC_CL_0000012 SubClassOf DC_CL_0000003"/>
            <Axiom axiom="DC_CL_0000020 SubClassOf DC_CL_0000003"/>
            <Axiom axiom="DC_CL_0000024 SubClassOf DC_CL_0000020"/>
            <Axiom axiom="DC_CL_0000009 SubClassOf DC_CL_0000004"/>
            <Axiom axiom="DC_CL_0000031 SubClassOf DC_CL_0000003"/>
            <Axiom axiom="DC_CL_0000006 SubClassOf DC_CL_0000001"/>
            <Axiom axiom="DC_CL_0000014 SubClassOf DC_CL_0000003"/>
            <Axiom axiom="DC_CL_0000031 SubClassOf DC_CL_0000027"/>
            <Axiom axiom="DC_CL_0000014 SubClassOf DC_CL_0000011"/>
            <Axiom axiom="DC_CL_0000029 SubClassOf DC_CL_0000021"/>
            <Axiom axiom="DC_CL_0000024 SubClassOf DC_CL_0000003"/>
            <Axiom axiom="DC_CL_0000010 SubClassOf DC_CL_0000012"/>
            <Axiom axiom="DC_CL_0000007 SubClassOf DC_CL_0000001"/>
            <Axiom axiom="DC_CL_0000018 SubClassOf DC_CL_0000003"/>
            <Axiom axiom="DC_CL_0000030 SubClassOf DC_CL_0000003"/>
            <Axiom axiom="DC_CL_0000022 SubClassOf DC_CL_0000019"/>
            <Axiom axiom="DC_CL_0000018 SubClassOf DC_CL_0000013"/>
            <Axiom axiom="DC_CL_0000015 SubClassOf DC_CL_0000011"/>
            <Axiom axiom="DC_CL_0000008 SubClassOf DC_CL_0000004"/>
            <Axiom axiom="DC_CL_0000027 SubClassOf DC_CL_0000003"/>
            <Axiom axiom="DC_CL_0000028 SubClassOf DC_CL_0000003"/>
            <Axiom axiom="DC_CL_0000010 SubClassOf DC_CL_0000003"/>
            <Axiom axiom="DC_CL_0000022 SubClassOf DC_CL_0000003"/>
            <Axiom axiom="DC_CL_0000029 SubClassOf DC_CL_0000003"/>
            <Axiom axiom="DC_CL_0000011 SubClassOf DC_CL_0000003"/>
         </Generalisation>
         <Generalisation axiom="?cluster_2 SubClassOf DC-CL_has_high_plasma_membrane_amount_relative_to_leukocyte some Thing" count="25" instantiationStats="?cluster_2 count: 25">
            <Axiom axiom="DC_CL_0000024 SubClassOf DC-CL_has_high_plasma_membrane_amount_relative_to_leukocyte some Thing"/>
            <Axiom axiom="DC_CL_0000021 SubClassOf DC-CL_has_high_plasma_membrane_amount_relative_to_leukocyte some Thing"/>
            <Axiom axiom="DC_CL_0000012 SubClassOf DC-CL_has_high_plasma_membrane_amount_relative_to_leukocyte some Thing"/>
            <Axiom axiom="DC_CL_0000015 SubClassOf DC-CL_has_high_plasma_membrane_amount_relative_to_leukocyte some Thing"/>
            <Axiom axiom="DC_CL_0000030 SubClassOf DC-CL_has_high_plasma_membrane_amount_relative_to_leukocyte some Thing"/>
            <Axiom axiom="DC_CL_0000018 SubClassOf DC-CL_has_high_plasma_membrane_amount_relative_to_leukocyte some Thing"/>
            <Axiom axiom="DC_CL_0000028 SubClassOf DC-CL_has_high_plasma_membrane_amount_relative_to_leukocyte some Thing"/>
            <Axiom axiom="DC_CL_0000026 SubClassOf DC-CL_has_high_plasma_membrane_amount_relative_to_leukocyte some Thing"/>
            <Axiom axiom="DC_CL_0000027 SubClassOf DC-CL_has_high_plasma_membrane_amount_relative_to_leukocyte some Thing"/>
            <Axiom axiom="DC_CL_0000025 SubClassOf DC-CL_has_high_plasma_membrane_amount_relative_to_leukocyte some Thing"/>
            <Axiom axiom="DC_CL_0000023 SubClassOf DC-CL_has_high_plasma_membrane_amount_relative_to_leukocyte some Thing"/>
            <Axiom axiom="DC_CL_0000009 SubClassOf DC-CL_has_high_plasma_membrane_amount_relative_to_leukocyte some Thing"/>
            <Axiom axiom="DC_CL_0000013 SubClassOf DC-CL_has_high_plasma_membrane_amount_relative_to_leukocyte some Thing"/>
            <Axiom axiom="DC_CL_0000016 SubClassOf DC-CL_has_high_plasma_membrane_amount_relative_to_leukocyte some Thing"/>
            <Axiom axiom="DC_CL_0000029 SubClassOf DC-CL_has_high_plasma_membrane_amount_relative_to_leukocyte some Thing"/>
            <Axiom axiom="DC_CL_0000010 SubClassOf DC-CL_has_high_plasma_membrane_amount_relative_to_leukocyte some Thing"/>
            <Axiom axiom="DC_CL_0000017 SubClassOf DC-CL_has_high_plasma_membrane_amount_relative_to_leukocyte some Thing"/>
            <Axiom axiom="DC_CL_0000007 SubClassOf DC-CL_has_high_plasma_membrane_amount_relative_to_leukocyte some Thing"/>
            <Axiom axiom="DC_CL_0000019 SubClassOf DC-CL_has_high_plasma_membrane_amount_relative_to_leukocyte some Thing"/>
            <Axiom axiom="DC_CL_0000031 SubClassOf DC-CL_has_high_plasma_membrane_amount_relative_to_leukocyte some Thing"/>
            <Axiom axiom="DC_CL_0000014 SubClassOf DC-CL_has_high_plasma_membrane_amount_relative_to_leukocyte some Thing"/>
            <Axiom axiom="DC_CL_0000011 SubClassOf DC-CL_has_high_plasma_membrane_amount_relative_to_leukocyte some Thing"/>
            <Axiom axiom="DC_CL_0000003 SubClassOf DC-CL_has_high_plasma_membrane_amount_relative_to_leukocyte some Thing"/>
            <Axiom axiom="DC_CL_0000022 SubClassOf DC-CL_has_high_plasma_membrane_amount_relative_to_leukocyte some Thing"/>
            <Axiom axiom="DC_CL_0000020 SubClassOf DC-CL_has_high_plasma_membrane_amount_relative_to_leukocyte some Thing"/>
         </Generalisation>
         <Generalisation axiom="?cluster_2 SubClassOf DC-CL_arises_from some Thing" count="8" instantiationStats="?cluster_2 count: 8">
            <Axiom axiom="DC_CL_0000030 SubClassOf DC-CL_arises_from some Thing"/>
            <Axiom axiom="DC_CL_0000010 SubClassOf DC-CL_arises_from some Thing"/>
            <Axiom axiom="DC_CL_0000008 SubClassOf DC-CL_arises_from some Thing"/>
            <Axiom axiom="DC_CL_0000017 SubClassOf DC-CL_arises_from some Thing"/>
            <Axiom axiom="DC_CL_0000022 SubClassOf DC-CL_arises_from some Thing"/>
            <Axiom axiom="DC_CL_0000014 SubClassOf DC-CL_arises_from some Thing"/>
            <Axiom axiom="DC_CL_0000024 SubClassOf DC-CL_arises_from some Thing"/>
            <Axiom axiom="DC_CL_0000006 SubClassOf DC-CL_arises_from some Thing"/>
         </Generalisation>
         <Generalisation axiom="?cluster_2 SubClassOf DC-CL_has_plasma_membrane_part some Thing" count="28" instantiationStats="?cluster_2 count: 28">
            <Axiom axiom="DC_CL_0000001 SubClassOf DC-CL_has_plasma_membrane_part some Thing"/>
            <Axiom axiom="DC_CL_0000020 SubClassOf DC-CL_has_plasma_membrane_part some Thing"/>
            <Axiom axiom="DC_CL_0000013 SubClassOf DC-CL_has_plasma_membrane_part some Thing"/>
            <Axiom axiom="DC_CL_0000023 SubClassOf DC-CL_has_plasma_membrane_part some Thing"/>
            <Axiom axiom="DC_CL_0000006 SubClassOf DC-CL_has_plasma_membrane_part some Thing"/>
            <Axiom axiom="DC_CL_0000007 SubClassOf DC-CL_has_plasma_membrane_part some Thing"/>
            <Axiom axiom="DC_CL_0000018 SubClassOf DC-CL_has_plasma_membrane_part some Thing"/>
            <Axiom axiom="DC_CL_0000024 SubClassOf DC-CL_has_plasma_membrane_part some Thing"/>
            <Axiom axiom="DC_CL_0000021 SubClassOf DC-CL_has_plasma_membrane_part some Thing"/>
            <Axiom axiom="DC_CL_0000009 SubClassOf DC-CL_has_plasma_membrane_part some Thing"/>
            <Axiom axiom="DC_CL_0000012 SubClassOf DC-CL_has_plasma_membrane_part some Thing"/>
            <Axiom axiom="DC_CL_0000008 SubClassOf DC-CL_has_plasma_membrane_part some Thing"/>
            <Axiom axiom="DC_CL_0000029 SubClassOf DC-CL_has_plasma_membrane_part some Thing"/>
            <Axiom axiom="DC_CL_0000017 SubClassOf DC-CL_has_plasma_membrane_part some Thing"/>
            <Axiom axiom="DC_CL_0000010 SubClassOf DC-CL_has_plasma_membrane_part some Thing"/>
            <Axiom axiom="DC_CL_0000027 SubClassOf DC-CL_has_plasma_membrane_part some Thing"/>
            <Axiom axiom="DC_CL_0000014 SubClassOf DC-CL_has_plasma_membrane_part some Thing"/>
            <Axiom axiom="DC_CL_0000011 SubClassOf DC-CL_has_plasma_membrane_part some Thing"/>
            <Axiom axiom="DC_CL_0000030 SubClassOf DC-CL_has_plasma_membrane_part some Thing"/>
            <Axiom axiom="DC_CL_0000019 SubClassOf DC-CL_has_plasma_membrane_part some Thing"/>
            <Axiom axiom="DC_CL_0000025 SubClassOf DC-CL_has_plasma_membrane_part some Thing"/>
            <Axiom axiom="DC_CL_0000022 SubClassOf DC-CL_has_plasma_membrane_part some Thing"/>
            <Axiom axiom="DC_CL_0000015 SubClassOf DC-CL_has_plasma_membrane_part some Thing"/>
            <Axiom axiom="DC_CL_0000016 SubClassOf DC-CL_has_plasma_membrane_part some Thing"/>
            <Axiom axiom="DC_CL_0000028 SubClassOf DC-CL_has_plasma_membrane_part some Thing"/>
            <Axiom axiom="DC_CL_0000031 SubClassOf DC-CL_has_plasma_membrane_part some Thing"/>
            <Axiom axiom="DC_CL_0000026 SubClassOf DC-CL_has_plasma_membrane_part some Thing"/>
            <Axiom axiom="DC_CL_0000004 SubClassOf DC-CL_has_plasma_membrane_part some Thing"/>
         </Generalisation>
         <Generalisation axiom="?cluster_2 SubClassOf DC-CL_has_disposition some Thing" count="22" instantiationStats="?cluster_2 count: 22">
            <Axiom axiom="DC_CL_0000020 SubClassOf DC-CL_has_disposition some Thing"/>
            <Axiom axiom="DC_CL_0000028 SubClassOf DC-CL_has_disposition some Thing"/>
            <Axiom axiom="DC_CL_0000031 SubClassOf DC-CL_has_disposition some Thing"/>
            <Axiom axiom="DC_CL_0000018 SubClassOf DC-CL_has_disposition some Thing"/>
            <Axiom axiom="DC_CL_0000026 SubClassOf DC-CL_has_disposition some Thing"/>
            <Axiom axiom="DC_CL_0000008 SubClassOf DC-CL_has_disposition some Thing"/>
            <Axiom axiom="DC_CL_0000012 SubClassOf DC-CL_has_disposition some Thing"/>
            <Axiom axiom="DC_CL_0000007 SubClassOf DC-CL_has_disposition some Thing"/>
            <Axiom axiom="DC_CL_0000030 SubClassOf DC-CL_has_disposition some Thing"/>
            <Axiom axiom="DC_CL_0000025 SubClassOf DC-CL_has_disposition some Thing"/>
            <Axiom axiom="DC_CL_0000004 SubClassOf DC-CL_has_disposition some Thing"/>
            <Axiom axiom="DC_CL_0000009 SubClassOf DC-CL_has_disposition some Thing"/>
            <Axiom axiom="DC_CL_0000010 SubClassOf DC-CL_has_disposition some Thing"/>
            <Axiom axiom="DC_CL_0000016 SubClassOf DC-CL_has_disposition some Thing"/>
            <Axiom axiom="DC_CL_0000027 SubClassOf DC-CL_has_disposition some Thing"/>
            <Axiom axiom="DC_CL_0000013 SubClassOf DC-CL_has_disposition some Thing"/>
            <Axiom axiom="DC_CL_0000029 SubClassOf DC-CL_has_disposition some Thing"/>
            <Axiom axiom="DC_CL_0000024 SubClassOf DC-CL_has_disposition some Thing"/>
            <Axiom axiom="DC_CL_0000001 SubClassOf DC-CL_has_disposition some Thing"/>
            <Axiom axiom="DC_CL_0000006 SubClassOf DC-CL_has_disposition some Thing"/>
            <Axiom axiom="DC_CL_0000017 SubClassOf DC-CL_has_disposition some Thing"/>
            <Axiom axiom="DC_CL_0000015 SubClassOf DC-CL_has_disposition some Thing"/>
         </Generalisation>
      </Generalisations>
   </Cluster>
   <Cluster size="15">
      <Item iri="http://purl.obolibrary.org/obo/DC_CL_1111100"/>
      <Item iri="http://purl.obolibrary.org/obo/DC_CL_0000039"/>
      <Item iri="http://purl.obolibrary.org/obo/DC_CL_0000038"/>
      <Item iri="http://purl.obolibrary.org/obo/DC_CL_1100000"/>
      <Item iri="http://purl.obolibrary.org/obo/DC_CL_1110000"/>
      <Item iri="http://purl.obolibrary.org/obo/DC_CL_0000040"/>
      <Item iri="http://purl.obolibrary.org/obo/DC_CL_0000034"/>
      <Item iri="http://purl.obolibrary.org/obo/DC_CL_0000035"/>
      <Item iri="http://purl.obolibrary.org/obo/DC_CL_0000036"/>
      <Item iri="http://purl.obolibrary.org/obo/DC_CL_1111000"/>
      <Item iri="http://purl.obolibrary.org/obo/DC_CL_0000043"/>
      <Item iri="http://purl.obolibrary.org/obo/DC_CL_0000032"/>
      <Item iri="http://purl.obolibrary.org/obo/DC_CL_0000041"/>
      <Item iri="http://purl.obolibrary.org/obo/DC_CL_0000033"/>
      <Item iri="http://purl.obolibrary.org/obo/DC_CL_0000042"/>
      <Generalisations>
         <Generalisation axiom="?cluster_3 SubClassOf ?cluster_4" count="22" instantiationStats="?cluster_4 count: 2; ?cluster_3 count: 15">
            <Axiom axiom="DC_CL_0000036 SubClassOf CL_0000048"/>
            <Axiom axiom="DC_CL_0000035 SubClassOf CARO_0000013"/>
            <Axiom axiom="DC_CL_1111000 SubClassOf CARO_0000013"/>
            <Axiom axiom="DC_CL_0000040 SubClassOf CARO_0000013"/>
            <Axiom axiom="DC_CL_0000038 SubClassOf CL_0000048"/>
            <Axiom axiom="DC_CL_0000041 SubClassOf CARO_0000013"/>
            <Axiom axiom="DC_CL_0000043 SubClassOf CARO_0000013"/>
            <Axiom axiom="DC_CL_1110000 SubClassOf CARO_0000013"/>
            <Axiom axiom="DC_CL_0000032 SubClassOf CL_0000048"/>
            <Axiom axiom="DC_CL_0000032 SubClassOf CARO_0000013"/>
            <Axiom axiom="DC_CL_0000034 SubClassOf CL_0000048"/>
            <Axiom axiom="DC_CL_0000034 SubClassOf CARO_0000013"/>
            <Axiom axiom="DC_CL_0000043 SubClassOf CL_0000048"/>
            <Axiom axiom="DC_CL_1111100 SubClassOf CL_0000048"/>
            <Axiom axiom="DC_CL_0000042 SubClassOf CARO_0000013"/>
            <Axiom axiom="DC_CL_1111100 SubClassOf CARO_0000013"/>
            <Axiom axiom="DC_CL_0000039 SubClassOf CARO_0000013"/>
            <Axiom axiom="DC_CL_0000033 SubClassOf CARO_0000013"/>
            <Axiom axiom="DC_CL_0000036 SubClassOf CARO_0000013"/>
            <Axiom axiom="DC_CL_0000035 SubClassOf CL_0000048"/>
            <Axiom axiom="DC_CL_0000038 SubClassOf CARO_0000013"/>
            <Axiom axiom="DC_CL_1100000 SubClassOf CARO_0000013"/>
         </Generalisation>
         <Generalisation axiom="?cluster_3 SubClassOf DC-CL_has_disposition some Thing" count="1" instantiationStats="?cluster_3 count: 1">
            <Axiom axiom="DC_CL_0000033 SubClassOf DC-CL_has_disposition some Thing"/>
         </Generalisation>
         <Generalisation axiom="?cluster_1 SubClassOf DC-CL_is_location_of some &#10;((CL_0000738 and ?cluster_3 and ?cluster_4) and (DC-CL_arises_from some &#10;(?cluster_3 and ?cluster_4_conjunction)))" count="3" instantiationStats="?cluster_4 count: 2; ?cluster_3 count: 5; ?cluster_1 count: 1">
            <Axiom axiom="FMA_9608 SubClassOf DC-CL_is_location_of some &#10;((CARO_0000013 and CL_0000738 and DC_CL_0000040) and (DC-CL_arises_from some &#10;(CARO_0000013 and CL_0000048 and DC_CL_0000032)))"/>
            <Axiom axiom="FMA_9608 SubClassOf DC-CL_is_location_of some &#10;((CARO_0000013 and CL_0000738 and DC_CL_0000039) and (DC-CL_arises_from some &#10;(CARO_0000013 and CL_0000048 and DC_CL_0000032)))"/>
            <Axiom axiom="FMA_9608 SubClassOf DC-CL_is_location_of some &#10;((CARO_0000013 and CL_0000738 and DC_CL_0000042) and (DC-CL_arises_from some &#10;(CARO_0000013 and CL_0000048 and DC_CL_0000038)))"/>
         </Generalisation>
         <Generalisation axiom="?cluster_3 SubClassOf DC-CL_arises_from some Thing" count="13" instantiationStats="?cluster_3 count: 13">
            <Axiom axiom="DC_CL_0000042 SubClassOf DC-CL_arises_from some Thing"/>
            <Axiom axiom="DC_CL_1111100 SubClassOf DC-CL_arises_from some Thing"/>
            <Axiom axiom="DC_CL_0000034 SubClassOf DC-CL_arises_from some Thing"/>
            <Axiom axiom="DC_CL_0000032 SubClassOf DC-CL_arises_from some Thing"/>
            <Axiom axiom="DC_CL_0000041 SubClassOf DC-CL_arises_from some Thing"/>
            <Axiom axiom="DC_CL_0000038 SubClassOf DC-CL_arises_from some Thing"/>
            <Axiom axiom="DC_CL_0000033 SubClassOf DC-CL_arises_from some Thing"/>
            <Axiom axiom="DC_CL_1111000 SubClassOf DC-CL_arises_from some Thing"/>
            <Axiom axiom="DC_CL_0000036 SubClassOf DC-CL_arises_from some Thing"/>
            <Axiom axiom="DC_CL_1110000 SubClassOf DC-CL_arises_from some Thing"/>
            <Axiom axiom="DC_CL_0000039 SubClassOf DC-CL_arises_from some Thing"/>
            <Axiom axiom="DC_CL_0000040 SubClassOf DC-CL_arises_from some Thing"/>
            <Axiom axiom="DC_CL_1100000 SubClassOf DC-CL_arises_from some Thing"/>
         </Generalisation>
         <Generalisation axiom="?cluster_3 SubClassOf CL_0000738" count="7" instantiationStats="?cluster_3 count: 7">
            <Axiom axiom="DC_CL_0000039 SubClassOf CL_0000738"/>
            <Axiom axiom="DC_CL_0000040 SubClassOf CL_0000738"/>
            <Axiom axiom="DC_CL_0000041 SubClassOf CL_0000738"/>
            <Axiom axiom="DC_CL_1111000 SubClassOf CL_0000738"/>
            <Axiom axiom="DC_CL_0000042 SubClassOf CL_0000738"/>
            <Axiom axiom="DC_CL_1110000 SubClassOf CL_0000738"/>
            <Axiom axiom="DC_CL_0000033 SubClassOf CL_0000738"/>
         </Generalisation>
         <Generalisation axiom="?cluster_1 SubClassOf DC-CL_is_location_of some &#10;((?cluster_3 and ?cluster_4_conjunction) and (DC-CL_arises_from some &#10;(?cluster_3 and ?cluster_4_conjunction)))" count="4" instantiationStats="?cluster_4 count: 2; ?cluster_3 count: 6; ?cluster_1 count: 2">
            <Axiom axiom="MA_0000134 SubClassOf DC-CL_is_location_of some &#10;((CARO_0000013 and CL_0000048 and DC_CL_0000034) and (DC-CL_arises_from some &#10;(CARO_0000013 and CL_0000048 and DC_CL_0000043)))"/>
            <Axiom axiom="FMA_9608 SubClassOf DC-CL_is_location_of some &#10;((CARO_0000013 and CL_0000048 and DC_CL_0000032) and (DC-CL_arises_from some &#10;(CARO_0000013 and CL_0000048 and DC_CL_0000035)))"/>
            <Axiom axiom="FMA_9608 SubClassOf DC-CL_is_location_of some &#10;((CARO_0000013 and CL_0000048 and DC_CL_0000038) and (DC-CL_arises_from some &#10;(CARO_0000013 and CL_0000048 and DC_CL_0000035)))"/>
            <Axiom axiom="MA_0000134 SubClassOf DC-CL_is_location_of some &#10;((CARO_0000013 and CL_0000048 and DC_CL_0000036) and (DC-CL_arises_from some &#10;(CARO_0000013 and CL_0000048 and DC_CL_0000043)))"/>
         </Generalisation>
         <Generalisation axiom="?cluster_3 SubClassOf DC-CL_lacks_plasma_membrane_part some Thing" count="12" instantiationStats="?cluster_3 count: 12">
            <Axiom axiom="DC_CL_0000039 SubClassOf DC-CL_lacks_plasma_membrane_part some Thing"/>
            <Axiom axiom="DC_CL_0000036 SubClassOf DC-CL_lacks_plasma_membrane_part some Thing"/>
            <Axiom axiom="DC_CL_0000043 SubClassOf DC-CL_lacks_plasma_membrane_part some Thing"/>
            <Axiom axiom="DC_CL_0000034 SubClassOf DC-CL_lacks_plasma_membrane_part some Thing"/>
            <Axiom axiom="DC_CL_1110000 SubClassOf DC-CL_lacks_plasma_membrane_part some Thing"/>
            <Axiom axiom="DC_CL_0000042 SubClassOf DC-CL_lacks_plasma_membrane_part some Thing"/>
            <Axiom axiom="DC_CL_0000040 SubClassOf DC-CL_lacks_plasma_membrane_part some Thing"/>
            <Axiom axiom="DC_CL_0000032 SubClassOf DC-CL_lacks_plasma_membrane_part some Thing"/>
            <Axiom axiom="DC_CL_1111100 SubClassOf DC-CL_lacks_plasma_membrane_part some Thing"/>
            <Axiom axiom="DC_CL_0000035 SubClassOf DC-CL_lacks_plasma_membrane_part some Thing"/>
            <Axiom axiom="DC_CL_1100000 SubClassOf DC-CL_lacks_plasma_membrane_part some Thing"/>
            <Axiom axiom="DC_CL_0000038 SubClassOf DC-CL_lacks_plasma_membrane_part some Thing"/>
         </Generalisation>
         <Generalisation axiom="?cluster_3 SubClassOf DC-CL_has_plasma_membrane_part some Thing" count="15" instantiationStats="?cluster_3 count: 15">
            <Axiom axiom="DC_CL_0000040 SubClassOf DC-CL_has_plasma_membrane_part some Thing"/>
            <Axiom axiom="DC_CL_0000035 SubClassOf DC-CL_has_plasma_membrane_part some Thing"/>
            <Axiom axiom="DC_CL_0000042 SubClassOf DC-CL_has_plasma_membrane_part some Thing"/>
            <Axiom axiom="DC_CL_1110000 SubClassOf DC-CL_has_plasma_membrane_part some Thing"/>
            <Axiom axiom="DC_CL_0000041 SubClassOf DC-CL_has_plasma_membrane_part some Thing"/>
            <Axiom axiom="DC_CL_1111000 SubClassOf DC-CL_has_plasma_membrane_part some Thing"/>
            <Axiom axiom="DC_CL_0000039 SubClassOf DC-CL_has_plasma_membrane_part some Thing"/>
            <Axiom axiom="DC_CL_0000034 SubClassOf DC-CL_has_plasma_membrane_part some Thing"/>
            <Axiom axiom="DC_CL_0000032 SubClassOf DC-CL_has_plasma_membrane_part some Thing"/>
            <Axiom axiom="DC_CL_0000038 SubClassOf DC-CL_has_plasma_membrane_part some Thing"/>
            <Axiom axiom="DC_CL_0000043 SubClassOf DC-CL_has_plasma_membrane_part some Thing"/>
            <Axiom axiom="DC_CL_1111100 SubClassOf DC-CL_has_plasma_membrane_part some Thing"/>
            <Axiom axiom="DC_CL_0000033 SubClassOf DC-CL_has_plasma_membrane_part some Thing"/>
            <Axiom axiom="DC_CL_0000036 SubClassOf DC-CL_has_plasma_membrane_part some Thing"/>
            <Axiom axiom="DC_CL_1100000 SubClassOf DC-CL_has_plasma_membrane_part some Thing"/>
         </Generalisation>
      </Generalisations>
   </Cluster>
   <Cluster size="14">
      <Item iri="http://purl.obolibrary.org/obo/FMA_70596"/>
      <Item iri="http://purl.obolibrary.org/obo/MA_0000139"/>
      <Item iri="http://purl.obolibrary.org/obo/MA_0000137"/>
      <Item iri="http://purl.obolibrary.org/obo/MA_0000134"/>
      <Item iri="http://purl.obolibrary.org/obo/MA_0000141"/>
      <Item iri="http://purl.obolibrary.org/obo/MA_0000142"/>
      <Item iri="http://purl.obolibrary.org/obo/MA_0000152"/>
      <Item iri="http://purl.obolibrary.org/obo/MA_0000153"/>
      <Item iri="http://purl.obolibrary.org/obo/FMA_7196"/>
      <Item iri="http://purl.obolibrary.org/obo/DC_CL_0000118"/>
      <Item iri="http://purl.obolibrary.org/obo/FMA_9608"/>
      <Item iri="http://purl.obolibrary.org/obo/FMA_9607"/>
      <Item iri="http://purl.obolibrary.org/obo/FMA_5034"/>
      <Item iri="http://purl.obolibrary.org/obo/FMA_70323"/>
      <Generalisations>
         <Generalisation axiom="?cluster_1 SubClassOf DC-CL_is_location_of some Thing" count="14" instantiationStats="?cluster_1 count: 14">
            <Axiom axiom="MA_0000142 SubClassOf DC-CL_is_location_of some Thing"/>
            <Axiom axiom="FMA_9608 SubClassOf DC-CL_is_location_of some Thing"/>
            <Axiom axiom="FMA_5034 SubClassOf DC-CL_is_location_of some Thing"/>
            <Axiom axiom="FMA_7196 SubClassOf DC-CL_is_location_of some Thing"/>
            <Axiom axiom="MA_0000153 SubClassOf DC-CL_is_location_of some Thing"/>
            <Axiom axiom="MA_0000134 SubClassOf DC-CL_is_location_of some Thing"/>
            <Axiom axiom="MA_0000152 SubClassOf DC-CL_is_location_of some Thing"/>
            <Axiom axiom="MA_0000139 SubClassOf DC-CL_is_location_of some Thing"/>
            <Axiom axiom="MA_0000137 SubClassOf DC-CL_is_location_of some Thing"/>
            <Axiom axiom="FMA_70323 SubClassOf DC-CL_is_location_of some Thing"/>
            <Axiom axiom="DC_CL_0000118 SubClassOf DC-CL_is_location_of some Thing"/>
            <Axiom axiom="MA_0000141 SubClassOf DC-CL_is_location_of some Thing"/>
            <Axiom axiom="FMA_70596 SubClassOf DC-CL_is_location_of some Thing"/>
            <Axiom axiom="FMA_9607 SubClassOf DC-CL_is_location_of some Thing"/>
         </Generalisation>
         <Generalisation axiom="?cluster_1 SubClassOf UBERON_FBbt_00004993-FBbt_00005401-FMA_70596-MA_0000153-MIAA_0000154-WBbt_0005733-XAO_0000028-ZFA_0000105" count="2" instantiationStats="?cluster_1 count: 2">
            <Axiom axiom="FMA_70596 SubClassOf UBERON_FBbt_00004993-FBbt_00005401-FMA_70596-MA_0000153-MIAA_0000154-WBbt_0005733-XAO_0000028-ZFA_0000105"/>
            <Axiom axiom="MA_0000153 SubClassOf UBERON_FBbt_00004993-FBbt_00005401-FMA_70596-MA_0000153-MIAA_0000154-WBbt_0005733-XAO_0000028-ZFA_0000105"/>
         </Generalisation>
         <Generalisation axiom="?cluster_1 SubClassOf UBERON_FMA_15054-MA_0000137" count="1" instantiationStats="?cluster_1 count: 1">
            <Axiom axiom="MA_0000137 SubClassOf UBERON_FMA_15054-MA_0000137"/>
         </Generalisation>
         <Generalisation axiom="?cluster_1 SubClassOf UBERON_FMA_70323-MA_0000152-MIAA_0000153-XAO_0000217-ZFA_0001119" count="2" instantiationStats="?cluster_1 count: 2">
            <Axiom axiom="MA_0000152 SubClassOf UBERON_FMA_70323-MA_0000152-MIAA_0000153-XAO_0000217-ZFA_0001119"/>
            <Axiom axiom="FMA_70323 SubClassOf UBERON_FMA_70323-MA_0000152-MIAA_0000153-XAO_0000217-ZFA_0001119"/>
         </Generalisation>
         <Generalisation axiom="?cluster_1 SubClassOf UBERON_0000030" count="1" instantiationStats="?cluster_1 count: 1">
            <Axiom axiom="DC_CL_0000118 SubClassOf UBERON_0000030"/>
         </Generalisation>
         <Generalisation axiom="?cluster_1 SubClassOf CARO_0000043" count="8" instantiationStats="?cluster_1 count: 8">
            <Axiom axiom="MA_0000153 SubClassOf CARO_0000043"/>
            <Axiom axiom="FMA_9608 SubClassOf CARO_0000043"/>
            <Axiom axiom="FMA_70323 SubClassOf CARO_0000043"/>
            <Axiom axiom="MA_0000134 SubClassOf CARO_0000043"/>
            <Axiom axiom="MA_0000137 SubClassOf CARO_0000043"/>
            <Axiom axiom="DC_CL_0000118 SubClassOf CARO_0000043"/>
            <Axiom axiom="FMA_70596 SubClassOf CARO_0000043"/>
            <Axiom axiom="MA_0000152 SubClassOf CARO_0000043"/>
         </Generalisation>
         <Generalisation axiom="?cluster_1 SubClassOf UBERON_FMA_9607-MA_0000142-MIAA_0000080-XAO_0000163-ZFA_0001078" count="2" instantiationStats="?cluster_1 count: 2">
            <Axiom axiom="MA_0000142 SubClassOf UBERON_FMA_9607-MA_0000142-MIAA_0000080-XAO_0000163-ZFA_0001078"/>
            <Axiom axiom="FMA_9607 SubClassOf UBERON_FMA_9607-MA_0000142-MIAA_0000080-XAO_0000163-ZFA_0001078"/>
         </Generalisation>
         <Generalisation axiom="?cluster_1 SubClassOf DC-CL_is_location_of some &#10;((?cluster_3 and ?cluster_4_conjunction) and (DC-CL_arises_from some &#10;(?cluster_3 and ?cluster_4_conjunction)))" count="4" instantiationStats="?cluster_4 count: 2; ?cluster_3 count: 6; ?cluster_1 count: 2">
            <Axiom axiom="MA_0000134 SubClassOf DC-CL_is_location_of some &#10;((CARO_0000013 and CL_0000048 and DC_CL_0000034) and (DC-CL_arises_from some &#10;(CARO_0000013 and CL_0000048 and DC_CL_0000043)))"/>
            <Axiom axiom="FMA_9608 SubClassOf DC-CL_is_location_of some &#10;((CARO_0000013 and CL_0000048 and DC_CL_0000032) and (DC-CL_arises_from some &#10;(CARO_0000013 and CL_0000048 and DC_CL_0000035)))"/>
            <Axiom axiom="FMA_9608 SubClassOf DC-CL_is_location_of some &#10;((CARO_0000013 and CL_0000048 and DC_CL_0000038) and (DC-CL_arises_from some &#10;(CARO_0000013 and CL_0000048 and DC_CL_0000035)))"/>
            <Axiom axiom="MA_0000134 SubClassOf DC-CL_is_location_of some &#10;((CARO_0000013 and CL_0000048 and DC_CL_0000036) and (DC-CL_arises_from some &#10;(CARO_0000013 and CL_0000048 and DC_CL_0000043)))"/>
         </Generalisation>
         <Generalisation axiom="?cluster_1 SubClassOf UBERON_FMA_7196-MA_0000141-MIAA_0000085-XAO_0000328-ZFA_0000436" count="2" instantiationStats="?cluster_1 count: 2">
            <Axiom axiom="MA_0000141 SubClassOf UBERON_FMA_7196-MA_0000141-MIAA_0000085-XAO_0000328-ZFA_0000436"/>
            <Axiom axiom="FMA_7196 SubClassOf UBERON_FMA_7196-MA_0000141-MIAA_0000085-XAO_0000328-ZFA_0000436"/>
         </Generalisation>
         <Generalisation axiom="?cluster_1 SubClassOf FMA_67498" count="6" instantiationStats="?cluster_1 count: 6">
            <Axiom axiom="MA_0000142 SubClassOf FMA_67498"/>
            <Axiom axiom="MA_0000139 SubClassOf FMA_67498"/>
            <Axiom axiom="FMA_5034 SubClassOf FMA_67498"/>
            <Axiom axiom="FMA_7196 SubClassOf FMA_67498"/>
            <Axiom axiom="MA_0000141 SubClassOf FMA_67498"/>
            <Axiom axiom="FMA_9607 SubClassOf FMA_67498"/>
         </Generalisation>
         <Generalisation axiom="?cluster_1 SubClassOf UBERON_FMA_9608-MA_0000134-MIAA_0000084-XAO_0000123-ZFA_0000669" count="2" instantiationStats="?cluster_1 count: 2">
            <Axiom axiom="MA_0000134 SubClassOf UBERON_FMA_9608-MA_0000134-MIAA_0000084-XAO_0000123-ZFA_0000669"/>
            <Axiom axiom="FMA_9608 SubClassOf UBERON_FMA_9608-MA_0000134-MIAA_0000084-XAO_0000123-ZFA_0000669"/>
         </Generalisation>
         <Generalisation axiom="?cluster_1 SubClassOf UBERON_0000029" count="2" instantiationStats="?cluster_1 count: 2">
            <Axiom axiom="FMA_5034 SubClassOf UBERON_0000029"/>
            <Axiom axiom="MA_0000139 SubClassOf UBERON_0000029"/>
         </Generalisation>
         <Generalisation axiom="?cluster_1 SubClassOf DC-CL_is_location_of some &#10;((CL_0000738 and ?cluster_3 and ?cluster_4) and (DC-CL_arises_from some &#10;(?cluster_3 and ?cluster_4_conjunction)))" count="3" instantiationStats="?cluster_4 count: 2; ?cluster_3 count: 5; ?cluster_1 count: 1">
            <Axiom axiom="FMA_9608 SubClassOf DC-CL_is_location_of some &#10;((CARO_0000013 and CL_0000738 and DC_CL_0000040) and (DC-CL_arises_from some &#10;(CARO_0000013 and CL_0000048 and DC_CL_0000032)))"/>
            <Axiom axiom="FMA_9608 SubClassOf DC-CL_is_location_of some &#10;((CARO_0000013 and CL_0000738 and DC_CL_0000039) and (DC-CL_arises_from some &#10;(CARO_0000013 and CL_0000048 and DC_CL_0000032)))"/>
            <Axiom axiom="FMA_9608 SubClassOf DC-CL_is_location_of some &#10;((CARO_0000013 and CL_0000738 and DC_CL_0000042) and (DC-CL_arises_from some &#10;(CARO_0000013 and CL_0000048 and DC_CL_0000038)))"/>
         </Generalisation>
      </Generalisations>
   </Cluster>
   <Cluster size="2">
      <Item iri="http://purl.obolibrary.org/obo/CARO_0000013"/>
      <Item iri="http://purl.obolibrary.org/obo/CL_0000048"/>
      <Generalisations>
         <Generalisation axiom="?cluster_3 SubClassOf ?cluster_4" count="22" instantiationStats="?cluster_4 count: 2; ?cluster_3 count: 15">
            <Axiom axiom="DC_CL_0000036 SubClassOf CL_0000048"/>
            <Axiom axiom="DC_CL_0000035 SubClassOf CARO_0000013"/>
            <Axiom axiom="DC_CL_1111000 SubClassOf CARO_0000013"/>
            <Axiom axiom="DC_CL_0000040 SubClassOf CARO_0000013"/>
            <Axiom axiom="DC_CL_0000038 SubClassOf CL_0000048"/>
            <Axiom axiom="DC_CL_0000041 SubClassOf CARO_0000013"/>
            <Axiom axiom="DC_CL_0000043 SubClassOf CARO_0000013"/>
            <Axiom axiom="DC_CL_1110000 SubClassOf CARO_0000013"/>
            <Axiom axiom="DC_CL_0000032 SubClassOf CL_0000048"/>
            <Axiom axiom="DC_CL_0000032 SubClassOf CARO_0000013"/>
            <Axiom axiom="DC_CL_0000034 SubClassOf CL_0000048"/>
            <Axiom axiom="DC_CL_0000034 SubClassOf CARO_0000013"/>
            <Axiom axiom="DC_CL_0000043 SubClassOf CL_0000048"/>
            <Axiom axiom="DC_CL_1111100 SubClassOf CL_0000048"/>
            <Axiom axiom="DC_CL_0000042 SubClassOf CARO_0000013"/>
            <Axiom axiom="DC_CL_1111100 SubClassOf CARO_0000013"/>
            <Axiom axiom="DC_CL_0000039 SubClassOf CARO_0000013"/>
            <Axiom axiom="DC_CL_0000033 SubClassOf CARO_0000013"/>
            <Axiom axiom="DC_CL_0000036 SubClassOf CARO_0000013"/>
            <Axiom axiom="DC_CL_0000035 SubClassOf CL_0000048"/>
            <Axiom axiom="DC_CL_0000038 SubClassOf CARO_0000013"/>
            <Axiom axiom="DC_CL_1100000 SubClassOf CARO_0000013"/>
         </Generalisation>
         <Generalisation axiom="?cluster_2 SubClassOf ?cluster_4" count="29" instantiationStats="?cluster_4 count: 1; ?cluster_2 count: 29">
            <Axiom axiom="DC_CL_0000003 SubClassOf CARO_0000013"/>
            <Axiom axiom="DC_CL_0000015 SubClassOf CARO_0000013"/>
            <Axiom axiom="DC_CL_0000024 SubClassOf CARO_0000013"/>
            <Axiom axiom="DC_CL_0000022 SubClassOf CARO_0000013"/>
            <Axiom axiom="DC_CL_0000012 SubClassOf CARO_0000013"/>
            <Axiom axiom="DC_CL_0000001 SubClassOf CARO_0000013"/>
            <Axiom axiom="DC_CL_0000030 SubClassOf CARO_0000013"/>
            <Axiom axiom="DC_CL_0000017 SubClassOf CARO_0000013"/>
            <Axiom axiom="DC_CL_0000004 SubClassOf CARO_0000013"/>
            <Axiom axiom="DC_CL_0000019 SubClassOf CARO_0000013"/>
            <Axiom axiom="DC_CL_0000027 SubClassOf CARO_0000013"/>
            <Axiom axiom="DC_CL_0000013 SubClassOf CARO_0000013"/>
            <Axiom axiom="DC_CL_0000025 SubClassOf CARO_0000013"/>
            <Axiom axiom="DC_CL_0000008 SubClassOf CARO_0000013"/>
            <Axiom axiom="DC_CL_0000014 SubClassOf CARO_0000013"/>
            <Axiom axiom="DC_CL_0000020 SubClassOf CARO_0000013"/>
            <Axiom axiom="DC_CL_0000018 SubClassOf CARO_0000013"/>
            <Axiom axiom="DC_CL_0000007 SubClassOf CARO_0000013"/>
            <Axiom axiom="DC_CL_0000011 SubClassOf CARO_0000013"/>
            <Axiom axiom="DC_CL_0000023 SubClassOf CARO_0000013"/>
            <Axiom axiom="DC_CL_0000006 SubClassOf CARO_0000013"/>
            <Axiom axiom="DC_CL_0000029 SubClassOf CARO_0000013"/>
            <Axiom axiom="DC_CL_0000016 SubClassOf CARO_0000013"/>
            <Axiom axiom="DC_CL_0000021 SubClassOf CARO_0000013"/>
            <Axiom axiom="DC_CL_0000028 SubClassOf CARO_0000013"/>
            <Axiom axiom="DC_CL_0000010 SubClassOf CARO_0000013"/>
            <Axiom axiom="DC_CL_0000031 SubClassOf CARO_0000013"/>
            <Axiom axiom="DC_CL_0000009 SubClassOf CARO_0000013"/>
            <Axiom axiom="DC_CL_0000026 SubClassOf CARO_0000013"/>
         </Generalisation>
         <Generalisation axiom="?cluster_1 SubClassOf DC-CL_is_location_of some &#10;((CL_0000738 and ?cluster_3 and ?cluster_4) and (DC-CL_arises_from some &#10;(?cluster_3 and ?cluster_4_conjunction)))" count="3" instantiationStats="?cluster_4 count: 2; ?cluster_3 count: 5; ?cluster_1 count: 1">
            <Axiom axiom="FMA_9608 SubClassOf DC-CL_is_location_of some &#10;((CARO_0000013 and CL_0000738 and DC_CL_0000040) and (DC-CL_arises_from some &#10;(CARO_0000013 and CL_0000048 and DC_CL_0000032)))"/>
            <Axiom axiom="FMA_9608 SubClassOf DC-CL_is_location_of some &#10;((CARO_0000013 and CL_0000738 and DC_CL_0000039) and (DC-CL_arises_from some &#10;(CARO_0000013 and CL_0000048 and DC_CL_0000032)))"/>
            <Axiom axiom="FMA_9608 SubClassOf DC-CL_is_location_of some &#10;((CARO_0000013 and CL_0000738 and DC_CL_0000042) and (DC-CL_arises_from some &#10;(CARO_0000013 and CL_0000048 and DC_CL_0000038)))"/>
         </Generalisation>
         <Generalisation axiom="?cluster_4 SubClassOf ?cluster_4" count="1" instantiationStats="?cluster_4 count: 2">
            <Axiom axiom="CL_0000048 SubClassOf CARO_0000013"/>
         </Generalisation>
         <Generalisation axiom="?cluster_1 SubClassOf DC-CL_is_location_of some &#10;((?cluster_3 and ?cluster_4_conjunction) and (DC-CL_arises_from some &#10;(?cluster_3 and ?cluster_4_conjunction)))" count="4" instantiationStats="?cluster_4 count: 2; ?cluster_3 count: 6; ?cluster_1 count: 2">
            <Axiom axiom="MA_0000134 SubClassOf DC-CL_is_location_of some &#10;((CARO_0000013 and CL_0000048 and DC_CL_0000034) and (DC-CL_arises_from some &#10;(CARO_0000013 and CL_0000048 and DC_CL_0000043)))"/>
            <Axiom axiom="FMA_9608 SubClassOf DC-CL_is_location_of some &#10;((CARO_0000013 and CL_0000048 and DC_CL_0000032) and (DC-CL_arises_from some &#10;(CARO_0000013 and CL_0000048 and DC_CL_0000035)))"/>
            <Axiom axiom="FMA_9608 SubClassOf DC-CL_is_location_of some &#10;((CARO_0000013 and CL_0000048 and DC_CL_0000038) and (DC-CL_arises_from some &#10;(CARO_0000013 and CL_0000048 and DC_CL_0000035)))"/>
            <Axiom axiom="MA_0000134 SubClassOf DC-CL_is_location_of some &#10;((CARO_0000013 and CL_0000048 and DC_CL_0000036) and (DC-CL_arises_from some &#10;(CARO_0000013 and CL_0000048 and DC_CL_0000043)))"/>
         </Generalisation>
         <Generalisation axiom="CL_0000738 SubClassOf ?cluster_4" count="1" instantiationStats="?cluster_4 count: 1">
            <Axiom axiom="CL_0000738 SubClassOf CARO_0000013"/>
         </Generalisation>
      </Generalisations>
   </Cluster>
</Clusters>
