<?xml version="1.0" encoding="UTF-8" standalone="no"?>
<Clusters>
   <Cluster size="27">
      <Item iri="http://purl.obolibrary.org/obo/FAO_0001012"/>
      <Item iri="http://purl.obolibrary.org/obo/FAO_0001013"/>
      <Item iri="http://purl.obolibrary.org/obo/FAO_0001011"/>
      <Item iri="http://purl.obolibrary.org/obo/FAO_0001016"/>
      <Item iri="http://purl.obolibrary.org/obo/FAO_0001017"/>
      <Item iri="http://purl.obolibrary.org/obo/FAO_0001014"/>
      <Item iri="http://purl.obolibrary.org/obo/FAO_0001015"/>
      <Item iri="http://purl.obolibrary.org/obo/FAO_0000051"/>
      <Item iri="http://purl.obolibrary.org/obo/FAO_0000016"/>
      <Item iri="http://purl.obolibrary.org/obo/FAO_0000013"/>
      <Item iri="http://purl.obolibrary.org/obo/FAO_0000050"/>
      <Item iri="http://purl.obolibrary.org/obo/FAO_0001019"/>
      <Item iri="http://purl.obolibrary.org/obo/FAO_0001020"/>
      <Item iri="http://purl.obolibrary.org/obo/FAO_0001004"/>
      <Item iri="http://purl.obolibrary.org/obo/FAO_0001021"/>
      <Item iri="http://purl.obolibrary.org/obo/FAO_0000021"/>
      <Item iri="http://purl.obolibrary.org/obo/FAO_0000046"/>
      <Item iri="http://purl.obolibrary.org/obo/FAO_0001003"/>
      <Item iri="http://purl.obolibrary.org/obo/FAO_0000022"/>
      <Item iri="http://purl.obolibrary.org/obo/FAO_0000049"/>
      <Item iri="http://purl.obolibrary.org/obo/FAO_0000006"/>
      <Item iri="http://purl.obolibrary.org/obo/FAO_0000026"/>
      <Item iri="http://purl.obolibrary.org/obo/FAO_0000045"/>
      <Item iri="http://purl.obolibrary.org/obo/FAO_0000044"/>
      <Item iri="http://purl.obolibrary.org/obo/FAO_0000009"/>
      <Item iri="http://purl.obolibrary.org/obo/FAO_0000003"/>
      <Item iri="http://purl.obolibrary.org/obo/FAO_0000004"/>
      <Generalisations>
         <Generalisation axiom="?cluster_2 SubClassOf FUNGAL_ANATOMY_ONTOLOGY_part_of some &#10;((?FAO_0000001_conjunction and ?cluster_2_conjunction) and (FUNGAL_ANATOMY_ONTOLOGY_part_of some &#10;(?cluster_2_conjunction)))" count="2" instantiationStats="?FAO_0000001 count: 4; ?cluster_2 count: 9">
            <Axiom axiom="FAO_0001015 SubClassOf FUNGAL_ANATOMY_ONTOLOGY_part_of some &#10;((FAO_0000001 and FAO_0001001 and FAO_0001003 and FAO_0001004 and FAO_0001009) and (FUNGAL_ANATOMY_ONTOLOGY_part_of some &#10;(FAO_0001011 and FAO_0001012 and FAO_0001015 and FAO_0001016)))"/>
            <Axiom axiom="FAO_0001020 SubClassOf FUNGAL_ANATOMY_ONTOLOGY_part_of some &#10;((FAO_0000001 and FAO_0001001 and FAO_0001003 and FAO_0001010 and FAO_0001014) and (FUNGAL_ANATOMY_ONTOLOGY_part_of some &#10;(FAO_0001011 and FAO_0001012 and FAO_0001020 and FAO_0001021)))"/>
         </Generalisation>
         <Generalisation axiom="?cluster_2 SubClassOf FUNGAL_ANATOMY_ONTOLOGY_part_of some &#10;((?FAO_0000001_conjunction and ?cluster_2) and (FUNGAL_ANATOMY_ONTOLOGY_part_of some &#10;(?FAO_0000001_conjunction)))" count="4" instantiationStats="?FAO_0000001 count: 7; ?cluster_2 count: 6">
            <Axiom axiom="FAO_0000022 SubClassOf FUNGAL_ANATOMY_ONTOLOGY_part_of some &#10;((FAO_0000001 and FAO_0000003 and FAO_0000010 and FAO_0000052) and (FUNGAL_ANATOMY_ONTOLOGY_part_of some &#10;(FAO_0000001 and FAO_0000007 and FAO_0000012)))"/>
            <Axiom axiom="FAO_0000021 SubClassOf FUNGAL_ANATOMY_ONTOLOGY_part_of some &#10;((FAO_0000001 and FAO_0000003 and FAO_0000010 and FAO_0000052) and (FUNGAL_ANATOMY_ONTOLOGY_part_of some &#10;(FAO_0000001 and FAO_0000007 and FAO_0000012)))"/>
            <Axiom axiom="FAO_0000026 SubClassOf FUNGAL_ANATOMY_ONTOLOGY_part_of some &#10;((FAO_0000001 and FAO_0000003 and FAO_0000010 and FAO_0000052) and (FUNGAL_ANATOMY_ONTOLOGY_part_of some &#10;(FAO_0000001 and FAO_0000007 and FAO_0000012)))"/>
            <Axiom axiom="FAO_0000013 SubClassOf FUNGAL_ANATOMY_ONTOLOGY_part_of some &#10;((FAO_0000001 and FAO_0000004 and FAO_0000010 and FAO_0000014 and FAO_0000052) and (FUNGAL_ANATOMY_ONTOLOGY_part_of some &#10;(FAO_0000001 and FAO_0000007 and FAO_0000008)))"/>
         </Generalisation>
         <Generalisation axiom="?cluster_2 SubClassOf FUNGAL_ANATOMY_ONTOLOGY_part_of some &#10;((?FAO_0000001_conjunction and ?cluster_2) and (FUNGAL_ANATOMY_ONTOLOGY_part_of some &#10;(?FAO_0000001 and ?FAO_0000018_conjunction and ?cluster_2_conjunction)))" count="2" instantiationStats="?FAO_0000018 count: 3; ?FAO_0000001 count: 3; ?cluster_2 count: 4">
            <Axiom axiom="FAO_0000022 SubClassOf FUNGAL_ANATOMY_ONTOLOGY_part_of some &#10;((FAO_0000001 and FAO_0000003 and FAO_0000010 and FAO_0000052) and (FUNGAL_ANATOMY_ONTOLOGY_part_of some &#10;(FAO_0000001 and FAO_0000017 and FAO_0000018 and FAO_0000019 and FAO_0000021 and FAO_0000022)))"/>
            <Axiom axiom="FAO_0000026 SubClassOf FUNGAL_ANATOMY_ONTOLOGY_part_of some &#10;((FAO_0000001 and FAO_0000003 and FAO_0000010 and FAO_0000052) and (FUNGAL_ANATOMY_ONTOLOGY_part_of some &#10;(FAO_0000001 and FAO_0000017 and FAO_0000018 and FAO_0000019 and FAO_0000021 and FAO_0000026)))"/>
         </Generalisation>
         <Generalisation axiom="?cluster_2 SubClassOf FUNGAL_ANATOMY_ONTOLOGY_part_of some &#10;((?FAO_0000001_conjunction and ?cluster_2) and (FUNGAL_ANATOMY_ONTOLOGY_part_of some &#10;(FAO_0000011 and ?FAO_0000001)))" count="1" instantiationStats="?FAO_0000001 count: 2; ?cluster_2 count: 2">
            <Axiom axiom="FAO_0001012 SubClassOf FUNGAL_ANATOMY_ONTOLOGY_part_of some &#10;((FAO_0000001 and FAO_0001001 and FAO_0001003) and (FUNGAL_ANATOMY_ONTOLOGY_part_of some &#10;(FAO_0000001 and FAO_0000011)))"/>
         </Generalisation>
         <Generalisation axiom="?cluster_2 SubClassOf FUNGAL_ANATOMY_ONTOLOGY_part_of some &#10;(?cluster_1 and (FUNGAL_ANATOMY_ONTOLOGY_develops_from some &#10;(?FAO_0000001_conjunction)))" count="5" instantiationStats="?FAO_0000001 count: 2; ?cluster_2 count: 5; ?cluster_1 count: 1">
            <Axiom axiom="FAO_0000050 SubClassOf FUNGAL_ANATOMY_ONTOLOGY_part_of some &#10;(FAO_0000043 and (FUNGAL_ANATOMY_ONTOLOGY_develops_from some &#10;(FAO_0000001 and FAO_0001001)))"/>
            <Axiom axiom="FAO_0000045 SubClassOf FUNGAL_ANATOMY_ONTOLOGY_part_of some &#10;(FAO_0000043 and (FUNGAL_ANATOMY_ONTOLOGY_develops_from some &#10;(FAO_0000001 and FAO_0001001)))"/>
            <Axiom axiom="FAO_0000044 SubClassOf FUNGAL_ANATOMY_ONTOLOGY_part_of some &#10;(FAO_0000043 and (FUNGAL_ANATOMY_ONTOLOGY_develops_from some &#10;(FAO_0000001 and FAO_0001001)))"/>
            <Axiom axiom="FAO_0000049 SubClassOf FUNGAL_ANATOMY_ONTOLOGY_part_of some &#10;(FAO_0000043 and (FUNGAL_ANATOMY_ONTOLOGY_develops_from some &#10;(FAO_0000001 and FAO_0001001)))"/>
            <Axiom axiom="FAO_0000046 SubClassOf FUNGAL_ANATOMY_ONTOLOGY_part_of some &#10;(FAO_0000043 and (FUNGAL_ANATOMY_ONTOLOGY_develops_from some &#10;(FAO_0000001 and FAO_0001001)))"/>
         </Generalisation>
         <Generalisation axiom="?cluster_2 SubClassOf FUNGAL_ANATOMY_ONTOLOGY_part_of some &#10;(?FAO_0000001_conjunction)" count="11" instantiationStats="?FAO_0000001 count: 12; ?cluster_2 count: 11">
            <Axiom axiom="FAO_0000006 SubClassOf FUNGAL_ANATOMY_ONTOLOGY_part_of some &#10;(FAO_0000001 and FAO_0000007 and FAO_0000012)"/>
            <Axiom axiom="FAO_0001021 SubClassOf FUNGAL_ANATOMY_ONTOLOGY_part_of some &#10;(FAO_0000001 and FAO_0001001 and FAO_0001010)"/>
            <Axiom axiom="FAO_0001016 SubClassOf FUNGAL_ANATOMY_ONTOLOGY_part_of some &#10;(FAO_0000001 and FAO_0001001 and FAO_0001009)"/>
            <Axiom axiom="FAO_0000051 SubClassOf FUNGAL_ANATOMY_ONTOLOGY_part_of some &#10;(FAO_0000001 and FAO_0001001)"/>
            <Axiom axiom="FAO_0000004 SubClassOf FUNGAL_ANATOMY_ONTOLOGY_part_of some &#10;(FAO_0000001 and FAO_0000007 and FAO_0000008)"/>
            <Axiom axiom="FAO_0000016 SubClassOf FUNGAL_ANATOMY_ONTOLOGY_part_of some &#10;(FAO_0000001 and FAO_0000010 and FAO_0000014 and FAO_0000015 and FAO_0000052)"/>
            <Axiom axiom="FAO_0001017 SubClassOf FUNGAL_ANATOMY_ONTOLOGY_part_of some &#10;(FAO_0000001 and FAO_0001001 and FAO_0001009 and FAO_0001018)"/>
            <Axiom axiom="FAO_0001019 SubClassOf FUNGAL_ANATOMY_ONTOLOGY_part_of some &#10;(FAO_0000001 and FAO_0001001 and FAO_0001009 and FAO_0001018)"/>
            <Axiom axiom="FAO_0000003 SubClassOf FUNGAL_ANATOMY_ONTOLOGY_part_of some &#10;(FAO_0000001 and FAO_0000007 and FAO_0000012)"/>
            <Axiom axiom="FAO_0000009 SubClassOf FUNGAL_ANATOMY_ONTOLOGY_part_of some &#10;(FAO_0000001 and FAO_0000007 and FAO_0000012)"/>
            <Axiom axiom="FAO_0001011 SubClassOf FUNGAL_ANATOMY_ONTOLOGY_part_of some &#10;(FAO_0000001 and FAO_0001001)"/>
         </Generalisation>
         <Generalisation axiom="?cluster_2 SubClassOf ?cluster_2" count="24" instantiationStats="?cluster_2 count: 18">
            <Axiom axiom="FAO_0001015 SubClassOf FAO_0001011"/>
            <Axiom axiom="FAO_0001017 SubClassOf FAO_0001011"/>
            <Axiom axiom="FAO_0001021 SubClassOf FAO_0001011"/>
            <Axiom axiom="FAO_0001013 SubClassOf FAO_0001003"/>
            <Axiom axiom="FAO_0001017 SubClassOf FAO_0001015"/>
            <Axiom axiom="FAO_0001020 SubClassOf FAO_0001021"/>
            <Axiom axiom="FAO_0000046 SubClassOf FAO_0000044"/>
            <Axiom axiom="FAO_0001013 SubClassOf FAO_0001004"/>
            <Axiom axiom="FAO_0000022 SubClassOf FAO_0000021"/>
            <Axiom axiom="FAO_0001016 SubClassOf FAO_0001011"/>
            <Axiom axiom="FAO_0001012 SubClassOf FAO_0001011"/>
            <Axiom axiom="FAO_0001017 SubClassOf FAO_0001016"/>
            <Axiom axiom="FAO_0001015 SubClassOf FAO_0001012"/>
            <Axiom axiom="FAO_0001017 SubClassOf FAO_0001012"/>
            <Axiom axiom="FAO_0000026 SubClassOf FAO_0000021"/>
            <Axiom axiom="FAO_0001019 SubClassOf FAO_0001016"/>
            <Axiom axiom="FAO_0000045 SubClassOf FAO_0000044"/>
            <Axiom axiom="FAO_0001020 SubClassOf FAO_0001011"/>
            <Axiom axiom="FAO_0001017 SubClassOf FAO_0001019"/>
            <Axiom axiom="FAO_0001004 SubClassOf FAO_0001003"/>
            <Axiom axiom="FAO_0001014 SubClassOf FAO_0001003"/>
            <Axiom axiom="FAO_0001019 SubClassOf FAO_0001011"/>
            <Axiom axiom="FAO_0001015 SubClassOf FAO_0001016"/>
            <Axiom axiom="FAO_0001020 SubClassOf FAO_0001012"/>
         </Generalisation>
         <Generalisation axiom="?cluster_2 SubClassOf FUNGAL_ANATOMY_ONTOLOGY_part_of some &#10;((?FAO_0000001_conjunction and ?cluster_2) and (FUNGAL_ANATOMY_ONTOLOGY_part_of some &#10;(?FAO_0000001 and ?FAO_0000018_conjunction and ?cluster_2)))" count="2" instantiationStats="?FAO_0000018 count: 4; ?FAO_0000001 count: 4; ?cluster_2 count: 4">
            <Axiom axiom="FAO_0000021 SubClassOf FUNGAL_ANATOMY_ONTOLOGY_part_of some &#10;((FAO_0000001 and FAO_0000003 and FAO_0000010 and FAO_0000052) and (FUNGAL_ANATOMY_ONTOLOGY_part_of some &#10;(FAO_0000001 and FAO_0000017 and FAO_0000018 and FAO_0000019 and FAO_0000021)))"/>
            <Axiom axiom="FAO_0000013 SubClassOf FUNGAL_ANATOMY_ONTOLOGY_part_of some &#10;((FAO_0000001 and FAO_0000004 and FAO_0000010 and FAO_0000014 and FAO_0000052) and (FUNGAL_ANATOMY_ONTOLOGY_part_of some &#10;(FAO_0000001 and FAO_0000013 and FAO_0000017 and FAO_0000018 and FAO_0000019 and FAO_0000020)))"/>
         </Generalisation>
         <Generalisation axiom="?cluster_2 SubClassOf FUNGAL_ANATOMY_ONTOLOGY_part_of some Thing" count="27" instantiationStats="?cluster_2 count: 27">
            <Axiom axiom="FAO_0001011 SubClassOf FUNGAL_ANATOMY_ONTOLOGY_part_of some Thing"/>
            <Axiom axiom="FAO_0000022 SubClassOf FUNGAL_ANATOMY_ONTOLOGY_part_of some Thing"/>
            <Axiom axiom="FAO_0000049 SubClassOf FUNGAL_ANATOMY_ONTOLOGY_part_of some Thing"/>
            <Axiom axiom="FAO_0001016 SubClassOf FUNGAL_ANATOMY_ONTOLOGY_part_of some Thing"/>
            <Axiom axiom="FAO_0000009 SubClassOf FUNGAL_ANATOMY_ONTOLOGY_part_of some Thing"/>
            <Axiom axiom="FAO_0000046 SubClassOf FUNGAL_ANATOMY_ONTOLOGY_part_of some Thing"/>
            <Axiom axiom="FAO_0001003 SubClassOf FUNGAL_ANATOMY_ONTOLOGY_part_of some Thing"/>
            <Axiom axiom="FAO_0001017 SubClassOf FUNGAL_ANATOMY_ONTOLOGY_part_of some Thing"/>
            <Axiom axiom="FAO_0001012 SubClassOf FUNGAL_ANATOMY_ONTOLOGY_part_of some Thing"/>
            <Axiom axiom="FAO_0001021 SubClassOf FUNGAL_ANATOMY_ONTOLOGY_part_of some Thing"/>
            <Axiom axiom="FAO_0000050 SubClassOf FUNGAL_ANATOMY_ONTOLOGY_part_of some Thing"/>
            <Axiom axiom="FAO_0000051 SubClassOf FUNGAL_ANATOMY_ONTOLOGY_part_of some Thing"/>
            <Axiom axiom="FAO_0001014 SubClassOf FUNGAL_ANATOMY_ONTOLOGY_part_of some Thing"/>
            <Axiom axiom="FAO_0000026 SubClassOf FUNGAL_ANATOMY_ONTOLOGY_part_of some Thing"/>
            <Axiom axiom="FAO_0001004 SubClassOf FUNGAL_ANATOMY_ONTOLOGY_part_of some Thing"/>
            <Axiom axiom="FAO_0000003 SubClassOf FUNGAL_ANATOMY_ONTOLOGY_part_of some Thing"/>
            <Axiom axiom="FAO_0000044 SubClassOf FUNGAL_ANATOMY_ONTOLOGY_part_of some Thing"/>
            <Axiom axiom="FAO_0000006 SubClassOf FUNGAL_ANATOMY_ONTOLOGY_part_of some Thing"/>
            <Axiom axiom="FAO_0000021 SubClassOf FUNGAL_ANATOMY_ONTOLOGY_part_of some Thing"/>
            <Axiom axiom="FAO_0000045 SubClassOf FUNGAL_ANATOMY_ONTOLOGY_part_of some Thing"/>
            <Axiom axiom="FAO_0000016 SubClassOf FUNGAL_ANATOMY_ONTOLOGY_part_of some Thing"/>
            <Axiom axiom="FAO_0001020 SubClassOf FUNGAL_ANATOMY_ONTOLOGY_part_of some Thing"/>
            <Axiom axiom="FAO_0000013 SubClassOf FUNGAL_ANATOMY_ONTOLOGY_part_of some Thing"/>
            <Axiom axiom="FAO_0000004 SubClassOf FUNGAL_ANATOMY_ONTOLOGY_part_of some Thing"/>
            <Axiom axiom="FAO_0001015 SubClassOf FUNGAL_ANATOMY_ONTOLOGY_part_of some Thing"/>
            <Axiom axiom="FAO_0001013 SubClassOf FUNGAL_ANATOMY_ONTOLOGY_part_of some Thing"/>
            <Axiom axiom="FAO_0001019 SubClassOf FUNGAL_ANATOMY_ONTOLOGY_part_of some Thing"/>
         </Generalisation>
         <Generalisation axiom="?cluster_2 SubClassOf FUNGAL_ANATOMY_ONTOLOGY_part_of some &#10;((?FAO_0000001_conjunction and ?cluster_2_conjunction) and (FUNGAL_ANATOMY_ONTOLOGY_part_of some &#10;((?cluster_2_conjunction) and (FUNGAL_ANATOMY_ONTOLOGY_part_of some &#10;(?FAO_0000001_conjunction)))))" count="1" instantiationStats="?FAO_0000001 count: 4; ?cluster_2 count: 9">
            <Axiom axiom="FAO_0001017 SubClassOf FUNGAL_ANATOMY_ONTOLOGY_part_of some &#10;((FAO_0000001 and FAO_0001001 and FAO_0001003 and FAO_0001004 and FAO_0001009 and FAO_0001013) and (FUNGAL_ANATOMY_ONTOLOGY_part_of some &#10;((FAO_0001011 and FAO_0001012 and FAO_0001015 and FAO_0001016 and FAO_0001017 and FAO_0001019) and (FUNGAL_ANATOMY_ONTOLOGY_part_of some &#10;(FAO_0000001 and FAO_0001001 and FAO_0001009 and FAO_0001018)))))"/>
         </Generalisation>
         <Generalisation axiom="?cluster_2 SubClassOf FUNGAL_ANATOMY_ONTOLOGY_part_of some &#10;((?FAO_0000001_conjunction and ?cluster_2_conjunction) and (FUNGAL_ANATOMY_ONTOLOGY_part_of some &#10;(FAO_0000011 and ?FAO_0000001)))" count="3" instantiationStats="?FAO_0000001 count: 4; ?cluster_2 count: 7">
            <Axiom axiom="FAO_0001020 SubClassOf FUNGAL_ANATOMY_ONTOLOGY_part_of some &#10;((FAO_0000001 and FAO_0001001 and FAO_0001003 and FAO_0001010 and FAO_0001014) and (FUNGAL_ANATOMY_ONTOLOGY_part_of some &#10;(FAO_0000001 and FAO_0000011)))"/>
            <Axiom axiom="FAO_0001017 SubClassOf FUNGAL_ANATOMY_ONTOLOGY_part_of some &#10;((FAO_0000001 and FAO_0001001 and FAO_0001003 and FAO_0001004 and FAO_0001009 and FAO_0001013) and (FUNGAL_ANATOMY_ONTOLOGY_part_of some &#10;(FAO_0000001 and FAO_0000011)))"/>
            <Axiom axiom="FAO_0001015 SubClassOf FUNGAL_ANATOMY_ONTOLOGY_part_of some &#10;((FAO_0000001 and FAO_0001001 and FAO_0001003 and FAO_0001004 and FAO_0001009) and (FUNGAL_ANATOMY_ONTOLOGY_part_of some &#10;(FAO_0000001 and FAO_0000011)))"/>
         </Generalisation>
         <Generalisation axiom="?cluster_2 SubClassOf ?FAO_0000018" count="17" instantiationStats="?FAO_0000018 count: 4; ?cluster_2 count: 5">
            <Axiom axiom="FAO_0000026 SubClassOf FAO_0000017"/>
            <Axiom axiom="FAO_0000013 SubClassOf FAO_0000017"/>
            <Axiom axiom="FAO_0000026 SubClassOf FAO_0000019"/>
            <Axiom axiom="FAO_0000026 SubClassOf FAO_0000018"/>
            <Axiom axiom="FAO_0000022 SubClassOf FAO_0000017"/>
            <Axiom axiom="FAO_0000022 SubClassOf FAO_0000018"/>
            <Axiom axiom="FAO_0000022 SubClassOf FAO_0000019"/>
            <Axiom axiom="FAO_0000021 SubClassOf FAO_0000018"/>
            <Axiom axiom="FAO_0000021 SubClassOf FAO_0000017"/>
            <Axiom axiom="FAO_0000013 SubClassOf FAO_0000019"/>
            <Axiom axiom="FAO_0000013 SubClassOf FAO_0000018"/>
            <Axiom axiom="FAO_0000016 SubClassOf FAO_0000020"/>
            <Axiom axiom="FAO_0000013 SubClassOf FAO_0000020"/>
            <Axiom axiom="FAO_0000016 SubClassOf FAO_0000019"/>
            <Axiom axiom="FAO_0000021 SubClassOf FAO_0000019"/>
            <Axiom axiom="FAO_0000016 SubClassOf FAO_0000018"/>
            <Axiom axiom="FAO_0000016 SubClassOf FAO_0000017"/>
         </Generalisation>
         <Generalisation axiom="?cluster_2 SubClassOf FUNGAL_ANATOMY_ONTOLOGY_part_of some &#10;((?FAO_0000001_conjunction and ?cluster_2) and (FUNGAL_ANATOMY_ONTOLOGY_part_of some &#10;(?cluster_2_conjunction)))" count="1" instantiationStats="?FAO_0000001 count: 2; ?cluster_2 count: 3">
            <Axiom axiom="FAO_0001012 SubClassOf FUNGAL_ANATOMY_ONTOLOGY_part_of some &#10;((FAO_0000001 and FAO_0001001 and FAO_0001003) and (FUNGAL_ANATOMY_ONTOLOGY_part_of some &#10;(FAO_0001011 and FAO_0001012)))"/>
         </Generalisation>
         <Generalisation axiom="?cluster_2 SubClassOf ?FAO_0000001" count="23" instantiationStats="?FAO_0000001 count: 7; ?cluster_2 count: 11">
            <Axiom axiom="FAO_0000003 SubClassOf FAO_0000052"/>
            <Axiom axiom="FAO_0001013 SubClassOf FAO_0001009"/>
            <Axiom axiom="FAO_0000004 SubClassOf FAO_0000001"/>
            <Axiom axiom="FAO_0000003 SubClassOf FAO_0000001"/>
            <Axiom axiom="FAO_0000022 SubClassOf FAO_0000001"/>
            <Axiom axiom="FAO_0001014 SubClassOf FAO_0001001"/>
            <Axiom axiom="FAO_0000004 SubClassOf FAO_0000010"/>
            <Axiom axiom="FAO_0001003 SubClassOf FAO_0001001"/>
            <Axiom axiom="FAO_0000026 SubClassOf FAO_0000001"/>
            <Axiom axiom="FAO_0001004 SubClassOf FAO_0000001"/>
            <Axiom axiom="FAO_0000004 SubClassOf FAO_0000014"/>
            <Axiom axiom="FAO_0001003 SubClassOf FAO_0000001"/>
            <Axiom axiom="FAO_0001013 SubClassOf FAO_0000001"/>
            <Axiom axiom="FAO_0000016 SubClassOf FAO_0000001"/>
            <Axiom axiom="FAO_0001014 SubClassOf FAO_0000001"/>
            <Axiom axiom="FAO_0001013 SubClassOf FAO_0001001"/>
            <Axiom axiom="FAO_0000021 SubClassOf FAO_0000001"/>
            <Axiom axiom="FAO_0001004 SubClassOf FAO_0001001"/>
            <Axiom axiom="FAO_0000013 SubClassOf FAO_0000001"/>
            <Axiom axiom="FAO_0001014 SubClassOf FAO_0001010"/>
            <Axiom axiom="FAO_0000004 SubClassOf FAO_0000052"/>
            <Axiom axiom="FAO_0001004 SubClassOf FAO_0001009"/>
            <Axiom axiom="FAO_0000003 SubClassOf FAO_0000010"/>
         </Generalisation>
         <Generalisation axiom="?cluster_2 SubClassOf FUNGAL_ANATOMY_ONTOLOGY_part_of some &#10;(FAO_0000011 and ?FAO_0000001)" count="4" instantiationStats="?FAO_0000001 count: 1; ?cluster_2 count: 4">
            <Axiom axiom="FAO_0001014 SubClassOf FUNGAL_ANATOMY_ONTOLOGY_part_of some &#10;(FAO_0000001 and FAO_0000011)"/>
            <Axiom axiom="FAO_0001013 SubClassOf FUNGAL_ANATOMY_ONTOLOGY_part_of some &#10;(FAO_0000001 and FAO_0000011)"/>
            <Axiom axiom="FAO_0001003 SubClassOf FUNGAL_ANATOMY_ONTOLOGY_part_of some &#10;(FAO_0000001 and FAO_0000011)"/>
            <Axiom axiom="FAO_0001004 SubClassOf FUNGAL_ANATOMY_ONTOLOGY_part_of some &#10;(FAO_0000001 and FAO_0000011)"/>
         </Generalisation>
      </Generalisations>
   </Cluster>
   <Cluster size="12">
      <Item iri="http://purl.obolibrary.org/obo/FAO_0000012"/>
      <Item iri="http://purl.obolibrary.org/obo/FAO_0001009"/>
      <Item iri="http://purl.obolibrary.org/obo/FAO_0000010"/>
      <Item iri="http://purl.obolibrary.org/obo/FAO_0000001"/>
      <Item iri="http://purl.obolibrary.org/obo/FAO_0001010"/>
      <Item iri="http://purl.obolibrary.org/obo/FAO_0000007"/>
      <Item iri="http://purl.obolibrary.org/obo/FAO_0000008"/>
      <Item iri="http://purl.obolibrary.org/obo/FAO_0001001"/>
      <Item iri="http://purl.obolibrary.org/obo/FAO_0000015"/>
      <Item iri="http://purl.obolibrary.org/obo/FAO_0000052"/>
      <Item iri="http://purl.obolibrary.org/obo/FAO_0001018"/>
      <Item iri="http://purl.obolibrary.org/obo/FAO_0000014"/>
      <Generalisations>
         <Generalisation axiom="?cluster_2 SubClassOf FUNGAL_ANATOMY_ONTOLOGY_part_of some &#10;((?FAO_0000001_conjunction and ?cluster_2) and (FUNGAL_ANATOMY_ONTOLOGY_part_of some &#10;(?FAO_0000001_conjunction)))" count="4" instantiationStats="?FAO_0000001 count: 7; ?cluster_2 count: 6">
            <Axiom axiom="FAO_0000022 SubClassOf FUNGAL_ANATOMY_ONTOLOGY_part_of some &#10;((FAO_0000001 and FAO_0000003 and FAO_0000010 and FAO_0000052) and (FUNGAL_ANATOMY_ONTOLOGY_part_of some &#10;(FAO_0000001 and FAO_0000007 and FAO_0000012)))"/>
            <Axiom axiom="FAO_0000021 SubClassOf FUNGAL_ANATOMY_ONTOLOGY_part_of some &#10;((FAO_0000001 and FAO_0000003 and FAO_0000010 and FAO_0000052) and (FUNGAL_ANATOMY_ONTOLOGY_part_of some &#10;(FAO_0000001 and FAO_0000007 and FAO_0000012)))"/>
            <Axiom axiom="FAO_0000026 SubClassOf FUNGAL_ANATOMY_ONTOLOGY_part_of some &#10;((FAO_0000001 and FAO_0000003 and FAO_0000010 and FAO_0000052) and (FUNGAL_ANATOMY_ONTOLOGY_part_of some &#10;(FAO_0000001 and FAO_0000007 and FAO_0000012)))"/>
            <Axiom axiom="FAO_0000013 SubClassOf FUNGAL_ANATOMY_ONTOLOGY_part_of some &#10;((FAO_0000001 and FAO_0000004 and FAO_0000010 and FAO_0000014 and FAO_0000052) and (FUNGAL_ANATOMY_ONTOLOGY_part_of some &#10;(FAO_0000001 and FAO_0000007 and FAO_0000008)))"/>
         </Generalisation>
         <Generalisation axiom="?cluster_2 SubClassOf FUNGAL_ANATOMY_ONTOLOGY_part_of some &#10;(?cluster_1 and (FUNGAL_ANATOMY_ONTOLOGY_develops_from some &#10;(?FAO_0000001_conjunction)))" count="5" instantiationStats="?FAO_0000001 count: 2; ?cluster_2 count: 5; ?cluster_1 count: 1">
            <Axiom axiom="FAO_0000050 SubClassOf FUNGAL_ANATOMY_ONTOLOGY_part_of some &#10;(FAO_0000043 and (FUNGAL_ANATOMY_ONTOLOGY_develops_from some &#10;(FAO_0000001 and FAO_0001001)))"/>
            <Axiom axiom="FAO_0000045 SubClassOf FUNGAL_ANATOMY_ONTOLOGY_part_of some &#10;(FAO_0000043 and (FUNGAL_ANATOMY_ONTOLOGY_develops_from some &#10;(FAO_0000001 and FAO_0001001)))"/>
            <Axiom axiom="FAO_0000044 SubClassOf FUNGAL_ANATOMY_ONTOLOGY_part_of some &#10;(FAO_0000043 and (FUNGAL_ANATOMY_ONTOLOGY_develops_from some &#10;(FAO_0000001 and FAO_0001001)))"/>
            <Axiom axiom="FAO_0000049 SubClassOf FUNGAL_ANATOMY_ONTOLOGY_part_of some &#10;(FAO_0000043 and (FUNGAL_ANATOMY_ONTOLOGY_develops_from some &#10;(FAO_0000001 and FAO_0001001)))"/>
            <Axiom axiom="FAO_0000046 SubClassOf FUNGAL_ANATOMY_ONTOLOGY_part_of some &#10;(FAO_0000043 and (FUNGAL_ANATOMY_ONTOLOGY_develops_from some &#10;(FAO_0000001 and FAO_0001001)))"/>
         </Generalisation>
         <Generalisation axiom="?cluster_2 SubClassOf FUNGAL_ANATOMY_ONTOLOGY_part_of some &#10;((?FAO_0000001_conjunction and ?cluster_2) and (FUNGAL_ANATOMY_ONTOLOGY_part_of some &#10;(FAO_0000011 and ?FAO_0000001)))" count="1" instantiationStats="?FAO_0000001 count: 2; ?cluster_2 count: 2">
            <Axiom axiom="FAO_0001012 SubClassOf FUNGAL_ANATOMY_ONTOLOGY_part_of some &#10;((FAO_0000001 and FAO_0001001 and FAO_0001003) and (FUNGAL_ANATOMY_ONTOLOGY_part_of some &#10;(FAO_0000001 and FAO_0000011)))"/>
         </Generalisation>
         <Generalisation axiom="FAO_0000036 SubClassOf ?FAO_0000001" count="1" instantiationStats="?FAO_0000001 count: 1">
            <Axiom axiom="FAO_0000036 SubClassOf FAO_0000001"/>
         </Generalisation>
         <Generalisation axiom="FAO_0000028 SubClassOf ?FAO_0000001" count="1" instantiationStats="?FAO_0000001 count: 1">
            <Axiom axiom="FAO_0000028 SubClassOf FAO_0000001"/>
         </Generalisation>
         <Generalisation axiom="FAO_0001008 SubClassOf ?FAO_0000001" count="1" instantiationStats="?FAO_0000001 count: 1">
            <Axiom axiom="FAO_0001008 SubClassOf FAO_0000001"/>
         </Generalisation>
         <Generalisation axiom="FAO_0000029 SubClassOf ?FAO_0000001" count="1" instantiationStats="?FAO_0000001 count: 1">
            <Axiom axiom="FAO_0000029 SubClassOf FAO_0000001"/>
         </Generalisation>
         <Generalisation axiom="FAO_0000031 SubClassOf ?FAO_0000001" count="1" instantiationStats="?FAO_0000001 count: 1">
            <Axiom axiom="FAO_0000031 SubClassOf FAO_0000001"/>
         </Generalisation>
         <Generalisation axiom="FAO_0000058 SubClassOf ?FAO_0000001" count="2" instantiationStats="?FAO_0000001 count: 2">
            <Axiom axiom="FAO_0000058 SubClassOf FAO_0000001"/>
            <Axiom axiom="FAO_0000058 SubClassOf FAO_0000010"/>
         </Generalisation>
         <Generalisation axiom="FAO_0000038 SubClassOf ?FAO_0000001" count="1" instantiationStats="?FAO_0000001 count: 1">
            <Axiom axiom="FAO_0000038 SubClassOf FAO_0000001"/>
         </Generalisation>
         <Generalisation axiom="?cluster_2 SubClassOf FUNGAL_ANATOMY_ONTOLOGY_part_of some &#10;((?FAO_0000001_conjunction and ?cluster_2_conjunction) and (FUNGAL_ANATOMY_ONTOLOGY_part_of some &#10;(FAO_0000011 and ?FAO_0000001)))" count="3" instantiationStats="?FAO_0000001 count: 4; ?cluster_2 count: 7">
            <Axiom axiom="FAO_0001020 SubClassOf FUNGAL_ANATOMY_ONTOLOGY_part_of some &#10;((FAO_0000001 and FAO_0001001 and FAO_0001003 and FAO_0001010 and FAO_0001014) and (FUNGAL_ANATOMY_ONTOLOGY_part_of some &#10;(FAO_0000001 and FAO_0000011)))"/>
            <Axiom axiom="FAO_0001017 SubClassOf FUNGAL_ANATOMY_ONTOLOGY_part_of some &#10;((FAO_0000001 and FAO_0001001 and FAO_0001003 and FAO_0001004 and FAO_0001009 and FAO_0001013) and (FUNGAL_ANATOMY_ONTOLOGY_part_of some &#10;(FAO_0000001 and FAO_0000011)))"/>
            <Axiom axiom="FAO_0001015 SubClassOf FUNGAL_ANATOMY_ONTOLOGY_part_of some &#10;((FAO_0000001 and FAO_0001001 and FAO_0001003 and FAO_0001004 and FAO_0001009) and (FUNGAL_ANATOMY_ONTOLOGY_part_of some &#10;(FAO_0000001 and FAO_0000011)))"/>
         </Generalisation>
         <Generalisation axiom="?cluster_2 SubClassOf FUNGAL_ANATOMY_ONTOLOGY_part_of some &#10;(FAO_0000011 and ?FAO_0000001)" count="4" instantiationStats="?FAO_0000001 count: 1; ?cluster_2 count: 4">
            <Axiom axiom="FAO_0001014 SubClassOf FUNGAL_ANATOMY_ONTOLOGY_part_of some &#10;(FAO_0000001 and FAO_0000011)"/>
            <Axiom axiom="FAO_0001013 SubClassOf FUNGAL_ANATOMY_ONTOLOGY_part_of some &#10;(FAO_0000001 and FAO_0000011)"/>
            <Axiom axiom="FAO_0001003 SubClassOf FUNGAL_ANATOMY_ONTOLOGY_part_of some &#10;(FAO_0000001 and FAO_0000011)"/>
            <Axiom axiom="FAO_0001004 SubClassOf FUNGAL_ANATOMY_ONTOLOGY_part_of some &#10;(FAO_0000001 and FAO_0000011)"/>
         </Generalisation>
         <Generalisation axiom="?cluster_2 SubClassOf ?FAO_0000001" count="23" instantiationStats="?FAO_0000001 count: 7; ?cluster_2 count: 11">
            <Axiom axiom="FAO_0000003 SubClassOf FAO_0000052"/>
            <Axiom axiom="FAO_0001013 SubClassOf FAO_0001009"/>
            <Axiom axiom="FAO_0000004 SubClassOf FAO_0000001"/>
            <Axiom axiom="FAO_0000003 SubClassOf FAO_0000001"/>
            <Axiom axiom="FAO_0000022 SubClassOf FAO_0000001"/>
            <Axiom axiom="FAO_0001014 SubClassOf FAO_0001001"/>
            <Axiom axiom="FAO_0000004 SubClassOf FAO_0000010"/>
            <Axiom axiom="FAO_0001003 SubClassOf FAO_0001001"/>
            <Axiom axiom="FAO_0000026 SubClassOf FAO_0000001"/>
            <Axiom axiom="FAO_0001004 SubClassOf FAO_0000001"/>
            <Axiom axiom="FAO_0000004 SubClassOf FAO_0000014"/>
            <Axiom axiom="FAO_0001003 SubClassOf FAO_0000001"/>
            <Axiom axiom="FAO_0001013 SubClassOf FAO_0000001"/>
            <Axiom axiom="FAO_0000016 SubClassOf FAO_0000001"/>
            <Axiom axiom="FAO_0001014 SubClassOf FAO_0000001"/>
            <Axiom axiom="FAO_0001013 SubClassOf FAO_0001001"/>
            <Axiom axiom="FAO_0000021 SubClassOf FAO_0000001"/>
            <Axiom axiom="FAO_0001004 SubClassOf FAO_0001001"/>
            <Axiom axiom="FAO_0000013 SubClassOf FAO_0000001"/>
            <Axiom axiom="FAO_0001014 SubClassOf FAO_0001010"/>
            <Axiom axiom="FAO_0000004 SubClassOf FAO_0000052"/>
            <Axiom axiom="FAO_0001004 SubClassOf FAO_0001009"/>
            <Axiom axiom="FAO_0000003 SubClassOf FAO_0000010"/>
         </Generalisation>
         <Generalisation axiom="FAO_0001006 SubClassOf ?FAO_0000001" count="1" instantiationStats="?FAO_0000001 count: 1">
            <Axiom axiom="FAO_0001006 SubClassOf FAO_0000001"/>
         </Generalisation>
         <Generalisation axiom="FAO_0000035 SubClassOf ?FAO_0000001" count="1" instantiationStats="?FAO_0000001 count: 1">
            <Axiom axiom="FAO_0000035 SubClassOf FAO_0000001"/>
         </Generalisation>
         <Generalisation axiom="?cluster_2 SubClassOf FUNGAL_ANATOMY_ONTOLOGY_part_of some &#10;((?FAO_0000001_conjunction and ?cluster_2_conjunction) and (FUNGAL_ANATOMY_ONTOLOGY_part_of some &#10;(?cluster_2_conjunction)))" count="2" instantiationStats="?FAO_0000001 count: 4; ?cluster_2 count: 9">
            <Axiom axiom="FAO_0001015 SubClassOf FUNGAL_ANATOMY_ONTOLOGY_part_of some &#10;((FAO_0000001 and FAO_0001001 and FAO_0001003 and FAO_0001004 and FAO_0001009) and (FUNGAL_ANATOMY_ONTOLOGY_part_of some &#10;(FAO_0001011 and FAO_0001012 and FAO_0001015 and FAO_0001016)))"/>
            <Axiom axiom="FAO_0001020 SubClassOf FUNGAL_ANATOMY_ONTOLOGY_part_of some &#10;((FAO_0000001 and FAO_0001001 and FAO_0001003 and FAO_0001010 and FAO_0001014) and (FUNGAL_ANATOMY_ONTOLOGY_part_of some &#10;(FAO_0001011 and FAO_0001012 and FAO_0001020 and FAO_0001021)))"/>
         </Generalisation>
         <Generalisation axiom="FAO_0000011 SubClassOf ?FAO_0000001" count="1" instantiationStats="?FAO_0000001 count: 1">
            <Axiom axiom="FAO_0000011 SubClassOf FAO_0000001"/>
         </Generalisation>
         <Generalisation axiom="FAO_0001007 SubClassOf ?FAO_0000001" count="1" instantiationStats="?FAO_0000001 count: 1">
            <Axiom axiom="FAO_0001007 SubClassOf FAO_0000001"/>
         </Generalisation>
         <Generalisation axiom="FAO_0000027 SubClassOf ?FAO_0000001" count="1" instantiationStats="?FAO_0000001 count: 1">
            <Axiom axiom="FAO_0000027 SubClassOf FAO_0000001"/>
         </Generalisation>
         <Generalisation axiom="FAO_0000039 SubClassOf ?FAO_0000001" count="1" instantiationStats="?FAO_0000001 count: 1">
            <Axiom axiom="FAO_0000039 SubClassOf FAO_0000001"/>
         </Generalisation>
         <Generalisation axiom="?cluster_1 SubClassOf FUNGAL_ANATOMY_ONTOLOGY_develops_from some &#10;(?FAO_0000001_conjunction)" count="2" instantiationStats="?FAO_0000001 count: 2; ?cluster_1 count: 2">
            <Axiom axiom="FAO_0000043 SubClassOf FUNGAL_ANATOMY_ONTOLOGY_develops_from some &#10;(FAO_0000001 and FAO_0001001)"/>
            <Axiom axiom="FAO_0000048 SubClassOf FUNGAL_ANATOMY_ONTOLOGY_develops_from some &#10;(FAO_0000001 and FAO_0001001)"/>
         </Generalisation>
         <Generalisation axiom="FAO_0001002 SubClassOf ?FAO_0000001" count="1" instantiationStats="?FAO_0000001 count: 1">
            <Axiom axiom="FAO_0001002 SubClassOf FAO_0000001"/>
         </Generalisation>
         <Generalisation axiom="?cluster_2 SubClassOf FUNGAL_ANATOMY_ONTOLOGY_part_of some &#10;((?FAO_0000001_conjunction and ?cluster_2) and (FUNGAL_ANATOMY_ONTOLOGY_part_of some &#10;(?cluster_2_conjunction)))" count="1" instantiationStats="?FAO_0000001 count: 2; ?cluster_2 count: 3">
            <Axiom axiom="FAO_0001012 SubClassOf FUNGAL_ANATOMY_ONTOLOGY_part_of some &#10;((FAO_0000001 and FAO_0001001 and FAO_0001003) and (FUNGAL_ANATOMY_ONTOLOGY_part_of some &#10;(FAO_0001011 and FAO_0001012)))"/>
         </Generalisation>
         <Generalisation axiom="FAO_0000025 SubClassOf ?FAO_0000001" count="1" instantiationStats="?FAO_0000001 count: 1">
            <Axiom axiom="FAO_0000025 SubClassOf FAO_0000001"/>
         </Generalisation>
         <Generalisation axiom="FAO_0000055 SubClassOf ?FAO_0000001" count="1" instantiationStats="?FAO_0000001 count: 1">
            <Axiom axiom="FAO_0000055 SubClassOf FAO_0000001"/>
         </Generalisation>
         <Generalisation axiom="?cluster_2 SubClassOf FUNGAL_ANATOMY_ONTOLOGY_part_of some &#10;((?FAO_0000001_conjunction and ?cluster_2) and (FUNGAL_ANATOMY_ONTOLOGY_part_of some &#10;(?FAO_0000001 and ?FAO_0000018_conjunction and ?cluster_2_conjunction)))" count="2" instantiationStats="?FAO_0000018 count: 3; ?FAO_0000001 count: 3; ?cluster_2 count: 4">
            <Axiom axiom="FAO_0000022 SubClassOf FUNGAL_ANATOMY_ONTOLOGY_part_of some &#10;((FAO_0000001 and FAO_0000003 and FAO_0000010 and FAO_0000052) and (FUNGAL_ANATOMY_ONTOLOGY_part_of some &#10;(FAO_0000001 and FAO_0000017 and FAO_0000018 and FAO_0000019 and FAO_0000021 and FAO_0000022)))"/>
            <Axiom axiom="FAO_0000026 SubClassOf FUNGAL_ANATOMY_ONTOLOGY_part_of some &#10;((FAO_0000001 and FAO_0000003 and FAO_0000010 and FAO_0000052) and (FUNGAL_ANATOMY_ONTOLOGY_part_of some &#10;(FAO_0000001 and FAO_0000017 and FAO_0000018 and FAO_0000019 and FAO_0000021 and FAO_0000026)))"/>
         </Generalisation>
         <Generalisation axiom="FAO_0000037 SubClassOf ?FAO_0000001" count="1" instantiationStats="?FAO_0000001 count: 1">
            <Axiom axiom="FAO_0000037 SubClassOf FAO_0000001"/>
         </Generalisation>
         <Generalisation axiom="FAO_0000054 SubClassOf ?FAO_0000001" count="1" instantiationStats="?FAO_0000001 count: 1">
            <Axiom axiom="FAO_0000054 SubClassOf FAO_0000001"/>
         </Generalisation>
         <Generalisation axiom="FAO_0000053 SubClassOf ?FAO_0000001" count="3" instantiationStats="?FAO_0000001 count: 3">
            <Axiom axiom="FAO_0000053 SubClassOf FAO_0000001"/>
            <Axiom axiom="FAO_0000053 SubClassOf FAO_0000010"/>
            <Axiom axiom="FAO_0000053 SubClassOf FAO_0000052"/>
         </Generalisation>
         <Generalisation axiom="FAO_0000032 SubClassOf ?FAO_0000001" count="1" instantiationStats="?FAO_0000001 count: 1">
            <Axiom axiom="FAO_0000032 SubClassOf FAO_0000001"/>
         </Generalisation>
         <Generalisation axiom="?FAO_0000001 SubClassOf ?FAO_0000001" count="23" instantiationStats="?FAO_0000001 count: 12">
            <Axiom axiom="FAO_0000015 SubClassOf FAO_0000014"/>
            <Axiom axiom="FAO_0000052 SubClassOf FAO_0000001"/>
            <Axiom axiom="FAO_0001018 SubClassOf FAO_0000001"/>
            <Axiom axiom="FAO_0001010 SubClassOf FAO_0001001"/>
            <Axiom axiom="FAO_0000008 SubClassOf FAO_0000007"/>
            <Axiom axiom="FAO_0000010 SubClassOf FAO_0000001"/>
            <Axiom axiom="FAO_0001009 SubClassOf FAO_0000001"/>
            <Axiom axiom="FAO_0001010 SubClassOf FAO_0000001"/>
            <Axiom axiom="FAO_0000014 SubClassOf FAO_0000010"/>
            <Axiom axiom="FAO_0000014 SubClassOf FAO_0000001"/>
            <Axiom axiom="FAO_0001018 SubClassOf FAO_0001001"/>
            <Axiom axiom="FAO_0000008 SubClassOf FAO_0000001"/>
            <Axiom axiom="FAO_0001018 SubClassOf FAO_0001009"/>
            <Axiom axiom="FAO_0000014 SubClassOf FAO_0000052"/>
            <Axiom axiom="FAO_0000007 SubClassOf FAO_0000001"/>
            <Axiom axiom="FAO_0001001 SubClassOf FAO_0000001"/>
            <Axiom axiom="FAO_0000015 SubClassOf FAO_0000010"/>
            <Axiom axiom="FAO_0000052 SubClassOf FAO_0000010"/>
            <Axiom axiom="FAO_0000012 SubClassOf FAO_0000007"/>
            <Axiom axiom="FAO_0001009 SubClassOf FAO_0001001"/>
            <Axiom axiom="FAO_0000015 SubClassOf FAO_0000001"/>
            <Axiom axiom="FAO_0000015 SubClassOf FAO_0000052"/>
            <Axiom axiom="FAO_0000012 SubClassOf FAO_0000001"/>
         </Generalisation>
         <Generalisation axiom="FAO_0000024 SubClassOf ?FAO_0000001" count="1" instantiationStats="?FAO_0000001 count: 1">
            <Axiom axiom="FAO_0000024 SubClassOf FAO_0000001"/>
         </Generalisation>
         <Generalisation axiom="?FAO_0000018 SubClassOf ?FAO_0000001" count="4" instantiationStats="?FAO_0000018 count: 4; ?FAO_0000001 count: 1">
            <Axiom axiom="FAO_0000019 SubClassOf FAO_0000001"/>
            <Axiom axiom="FAO_0000020 SubClassOf FAO_0000001"/>
            <Axiom axiom="FAO_0000018 SubClassOf FAO_0000001"/>
            <Axiom axiom="FAO_0000017 SubClassOf FAO_0000001"/>
         </Generalisation>
         <Generalisation axiom="FAO_0000033 SubClassOf ?FAO_0000001" count="1" instantiationStats="?FAO_0000001 count: 1">
            <Axiom axiom="FAO_0000033 SubClassOf FAO_0000001"/>
         </Generalisation>
         <Generalisation axiom="FAO_0001023 SubClassOf ?FAO_0000001" count="1" instantiationStats="?FAO_0000001 count: 1">
            <Axiom axiom="FAO_0001023 SubClassOf FAO_0000001"/>
         </Generalisation>
         <Generalisation axiom="FAO_0000002 SubClassOf ?FAO_0000001" count="1" instantiationStats="?FAO_0000001 count: 1">
            <Axiom axiom="FAO_0000002 SubClassOf FAO_0000001"/>
         </Generalisation>
         <Generalisation axiom="FAO_0001005 SubClassOf ?FAO_0000001" count="1" instantiationStats="?FAO_0000001 count: 1">
            <Axiom axiom="FAO_0001005 SubClassOf FAO_0000001"/>
         </Generalisation>
         <Generalisation axiom="FAO_0000047 SubClassOf ?FAO_0000001" count="3" instantiationStats="?FAO_0000001 count: 3">
            <Axiom axiom="FAO_0000047 SubClassOf FAO_0000007"/>
            <Axiom axiom="FAO_0000047 SubClassOf FAO_0000008"/>
            <Axiom axiom="FAO_0000047 SubClassOf FAO_0000001"/>
         </Generalisation>
         <Generalisation axiom="FAO_0001022 SubClassOf ?FAO_0000001" count="1" instantiationStats="?FAO_0000001 count: 1">
            <Axiom axiom="FAO_0001022 SubClassOf FAO_0000001"/>
         </Generalisation>
         <Generalisation axiom="FAO_0000023 SubClassOf ?FAO_0000001" count="1" instantiationStats="?FAO_0000001 count: 1">
            <Axiom axiom="FAO_0000023 SubClassOf FAO_0000001"/>
         </Generalisation>
         <Generalisation axiom="FAO_0000057 SubClassOf ?FAO_0000001" count="2" instantiationStats="?FAO_0000001 count: 2">
            <Axiom axiom="FAO_0000057 SubClassOf FAO_0000010"/>
            <Axiom axiom="FAO_0000057 SubClassOf FAO_0000001"/>
         </Generalisation>
         <Generalisation axiom="?cluster_2 SubClassOf FUNGAL_ANATOMY_ONTOLOGY_part_of some &#10;(?FAO_0000001_conjunction)" count="11" instantiationStats="?FAO_0000001 count: 12; ?cluster_2 count: 11">
            <Axiom axiom="FAO_0000006 SubClassOf FUNGAL_ANATOMY_ONTOLOGY_part_of some &#10;(FAO_0000001 and FAO_0000007 and FAO_0000012)"/>
            <Axiom axiom="FAO_0001021 SubClassOf FUNGAL_ANATOMY_ONTOLOGY_part_of some &#10;(FAO_0000001 and FAO_0001001 and FAO_0001010)"/>
            <Axiom axiom="FAO_0001016 SubClassOf FUNGAL_ANATOMY_ONTOLOGY_part_of some &#10;(FAO_0000001 and FAO_0001001 and FAO_0001009)"/>
            <Axiom axiom="FAO_0000051 SubClassOf FUNGAL_ANATOMY_ONTOLOGY_part_of some &#10;(FAO_0000001 and FAO_0001001)"/>
            <Axiom axiom="FAO_0000004 SubClassOf FUNGAL_ANATOMY_ONTOLOGY_part_of some &#10;(FAO_0000001 and FAO_0000007 and FAO_0000008)"/>
            <Axiom axiom="FAO_0000016 SubClassOf FUNGAL_ANATOMY_ONTOLOGY_part_of some &#10;(FAO_0000001 and FAO_0000010 and FAO_0000014 and FAO_0000015 and FAO_0000052)"/>
            <Axiom axiom="FAO_0001017 SubClassOf FUNGAL_ANATOMY_ONTOLOGY_part_of some &#10;(FAO_0000001 and FAO_0001001 and FAO_0001009 and FAO_0001018)"/>
            <Axiom axiom="FAO_0001019 SubClassOf FUNGAL_ANATOMY_ONTOLOGY_part_of some &#10;(FAO_0000001 and FAO_0001001 and FAO_0001009 and FAO_0001018)"/>
            <Axiom axiom="FAO_0000003 SubClassOf FUNGAL_ANATOMY_ONTOLOGY_part_of some &#10;(FAO_0000001 and FAO_0000007 and FAO_0000012)"/>
            <Axiom axiom="FAO_0000009 SubClassOf FUNGAL_ANATOMY_ONTOLOGY_part_of some &#10;(FAO_0000001 and FAO_0000007 and FAO_0000012)"/>
            <Axiom axiom="FAO_0001011 SubClassOf FUNGAL_ANATOMY_ONTOLOGY_part_of some &#10;(FAO_0000001 and FAO_0001001)"/>
         </Generalisation>
         <Generalisation axiom="FAO_0000040 SubClassOf ?FAO_0000001" count="1" instantiationStats="?FAO_0000001 count: 1">
            <Axiom axiom="FAO_0000040 SubClassOf FAO_0000001"/>
         </Generalisation>
         <Generalisation axiom="FAO_0000034 SubClassOf ?FAO_0000001" count="1" instantiationStats="?FAO_0000001 count: 1">
            <Axiom axiom="FAO_0000034 SubClassOf FAO_0000001"/>
         </Generalisation>
         <Generalisation axiom="?cluster_2 SubClassOf FUNGAL_ANATOMY_ONTOLOGY_part_of some &#10;((?FAO_0000001_conjunction and ?cluster_2) and (FUNGAL_ANATOMY_ONTOLOGY_part_of some &#10;(?FAO_0000001 and ?FAO_0000018_conjunction and ?cluster_2)))" count="2" instantiationStats="?FAO_0000018 count: 4; ?FAO_0000001 count: 4; ?cluster_2 count: 4">
            <Axiom axiom="FAO_0000021 SubClassOf FUNGAL_ANATOMY_ONTOLOGY_part_of some &#10;((FAO_0000001 and FAO_0000003 and FAO_0000010 and FAO_0000052) and (FUNGAL_ANATOMY_ONTOLOGY_part_of some &#10;(FAO_0000001 and FAO_0000017 and FAO_0000018 and FAO_0000019 and FAO_0000021)))"/>
            <Axiom axiom="FAO_0000013 SubClassOf FUNGAL_ANATOMY_ONTOLOGY_part_of some &#10;((FAO_0000001 and FAO_0000004 and FAO_0000010 and FAO_0000014 and FAO_0000052) and (FUNGAL_ANATOMY_ONTOLOGY_part_of some &#10;(FAO_0000001 and FAO_0000013 and FAO_0000017 and FAO_0000018 and FAO_0000019 and FAO_0000020)))"/>
         </Generalisation>
         <Generalisation axiom="FAO_0000030 SubClassOf ?FAO_0000001" count="1" instantiationStats="?FAO_0000001 count: 1">
            <Axiom axiom="FAO_0000030 SubClassOf FAO_0000001"/>
         </Generalisation>
         <Generalisation axiom="?cluster_2 SubClassOf FUNGAL_ANATOMY_ONTOLOGY_part_of some &#10;((?FAO_0000001_conjunction and ?cluster_2_conjunction) and (FUNGAL_ANATOMY_ONTOLOGY_part_of some &#10;((?cluster_2_conjunction) and (FUNGAL_ANATOMY_ONTOLOGY_part_of some &#10;(?FAO_0000001_conjunction)))))" count="1" instantiationStats="?FAO_0000001 count: 4; ?cluster_2 count: 9">
            <Axiom axiom="FAO_0001017 SubClassOf FUNGAL_ANATOMY_ONTOLOGY_part_of some &#10;((FAO_0000001 and FAO_0001001 and FAO_0001003 and FAO_0001004 and FAO_0001009 and FAO_0001013) and (FUNGAL_ANATOMY_ONTOLOGY_part_of some &#10;((FAO_0001011 and FAO_0001012 and FAO_0001015 and FAO_0001016 and FAO_0001017 and FAO_0001019) and (FUNGAL_ANATOMY_ONTOLOGY_part_of some &#10;(FAO_0000001 and FAO_0001001 and FAO_0001009 and FAO_0001018)))))"/>
         </Generalisation>
         <Generalisation axiom="FAO_0000056 SubClassOf ?FAO_0000001" count="2" instantiationStats="?FAO_0000001 count: 2">
            <Axiom axiom="FAO_0000056 SubClassOf FAO_0000001"/>
            <Axiom axiom="FAO_0000056 SubClassOf FAO_0000010"/>
         </Generalisation>
         <Generalisation axiom="FAO_0000041 SubClassOf ?FAO_0000001" count="1" instantiationStats="?FAO_0000001 count: 1">
            <Axiom axiom="FAO_0000041 SubClassOf FAO_0000001"/>
         </Generalisation>
         <Generalisation axiom="FAO_0000042 SubClassOf ?FAO_0000001" count="1" instantiationStats="?FAO_0000001 count: 1">
            <Axiom axiom="FAO_0000042 SubClassOf FAO_0000001"/>
         </Generalisation>
      </Generalisations>
   </Cluster>
   <Cluster size="4">
      <Item iri="http://purl.obolibrary.org/obo/FAO_0000020"/>
      <Item iri="http://purl.obolibrary.org/obo/FAO_0000019"/>
      <Item iri="http://purl.obolibrary.org/obo/FAO_0000017"/>
      <Item iri="http://purl.obolibrary.org/obo/FAO_0000018"/>
      <Generalisations>
         <Generalisation axiom="?cluster_2 SubClassOf FUNGAL_ANATOMY_ONTOLOGY_part_of some &#10;((?FAO_0000001_conjunction and ?cluster_2) and (FUNGAL_ANATOMY_ONTOLOGY_part_of some &#10;(?FAO_0000001 and ?FAO_0000018_conjunction and ?cluster_2_conjunction)))" count="2" instantiationStats="?FAO_0000018 count: 3; ?FAO_0000001 count: 3; ?cluster_2 count: 4">
            <Axiom axiom="FAO_0000022 SubClassOf FUNGAL_ANATOMY_ONTOLOGY_part_of some &#10;((FAO_0000001 and FAO_0000003 and FAO_0000010 and FAO_0000052) and (FUNGAL_ANATOMY_ONTOLOGY_part_of some &#10;(FAO_0000001 and FAO_0000017 and FAO_0000018 and FAO_0000019 and FAO_0000021 and FAO_0000022)))"/>
            <Axiom axiom="FAO_0000026 SubClassOf FUNGAL_ANATOMY_ONTOLOGY_part_of some &#10;((FAO_0000001 and FAO_0000003 and FAO_0000010 and FAO_0000052) and (FUNGAL_ANATOMY_ONTOLOGY_part_of some &#10;(FAO_0000001 and FAO_0000017 and FAO_0000018 and FAO_0000019 and FAO_0000021 and FAO_0000026)))"/>
         </Generalisation>
         <Generalisation axiom="FAO_0001022 SubClassOf ?FAO_0000018" count="1" instantiationStats="?FAO_0000018 count: 1">
            <Axiom axiom="FAO_0001022 SubClassOf FAO_0000018"/>
         </Generalisation>
         <Generalisation axiom="FAO_0000033 SubClassOf ?FAO_0000018" count="2" instantiationStats="?FAO_0000018 count: 2">
            <Axiom axiom="FAO_0000033 SubClassOf FAO_0000019"/>
            <Axiom axiom="FAO_0000033 SubClassOf FAO_0000018"/>
         </Generalisation>
         <Generalisation axiom="FAO_0000040 SubClassOf ?FAO_0000018" count="3" instantiationStats="?FAO_0000018 count: 3">
            <Axiom axiom="FAO_0000040 SubClassOf FAO_0000017"/>
            <Axiom axiom="FAO_0000040 SubClassOf FAO_0000019"/>
            <Axiom axiom="FAO_0000040 SubClassOf FAO_0000018"/>
         </Generalisation>
         <Generalisation axiom="FAO_0000029 SubClassOf ?FAO_0000018" count="2" instantiationStats="?FAO_0000018 count: 2">
            <Axiom axiom="FAO_0000029 SubClassOf FAO_0000019"/>
            <Axiom axiom="FAO_0000029 SubClassOf FAO_0000018"/>
         </Generalisation>
         <Generalisation axiom="FAO_0000024 SubClassOf ?FAO_0000018" count="2" instantiationStats="?FAO_0000018 count: 2">
            <Axiom axiom="FAO_0000024 SubClassOf FAO_0000019"/>
            <Axiom axiom="FAO_0000024 SubClassOf FAO_0000018"/>
         </Generalisation>
         <Generalisation axiom="FAO_0000041 SubClassOf ?FAO_0000018" count="2" instantiationStats="?FAO_0000018 count: 2">
            <Axiom axiom="FAO_0000041 SubClassOf FAO_0000019"/>
            <Axiom axiom="FAO_0000041 SubClassOf FAO_0000018"/>
         </Generalisation>
         <Generalisation axiom="FAO_0000055 SubClassOf ?FAO_0000018" count="2" instantiationStats="?FAO_0000018 count: 2">
            <Axiom axiom="FAO_0000055 SubClassOf FAO_0000018"/>
            <Axiom axiom="FAO_0000055 SubClassOf FAO_0000019"/>
         </Generalisation>
         <Generalisation axiom="?FAO_0000018 SubClassOf ?FAO_0000001" count="4" instantiationStats="?FAO_0000018 count: 4; ?FAO_0000001 count: 1">
            <Axiom axiom="FAO_0000019 SubClassOf FAO_0000001"/>
            <Axiom axiom="FAO_0000020 SubClassOf FAO_0000001"/>
            <Axiom axiom="FAO_0000018 SubClassOf FAO_0000001"/>
            <Axiom axiom="FAO_0000017 SubClassOf FAO_0000001"/>
         </Generalisation>
         <Generalisation axiom="FAO_0000025 SubClassOf ?FAO_0000018" count="2" instantiationStats="?FAO_0000018 count: 2">
            <Axiom axiom="FAO_0000025 SubClassOf FAO_0000018"/>
            <Axiom axiom="FAO_0000025 SubClassOf FAO_0000019"/>
         </Generalisation>
         <Generalisation axiom="?cluster_2 SubClassOf ?FAO_0000018" count="17" instantiationStats="?FAO_0000018 count: 4; ?cluster_2 count: 5">
            <Axiom axiom="FAO_0000026 SubClassOf FAO_0000017"/>
            <Axiom axiom="FAO_0000013 SubClassOf FAO_0000017"/>
            <Axiom axiom="FAO_0000026 SubClassOf FAO_0000019"/>
            <Axiom axiom="FAO_0000026 SubClassOf FAO_0000018"/>
            <Axiom axiom="FAO_0000022 SubClassOf FAO_0000017"/>
            <Axiom axiom="FAO_0000022 SubClassOf FAO_0000018"/>
            <Axiom axiom="FAO_0000022 SubClassOf FAO_0000019"/>
            <Axiom axiom="FAO_0000021 SubClassOf FAO_0000018"/>
            <Axiom axiom="FAO_0000021 SubClassOf FAO_0000017"/>
            <Axiom axiom="FAO_0000013 SubClassOf FAO_0000019"/>
            <Axiom axiom="FAO_0000013 SubClassOf FAO_0000018"/>
            <Axiom axiom="FAO_0000016 SubClassOf FAO_0000020"/>
            <Axiom axiom="FAO_0000013 SubClassOf FAO_0000020"/>
            <Axiom axiom="FAO_0000016 SubClassOf FAO_0000019"/>
            <Axiom axiom="FAO_0000021 SubClassOf FAO_0000019"/>
            <Axiom axiom="FAO_0000016 SubClassOf FAO_0000018"/>
            <Axiom axiom="FAO_0000016 SubClassOf FAO_0000017"/>
         </Generalisation>
         <Generalisation axiom="FAO_0000036 SubClassOf ?FAO_0000018" count="2" instantiationStats="?FAO_0000018 count: 2">
            <Axiom axiom="FAO_0000036 SubClassOf FAO_0000018"/>
            <Axiom axiom="FAO_0000036 SubClassOf FAO_0000019"/>
         </Generalisation>
         <Generalisation axiom="FAO_0001023 SubClassOf ?FAO_0000018" count="1" instantiationStats="?FAO_0000018 count: 1">
            <Axiom axiom="FAO_0001023 SubClassOf FAO_0000018"/>
         </Generalisation>
         <Generalisation axiom="FAO_0000035 SubClassOf ?FAO_0000018" count="2" instantiationStats="?FAO_0000018 count: 2">
            <Axiom axiom="FAO_0000035 SubClassOf FAO_0000019"/>
            <Axiom axiom="FAO_0000035 SubClassOf FAO_0000018"/>
         </Generalisation>
         <Generalisation axiom="FAO_0000054 SubClassOf ?FAO_0000018" count="2" instantiationStats="?FAO_0000018 count: 2">
            <Axiom axiom="FAO_0000054 SubClassOf FAO_0000018"/>
            <Axiom axiom="FAO_0000054 SubClassOf FAO_0000019"/>
         </Generalisation>
         <Generalisation axiom="FAO_0000042 SubClassOf ?FAO_0000018" count="2" instantiationStats="?FAO_0000018 count: 2">
            <Axiom axiom="FAO_0000042 SubClassOf FAO_0000018"/>
            <Axiom axiom="FAO_0000042 SubClassOf FAO_0000019"/>
         </Generalisation>
         <Generalisation axiom="FAO_0000023 SubClassOf ?FAO_0000018" count="2" instantiationStats="?FAO_0000018 count: 2">
            <Axiom axiom="FAO_0000023 SubClassOf FAO_0000018"/>
            <Axiom axiom="FAO_0000023 SubClassOf FAO_0000019"/>
         </Generalisation>
         <Generalisation axiom="FAO_0000038 SubClassOf ?FAO_0000018" count="2" instantiationStats="?FAO_0000018 count: 2">
            <Axiom axiom="FAO_0000038 SubClassOf FAO_0000019"/>
            <Axiom axiom="FAO_0000038 SubClassOf FAO_0000018"/>
         </Generalisation>
         <Generalisation axiom="FAO_0000031 SubClassOf ?FAO_0000018" count="2" instantiationStats="?FAO_0000018 count: 2">
            <Axiom axiom="FAO_0000031 SubClassOf FAO_0000018"/>
            <Axiom axiom="FAO_0000031 SubClassOf FAO_0000019"/>
         </Generalisation>
         <Generalisation axiom="FAO_0000027 SubClassOf ?FAO_0000018" count="2" instantiationStats="?FAO_0000018 count: 2">
            <Axiom axiom="FAO_0000027 SubClassOf FAO_0000018"/>
            <Axiom axiom="FAO_0000027 SubClassOf FAO_0000019"/>
         </Generalisation>
         <Generalisation axiom="?cluster_2 SubClassOf FUNGAL_ANATOMY_ONTOLOGY_part_of some &#10;((?FAO_0000001_conjunction and ?cluster_2) and (FUNGAL_ANATOMY_ONTOLOGY_part_of some &#10;(?FAO_0000001 and ?FAO_0000018_conjunction and ?cluster_2)))" count="2" instantiationStats="?FAO_0000018 count: 4; ?FAO_0000001 count: 4; ?cluster_2 count: 4">
            <Axiom axiom="FAO_0000021 SubClassOf FUNGAL_ANATOMY_ONTOLOGY_part_of some &#10;((FAO_0000001 and FAO_0000003 and FAO_0000010 and FAO_0000052) and (FUNGAL_ANATOMY_ONTOLOGY_part_of some &#10;(FAO_0000001 and FAO_0000017 and FAO_0000018 and FAO_0000019 and FAO_0000021)))"/>
            <Axiom axiom="FAO_0000013 SubClassOf FUNGAL_ANATOMY_ONTOLOGY_part_of some &#10;((FAO_0000001 and FAO_0000004 and FAO_0000010 and FAO_0000014 and FAO_0000052) and (FUNGAL_ANATOMY_ONTOLOGY_part_of some &#10;(FAO_0000001 and FAO_0000013 and FAO_0000017 and FAO_0000018 and FAO_0000019 and FAO_0000020)))"/>
         </Generalisation>
         <Generalisation axiom="FAO_0000037 SubClassOf ?FAO_0000018" count="2" instantiationStats="?FAO_0000018 count: 2">
            <Axiom axiom="FAO_0000037 SubClassOf FAO_0000018"/>
            <Axiom axiom="FAO_0000037 SubClassOf FAO_0000019"/>
         </Generalisation>
         <Generalisation axiom="FAO_0000030 SubClassOf ?FAO_0000018" count="2" instantiationStats="?FAO_0000018 count: 2">
            <Axiom axiom="FAO_0000030 SubClassOf FAO_0000019"/>
            <Axiom axiom="FAO_0000030 SubClassOf FAO_0000018"/>
         </Generalisation>
         <Generalisation axiom="FAO_0000032 SubClassOf ?FAO_0000018" count="1" instantiationStats="?FAO_0000018 count: 1">
            <Axiom axiom="FAO_0000032 SubClassOf FAO_0000018"/>
         </Generalisation>
         <Generalisation axiom="FAO_0000028 SubClassOf ?FAO_0000018" count="2" instantiationStats="?FAO_0000018 count: 2">
            <Axiom axiom="FAO_0000028 SubClassOf FAO_0000019"/>
            <Axiom axiom="FAO_0000028 SubClassOf FAO_0000018"/>
         </Generalisation>
         <Generalisation axiom="FAO_0000039 SubClassOf ?FAO_0000018" count="2" instantiationStats="?FAO_0000018 count: 2">
            <Axiom axiom="FAO_0000039 SubClassOf FAO_0000019"/>
            <Axiom axiom="FAO_0000039 SubClassOf FAO_0000018"/>
         </Generalisation>
         <Generalisation axiom="?FAO_0000018 SubClassOf ?FAO_0000018" count="6" instantiationStats="?FAO_0000018 count: 4">
            <Axiom axiom="FAO_0000019 SubClassOf FAO_0000018"/>
            <Axiom axiom="FAO_0000017 SubClassOf FAO_0000018"/>
            <Axiom axiom="FAO_0000020 SubClassOf FAO_0000019"/>
            <Axiom axiom="FAO_0000020 SubClassOf FAO_0000018"/>
            <Axiom axiom="FAO_0000020 SubClassOf FAO_0000017"/>
            <Axiom axiom="FAO_0000017 SubClassOf FAO_0000019"/>
         </Generalisation>
      </Generalisations>
   </Cluster>
   <Cluster size="2">
      <Item iri="http://purl.obolibrary.org/obo/FAO_0000048"/>
      <Item iri="http://purl.obolibrary.org/obo/FAO_0000043"/>
      <Generalisations>
         <Generalisation axiom="?cluster_2 SubClassOf FUNGAL_ANATOMY_ONTOLOGY_part_of some &#10;(?cluster_1 and (FUNGAL_ANATOMY_ONTOLOGY_develops_from some &#10;(?FAO_0000001_conjunction)))" count="5" instantiationStats="?FAO_0000001 count: 2; ?cluster_2 count: 5; ?cluster_1 count: 1">
            <Axiom axiom="FAO_0000050 SubClassOf FUNGAL_ANATOMY_ONTOLOGY_part_of some &#10;(FAO_0000043 and (FUNGAL_ANATOMY_ONTOLOGY_develops_from some &#10;(FAO_0000001 and FAO_0001001)))"/>
            <Axiom axiom="FAO_0000045 SubClassOf FUNGAL_ANATOMY_ONTOLOGY_part_of some &#10;(FAO_0000043 and (FUNGAL_ANATOMY_ONTOLOGY_develops_from some &#10;(FAO_0000001 and FAO_0001001)))"/>
            <Axiom axiom="FAO_0000044 SubClassOf FUNGAL_ANATOMY_ONTOLOGY_part_of some &#10;(FAO_0000043 and (FUNGAL_ANATOMY_ONTOLOGY_develops_from some &#10;(FAO_0000001 and FAO_0001001)))"/>
            <Axiom axiom="FAO_0000049 SubClassOf FUNGAL_ANATOMY_ONTOLOGY_part_of some &#10;(FAO_0000043 and (FUNGAL_ANATOMY_ONTOLOGY_develops_from some &#10;(FAO_0000001 and FAO_0001001)))"/>
            <Axiom axiom="FAO_0000046 SubClassOf FUNGAL_ANATOMY_ONTOLOGY_part_of some &#10;(FAO_0000043 and (FUNGAL_ANATOMY_ONTOLOGY_develops_from some &#10;(FAO_0000001 and FAO_0001001)))"/>
         </Generalisation>
         <Generalisation axiom="?cluster_1 SubClassOf FUNGAL_ANATOMY_ONTOLOGY_develops_from some &#10;(?FAO_0000001_conjunction)" count="2" instantiationStats="?FAO_0000001 count: 2; ?cluster_1 count: 2">
            <Axiom axiom="FAO_0000043 SubClassOf FUNGAL_ANATOMY_ONTOLOGY_develops_from some &#10;(FAO_0000001 and FAO_0001001)"/>
            <Axiom axiom="FAO_0000048 SubClassOf FUNGAL_ANATOMY_ONTOLOGY_develops_from some &#10;(FAO_0000001 and FAO_0001001)"/>
         </Generalisation>
         <Generalisation axiom="?cluster_1 SubClassOf FUNGAL_ANATOMY_ONTOLOGY_develops_from some Thing" count="2" instantiationStats="?cluster_1 count: 2">
            <Axiom axiom="FAO_0000048 SubClassOf FUNGAL_ANATOMY_ONTOLOGY_develops_from some Thing"/>
            <Axiom axiom="FAO_0000043 SubClassOf FUNGAL_ANATOMY_ONTOLOGY_develops_from some Thing"/>
         </Generalisation>
      </Generalisations>
   </Cluster>
</Clusters>
