<?xml version="1.0" encoding="UTF-8" standalone="no"?>
<Clusters>
   <Cluster size="7">
      <Item iri="http://purl.obolibrary.org/obo/CARO_0000000"/>
      <Item iri="http://purl.obolibrary.org/obo/CARO_0000013"/>
      <Item iri="http://purl.obolibrary.org/obo/CARO_0000024"/>
      <Item iri="http://purl.obolibrary.org/obo/CARO_0001001"/>
      <Item iri="http://purl.obolibrary.org/obo/CARO_0001000"/>
      <Item iri="http://purl.obolibrary.org/obo/CARO_0000003"/>
      <Item iri="http://purl.obolibrary.org/obo/CARO_0000006"/>
      <Generalisations>
         <Generalisation axiom="CARO_0000005 SubClassOf ?cluster_1" count="1" instantiationStats="?cluster_1 count: 1">
            <Axiom axiom="CARO_0000005 SubClassOf CARO_0000000"/>
         </Generalisation>
         <Generalisation axiom="CARO_0000021 SubClassOf ?cluster_1" count="3" instantiationStats="?cluster_1 count: 3">
            <Axiom axiom="CARO_0000021 SubClassOf CARO_0000000"/>
            <Axiom axiom="CARO_0000021 SubClassOf CARO_0000003"/>
            <Axiom axiom="CARO_0000021 SubClassOf CARO_0000006"/>
         </Generalisation>
         <Generalisation axiom="CARO_0000073 SubClassOf ?cluster_1" count="3" instantiationStats="?cluster_1 count: 3">
            <Axiom axiom="CARO_0000073 SubClassOf CARO_0000003"/>
            <Axiom axiom="CARO_0000073 SubClassOf CARO_0000000"/>
            <Axiom axiom="CARO_0000073 SubClassOf CARO_0000006"/>
         </Generalisation>
         <Generalisation axiom="CARO_0000042 SubClassOf ?cluster_1" count="3" instantiationStats="?cluster_1 count: 3">
            <Axiom axiom="CARO_0000042 SubClassOf CARO_0000006"/>
            <Axiom axiom="CARO_0000042 SubClassOf CARO_0000003"/>
            <Axiom axiom="CARO_0000042 SubClassOf CARO_0000000"/>
         </Generalisation>
         <Generalisation axiom="CARO_0000007 SubClassOf ?cluster_1" count="1" instantiationStats="?cluster_1 count: 1">
            <Axiom axiom="CARO_0000007 SubClassOf CARO_0000000"/>
         </Generalisation>
         <Generalisation axiom="CARO_0000071 SubClassOf ?cluster_1" count="3" instantiationStats="?cluster_1 count: 3">
            <Axiom axiom="CARO_0000071 SubClassOf CARO_0000000"/>
            <Axiom axiom="CARO_0000071 SubClassOf CARO_0000003"/>
            <Axiom axiom="CARO_0000071 SubClassOf CARO_0000006"/>
         </Generalisation>
         <Generalisation axiom="CARO_0000055 SubClassOf ?cluster_1" count="3" instantiationStats="?cluster_1 count: 3">
            <Axiom axiom="CARO_0000055 SubClassOf CARO_0000006"/>
            <Axiom axiom="CARO_0000055 SubClassOf CARO_0000000"/>
            <Axiom axiom="CARO_0000055 SubClassOf CARO_0000003"/>
         </Generalisation>
         <Generalisation axiom="CARO_0000010 SubClassOf ?cluster_1" count="1" instantiationStats="?cluster_1 count: 1">
            <Axiom axiom="CARO_0000010 SubClassOf CARO_0000000"/>
         </Generalisation>
         <Generalisation axiom="?cluster_1 SubClassOf ?cluster_1" count="16" instantiationStats="?cluster_1 count: 7">
            <Axiom axiom="CARO_0001001 SubClassOf CARO_0001000"/>
            <Axiom axiom="CARO_0001000 SubClassOf CARO_0000006"/>
            <Axiom axiom="CARO_0001001 SubClassOf CARO_0000003"/>
            <Axiom axiom="CARO_0000024 SubClassOf CARO_0000006"/>
            <Axiom axiom="CARO_0000024 SubClassOf CARO_0000003"/>
            <Axiom axiom="CARO_0000003 SubClassOf CARO_0000006"/>
            <Axiom axiom="CARO_0000013 SubClassOf CARO_0000000"/>
            <Axiom axiom="CARO_0000024 SubClassOf CARO_0000000"/>
            <Axiom axiom="CARO_0001001 SubClassOf CARO_0000000"/>
            <Axiom axiom="CARO_0001000 SubClassOf CARO_0000003"/>
            <Axiom axiom="CARO_0000013 SubClassOf CARO_0000003"/>
            <Axiom axiom="CARO_0000006 SubClassOf CARO_0000000"/>
            <Axiom axiom="CARO_0000003 SubClassOf CARO_0000000"/>
            <Axiom axiom="CARO_0001000 SubClassOf CARO_0000000"/>
            <Axiom axiom="CARO_0001001 SubClassOf CARO_0000006"/>
            <Axiom axiom="CARO_0000013 SubClassOf CARO_0000006"/>
         </Generalisation>
         <Generalisation axiom="CARO_0000063 SubClassOf ?cluster_1" count="2" instantiationStats="?cluster_1 count: 2">
            <Axiom axiom="CARO_0000063 SubClassOf CARO_0000006"/>
            <Axiom axiom="CARO_0000063 SubClassOf CARO_0000000"/>
         </Generalisation>
         <Generalisation axiom="CARO_0000065 SubClassOf ?cluster_1" count="3" instantiationStats="?cluster_1 count: 3">
            <Axiom axiom="CARO_0000065 SubClassOf CARO_0000000"/>
            <Axiom axiom="CARO_0000065 SubClassOf CARO_0000003"/>
            <Axiom axiom="CARO_0000065 SubClassOf CARO_0000006"/>
         </Generalisation>
         <Generalisation axiom="CARO_0000066 SubClassOf ?cluster_1" count="3" instantiationStats="?cluster_1 count: 3">
            <Axiom axiom="CARO_0000066 SubClassOf CARO_0000003"/>
            <Axiom axiom="CARO_0000066 SubClassOf CARO_0000006"/>
            <Axiom axiom="CARO_0000066 SubClassOf CARO_0000000"/>
         </Generalisation>
         <Generalisation axiom="?CARO_0000003 SubClassOf ?cluster_1" count="14" instantiationStats="?CARO_0000003 count: 4; ?cluster_1 count: 4">
            <Axiom axiom="CARO_0001500 SubClassOf CARO_0000003"/>
            <Axiom axiom="CARO_0000019 SubClassOf CARO_0000000"/>
            <Axiom axiom="CARO_0000014 SubClassOf CARO_0000003"/>
            <Axiom axiom="CARO_0001501 SubClassOf CARO_0000000"/>
            <Axiom axiom="CARO_0000019 SubClassOf CARO_0000003"/>
            <Axiom axiom="CARO_0000014 SubClassOf CARO_0000000"/>
            <Axiom axiom="CARO_0001500 SubClassOf CARO_0000006"/>
            <Axiom axiom="CARO_0001501 SubClassOf CARO_0000003"/>
            <Axiom axiom="CARO_0001501 SubClassOf CARO_0000006"/>
            <Axiom axiom="CARO_0001501 SubClassOf CARO_0001000"/>
            <Axiom axiom="CARO_0000019 SubClassOf CARO_0000006"/>
            <Axiom axiom="CARO_0001500 SubClassOf CARO_0001000"/>
            <Axiom axiom="CARO_0000014 SubClassOf CARO_0000006"/>
            <Axiom axiom="CARO_0001500 SubClassOf CARO_0000000"/>
         </Generalisation>
         <Generalisation axiom="CARO_0000041 SubClassOf ?cluster_1" count="3" instantiationStats="?cluster_1 count: 3">
            <Axiom axiom="CARO_0000041 SubClassOf CARO_0000003"/>
            <Axiom axiom="CARO_0000041 SubClassOf CARO_0000000"/>
            <Axiom axiom="CARO_0000041 SubClassOf CARO_0000006"/>
         </Generalisation>
         <Generalisation axiom="CARO_0000045 SubClassOf ?cluster_1" count="3" instantiationStats="?cluster_1 count: 3">
            <Axiom axiom="CARO_0000045 SubClassOf CARO_0000003"/>
            <Axiom axiom="CARO_0000045 SubClassOf CARO_0000006"/>
            <Axiom axiom="CARO_0000045 SubClassOf CARO_0000000"/>
         </Generalisation>
         <Generalisation axiom="CARO_0000050 SubClassOf ?cluster_1" count="3" instantiationStats="?cluster_1 count: 3">
            <Axiom axiom="CARO_0000050 SubClassOf CARO_0000003"/>
            <Axiom axiom="CARO_0000050 SubClassOf CARO_0000000"/>
            <Axiom axiom="CARO_0000050 SubClassOf CARO_0000006"/>
         </Generalisation>
         <Generalisation axiom="CARO_0000032 SubClassOf ?cluster_1" count="3" instantiationStats="?cluster_1 count: 3">
            <Axiom axiom="CARO_0000032 SubClassOf CARO_0000000"/>
            <Axiom axiom="CARO_0000032 SubClassOf CARO_0000006"/>
            <Axiom axiom="CARO_0000032 SubClassOf CARO_0000003"/>
         </Generalisation>
         <Generalisation axiom="CARO_0000070 SubClassOf ?cluster_1" count="3" instantiationStats="?cluster_1 count: 3">
            <Axiom axiom="CARO_0000070 SubClassOf CARO_0000000"/>
            <Axiom axiom="CARO_0000070 SubClassOf CARO_0000003"/>
            <Axiom axiom="CARO_0000070 SubClassOf CARO_0000006"/>
         </Generalisation>
         <Generalisation axiom="?CARO_0000003 SubClassOf CARO_part_of some &#10;(?cluster_1_conjunction)" count="4" instantiationStats="?CARO_0000003 count: 4; ?cluster_1 count: 7">
            <Axiom axiom="CARO_0000014 SubClassOf CARO_part_of some &#10;(CARO_0000000 and CARO_0000003 and CARO_0000006 and CARO_0000013)"/>
            <Axiom axiom="CARO_0000019 SubClassOf CARO_part_of some &#10;(CARO_0000000 and CARO_0000003 and CARO_0000006 and CARO_0000024)"/>
            <Axiom axiom="CARO_0001501 SubClassOf CARO_part_of some &#10;(CARO_0000000 and CARO_0000003 and CARO_0000006 and CARO_0001000 and CARO_0001001)"/>
            <Axiom axiom="CARO_0001500 SubClassOf CARO_part_of some &#10;(CARO_0000000 and CARO_0000003 and CARO_0000006 and CARO_0001000 and CARO_0001001)"/>
         </Generalisation>
         <Generalisation axiom="CARO_0000043 SubClassOf ?cluster_1" count="3" instantiationStats="?cluster_1 count: 3">
            <Axiom axiom="CARO_0000043 SubClassOf CARO_0000000"/>
            <Axiom axiom="CARO_0000043 SubClassOf CARO_0000003"/>
            <Axiom axiom="CARO_0000043 SubClassOf CARO_0000006"/>
         </Generalisation>
         <Generalisation axiom="CARO_0000072 SubClassOf ?cluster_1" count="4" instantiationStats="?cluster_1 count: 4">
            <Axiom axiom="CARO_0000072 SubClassOf CARO_0000000"/>
            <Axiom axiom="CARO_0000072 SubClassOf CARO_0000024"/>
            <Axiom axiom="CARO_0000072 SubClassOf CARO_0000003"/>
            <Axiom axiom="CARO_0000072 SubClassOf CARO_0000006"/>
         </Generalisation>
         <Generalisation axiom="CARO_0000028 SubClassOf ?cluster_1" count="3" instantiationStats="?cluster_1 count: 3">
            <Axiom axiom="CARO_0000028 SubClassOf CARO_0000003"/>
            <Axiom axiom="CARO_0000028 SubClassOf CARO_0000000"/>
            <Axiom axiom="CARO_0000028 SubClassOf CARO_0000006"/>
         </Generalisation>
         <Generalisation axiom="CARO_0000030 SubClassOf ?cluster_1" count="3" instantiationStats="?cluster_1 count: 3">
            <Axiom axiom="CARO_0000030 SubClassOf CARO_0000006"/>
            <Axiom axiom="CARO_0000030 SubClassOf CARO_0000003"/>
            <Axiom axiom="CARO_0000030 SubClassOf CARO_0000000"/>
         </Generalisation>
         <Generalisation axiom="CARO_0000074 SubClassOf ?cluster_1" count="4" instantiationStats="?cluster_1 count: 4">
            <Axiom axiom="CARO_0000074 SubClassOf CARO_0000006"/>
            <Axiom axiom="CARO_0000074 SubClassOf CARO_0000024"/>
            <Axiom axiom="CARO_0000074 SubClassOf CARO_0000003"/>
            <Axiom axiom="CARO_0000074 SubClassOf CARO_0000000"/>
         </Generalisation>
         <Generalisation axiom="CARO_0000064 SubClassOf ?cluster_1" count="4" instantiationStats="?cluster_1 count: 4">
            <Axiom axiom="CARO_0000064 SubClassOf CARO_0000013"/>
            <Axiom axiom="CARO_0000064 SubClassOf CARO_0000006"/>
            <Axiom axiom="CARO_0000064 SubClassOf CARO_0000003"/>
            <Axiom axiom="CARO_0000064 SubClassOf CARO_0000000"/>
         </Generalisation>
         <Generalisation axiom="CARO_0000009 SubClassOf ?cluster_1" count="1" instantiationStats="?cluster_1 count: 1">
            <Axiom axiom="CARO_0000009 SubClassOf CARO_0000000"/>
         </Generalisation>
         <Generalisation axiom="CARO_0000069 SubClassOf ?cluster_1" count="3" instantiationStats="?cluster_1 count: 3">
            <Axiom axiom="CARO_0000069 SubClassOf CARO_0000000"/>
            <Axiom axiom="CARO_0000069 SubClassOf CARO_0000003"/>
            <Axiom axiom="CARO_0000069 SubClassOf CARO_0000006"/>
         </Generalisation>
         <Generalisation axiom="CARO_0000062 SubClassOf ?cluster_1" count="1" instantiationStats="?cluster_1 count: 1">
            <Axiom axiom="CARO_0000062 SubClassOf CARO_0000000"/>
         </Generalisation>
         <Generalisation axiom="CARO_0000027 SubClassOf ?cluster_1" count="3" instantiationStats="?cluster_1 count: 3">
            <Axiom axiom="CARO_0000027 SubClassOf CARO_0000003"/>
            <Axiom axiom="CARO_0000027 SubClassOf CARO_0000006"/>
            <Axiom axiom="CARO_0000027 SubClassOf CARO_0000000"/>
         </Generalisation>
         <Generalisation axiom="CARO_0000046 SubClassOf ?cluster_1" count="3" instantiationStats="?cluster_1 count: 3">
            <Axiom axiom="CARO_0000046 SubClassOf CARO_0000006"/>
            <Axiom axiom="CARO_0000046 SubClassOf CARO_0000000"/>
            <Axiom axiom="CARO_0000046 SubClassOf CARO_0000003"/>
         </Generalisation>
         <Generalisation axiom="CARO_0000029 SubClassOf ?cluster_1" count="3" instantiationStats="?cluster_1 count: 3">
            <Axiom axiom="CARO_0000029 SubClassOf CARO_0000003"/>
            <Axiom axiom="CARO_0000029 SubClassOf CARO_0000006"/>
            <Axiom axiom="CARO_0000029 SubClassOf CARO_0000000"/>
         </Generalisation>
         <Generalisation axiom="CARO_0000004 SubClassOf ?cluster_1" count="2" instantiationStats="?cluster_1 count: 2">
            <Axiom axiom="CARO_0000004 SubClassOf CARO_0000000"/>
            <Axiom axiom="CARO_0000004 SubClassOf CARO_0000006"/>
         </Generalisation>
         <Generalisation axiom="CARO_0000049 SubClassOf ?cluster_1" count="3" instantiationStats="?cluster_1 count: 3">
            <Axiom axiom="CARO_0000049 SubClassOf CARO_0000000"/>
            <Axiom axiom="CARO_0000049 SubClassOf CARO_0000003"/>
            <Axiom axiom="CARO_0000049 SubClassOf CARO_0000006"/>
         </Generalisation>
         <Generalisation axiom="CARO_0000008 SubClassOf ?cluster_1" count="1" instantiationStats="?cluster_1 count: 1">
            <Axiom axiom="CARO_0000008 SubClassOf CARO_0000000"/>
         </Generalisation>
         <Generalisation axiom="CARO_0000077 SubClassOf ?cluster_1" count="4" instantiationStats="?cluster_1 count: 4">
            <Axiom axiom="CARO_0000077 SubClassOf CARO_0000003"/>
            <Axiom axiom="CARO_0000077 SubClassOf CARO_0000013"/>
            <Axiom axiom="CARO_0000077 SubClassOf CARO_0000006"/>
            <Axiom axiom="CARO_0000077 SubClassOf CARO_0000000"/>
         </Generalisation>
         <Generalisation axiom="CARO_0000040 SubClassOf ?cluster_1" count="3" instantiationStats="?cluster_1 count: 3">
            <Axiom axiom="CARO_0000040 SubClassOf CARO_0000000"/>
            <Axiom axiom="CARO_0000040 SubClassOf CARO_0000006"/>
            <Axiom axiom="CARO_0000040 SubClassOf CARO_0000003"/>
         </Generalisation>
         <Generalisation axiom="CARO_0000054 SubClassOf ?cluster_1" count="3" instantiationStats="?cluster_1 count: 3">
            <Axiom axiom="CARO_0000054 SubClassOf CARO_0000006"/>
            <Axiom axiom="CARO_0000054 SubClassOf CARO_0000003"/>
            <Axiom axiom="CARO_0000054 SubClassOf CARO_0000000"/>
         </Generalisation>
         <Generalisation axiom="CARO_0000068 SubClassOf ?cluster_1" count="3" instantiationStats="?cluster_1 count: 3">
            <Axiom axiom="CARO_0000068 SubClassOf CARO_0000003"/>
            <Axiom axiom="CARO_0000068 SubClassOf CARO_0000006"/>
            <Axiom axiom="CARO_0000068 SubClassOf CARO_0000000"/>
         </Generalisation>
         <Generalisation axiom="CARO_0000011 SubClassOf ?cluster_1" count="3" instantiationStats="?cluster_1 count: 3">
            <Axiom axiom="CARO_0000011 SubClassOf CARO_0000006"/>
            <Axiom axiom="CARO_0000011 SubClassOf CARO_0000003"/>
            <Axiom axiom="CARO_0000011 SubClassOf CARO_0000000"/>
         </Generalisation>
         <Generalisation axiom="CARO_0000012 SubClassOf ?cluster_1" count="3" instantiationStats="?cluster_1 count: 3">
            <Axiom axiom="CARO_0000012 SubClassOf CARO_0000006"/>
            <Axiom axiom="CARO_0000012 SubClassOf CARO_0000000"/>
            <Axiom axiom="CARO_0000012 SubClassOf CARO_0000003"/>
         </Generalisation>
         <Generalisation axiom="CARO_0000067 SubClassOf ?cluster_1" count="3" instantiationStats="?cluster_1 count: 3">
            <Axiom axiom="CARO_0000067 SubClassOf CARO_0000003"/>
            <Axiom axiom="CARO_0000067 SubClassOf CARO_0000000"/>
            <Axiom axiom="CARO_0000067 SubClassOf CARO_0000006"/>
         </Generalisation>
         <Generalisation axiom="CARO_0000048 SubClassOf ?cluster_1" count="3" instantiationStats="?cluster_1 count: 3">
            <Axiom axiom="CARO_0000048 SubClassOf CARO_0000003"/>
            <Axiom axiom="CARO_0000048 SubClassOf CARO_0000000"/>
            <Axiom axiom="CARO_0000048 SubClassOf CARO_0000006"/>
         </Generalisation>
      </Generalisations>
   </Cluster>
   <Cluster size="4">
      <Item iri="http://purl.obolibrary.org/obo/CARO_0001501"/>
      <Item iri="http://purl.obolibrary.org/obo/CARO_0001500"/>
      <Item iri="http://purl.obolibrary.org/obo/CARO_0000014"/>
      <Item iri="http://purl.obolibrary.org/obo/CARO_0000019"/>
      <Generalisations>
         <Generalisation axiom="?CARO_0000003 SubClassOf ?cluster_1" count="14" instantiationStats="?CARO_0000003 count: 4; ?cluster_1 count: 4">
            <Axiom axiom="CARO_0001500 SubClassOf CARO_0000003"/>
            <Axiom axiom="CARO_0000019 SubClassOf CARO_0000000"/>
            <Axiom axiom="CARO_0000014 SubClassOf CARO_0000003"/>
            <Axiom axiom="CARO_0001501 SubClassOf CARO_0000000"/>
            <Axiom axiom="CARO_0000019 SubClassOf CARO_0000003"/>
            <Axiom axiom="CARO_0000014 SubClassOf CARO_0000000"/>
            <Axiom axiom="CARO_0001500 SubClassOf CARO_0000006"/>
            <Axiom axiom="CARO_0001501 SubClassOf CARO_0000003"/>
            <Axiom axiom="CARO_0001501 SubClassOf CARO_0000006"/>
            <Axiom axiom="CARO_0001501 SubClassOf CARO_0001000"/>
            <Axiom axiom="CARO_0000019 SubClassOf CARO_0000006"/>
            <Axiom axiom="CARO_0001500 SubClassOf CARO_0001000"/>
            <Axiom axiom="CARO_0000014 SubClassOf CARO_0000006"/>
            <Axiom axiom="CARO_0001500 SubClassOf CARO_0000000"/>
         </Generalisation>
         <Generalisation axiom="?CARO_0000003 SubClassOf CARO_part_of some &#10;(?cluster_1_conjunction)" count="4" instantiationStats="?CARO_0000003 count: 4; ?cluster_1 count: 7">
            <Axiom axiom="CARO_0000014 SubClassOf CARO_part_of some &#10;(CARO_0000000 and CARO_0000003 and CARO_0000006 and CARO_0000013)"/>
            <Axiom axiom="CARO_0000019 SubClassOf CARO_part_of some &#10;(CARO_0000000 and CARO_0000003 and CARO_0000006 and CARO_0000024)"/>
            <Axiom axiom="CARO_0001501 SubClassOf CARO_part_of some &#10;(CARO_0000000 and CARO_0000003 and CARO_0000006 and CARO_0001000 and CARO_0001001)"/>
            <Axiom axiom="CARO_0001500 SubClassOf CARO_part_of some &#10;(CARO_0000000 and CARO_0000003 and CARO_0000006 and CARO_0001000 and CARO_0001001)"/>
         </Generalisation>
         <Generalisation axiom="?CARO_0000003 SubClassOf CARO_0000055" count="1" instantiationStats="?CARO_0000003 count: 1">
            <Axiom axiom="CARO_0000019 SubClassOf CARO_0000055"/>
         </Generalisation>
         <Generalisation axiom="?CARO_0000003 SubClassOf CARO_part_of some Thing" count="4" instantiationStats="?CARO_0000003 count: 4">
            <Axiom axiom="CARO_0000014 SubClassOf CARO_part_of some Thing"/>
            <Axiom axiom="CARO_0001501 SubClassOf CARO_part_of some Thing"/>
            <Axiom axiom="CARO_0001500 SubClassOf CARO_part_of some Thing"/>
            <Axiom axiom="CARO_0000019 SubClassOf CARO_part_of some Thing"/>
         </Generalisation>
      </Generalisations>
   </Cluster>
</Clusters>
