<?xml version="1.0" encoding="UTF-8" standalone="no"?>
<Clusters>
   <Cluster size="7">
      <Item iri="http://purl.obolibrary.org/obo/GRO_0007012"/>
      <Item iri="http://purl.obolibrary.org/obo/GRO_0007199"/>
      <Item iri="http://purl.obolibrary.org/obo/GRO_0007016"/>
      <Item iri="http://purl.obolibrary.org/obo/GRO_0007140"/>
      <Item iri="http://purl.obolibrary.org/obo/GRO_0007040"/>
      <Item iri="http://purl.obolibrary.org/obo/GRO_0007002"/>
      <Item iri="http://purl.obolibrary.org/obo/GRO_0007001"/>
      <Generalisations>
         <Generalisation axiom="GRO_0007168 SubClassOf ?cluster_1" count="2" instantiationStats="?cluster_1 count: 2">
            <Axiom axiom="GRO_0007168 SubClassOf GRO_0007040"/>
            <Axiom axiom="GRO_0007168 SubClassOf GRO_0007199"/>
         </Generalisation>
         <Generalisation axiom="GRO_0007211 SubClassOf ?cluster_1" count="2" instantiationStats="?cluster_1 count: 2">
            <Axiom axiom="GRO_0007211 SubClassOf GRO_0007040"/>
            <Axiom axiom="GRO_0007211 SubClassOf GRO_0007199"/>
         </Generalisation>
         <Generalisation axiom="GRO_0007105 SubClassOf ?cluster_1" count="1" instantiationStats="?cluster_1 count: 1">
            <Axiom axiom="GRO_0007105 SubClassOf GRO_0007199"/>
         </Generalisation>
         <Generalisation axiom="GRO_0007007 SubClassOf ?cluster_1" count="2" instantiationStats="?cluster_1 count: 2">
            <Axiom axiom="GRO_0007007 SubClassOf GRO_0007002"/>
            <Axiom axiom="GRO_0007007 SubClassOf GRO_0007199"/>
         </Generalisation>
         <Generalisation axiom="GRO_0007015 SubClassOf ?cluster_1" count="3" instantiationStats="?cluster_1 count: 3">
            <Axiom axiom="GRO_0007015 SubClassOf GRO_0007199"/>
            <Axiom axiom="GRO_0007015 SubClassOf GRO_0007002"/>
            <Axiom axiom="GRO_0007015 SubClassOf GRO_0007012"/>
         </Generalisation>
         <Generalisation axiom="GRO_0007084 SubClassOf ?cluster_1" count="1" instantiationStats="?cluster_1 count: 1">
            <Axiom axiom="GRO_0007084 SubClassOf GRO_0007199"/>
         </Generalisation>
         <Generalisation axiom="GRO_0007226 SubClassOf ?cluster_1" count="2" instantiationStats="?cluster_1 count: 2">
            <Axiom axiom="GRO_0007226 SubClassOf GRO_0007199"/>
            <Axiom axiom="GRO_0007226 SubClassOf GRO_0007040"/>
         </Generalisation>
         <Generalisation axiom="GRO_0007062 SubClassOf ?cluster_1" count="1" instantiationStats="?cluster_1 count: 1">
            <Axiom axiom="GRO_0007062 SubClassOf GRO_0007199"/>
         </Generalisation>
         <Generalisation axiom="GRO_0007063 SubClassOf ?cluster_1" count="1" instantiationStats="?cluster_1 count: 1">
            <Axiom axiom="GRO_0007063 SubClassOf GRO_0007199"/>
         </Generalisation>
         <Generalisation axiom="GRO_0007078 SubClassOf ?cluster_1" count="1" instantiationStats="?cluster_1 count: 1">
            <Axiom axiom="GRO_0007078 SubClassOf GRO_0007199"/>
         </Generalisation>
         <Generalisation axiom="GRO_0007153 SubClassOf ?cluster_1" count="1" instantiationStats="?cluster_1 count: 1">
            <Axiom axiom="GRO_0007153 SubClassOf GRO_0007199"/>
         </Generalisation>
         <Generalisation axiom="GRO_0007134 SubClassOf ?cluster_1" count="1" instantiationStats="?cluster_1 count: 1">
            <Axiom axiom="GRO_0007134 SubClassOf GRO_0007199"/>
         </Generalisation>
         <Generalisation axiom="GRO_0007000 SubClassOf ?cluster_1" count="3" instantiationStats="?cluster_1 count: 3">
            <Axiom axiom="GRO_0007000 SubClassOf GRO_0007001"/>
            <Axiom axiom="GRO_0007000 SubClassOf GRO_0007040"/>
            <Axiom axiom="GRO_0007000 SubClassOf GRO_0007199"/>
         </Generalisation>
         <Generalisation axiom="GRO_0007055 SubClassOf ?cluster_1" count="1" instantiationStats="?cluster_1 count: 1">
            <Axiom axiom="GRO_0007055 SubClassOf GRO_0007199"/>
         </Generalisation>
         <Generalisation axiom="GRO_0007127 SubClassOf ?cluster_1" count="1" instantiationStats="?cluster_1 count: 1">
            <Axiom axiom="GRO_0007127 SubClassOf GRO_0007199"/>
         </Generalisation>
         <Generalisation axiom="GRO_0007011 SubClassOf ?cluster_1" count="2" instantiationStats="?cluster_1 count: 2">
            <Axiom axiom="GRO_0007011 SubClassOf GRO_0007002"/>
            <Axiom axiom="GRO_0007011 SubClassOf GRO_0007199"/>
         </Generalisation>
         <Generalisation axiom="GRO_0007198 SubClassOf ?cluster_1" count="2" instantiationStats="?cluster_1 count: 2">
            <Axiom axiom="GRO_0007198 SubClassOf GRO_0007199"/>
            <Axiom axiom="GRO_0007198 SubClassOf GRO_0007040"/>
         </Generalisation>
         <Generalisation axiom="GRO_0007129 SubClassOf ?cluster_1" count="1" instantiationStats="?cluster_1 count: 1">
            <Axiom axiom="GRO_0007129 SubClassOf GRO_0007199"/>
         </Generalisation>
         <Generalisation axiom="GRO_0007068 SubClassOf ?cluster_1" count="1" instantiationStats="?cluster_1 count: 1">
            <Axiom axiom="GRO_0007068 SubClassOf GRO_0007199"/>
         </Generalisation>
         <Generalisation axiom="GRO_0007191 SubClassOf ?cluster_1" count="3" instantiationStats="?cluster_1 count: 3">
            <Axiom axiom="GRO_0007191 SubClassOf GRO_0007199"/>
            <Axiom axiom="GRO_0007191 SubClassOf GRO_0007001"/>
            <Axiom axiom="GRO_0007191 SubClassOf GRO_0007040"/>
         </Generalisation>
         <Generalisation axiom="GRO_0007086 SubClassOf ?cluster_1" count="1" instantiationStats="?cluster_1 count: 1">
            <Axiom axiom="GRO_0007086 SubClassOf GRO_0007199"/>
         </Generalisation>
         <Generalisation axiom="GRO_0007099 SubClassOf ?cluster_1" count="1" instantiationStats="?cluster_1 count: 1">
            <Axiom axiom="GRO_0007099 SubClassOf GRO_0007199"/>
         </Generalisation>
         <Generalisation axiom="GRO_0007103 SubClassOf ?cluster_1" count="1" instantiationStats="?cluster_1 count: 1">
            <Axiom axiom="GRO_0007103 SubClassOf GRO_0007199"/>
         </Generalisation>
         <Generalisation axiom="GRO_0007024 SubClassOf ?cluster_1" count="2" instantiationStats="?cluster_1 count: 2">
            <Axiom axiom="GRO_0007024 SubClassOf GRO_0007199"/>
            <Axiom axiom="GRO_0007024 SubClassOf GRO_0007002"/>
         </Generalisation>
         <Generalisation axiom="GRO_0007039 SubClassOf ?cluster_1" count="2" instantiationStats="?cluster_1 count: 2">
            <Axiom axiom="GRO_0007039 SubClassOf GRO_0007199"/>
            <Axiom axiom="GRO_0007039 SubClassOf GRO_0007002"/>
         </Generalisation>
         <Generalisation axiom="GRO_0007071 SubClassOf ?cluster_1" count="1" instantiationStats="?cluster_1 count: 1">
            <Axiom axiom="GRO_0007071 SubClassOf GRO_0007199"/>
         </Generalisation>
         <Generalisation axiom="GRO_0007117 SubClassOf ?cluster_1" count="1" instantiationStats="?cluster_1 count: 1">
            <Axiom axiom="GRO_0007117 SubClassOf GRO_0007199"/>
         </Generalisation>
         <Generalisation axiom="GRO_0007037 SubClassOf ?cluster_1" count="2" instantiationStats="?cluster_1 count: 2">
            <Axiom axiom="GRO_0007037 SubClassOf GRO_0007199"/>
            <Axiom axiom="GRO_0007037 SubClassOf GRO_0007002"/>
         </Generalisation>
         <Generalisation axiom="GRO_0007197 SubClassOf ?cluster_1" count="2" instantiationStats="?cluster_1 count: 2">
            <Axiom axiom="GRO_0007197 SubClassOf GRO_0007199"/>
            <Axiom axiom="GRO_0007197 SubClassOf GRO_0007040"/>
         </Generalisation>
         <Generalisation axiom="GRO_0007119 SubClassOf ?cluster_1" count="1" instantiationStats="?cluster_1 count: 1">
            <Axiom axiom="GRO_0007119 SubClassOf GRO_0007199"/>
         </Generalisation>
         <Generalisation axiom="GRO_0007095 SubClassOf ?cluster_1" count="1" instantiationStats="?cluster_1 count: 1">
            <Axiom axiom="GRO_0007095 SubClassOf GRO_0007199"/>
         </Generalisation>
         <Generalisation axiom="GRO_0007123 SubClassOf ?cluster_1" count="1" instantiationStats="?cluster_1 count: 1">
            <Axiom axiom="GRO_0007123 SubClassOf GRO_0007199"/>
         </Generalisation>
         <Generalisation axiom="GRO_0007138 SubClassOf ?cluster_1" count="2" instantiationStats="?cluster_1 count: 2">
            <Axiom axiom="GRO_0007138 SubClassOf GRO_0007199"/>
            <Axiom axiom="GRO_0007138 SubClassOf GRO_0007040"/>
         </Generalisation>
         <Generalisation axiom="GRO_0007122 SubClassOf ?cluster_1" count="1" instantiationStats="?cluster_1 count: 1">
            <Axiom axiom="GRO_0007122 SubClassOf GRO_0007199"/>
         </Generalisation>
         <Generalisation axiom="GRO_0007144 SubClassOf ?cluster_1" count="3" instantiationStats="?cluster_1 count: 3">
            <Axiom axiom="GRO_0007144 SubClassOf GRO_0007199"/>
            <Axiom axiom="GRO_0007144 SubClassOf GRO_0007040"/>
            <Axiom axiom="GRO_0007144 SubClassOf GRO_0007001"/>
         </Generalisation>
         <Generalisation axiom="GRO_0007082 SubClassOf ?cluster_1" count="1" instantiationStats="?cluster_1 count: 1">
            <Axiom axiom="GRO_0007082 SubClassOf GRO_0007199"/>
         </Generalisation>
         <Generalisation axiom="GRO_0007231 SubClassOf ?cluster_1" count="3" instantiationStats="?cluster_1 count: 3">
            <Axiom axiom="GRO_0007231 SubClassOf GRO_0007040"/>
            <Axiom axiom="GRO_0007231 SubClassOf GRO_0007001"/>
            <Axiom axiom="GRO_0007231 SubClassOf GRO_0007199"/>
         </Generalisation>
         <Generalisation axiom="GRO_0007121 SubClassOf ?cluster_1" count="1" instantiationStats="?cluster_1 count: 1">
            <Axiom axiom="GRO_0007121 SubClassOf GRO_0007199"/>
         </Generalisation>
         <Generalisation axiom="?cluster_1 SubClassOf ?cluster_1" count="12" instantiationStats="?cluster_1 count: 7">
            <Axiom axiom="GRO_0007012 SubClassOf GRO_0007002"/>
            <Axiom axiom="GRO_0007002 SubClassOf GRO_0007199"/>
            <Axiom axiom="GRO_0007040 SubClassOf GRO_0007199"/>
            <Axiom axiom="GRO_0007016 SubClassOf GRO_0007199"/>
            <Axiom axiom="GRO_0007016 SubClassOf GRO_0007002"/>
            <Axiom axiom="GRO_0007012 SubClassOf GRO_0007199"/>
            <Axiom axiom="GRO_0007140 SubClassOf GRO_0007199"/>
            <Axiom axiom="GRO_0007016 SubClassOf GRO_0007012"/>
            <Axiom axiom="GRO_0007140 SubClassOf GRO_0007001"/>
            <Axiom axiom="GRO_0007001 SubClassOf GRO_0007199"/>
            <Axiom axiom="GRO_0007140 SubClassOf GRO_0007040"/>
            <Axiom axiom="GRO_0007001 SubClassOf GRO_0007040"/>
         </Generalisation>
         <Generalisation axiom="GRO_0007225 SubClassOf ?cluster_1" count="2" instantiationStats="?cluster_1 count: 2">
            <Axiom axiom="GRO_0007225 SubClassOf GRO_0007040"/>
            <Axiom axiom="GRO_0007225 SubClassOf GRO_0007199"/>
         </Generalisation>
         <Generalisation axiom="GRO_0007159 SubClassOf ?cluster_1" count="2" instantiationStats="?cluster_1 count: 2">
            <Axiom axiom="GRO_0007159 SubClassOf GRO_0007040"/>
            <Axiom axiom="GRO_0007159 SubClassOf GRO_0007199"/>
         </Generalisation>
         <Generalisation axiom="GRO_0007013 SubClassOf ?cluster_1" count="3" instantiationStats="?cluster_1 count: 3">
            <Axiom axiom="GRO_0007013 SubClassOf GRO_0007199"/>
            <Axiom axiom="GRO_0007013 SubClassOf GRO_0007012"/>
            <Axiom axiom="GRO_0007013 SubClassOf GRO_0007002"/>
         </Generalisation>
         <Generalisation axiom="GRO_0007183 SubClassOf ?cluster_1" count="2" instantiationStats="?cluster_1 count: 2">
            <Axiom axiom="GRO_0007183 SubClassOf GRO_0007040"/>
            <Axiom axiom="GRO_0007183 SubClassOf GRO_0007199"/>
         </Generalisation>
         <Generalisation axiom="GRO_0007136 SubClassOf ?cluster_1" count="2" instantiationStats="?cluster_1 count: 2">
            <Axiom axiom="GRO_0007136 SubClassOf GRO_0007040"/>
            <Axiom axiom="GRO_0007136 SubClassOf GRO_0007199"/>
         </Generalisation>
         <Generalisation axiom="GRO_0007094 SubClassOf ?cluster_1" count="1" instantiationStats="?cluster_1 count: 1">
            <Axiom axiom="GRO_0007094 SubClassOf GRO_0007199"/>
         </Generalisation>
         <Generalisation axiom="GRO_0007025 SubClassOf ?cluster_1" count="2" instantiationStats="?cluster_1 count: 2">
            <Axiom axiom="GRO_0007025 SubClassOf GRO_0007199"/>
            <Axiom axiom="GRO_0007025 SubClassOf GRO_0007002"/>
         </Generalisation>
         <Generalisation axiom="GRO_0007080 SubClassOf ?cluster_1" count="1" instantiationStats="?cluster_1 count: 1">
            <Axiom axiom="GRO_0007080 SubClassOf GRO_0007199"/>
         </Generalisation>
         <Generalisation axiom="GRO_0007179 SubClassOf ?cluster_1" count="2" instantiationStats="?cluster_1 count: 2">
            <Axiom axiom="GRO_0007179 SubClassOf GRO_0007199"/>
            <Axiom axiom="GRO_0007179 SubClassOf GRO_0007040"/>
         </Generalisation>
         <Generalisation axiom="GRO_0007181 SubClassOf ?cluster_1" count="2" instantiationStats="?cluster_1 count: 2">
            <Axiom axiom="GRO_0007181 SubClassOf GRO_0007040"/>
            <Axiom axiom="GRO_0007181 SubClassOf GRO_0007199"/>
         </Generalisation>
         <Generalisation axiom="GRO_0007104 SubClassOf ?cluster_1" count="1" instantiationStats="?cluster_1 count: 1">
            <Axiom axiom="GRO_0007104 SubClassOf GRO_0007199"/>
         </Generalisation>
         <Generalisation axiom="GRO_0007235 SubClassOf ?cluster_1" count="3" instantiationStats="?cluster_1 count: 3">
            <Axiom axiom="GRO_0007235 SubClassOf GRO_0007199"/>
            <Axiom axiom="GRO_0007235 SubClassOf GRO_0007001"/>
            <Axiom axiom="GRO_0007235 SubClassOf GRO_0007040"/>
         </Generalisation>
         <Generalisation axiom="GRO_0007005 SubClassOf ?cluster_1" count="2" instantiationStats="?cluster_1 count: 2">
            <Axiom axiom="GRO_0007005 SubClassOf GRO_0007002"/>
            <Axiom axiom="GRO_0007005 SubClassOf GRO_0007199"/>
         </Generalisation>
         <Generalisation axiom="GRO_0007151 SubClassOf ?cluster_1" count="4" instantiationStats="?cluster_1 count: 4">
            <Axiom axiom="GRO_0007151 SubClassOf GRO_0007001"/>
            <Axiom axiom="GRO_0007151 SubClassOf GRO_0007199"/>
            <Axiom axiom="GRO_0007151 SubClassOf GRO_0007040"/>
            <Axiom axiom="GRO_0007151 SubClassOf GRO_0007140"/>
         </Generalisation>
         <Generalisation axiom="GRO_0007070 SubClassOf ?cluster_1" count="1" instantiationStats="?cluster_1 count: 1">
            <Axiom axiom="GRO_0007070 SubClassOf GRO_0007199"/>
         </Generalisation>
         <Generalisation axiom="GRO_0007093 SubClassOf ?cluster_1" count="1" instantiationStats="?cluster_1 count: 1">
            <Axiom axiom="GRO_0007093 SubClassOf GRO_0007199"/>
         </Generalisation>
         <Generalisation axiom="GRO_0007054 SubClassOf ?cluster_1" count="1" instantiationStats="?cluster_1 count: 1">
            <Axiom axiom="GRO_0007054 SubClassOf GRO_0007199"/>
         </Generalisation>
         <Generalisation axiom="GRO_0007166 SubClassOf ?cluster_1" count="2" instantiationStats="?cluster_1 count: 2">
            <Axiom axiom="GRO_0007166 SubClassOf GRO_0007199"/>
            <Axiom axiom="GRO_0007166 SubClassOf GRO_0007040"/>
         </Generalisation>
         <Generalisation axiom="GRO_0007128 SubClassOf ?cluster_1" count="1" instantiationStats="?cluster_1 count: 1">
            <Axiom axiom="GRO_0007128 SubClassOf GRO_0007199"/>
         </Generalisation>
         <Generalisation axiom="GRO_0007220 SubClassOf ?cluster_1" count="2" instantiationStats="?cluster_1 count: 2">
            <Axiom axiom="GRO_0007220 SubClassOf GRO_0007040"/>
            <Axiom axiom="GRO_0007220 SubClassOf GRO_0007199"/>
         </Generalisation>
         <Generalisation axiom="GRO_0007192 SubClassOf ?cluster_1" count="3" instantiationStats="?cluster_1 count: 3">
            <Axiom axiom="GRO_0007192 SubClassOf GRO_0007040"/>
            <Axiom axiom="GRO_0007192 SubClassOf GRO_0007001"/>
            <Axiom axiom="GRO_0007192 SubClassOf GRO_0007199"/>
         </Generalisation>
         <Generalisation axiom="GRO_0007023 SubClassOf ?cluster_1" count="2" instantiationStats="?cluster_1 count: 2">
            <Axiom axiom="GRO_0007023 SubClassOf GRO_0007199"/>
            <Axiom axiom="GRO_0007023 SubClassOf GRO_0007002"/>
         </Generalisation>
         <Generalisation axiom="GRO_0007069 SubClassOf ?cluster_1" count="1" instantiationStats="?cluster_1 count: 1">
            <Axiom axiom="GRO_0007069 SubClassOf GRO_0007199"/>
         </Generalisation>
         <Generalisation axiom="GRO_0007047 SubClassOf ?cluster_1" count="3" instantiationStats="?cluster_1 count: 3">
            <Axiom axiom="GRO_0007047 SubClassOf GRO_0007199"/>
            <Axiom axiom="GRO_0007047 SubClassOf GRO_0007040"/>
            <Axiom axiom="GRO_0007047 SubClassOf GRO_0007001"/>
         </Generalisation>
         <Generalisation axiom="GRO_0007187 SubClassOf ?cluster_1" count="2" instantiationStats="?cluster_1 count: 2">
            <Axiom axiom="GRO_0007187 SubClassOf GRO_0007040"/>
            <Axiom axiom="GRO_0007187 SubClassOf GRO_0007199"/>
         </Generalisation>
         <Generalisation axiom="?cluster_2 SubClassOf CEREAL_PLANT_GROWTH_STAGE_part_of some &#10;(?cluster_1_conjunction)" count="4" instantiationStats="?cluster_2 count: 4; ?cluster_1 count: 7">
            <Axiom axiom="GRO_0007017 SubClassOf CEREAL_PLANT_GROWTH_STAGE_part_of some &#10;(GRO_0007002 and GRO_0007012 and GRO_0007016 and GRO_0007199)"/>
            <Axiom axiom="GRO_0007019 SubClassOf CEREAL_PLANT_GROWTH_STAGE_part_of some &#10;(GRO_0007002 and GRO_0007012 and GRO_0007016 and GRO_0007199)"/>
            <Axiom axiom="GRO_0007018 SubClassOf CEREAL_PLANT_GROWTH_STAGE_part_of some &#10;(GRO_0007002 and GRO_0007012 and GRO_0007016 and GRO_0007199)"/>
            <Axiom axiom="GRO_0007048 SubClassOf CEREAL_PLANT_GROWTH_STAGE_part_of some &#10;(GRO_0007001 and GRO_0007040 and GRO_0007140 and GRO_0007199)"/>
         </Generalisation>
         <Generalisation axiom="GRO_0007163 SubClassOf ?cluster_1" count="2" instantiationStats="?cluster_1 count: 2">
            <Axiom axiom="GRO_0007163 SubClassOf GRO_0007040"/>
            <Axiom axiom="GRO_0007163 SubClassOf GRO_0007199"/>
         </Generalisation>
         <Generalisation axiom="GRO_0007204 SubClassOf ?cluster_1" count="2" instantiationStats="?cluster_1 count: 2">
            <Axiom axiom="GRO_0007204 SubClassOf GRO_0007199"/>
            <Axiom axiom="GRO_0007204 SubClassOf GRO_0007040"/>
         </Generalisation>
         <Generalisation axiom="GRO_0007004 SubClassOf ?cluster_1" count="3" instantiationStats="?cluster_1 count: 3">
            <Axiom axiom="GRO_0007004 SubClassOf GRO_0007199"/>
            <Axiom axiom="GRO_0007004 SubClassOf GRO_0007040"/>
            <Axiom axiom="GRO_0007004 SubClassOf GRO_0007001"/>
         </Generalisation>
         <Generalisation axiom="GRO_0007193 SubClassOf ?cluster_1" count="3" instantiationStats="?cluster_1 count: 3">
            <Axiom axiom="GRO_0007193 SubClassOf GRO_0007040"/>
            <Axiom axiom="GRO_0007193 SubClassOf GRO_0007199"/>
            <Axiom axiom="GRO_0007193 SubClassOf GRO_0007001"/>
         </Generalisation>
         <Generalisation axiom="GRO_0007145 SubClassOf ?cluster_1" count="3" instantiationStats="?cluster_1 count: 3">
            <Axiom axiom="GRO_0007145 SubClassOf GRO_0007001"/>
            <Axiom axiom="GRO_0007145 SubClassOf GRO_0007040"/>
            <Axiom axiom="GRO_0007145 SubClassOf GRO_0007199"/>
         </Generalisation>
         <Generalisation axiom="GRO_0007178 SubClassOf ?cluster_1" count="2" instantiationStats="?cluster_1 count: 2">
            <Axiom axiom="GRO_0007178 SubClassOf GRO_0007199"/>
            <Axiom axiom="GRO_0007178 SubClassOf GRO_0007040"/>
         </Generalisation>
         <Generalisation axiom="GRO_0007088 SubClassOf ?cluster_1" count="1" instantiationStats="?cluster_1 count: 1">
            <Axiom axiom="GRO_0007088 SubClassOf GRO_0007199"/>
         </Generalisation>
         <Generalisation axiom="GRO_0007109 SubClassOf ?cluster_1" count="1" instantiationStats="?cluster_1 count: 1">
            <Axiom axiom="GRO_0007109 SubClassOf GRO_0007199"/>
         </Generalisation>
         <Generalisation axiom="GRO_0007228 SubClassOf ?cluster_1" count="2" instantiationStats="?cluster_1 count: 2">
            <Axiom axiom="GRO_0007228 SubClassOf GRO_0007040"/>
            <Axiom axiom="GRO_0007228 SubClassOf GRO_0007199"/>
         </Generalisation>
         <Generalisation axiom="GRO_0007073 SubClassOf ?cluster_1" count="1" instantiationStats="?cluster_1 count: 1">
            <Axiom axiom="GRO_0007073 SubClassOf GRO_0007199"/>
         </Generalisation>
         <Generalisation axiom="GRO_0007032 SubClassOf ?cluster_1" count="2" instantiationStats="?cluster_1 count: 2">
            <Axiom axiom="GRO_0007032 SubClassOf GRO_0007002"/>
            <Axiom axiom="GRO_0007032 SubClassOf GRO_0007199"/>
         </Generalisation>
         <Generalisation axiom="GRO_0007113 SubClassOf ?cluster_1" count="1" instantiationStats="?cluster_1 count: 1">
            <Axiom axiom="GRO_0007113 SubClassOf GRO_0007199"/>
         </Generalisation>
         <Generalisation axiom="GRO_0007133 SubClassOf ?cluster_1" count="1" instantiationStats="?cluster_1 count: 1">
            <Axiom axiom="GRO_0007133 SubClassOf GRO_0007199"/>
         </Generalisation>
         <Generalisation axiom="GRO_0007206 SubClassOf ?cluster_1" count="2" instantiationStats="?cluster_1 count: 2">
            <Axiom axiom="GRO_0007206 SubClassOf GRO_0007199"/>
            <Axiom axiom="GRO_0007206 SubClassOf GRO_0007040"/>
         </Generalisation>
         <Generalisation axiom="GRO_0007236 SubClassOf ?cluster_1" count="3" instantiationStats="?cluster_1 count: 3">
            <Axiom axiom="GRO_0007236 SubClassOf GRO_0007001"/>
            <Axiom axiom="GRO_0007236 SubClassOf GRO_0007040"/>
            <Axiom axiom="GRO_0007236 SubClassOf GRO_0007199"/>
         </Generalisation>
         <Generalisation axiom="GRO_0007049 SubClassOf ?cluster_1" count="3" instantiationStats="?cluster_1 count: 3">
            <Axiom axiom="GRO_0007049 SubClassOf GRO_0007001"/>
            <Axiom axiom="GRO_0007049 SubClassOf GRO_0007040"/>
            <Axiom axiom="GRO_0007049 SubClassOf GRO_0007199"/>
         </Generalisation>
         <Generalisation axiom="GRO_0007161 SubClassOf ?cluster_1" count="2" instantiationStats="?cluster_1 count: 2">
            <Axiom axiom="GRO_0007161 SubClassOf GRO_0007040"/>
            <Axiom axiom="GRO_0007161 SubClassOf GRO_0007199"/>
         </Generalisation>
         <Generalisation axiom="GRO_0007185 SubClassOf ?cluster_1" count="2" instantiationStats="?cluster_1 count: 2">
            <Axiom axiom="GRO_0007185 SubClassOf GRO_0007040"/>
            <Axiom axiom="GRO_0007185 SubClassOf GRO_0007199"/>
         </Generalisation>
         <Generalisation axiom="GRO_0007217 SubClassOf ?cluster_1" count="2" instantiationStats="?cluster_1 count: 2">
            <Axiom axiom="GRO_0007217 SubClassOf GRO_0007199"/>
            <Axiom axiom="GRO_0007217 SubClassOf GRO_0007040"/>
         </Generalisation>
         <Generalisation axiom="GRO_0007034 SubClassOf ?cluster_1" count="2" instantiationStats="?cluster_1 count: 2">
            <Axiom axiom="GRO_0007034 SubClassOf GRO_0007002"/>
            <Axiom axiom="GRO_0007034 SubClassOf GRO_0007199"/>
         </Generalisation>
         <Generalisation axiom="GRO_0007042 SubClassOf ?cluster_1" count="3" instantiationStats="?cluster_1 count: 3">
            <Axiom axiom="GRO_0007042 SubClassOf GRO_0007001"/>
            <Axiom axiom="GRO_0007042 SubClassOf GRO_0007199"/>
            <Axiom axiom="GRO_0007042 SubClassOf GRO_0007040"/>
         </Generalisation>
         <Generalisation axiom="GRO_0007176 SubClassOf ?cluster_1" count="2" instantiationStats="?cluster_1 count: 2">
            <Axiom axiom="GRO_0007176 SubClassOf GRO_0007040"/>
            <Axiom axiom="GRO_0007176 SubClassOf GRO_0007199"/>
         </Generalisation>
         <Generalisation axiom="GRO_0007219 SubClassOf ?cluster_1" count="2" instantiationStats="?cluster_1 count: 2">
            <Axiom axiom="GRO_0007219 SubClassOf GRO_0007040"/>
            <Axiom axiom="GRO_0007219 SubClassOf GRO_0007199"/>
         </Generalisation>
         <Generalisation axiom="GRO_0007221 SubClassOf ?cluster_1" count="2" instantiationStats="?cluster_1 count: 2">
            <Axiom axiom="GRO_0007221 SubClassOf GRO_0007040"/>
            <Axiom axiom="GRO_0007221 SubClassOf GRO_0007199"/>
         </Generalisation>
         <Generalisation axiom="GRO_0007009 SubClassOf ?cluster_1" count="2" instantiationStats="?cluster_1 count: 2">
            <Axiom axiom="GRO_0007009 SubClassOf GRO_0007002"/>
            <Axiom axiom="GRO_0007009 SubClassOf GRO_0007199"/>
         </Generalisation>
         <Generalisation axiom="GRO_0007100 SubClassOf ?cluster_1" count="1" instantiationStats="?cluster_1 count: 1">
            <Axiom axiom="GRO_0007100 SubClassOf GRO_0007199"/>
         </Generalisation>
         <Generalisation axiom="GRO_0007111 SubClassOf ?cluster_1" count="1" instantiationStats="?cluster_1 count: 1">
            <Axiom axiom="GRO_0007111 SubClassOf GRO_0007199"/>
         </Generalisation>
         <Generalisation axiom="GRO_0007165 SubClassOf ?cluster_1" count="2" instantiationStats="?cluster_1 count: 2">
            <Axiom axiom="GRO_0007165 SubClassOf GRO_0007040"/>
            <Axiom axiom="GRO_0007165 SubClassOf GRO_0007199"/>
         </Generalisation>
         <Generalisation axiom="GRO_0007205 SubClassOf ?cluster_1" count="2" instantiationStats="?cluster_1 count: 2">
            <Axiom axiom="GRO_0007205 SubClassOf GRO_0007199"/>
            <Axiom axiom="GRO_0007205 SubClassOf GRO_0007040"/>
         </Generalisation>
         <Generalisation axiom="GRO_0007157 SubClassOf ?cluster_1" count="2" instantiationStats="?cluster_1 count: 2">
            <Axiom axiom="GRO_0007157 SubClassOf GRO_0007040"/>
            <Axiom axiom="GRO_0007157 SubClassOf GRO_0007199"/>
         </Generalisation>
         <Generalisation axiom="GRO_0007171 SubClassOf ?cluster_1" count="2" instantiationStats="?cluster_1 count: 2">
            <Axiom axiom="GRO_0007171 SubClassOf GRO_0007199"/>
            <Axiom axiom="GRO_0007171 SubClassOf GRO_0007040"/>
         </Generalisation>
         <Generalisation axiom="GRO_0007200 SubClassOf ?cluster_1" count="2" instantiationStats="?cluster_1 count: 2">
            <Axiom axiom="GRO_0007200 SubClassOf GRO_0007040"/>
            <Axiom axiom="GRO_0007200 SubClassOf GRO_0007199"/>
         </Generalisation>
         <Generalisation axiom="GRO_0007056 SubClassOf ?cluster_1" count="1" instantiationStats="?cluster_1 count: 1">
            <Axiom axiom="GRO_0007056 SubClassOf GRO_0007199"/>
         </Generalisation>
         <Generalisation axiom="GRO_0007213 SubClassOf ?cluster_1" count="2" instantiationStats="?cluster_1 count: 2">
            <Axiom axiom="GRO_0007213 SubClassOf GRO_0007040"/>
            <Axiom axiom="GRO_0007213 SubClassOf GRO_0007199"/>
         </Generalisation>
         <Generalisation axiom="GRO_0007115 SubClassOf ?cluster_1" count="1" instantiationStats="?cluster_1 count: 1">
            <Axiom axiom="GRO_0007115 SubClassOf GRO_0007199"/>
         </Generalisation>
         <Generalisation axiom="GRO_0007074 SubClassOf ?cluster_1" count="1" instantiationStats="?cluster_1 count: 1">
            <Axiom axiom="GRO_0007074 SubClassOf GRO_0007199"/>
         </Generalisation>
         <Generalisation axiom="GRO_0007036 SubClassOf ?cluster_1" count="2" instantiationStats="?cluster_1 count: 2">
            <Axiom axiom="GRO_0007036 SubClassOf GRO_0007002"/>
            <Axiom axiom="GRO_0007036 SubClassOf GRO_0007199"/>
         </Generalisation>
         <Generalisation axiom="GRO_0007079 SubClassOf ?cluster_1" count="1" instantiationStats="?cluster_1 count: 1">
            <Axiom axiom="GRO_0007079 SubClassOf GRO_0007199"/>
         </Generalisation>
         <Generalisation axiom="GRO_0007087 SubClassOf ?cluster_1" count="1" instantiationStats="?cluster_1 count: 1">
            <Axiom axiom="GRO_0007087 SubClassOf GRO_0007199"/>
         </Generalisation>
         <Generalisation axiom="GRO_0007177 SubClassOf ?cluster_1" count="2" instantiationStats="?cluster_1 count: 2">
            <Axiom axiom="GRO_0007177 SubClassOf GRO_0007199"/>
            <Axiom axiom="GRO_0007177 SubClassOf GRO_0007040"/>
         </Generalisation>
         <Generalisation axiom="GRO_0007170 SubClassOf ?cluster_1" count="2" instantiationStats="?cluster_1 count: 2">
            <Axiom axiom="GRO_0007170 SubClassOf GRO_0007040"/>
            <Axiom axiom="GRO_0007170 SubClassOf GRO_0007199"/>
         </Generalisation>
         <Generalisation axiom="GRO_0007172 SubClassOf ?cluster_1" count="2" instantiationStats="?cluster_1 count: 2">
            <Axiom axiom="GRO_0007172 SubClassOf GRO_0007040"/>
            <Axiom axiom="GRO_0007172 SubClassOf GRO_0007199"/>
         </Generalisation>
         <Generalisation axiom="GRO_0007131 SubClassOf ?cluster_1" count="1" instantiationStats="?cluster_1 count: 1">
            <Axiom axiom="GRO_0007131 SubClassOf GRO_0007199"/>
         </Generalisation>
         <Generalisation axiom="GRO_0007189 SubClassOf ?cluster_1" count="2" instantiationStats="?cluster_1 count: 2">
            <Axiom axiom="GRO_0007189 SubClassOf GRO_0007040"/>
            <Axiom axiom="GRO_0007189 SubClassOf GRO_0007199"/>
         </Generalisation>
         <Generalisation axiom="GRO_0007030 SubClassOf ?cluster_1" count="2" instantiationStats="?cluster_1 count: 2">
            <Axiom axiom="GRO_0007030 SubClassOf GRO_0007199"/>
            <Axiom axiom="GRO_0007030 SubClassOf GRO_0007002"/>
         </Generalisation>
         <Generalisation axiom="GRO_0007230 SubClassOf ?cluster_1" count="2" instantiationStats="?cluster_1 count: 2">
            <Axiom axiom="GRO_0007230 SubClassOf GRO_0007040"/>
            <Axiom axiom="GRO_0007230 SubClassOf GRO_0007199"/>
         </Generalisation>
         <Generalisation axiom="GRO_0007146 SubClassOf ?cluster_1" count="3" instantiationStats="?cluster_1 count: 3">
            <Axiom axiom="GRO_0007146 SubClassOf GRO_0007199"/>
            <Axiom axiom="GRO_0007146 SubClassOf GRO_0007001"/>
            <Axiom axiom="GRO_0007146 SubClassOf GRO_0007040"/>
         </Generalisation>
         <Generalisation axiom="GRO_0007118 SubClassOf ?cluster_1" count="1" instantiationStats="?cluster_1 count: 1">
            <Axiom axiom="GRO_0007118 SubClassOf GRO_0007199"/>
         </Generalisation>
         <Generalisation axiom="GRO_0007229 SubClassOf ?cluster_1" count="2" instantiationStats="?cluster_1 count: 2">
            <Axiom axiom="GRO_0007229 SubClassOf GRO_0007199"/>
            <Axiom axiom="GRO_0007229 SubClassOf GRO_0007040"/>
         </Generalisation>
         <Generalisation axiom="GRO_0007058 SubClassOf ?cluster_1" count="1" instantiationStats="?cluster_1 count: 1">
            <Axiom axiom="GRO_0007058 SubClassOf GRO_0007199"/>
         </Generalisation>
         <Generalisation axiom="GRO_0007064 SubClassOf ?cluster_1" count="1" instantiationStats="?cluster_1 count: 1">
            <Axiom axiom="GRO_0007064 SubClassOf GRO_0007199"/>
         </Generalisation>
         <Generalisation axiom="GRO_0007043 SubClassOf ?cluster_1" count="3" instantiationStats="?cluster_1 count: 3">
            <Axiom axiom="GRO_0007043 SubClassOf GRO_0007001"/>
            <Axiom axiom="GRO_0007043 SubClassOf GRO_0007199"/>
            <Axiom axiom="GRO_0007043 SubClassOf GRO_0007040"/>
         </Generalisation>
         <Generalisation axiom="GRO_0007003 SubClassOf ?cluster_1" count="2" instantiationStats="?cluster_1 count: 2">
            <Axiom axiom="GRO_0007003 SubClassOf GRO_0007002"/>
            <Axiom axiom="GRO_0007003 SubClassOf GRO_0007199"/>
         </Generalisation>
         <Generalisation axiom="GRO_0007065 SubClassOf ?cluster_1" count="1" instantiationStats="?cluster_1 count: 1">
            <Axiom axiom="GRO_0007065 SubClassOf GRO_0007199"/>
         </Generalisation>
         <Generalisation axiom="GRO_0007149 SubClassOf ?cluster_1" count="4" instantiationStats="?cluster_1 count: 4">
            <Axiom axiom="GRO_0007149 SubClassOf GRO_0007040"/>
            <Axiom axiom="GRO_0007149 SubClassOf GRO_0007199"/>
            <Axiom axiom="GRO_0007149 SubClassOf GRO_0007001"/>
            <Axiom axiom="GRO_0007149 SubClassOf GRO_0007140"/>
         </Generalisation>
         <Generalisation axiom="GRO_0007107 SubClassOf ?cluster_1" count="1" instantiationStats="?cluster_1 count: 1">
            <Axiom axiom="GRO_0007107 SubClassOf GRO_0007199"/>
         </Generalisation>
         <Generalisation axiom="GRO_0007027 SubClassOf ?cluster_1" count="2" instantiationStats="?cluster_1 count: 2">
            <Axiom axiom="GRO_0007027 SubClassOf GRO_0007199"/>
            <Axiom axiom="GRO_0007027 SubClassOf GRO_0007002"/>
         </Generalisation>
         <Generalisation axiom="GRO_0007098 SubClassOf ?cluster_1" count="1" instantiationStats="?cluster_1 count: 1">
            <Axiom axiom="GRO_0007098 SubClassOf GRO_0007199"/>
         </Generalisation>
         <Generalisation axiom="GRO_0007195 SubClassOf ?cluster_1" count="2" instantiationStats="?cluster_1 count: 2">
            <Axiom axiom="GRO_0007195 SubClassOf GRO_0007199"/>
            <Axiom axiom="GRO_0007195 SubClassOf GRO_0007040"/>
         </Generalisation>
         <Generalisation axiom="GRO_0007234 SubClassOf ?cluster_1" count="3" instantiationStats="?cluster_1 count: 3">
            <Axiom axiom="GRO_0007234 SubClassOf GRO_0007199"/>
            <Axiom axiom="GRO_0007234 SubClassOf GRO_0007001"/>
            <Axiom axiom="GRO_0007234 SubClassOf GRO_0007040"/>
         </Generalisation>
         <Generalisation axiom="GRO_0007137 SubClassOf ?cluster_1" count="2" instantiationStats="?cluster_1 count: 2">
            <Axiom axiom="GRO_0007137 SubClassOf GRO_0007199"/>
            <Axiom axiom="GRO_0007137 SubClassOf GRO_0007040"/>
         </Generalisation>
         <Generalisation axiom="GRO_0007028 SubClassOf ?cluster_1" count="2" instantiationStats="?cluster_1 count: 2">
            <Axiom axiom="GRO_0007028 SubClassOf GRO_0007002"/>
            <Axiom axiom="GRO_0007028 SubClassOf GRO_0007199"/>
         </Generalisation>
         <Generalisation axiom="GRO_0007010 SubClassOf ?cluster_1" count="2" instantiationStats="?cluster_1 count: 2">
            <Axiom axiom="GRO_0007010 SubClassOf GRO_0007199"/>
            <Axiom axiom="GRO_0007010 SubClassOf GRO_0007002"/>
         </Generalisation>
         <Generalisation axiom="GRO_0007223 SubClassOf ?cluster_1" count="2" instantiationStats="?cluster_1 count: 2">
            <Axiom axiom="GRO_0007223 SubClassOf GRO_0007040"/>
            <Axiom axiom="GRO_0007223 SubClassOf GRO_0007199"/>
         </Generalisation>
         <Generalisation axiom="GRO_0007125 SubClassOf ?cluster_1" count="1" instantiationStats="?cluster_1 count: 1">
            <Axiom axiom="GRO_0007125 SubClassOf GRO_0007199"/>
         </Generalisation>
         <Generalisation axiom="GRO_0007053 SubClassOf ?cluster_1" count="1" instantiationStats="?cluster_1 count: 1">
            <Axiom axiom="GRO_0007053 SubClassOf GRO_0007199"/>
         </Generalisation>
         <Generalisation axiom="GRO_0007075 SubClassOf ?cluster_1" count="1" instantiationStats="?cluster_1 count: 1">
            <Axiom axiom="GRO_0007075 SubClassOf GRO_0007199"/>
         </Generalisation>
         <Generalisation axiom="GRO_0007141 SubClassOf ?cluster_1" count="3" instantiationStats="?cluster_1 count: 3">
            <Axiom axiom="GRO_0007141 SubClassOf GRO_0007199"/>
            <Axiom axiom="GRO_0007141 SubClassOf GRO_0007040"/>
            <Axiom axiom="GRO_0007141 SubClassOf GRO_0007001"/>
         </Generalisation>
         <Generalisation axiom="GRO_0007156 SubClassOf ?cluster_1" count="1" instantiationStats="?cluster_1 count: 1">
            <Axiom axiom="GRO_0007156 SubClassOf GRO_0007199"/>
         </Generalisation>
         <Generalisation axiom="GRO_0007102 SubClassOf ?cluster_1" count="1" instantiationStats="?cluster_1 count: 1">
            <Axiom axiom="GRO_0007102 SubClassOf GRO_0007199"/>
         </Generalisation>
         <Generalisation axiom="GRO_0007083 SubClassOf ?cluster_1" count="1" instantiationStats="?cluster_1 count: 1">
            <Axiom axiom="GRO_0007083 SubClassOf GRO_0007199"/>
         </Generalisation>
         <Generalisation axiom="GRO_0007210 SubClassOf ?cluster_1" count="2" instantiationStats="?cluster_1 count: 2">
            <Axiom axiom="GRO_0007210 SubClassOf GRO_0007040"/>
            <Axiom axiom="GRO_0007210 SubClassOf GRO_0007199"/>
         </Generalisation>
         <Generalisation axiom="GRO_0007072 SubClassOf ?cluster_1" count="1" instantiationStats="?cluster_1 count: 1">
            <Axiom axiom="GRO_0007072 SubClassOf GRO_0007199"/>
         </Generalisation>
         <Generalisation axiom="GRO_0007060 SubClassOf ?cluster_1" count="1" instantiationStats="?cluster_1 count: 1">
            <Axiom axiom="GRO_0007060 SubClassOf GRO_0007199"/>
         </Generalisation>
         <Generalisation axiom="GRO_0007126 SubClassOf ?cluster_1" count="1" instantiationStats="?cluster_1 count: 1">
            <Axiom axiom="GRO_0007126 SubClassOf GRO_0007199"/>
         </Generalisation>
         <Generalisation axiom="GRO_0007169 SubClassOf ?cluster_1" count="2" instantiationStats="?cluster_1 count: 2">
            <Axiom axiom="GRO_0007169 SubClassOf GRO_0007199"/>
            <Axiom axiom="GRO_0007169 SubClassOf GRO_0007040"/>
         </Generalisation>
         <Generalisation axiom="GRO_0007097 SubClassOf ?cluster_1" count="1" instantiationStats="?cluster_1 count: 1">
            <Axiom axiom="GRO_0007097 SubClassOf GRO_0007199"/>
         </Generalisation>
         <Generalisation axiom="GRO_0007096 SubClassOf ?cluster_1" count="1" instantiationStats="?cluster_1 count: 1">
            <Axiom axiom="GRO_0007096 SubClassOf GRO_0007199"/>
         </Generalisation>
         <Generalisation axiom="GRO_0007139 SubClassOf ?cluster_1" count="3" instantiationStats="?cluster_1 count: 3">
            <Axiom axiom="GRO_0007139 SubClassOf GRO_0007199"/>
            <Axiom axiom="GRO_0007139 SubClassOf GRO_0007040"/>
            <Axiom axiom="GRO_0007139 SubClassOf GRO_0007001"/>
         </Generalisation>
         <Generalisation axiom="GRO_0007022 SubClassOf ?cluster_1" count="2" instantiationStats="?cluster_1 count: 2">
            <Axiom axiom="GRO_0007022 SubClassOf GRO_0007002"/>
            <Axiom axiom="GRO_0007022 SubClassOf GRO_0007199"/>
         </Generalisation>
         <Generalisation axiom="GRO_0007209 SubClassOf ?cluster_1" count="2" instantiationStats="?cluster_1 count: 2">
            <Axiom axiom="GRO_0007209 SubClassOf GRO_0007199"/>
            <Axiom axiom="GRO_0007209 SubClassOf GRO_0007040"/>
         </Generalisation>
         <Generalisation axiom="GRO_0007232 SubClassOf ?cluster_1" count="3" instantiationStats="?cluster_1 count: 3">
            <Axiom axiom="GRO_0007232 SubClassOf GRO_0007040"/>
            <Axiom axiom="GRO_0007232 SubClassOf GRO_0007199"/>
            <Axiom axiom="GRO_0007232 SubClassOf GRO_0007001"/>
         </Generalisation>
         <Generalisation axiom="GRO_0007194 SubClassOf ?cluster_1" count="2" instantiationStats="?cluster_1 count: 2">
            <Axiom axiom="GRO_0007194 SubClassOf GRO_0007002"/>
            <Axiom axiom="GRO_0007194 SubClassOf GRO_0007199"/>
         </Generalisation>
         <Generalisation axiom="GRO_0007026 SubClassOf ?cluster_1" count="2" instantiationStats="?cluster_1 count: 2">
            <Axiom axiom="GRO_0007026 SubClassOf GRO_0007002"/>
            <Axiom axiom="GRO_0007026 SubClassOf GRO_0007199"/>
         </Generalisation>
         <Generalisation axiom="GRO_0007038 SubClassOf ?cluster_1" count="2" instantiationStats="?cluster_1 count: 2">
            <Axiom axiom="GRO_0007038 SubClassOf GRO_0007002"/>
            <Axiom axiom="GRO_0007038 SubClassOf GRO_0007199"/>
         </Generalisation>
         <Generalisation axiom="GRO_0007196 SubClassOf ?cluster_1" count="2" instantiationStats="?cluster_1 count: 2">
            <Axiom axiom="GRO_0007196 SubClassOf GRO_0007199"/>
            <Axiom axiom="GRO_0007196 SubClassOf GRO_0007040"/>
         </Generalisation>
         <Generalisation axiom="GRO_0007124 SubClassOf ?cluster_1" count="1" instantiationStats="?cluster_1 count: 1">
            <Axiom axiom="GRO_0007124 SubClassOf GRO_0007199"/>
         </Generalisation>
         <Generalisation axiom="GRO_0007085 SubClassOf ?cluster_1" count="1" instantiationStats="?cluster_1 count: 1">
            <Axiom axiom="GRO_0007085 SubClassOf GRO_0007199"/>
         </Generalisation>
         <Generalisation axiom="GRO_0007066 SubClassOf ?cluster_1" count="1" instantiationStats="?cluster_1 count: 1">
            <Axiom axiom="GRO_0007066 SubClassOf GRO_0007199"/>
         </Generalisation>
         <Generalisation axiom="GRO_0007101 SubClassOf ?cluster_1" count="1" instantiationStats="?cluster_1 count: 1">
            <Axiom axiom="GRO_0007101 SubClassOf GRO_0007199"/>
         </Generalisation>
         <Generalisation axiom="GRO_0007120 SubClassOf ?cluster_1" count="1" instantiationStats="?cluster_1 count: 1">
            <Axiom axiom="GRO_0007120 SubClassOf GRO_0007199"/>
         </Generalisation>
         <Generalisation axiom="GRO_0007108 SubClassOf ?cluster_1" count="1" instantiationStats="?cluster_1 count: 1">
            <Axiom axiom="GRO_0007108 SubClassOf GRO_0007199"/>
         </Generalisation>
         <Generalisation axiom="GRO_0007180 SubClassOf ?cluster_1" count="2" instantiationStats="?cluster_1 count: 2">
            <Axiom axiom="GRO_0007180 SubClassOf GRO_0007199"/>
            <Axiom axiom="GRO_0007180 SubClassOf GRO_0007040"/>
         </Generalisation>
         <Generalisation axiom="GRO_0007116 SubClassOf ?cluster_1" count="1" instantiationStats="?cluster_1 count: 1">
            <Axiom axiom="GRO_0007116 SubClassOf GRO_0007199"/>
         </Generalisation>
         <Generalisation axiom="GRO_0007081 SubClassOf ?cluster_1" count="1" instantiationStats="?cluster_1 count: 1">
            <Axiom axiom="GRO_0007081 SubClassOf GRO_0007199"/>
         </Generalisation>
         <Generalisation axiom="GRO_0007135 SubClassOf ?cluster_1" count="1" instantiationStats="?cluster_1 count: 1">
            <Axiom axiom="GRO_0007135 SubClassOf GRO_0007199"/>
         </Generalisation>
         <Generalisation axiom="GRO_0007164 SubClassOf ?cluster_1" count="2" instantiationStats="?cluster_1 count: 2">
            <Axiom axiom="GRO_0007164 SubClassOf GRO_0007040"/>
            <Axiom axiom="GRO_0007164 SubClassOf GRO_0007199"/>
         </Generalisation>
         <Generalisation axiom="GRO_0007008 SubClassOf ?cluster_1" count="2" instantiationStats="?cluster_1 count: 2">
            <Axiom axiom="GRO_0007008 SubClassOf GRO_0007199"/>
            <Axiom axiom="GRO_0007008 SubClassOf GRO_0007002"/>
         </Generalisation>
         <Generalisation axiom="?cluster_2 SubClassOf CEREAL_PLANT_GROWTH_STAGE_part_of some &#10;((GRO_0007139 and ?cluster_1_conjunction and ?cluster_2) and (CEREAL_PLANT_GROWTH_STAGE_part_of some &#10;(?cluster_1_conjunction)))" count="2" instantiationStats="?cluster_2 count: 3; ?cluster_1 count: 4">
            <Axiom axiom="GRO_0007041 SubClassOf CEREAL_PLANT_GROWTH_STAGE_part_of some &#10;((GRO_0007001 and GRO_0007040 and GRO_0007048 and GRO_0007139 and GRO_0007199) and (CEREAL_PLANT_GROWTH_STAGE_part_of some &#10;(GRO_0007001 and GRO_0007040 and GRO_0007140 and GRO_0007199)))"/>
            <Axiom axiom="GRO_0007147 SubClassOf CEREAL_PLANT_GROWTH_STAGE_part_of some &#10;((GRO_0007001 and GRO_0007040 and GRO_0007048 and GRO_0007139 and GRO_0007199) and (CEREAL_PLANT_GROWTH_STAGE_part_of some &#10;(GRO_0007001 and GRO_0007040 and GRO_0007140 and GRO_0007199)))"/>
         </Generalisation>
         <Generalisation axiom="GRO_0007222 SubClassOf ?cluster_1" count="2" instantiationStats="?cluster_1 count: 2">
            <Axiom axiom="GRO_0007222 SubClassOf GRO_0007199"/>
            <Axiom axiom="GRO_0007222 SubClassOf GRO_0007040"/>
         </Generalisation>
         <Generalisation axiom="GRO_0007051 SubClassOf ?cluster_1" count="1" instantiationStats="?cluster_1 count: 1">
            <Axiom axiom="GRO_0007051 SubClassOf GRO_0007199"/>
         </Generalisation>
         <Generalisation axiom="GRO_0007092 SubClassOf ?cluster_1" count="1" instantiationStats="?cluster_1 count: 1">
            <Axiom axiom="GRO_0007092 SubClassOf GRO_0007199"/>
         </Generalisation>
         <Generalisation axiom="GRO_0007091 SubClassOf ?cluster_1" count="1" instantiationStats="?cluster_1 count: 1">
            <Axiom axiom="GRO_0007091 SubClassOf GRO_0007199"/>
         </Generalisation>
         <Generalisation axiom="GRO_0007132 SubClassOf ?cluster_1" count="1" instantiationStats="?cluster_1 count: 1">
            <Axiom axiom="GRO_0007132 SubClassOf GRO_0007199"/>
         </Generalisation>
         <Generalisation axiom="GRO_0007182 SubClassOf ?cluster_1" count="2" instantiationStats="?cluster_1 count: 2">
            <Axiom axiom="GRO_0007182 SubClassOf GRO_0007040"/>
            <Axiom axiom="GRO_0007182 SubClassOf GRO_0007199"/>
         </Generalisation>
         <Generalisation axiom="GRO_0007020 SubClassOf ?cluster_1" count="2" instantiationStats="?cluster_1 count: 2">
            <Axiom axiom="GRO_0007020 SubClassOf GRO_0007002"/>
            <Axiom axiom="GRO_0007020 SubClassOf GRO_0007199"/>
         </Generalisation>
         <Generalisation axiom="GRO_0007167 SubClassOf ?cluster_1" count="2" instantiationStats="?cluster_1 count: 2">
            <Axiom axiom="GRO_0007167 SubClassOf GRO_0007199"/>
            <Axiom axiom="GRO_0007167 SubClassOf GRO_0007040"/>
         </Generalisation>
         <Generalisation axiom="GRO_0007227 SubClassOf ?cluster_1" count="2" instantiationStats="?cluster_1 count: 2">
            <Axiom axiom="GRO_0007227 SubClassOf GRO_0007199"/>
            <Axiom axiom="GRO_0007227 SubClassOf GRO_0007040"/>
         </Generalisation>
         <Generalisation axiom="GRO_0007033 SubClassOf ?cluster_1" count="2" instantiationStats="?cluster_1 count: 2">
            <Axiom axiom="GRO_0007033 SubClassOf GRO_0007002"/>
            <Axiom axiom="GRO_0007033 SubClassOf GRO_0007199"/>
         </Generalisation>
         <Generalisation axiom="GRO_0007057 SubClassOf ?cluster_1" count="1" instantiationStats="?cluster_1 count: 1">
            <Axiom axiom="GRO_0007057 SubClassOf GRO_0007199"/>
         </Generalisation>
         <Generalisation axiom="GRO_0007031 SubClassOf ?cluster_1" count="2" instantiationStats="?cluster_1 count: 2">
            <Axiom axiom="GRO_0007031 SubClassOf GRO_0007002"/>
            <Axiom axiom="GRO_0007031 SubClassOf GRO_0007199"/>
         </Generalisation>
         <Generalisation axiom="GRO_0007045 SubClassOf ?cluster_1" count="3" instantiationStats="?cluster_1 count: 3">
            <Axiom axiom="GRO_0007045 SubClassOf GRO_0007040"/>
            <Axiom axiom="GRO_0007045 SubClassOf GRO_0007001"/>
            <Axiom axiom="GRO_0007045 SubClassOf GRO_0007199"/>
         </Generalisation>
         <Generalisation axiom="GRO_0007076 SubClassOf ?cluster_1" count="1" instantiationStats="?cluster_1 count: 1">
            <Axiom axiom="GRO_0007076 SubClassOf GRO_0007199"/>
         </Generalisation>
         <Generalisation axiom="GRO_0007224 SubClassOf ?cluster_1" count="2" instantiationStats="?cluster_1 count: 2">
            <Axiom axiom="GRO_0007224 SubClassOf GRO_0007040"/>
            <Axiom axiom="GRO_0007224 SubClassOf GRO_0007199"/>
         </Generalisation>
         <Generalisation axiom="GRO_0007046 SubClassOf ?cluster_1" count="3" instantiationStats="?cluster_1 count: 3">
            <Axiom axiom="GRO_0007046 SubClassOf GRO_0007040"/>
            <Axiom axiom="GRO_0007046 SubClassOf GRO_0007001"/>
            <Axiom axiom="GRO_0007046 SubClassOf GRO_0007199"/>
         </Generalisation>
         <Generalisation axiom="GRO_0007188 SubClassOf ?cluster_1" count="2" instantiationStats="?cluster_1 count: 2">
            <Axiom axiom="GRO_0007188 SubClassOf GRO_0007199"/>
            <Axiom axiom="GRO_0007188 SubClassOf GRO_0007040"/>
         </Generalisation>
         <Generalisation axiom="GRO_0007154 SubClassOf ?cluster_1" count="3" instantiationStats="?cluster_1 count: 3">
            <Axiom axiom="GRO_0007154 SubClassOf GRO_0007199"/>
            <Axiom axiom="GRO_0007154 SubClassOf GRO_0007001"/>
            <Axiom axiom="GRO_0007154 SubClassOf GRO_0007040"/>
         </Generalisation>
         <Generalisation axiom="GRO_0007152 SubClassOf ?cluster_1" count="3" instantiationStats="?cluster_1 count: 3">
            <Axiom axiom="GRO_0007152 SubClassOf GRO_0007199"/>
            <Axiom axiom="GRO_0007152 SubClassOf GRO_0007001"/>
            <Axiom axiom="GRO_0007152 SubClassOf GRO_0007040"/>
         </Generalisation>
         <Generalisation axiom="GRO_0007130 SubClassOf ?cluster_1" count="1" instantiationStats="?cluster_1 count: 1">
            <Axiom axiom="GRO_0007130 SubClassOf GRO_0007199"/>
         </Generalisation>
         <Generalisation axiom="GRO_0007174 SubClassOf ?cluster_1" count="2" instantiationStats="?cluster_1 count: 2">
            <Axiom axiom="GRO_0007174 SubClassOf GRO_0007040"/>
            <Axiom axiom="GRO_0007174 SubClassOf GRO_0007199"/>
         </Generalisation>
         <Generalisation axiom="GRO_0007160 SubClassOf ?cluster_1" count="2" instantiationStats="?cluster_1 count: 2">
            <Axiom axiom="GRO_0007160 SubClassOf GRO_0007199"/>
            <Axiom axiom="GRO_0007160 SubClassOf GRO_0007040"/>
         </Generalisation>
         <Generalisation axiom="GRO_0007207 SubClassOf ?cluster_1" count="2" instantiationStats="?cluster_1 count: 2">
            <Axiom axiom="GRO_0007207 SubClassOf GRO_0007199"/>
            <Axiom axiom="GRO_0007207 SubClassOf GRO_0007040"/>
         </Generalisation>
         <Generalisation axiom="GRO_0007148 SubClassOf ?cluster_1" count="4" instantiationStats="?cluster_1 count: 4">
            <Axiom axiom="GRO_0007148 SubClassOf GRO_0007199"/>
            <Axiom axiom="GRO_0007148 SubClassOf GRO_0007140"/>
            <Axiom axiom="GRO_0007148 SubClassOf GRO_0007040"/>
            <Axiom axiom="GRO_0007148 SubClassOf GRO_0007001"/>
         </Generalisation>
         <Generalisation axiom="GRO_0007218 SubClassOf ?cluster_1" count="2" instantiationStats="?cluster_1 count: 2">
            <Axiom axiom="GRO_0007218 SubClassOf GRO_0007199"/>
            <Axiom axiom="GRO_0007218 SubClassOf GRO_0007040"/>
         </Generalisation>
         <Generalisation axiom="GRO_0007061 SubClassOf ?cluster_1" count="1" instantiationStats="?cluster_1 count: 1">
            <Axiom axiom="GRO_0007061 SubClassOf GRO_0007199"/>
         </Generalisation>
         <Generalisation axiom="GRO_0007184 SubClassOf ?cluster_1" count="2" instantiationStats="?cluster_1 count: 2">
            <Axiom axiom="GRO_0007184 SubClassOf GRO_0007199"/>
            <Axiom axiom="GRO_0007184 SubClassOf GRO_0007040"/>
         </Generalisation>
         <Generalisation axiom="GRO_0007090 SubClassOf ?cluster_1" count="1" instantiationStats="?cluster_1 count: 1">
            <Axiom axiom="GRO_0007090 SubClassOf GRO_0007199"/>
         </Generalisation>
         <Generalisation axiom="GRO_0007014 SubClassOf ?cluster_1" count="3" instantiationStats="?cluster_1 count: 3">
            <Axiom axiom="GRO_0007014 SubClassOf GRO_0007199"/>
            <Axiom axiom="GRO_0007014 SubClassOf GRO_0007002"/>
            <Axiom axiom="GRO_0007014 SubClassOf GRO_0007012"/>
         </Generalisation>
         <Generalisation axiom="GRO_0007203 SubClassOf ?cluster_1" count="2" instantiationStats="?cluster_1 count: 2">
            <Axiom axiom="GRO_0007203 SubClassOf GRO_0007040"/>
            <Axiom axiom="GRO_0007203 SubClassOf GRO_0007199"/>
         </Generalisation>
         <Generalisation axiom="GRO_0007035 SubClassOf ?cluster_1" count="2" instantiationStats="?cluster_1 count: 2">
            <Axiom axiom="GRO_0007035 SubClassOf GRO_0007199"/>
            <Axiom axiom="GRO_0007035 SubClassOf GRO_0007002"/>
         </Generalisation>
         <Generalisation axiom="GRO_0007175 SubClassOf ?cluster_1" count="2" instantiationStats="?cluster_1 count: 2">
            <Axiom axiom="GRO_0007175 SubClassOf GRO_0007199"/>
            <Axiom axiom="GRO_0007175 SubClassOf GRO_0007040"/>
         </Generalisation>
         <Generalisation axiom="GRO_0007067 SubClassOf ?cluster_1" count="1" instantiationStats="?cluster_1 count: 1">
            <Axiom axiom="GRO_0007067 SubClassOf GRO_0007199"/>
         </Generalisation>
         <Generalisation axiom="GRO_0007216 SubClassOf ?cluster_1" count="3" instantiationStats="?cluster_1 count: 3">
            <Axiom axiom="GRO_0007216 SubClassOf GRO_0007040"/>
            <Axiom axiom="GRO_0007216 SubClassOf GRO_0007001"/>
            <Axiom axiom="GRO_0007216 SubClassOf GRO_0007199"/>
         </Generalisation>
         <Generalisation axiom="GRO_0007110 SubClassOf ?cluster_1" count="1" instantiationStats="?cluster_1 count: 1">
            <Axiom axiom="GRO_0007110 SubClassOf GRO_0007199"/>
         </Generalisation>
         <Generalisation axiom="GRO_0007186 SubClassOf ?cluster_1" count="2" instantiationStats="?cluster_1 count: 2">
            <Axiom axiom="GRO_0007186 SubClassOf GRO_0007199"/>
            <Axiom axiom="GRO_0007186 SubClassOf GRO_0007040"/>
         </Generalisation>
         <Generalisation axiom="GRO_0007150 SubClassOf ?cluster_1" count="4" instantiationStats="?cluster_1 count: 4">
            <Axiom axiom="GRO_0007150 SubClassOf GRO_0007040"/>
            <Axiom axiom="GRO_0007150 SubClassOf GRO_0007140"/>
            <Axiom axiom="GRO_0007150 SubClassOf GRO_0007199"/>
            <Axiom axiom="GRO_0007150 SubClassOf GRO_0007001"/>
         </Generalisation>
         <Generalisation axiom="GRO_0007158 SubClassOf ?cluster_1" count="2" instantiationStats="?cluster_1 count: 2">
            <Axiom axiom="GRO_0007158 SubClassOf GRO_0007199"/>
            <Axiom axiom="GRO_0007158 SubClassOf GRO_0007040"/>
         </Generalisation>
         <Generalisation axiom="GRO_0007173 SubClassOf ?cluster_1" count="2" instantiationStats="?cluster_1 count: 2">
            <Axiom axiom="GRO_0007173 SubClassOf GRO_0007040"/>
            <Axiom axiom="GRO_0007173 SubClassOf GRO_0007199"/>
         </Generalisation>
         <Generalisation axiom="GRO_0007202 SubClassOf ?cluster_1" count="2" instantiationStats="?cluster_1 count: 2">
            <Axiom axiom="GRO_0007202 SubClassOf GRO_0007040"/>
            <Axiom axiom="GRO_0007202 SubClassOf GRO_0007199"/>
         </Generalisation>
         <Generalisation axiom="GRO_0007089 SubClassOf ?cluster_1" count="1" instantiationStats="?cluster_1 count: 1">
            <Axiom axiom="GRO_0007089 SubClassOf GRO_0007199"/>
         </Generalisation>
         <Generalisation axiom="GRO_0007044 SubClassOf ?cluster_1" count="4" instantiationStats="?cluster_1 count: 4">
            <Axiom axiom="GRO_0007044 SubClassOf GRO_0007140"/>
            <Axiom axiom="GRO_0007044 SubClassOf GRO_0007199"/>
            <Axiom axiom="GRO_0007044 SubClassOf GRO_0007040"/>
            <Axiom axiom="GRO_0007044 SubClassOf GRO_0007001"/>
         </Generalisation>
         <Generalisation axiom="GRO_0007233 SubClassOf ?cluster_1" count="3" instantiationStats="?cluster_1 count: 3">
            <Axiom axiom="GRO_0007233 SubClassOf GRO_0007199"/>
            <Axiom axiom="GRO_0007233 SubClassOf GRO_0007040"/>
            <Axiom axiom="GRO_0007233 SubClassOf GRO_0007001"/>
         </Generalisation>
         <Generalisation axiom="GRO_0007021 SubClassOf ?cluster_1" count="2" instantiationStats="?cluster_1 count: 2">
            <Axiom axiom="GRO_0007021 SubClassOf GRO_0007002"/>
            <Axiom axiom="GRO_0007021 SubClassOf GRO_0007199"/>
         </Generalisation>
         <Generalisation axiom="?cluster_2 SubClassOf ?cluster_1" count="9" instantiationStats="?cluster_2 count: 4; ?cluster_1 count: 4">
            <Axiom axiom="GRO_0007017 SubClassOf GRO_0007002"/>
            <Axiom axiom="GRO_0007048 SubClassOf GRO_0007040"/>
            <Axiom axiom="GRO_0007048 SubClassOf GRO_0007001"/>
            <Axiom axiom="GRO_0007048 SubClassOf GRO_0007199"/>
            <Axiom axiom="GRO_0007017 SubClassOf GRO_0007199"/>
            <Axiom axiom="GRO_0007018 SubClassOf GRO_0007002"/>
            <Axiom axiom="GRO_0007018 SubClassOf GRO_0007199"/>
            <Axiom axiom="GRO_0007019 SubClassOf GRO_0007199"/>
            <Axiom axiom="GRO_0007019 SubClassOf GRO_0007002"/>
         </Generalisation>
         <Generalisation axiom="GRO_0007112 SubClassOf ?cluster_1" count="1" instantiationStats="?cluster_1 count: 1">
            <Axiom axiom="GRO_0007112 SubClassOf GRO_0007199"/>
         </Generalisation>
         <Generalisation axiom="GRO_0007190 SubClassOf ?cluster_1" count="2" instantiationStats="?cluster_1 count: 2">
            <Axiom axiom="GRO_0007190 SubClassOf GRO_0007040"/>
            <Axiom axiom="GRO_0007190 SubClassOf GRO_0007199"/>
         </Generalisation>
         <Generalisation axiom="GRO_0007006 SubClassOf ?cluster_1" count="2" instantiationStats="?cluster_1 count: 2">
            <Axiom axiom="GRO_0007006 SubClassOf GRO_0007199"/>
            <Axiom axiom="GRO_0007006 SubClassOf GRO_0007002"/>
         </Generalisation>
         <Generalisation axiom="GRO_0007106 SubClassOf ?cluster_1" count="1" instantiationStats="?cluster_1 count: 1">
            <Axiom axiom="GRO_0007106 SubClassOf GRO_0007199"/>
         </Generalisation>
         <Generalisation axiom="GRO_0007143 SubClassOf ?cluster_1" count="1" instantiationStats="?cluster_1 count: 1">
            <Axiom axiom="GRO_0007143 SubClassOf GRO_0007199"/>
         </Generalisation>
         <Generalisation axiom="GRO_0007077 SubClassOf ?cluster_1" count="1" instantiationStats="?cluster_1 count: 1">
            <Axiom axiom="GRO_0007077 SubClassOf GRO_0007199"/>
         </Generalisation>
         <Generalisation axiom="GRO_0007114 SubClassOf ?cluster_1" count="1" instantiationStats="?cluster_1 count: 1">
            <Axiom axiom="GRO_0007114 SubClassOf GRO_0007199"/>
         </Generalisation>
         <Generalisation axiom="GRO_0007052 SubClassOf ?cluster_1" count="1" instantiationStats="?cluster_1 count: 1">
            <Axiom axiom="GRO_0007052 SubClassOf GRO_0007199"/>
         </Generalisation>
         <Generalisation axiom="GRO_0007212 SubClassOf ?cluster_1" count="2" instantiationStats="?cluster_1 count: 2">
            <Axiom axiom="GRO_0007212 SubClassOf GRO_0007040"/>
            <Axiom axiom="GRO_0007212 SubClassOf GRO_0007199"/>
         </Generalisation>
         <Generalisation axiom="GRO_0007162 SubClassOf ?cluster_1" count="2" instantiationStats="?cluster_1 count: 2">
            <Axiom axiom="GRO_0007162 SubClassOf GRO_0007199"/>
            <Axiom axiom="GRO_0007162 SubClassOf GRO_0007040"/>
         </Generalisation>
         <Generalisation axiom="GRO_0007201 SubClassOf ?cluster_1" count="2" instantiationStats="?cluster_1 count: 2">
            <Axiom axiom="GRO_0007201 SubClassOf GRO_0007199"/>
            <Axiom axiom="GRO_0007201 SubClassOf GRO_0007040"/>
         </Generalisation>
         <Generalisation axiom="GRO_0007059 SubClassOf ?cluster_1" count="1" instantiationStats="?cluster_1 count: 1">
            <Axiom axiom="GRO_0007059 SubClassOf GRO_0007199"/>
         </Generalisation>
         <Generalisation axiom="GRO_0007214 SubClassOf ?cluster_1" count="2" instantiationStats="?cluster_1 count: 2">
            <Axiom axiom="GRO_0007214 SubClassOf GRO_0007199"/>
            <Axiom axiom="GRO_0007214 SubClassOf GRO_0007040"/>
         </Generalisation>
         <Generalisation axiom="GRO_0007029 SubClassOf ?cluster_1" count="2" instantiationStats="?cluster_1 count: 2">
            <Axiom axiom="GRO_0007029 SubClassOf GRO_0007002"/>
            <Axiom axiom="GRO_0007029 SubClassOf GRO_0007199"/>
         </Generalisation>
         <Generalisation axiom="GRO_0007142 SubClassOf ?cluster_1" count="3" instantiationStats="?cluster_1 count: 3">
            <Axiom axiom="GRO_0007142 SubClassOf GRO_0007040"/>
            <Axiom axiom="GRO_0007142 SubClassOf GRO_0007199"/>
            <Axiom axiom="GRO_0007142 SubClassOf GRO_0007001"/>
         </Generalisation>
         <Generalisation axiom="GRO_0007208 SubClassOf ?cluster_1" count="2" instantiationStats="?cluster_1 count: 2">
            <Axiom axiom="GRO_0007208 SubClassOf GRO_0007040"/>
            <Axiom axiom="GRO_0007208 SubClassOf GRO_0007199"/>
         </Generalisation>
      </Generalisations>
   </Cluster>
   <Cluster size="6">
      <Item iri="http://purl.obolibrary.org/obo/GRO_0007048"/>
      <Item iri="http://purl.obolibrary.org/obo/GRO_0007017"/>
      <Item iri="http://purl.obolibrary.org/obo/GRO_0007018"/>
      <Item iri="http://purl.obolibrary.org/obo/GRO_0007019"/>
      <Item iri="http://purl.obolibrary.org/obo/GRO_0007147"/>
      <Item iri="http://purl.obolibrary.org/obo/GRO_0007041"/>
      <Generalisations>
         <Generalisation axiom="?cluster_2 SubClassOf ?cluster_1" count="9" instantiationStats="?cluster_2 count: 4; ?cluster_1 count: 4">
            <Axiom axiom="GRO_0007017 SubClassOf GRO_0007002"/>
            <Axiom axiom="GRO_0007048 SubClassOf GRO_0007040"/>
            <Axiom axiom="GRO_0007048 SubClassOf GRO_0007001"/>
            <Axiom axiom="GRO_0007048 SubClassOf GRO_0007199"/>
            <Axiom axiom="GRO_0007017 SubClassOf GRO_0007199"/>
            <Axiom axiom="GRO_0007018 SubClassOf GRO_0007002"/>
            <Axiom axiom="GRO_0007018 SubClassOf GRO_0007199"/>
            <Axiom axiom="GRO_0007019 SubClassOf GRO_0007199"/>
            <Axiom axiom="GRO_0007019 SubClassOf GRO_0007002"/>
         </Generalisation>
         <Generalisation axiom="?cluster_2 SubClassOf CEREAL_PLANT_GROWTH_STAGE_part_of some &#10;((GRO_0007139 and ?cluster_1_conjunction and ?cluster_2) and (CEREAL_PLANT_GROWTH_STAGE_part_of some &#10;(?cluster_1_conjunction)))" count="2" instantiationStats="?cluster_2 count: 3; ?cluster_1 count: 4">
            <Axiom axiom="GRO_0007041 SubClassOf CEREAL_PLANT_GROWTH_STAGE_part_of some &#10;((GRO_0007001 and GRO_0007040 and GRO_0007048 and GRO_0007139 and GRO_0007199) and (CEREAL_PLANT_GROWTH_STAGE_part_of some &#10;(GRO_0007001 and GRO_0007040 and GRO_0007140 and GRO_0007199)))"/>
            <Axiom axiom="GRO_0007147 SubClassOf CEREAL_PLANT_GROWTH_STAGE_part_of some &#10;((GRO_0007001 and GRO_0007040 and GRO_0007048 and GRO_0007139 and GRO_0007199) and (CEREAL_PLANT_GROWTH_STAGE_part_of some &#10;(GRO_0007001 and GRO_0007040 and GRO_0007140 and GRO_0007199)))"/>
         </Generalisation>
         <Generalisation axiom="?cluster_2 SubClassOf CEREAL_PLANT_GROWTH_STAGE_part_of some Thing" count="6" instantiationStats="?cluster_2 count: 6">
            <Axiom axiom="GRO_0007041 SubClassOf CEREAL_PLANT_GROWTH_STAGE_part_of some Thing"/>
            <Axiom axiom="GRO_0007147 SubClassOf CEREAL_PLANT_GROWTH_STAGE_part_of some Thing"/>
            <Axiom axiom="GRO_0007017 SubClassOf CEREAL_PLANT_GROWTH_STAGE_part_of some Thing"/>
            <Axiom axiom="GRO_0007019 SubClassOf CEREAL_PLANT_GROWTH_STAGE_part_of some Thing"/>
            <Axiom axiom="GRO_0007018 SubClassOf CEREAL_PLANT_GROWTH_STAGE_part_of some Thing"/>
            <Axiom axiom="GRO_0007048 SubClassOf CEREAL_PLANT_GROWTH_STAGE_part_of some Thing"/>
         </Generalisation>
         <Generalisation axiom="?cluster_2 SubClassOf GRO_0007139" count="1" instantiationStats="?cluster_2 count: 1">
            <Axiom axiom="GRO_0007048 SubClassOf GRO_0007139"/>
         </Generalisation>
         <Generalisation axiom="?cluster_2 SubClassOf CEREAL_PLANT_GROWTH_STAGE_part_of some &#10;(?cluster_1_conjunction)" count="4" instantiationStats="?cluster_2 count: 4; ?cluster_1 count: 7">
            <Axiom axiom="GRO_0007017 SubClassOf CEREAL_PLANT_GROWTH_STAGE_part_of some &#10;(GRO_0007002 and GRO_0007012 and GRO_0007016 and GRO_0007199)"/>
            <Axiom axiom="GRO_0007019 SubClassOf CEREAL_PLANT_GROWTH_STAGE_part_of some &#10;(GRO_0007002 and GRO_0007012 and GRO_0007016 and GRO_0007199)"/>
            <Axiom axiom="GRO_0007018 SubClassOf CEREAL_PLANT_GROWTH_STAGE_part_of some &#10;(GRO_0007002 and GRO_0007012 and GRO_0007016 and GRO_0007199)"/>
            <Axiom axiom="GRO_0007048 SubClassOf CEREAL_PLANT_GROWTH_STAGE_part_of some &#10;(GRO_0007001 and GRO_0007040 and GRO_0007140 and GRO_0007199)"/>
         </Generalisation>
         <Generalisation axiom="?cluster_2 SubClassOf ?cluster_2" count="2" instantiationStats="?cluster_2 count: 3">
            <Axiom axiom="GRO_0007019 SubClassOf GRO_0007017"/>
            <Axiom axiom="GRO_0007018 SubClassOf GRO_0007017"/>
         </Generalisation>
      </Generalisations>
   </Cluster>
</Clusters>
