<?xml version="1.0" encoding="UTF-8" standalone="no"?>
<Clusters>
   <Cluster size="10">
      <Item iri="http://www.biopax.org/release/biopax-level2.owl#transport"/>
      <Item iri="http://www.biopax.org/release/biopax-level2.owl#modulation"/>
      <Item iri="http://www.biopax.org/release/biopax-level2.owl#conversion"/>
      <Item iri="http://www.biopax.org/release/biopax-level2.owl#complexAssembly"/>
      <Item iri="http://www.biopax.org/release/biopax-level2.owl#biochemicalReaction"/>
      <Item iri="http://www.biopax.org/release/biopax-level2.owl#control"/>
      <Item iri="http://www.biopax.org/release/biopax-level2.owl#transportWithBiochemicalReaction"/>
      <Item iri="http://www.biopax.org/release/biopax-level2.owl#interaction"/>
      <Item iri="http://www.biopax.org/release/biopax-level2.owl#physicalInteraction"/>
      <Item iri="http://www.biopax.org/release/biopax-level2.owl#catalysis"/>
      <Generalisations>
         <Generalisation axiom="?entity SubClassOf ?entity" count="25" instantiationStats="?entity count: 10">
            <Axiom axiom="transportWithBiochemicalReaction SubClassOf physicalInteraction"/>
            <Axiom axiom="transportWithBiochemicalReaction SubClassOf biochemicalReaction"/>
            <Axiom axiom="complexAssembly SubClassOf conversion"/>
            <Axiom axiom="transport SubClassOf physicalInteraction"/>
            <Axiom axiom="transportWithBiochemicalReaction SubClassOf interaction"/>
            <Axiom axiom="conversion SubClassOf interaction"/>
            <Axiom axiom="modulation SubClassOf physicalInteraction"/>
            <Axiom axiom="catalysis SubClassOf interaction"/>
            <Axiom axiom="transportWithBiochemicalReaction SubClassOf transport"/>
            <Axiom axiom="biochemicalReaction SubClassOf interaction"/>
            <Axiom axiom="complexAssembly SubClassOf physicalInteraction"/>
            <Axiom axiom="transportWithBiochemicalReaction SubClassOf conversion"/>
            <Axiom axiom="control SubClassOf physicalInteraction"/>
            <Axiom axiom="complexAssembly SubClassOf interaction"/>
            <Axiom axiom="biochemicalReaction SubClassOf physicalInteraction"/>
            <Axiom axiom="conversion SubClassOf physicalInteraction"/>
            <Axiom axiom="catalysis SubClassOf physicalInteraction"/>
            <Axiom axiom="catalysis SubClassOf control"/>
            <Axiom axiom="physicalInteraction SubClassOf interaction"/>
            <Axiom axiom="transport SubClassOf conversion"/>
            <Axiom axiom="modulation SubClassOf interaction"/>
            <Axiom axiom="control SubClassOf interaction"/>
            <Axiom axiom="modulation SubClassOf control"/>
            <Axiom axiom="transport SubClassOf interaction"/>
            <Axiom axiom="biochemicalReaction SubClassOf conversion"/>
         </Generalisation>
         <Generalisation axiom="?entity SubClassOf PARTICIPANTS some &#10;((?physicalEntityParticipant and ?utilityClass_1) and (PHYSICAL-ENTITY some &#10;(?entity_1_conjunction)))" count="9" instantiationStats="?entity_1 count: 2; ?utilityClass_1 count: 1; ?physicalEntityParticipant count: 1; ?entity count: 9">
            <Axiom axiom="biochemicalReaction SubClassOf PARTICIPANTS some &#10;((physicalEntityParticipant and utilityClass) and (PHYSICAL-ENTITY some &#10;(entity and physicalEntity)))"/>
            <Axiom axiom="transportWithBiochemicalReaction SubClassOf PARTICIPANTS some &#10;((physicalEntityParticipant and utilityClass) and (PHYSICAL-ENTITY some &#10;(entity and physicalEntity)))"/>
            <Axiom axiom="control SubClassOf PARTICIPANTS some &#10;((physicalEntityParticipant and utilityClass) and (PHYSICAL-ENTITY some &#10;(entity and physicalEntity)))"/>
            <Axiom axiom="conversion SubClassOf PARTICIPANTS some &#10;((physicalEntityParticipant and utilityClass) and (PHYSICAL-ENTITY some &#10;(entity and physicalEntity)))"/>
            <Axiom axiom="modulation SubClassOf PARTICIPANTS some &#10;((physicalEntityParticipant and utilityClass) and (PHYSICAL-ENTITY some &#10;(entity and physicalEntity)))"/>
            <Axiom axiom="complexAssembly SubClassOf PARTICIPANTS some &#10;((physicalEntityParticipant and utilityClass) and (PHYSICAL-ENTITY some &#10;(entity and physicalEntity)))"/>
            <Axiom axiom="catalysis SubClassOf PARTICIPANTS some &#10;((physicalEntityParticipant and utilityClass) and (PHYSICAL-ENTITY some &#10;(entity and physicalEntity)))"/>
            <Axiom axiom="transport SubClassOf PARTICIPANTS some &#10;((physicalEntityParticipant and utilityClass) and (PHYSICAL-ENTITY some &#10;(entity and physicalEntity)))"/>
            <Axiom axiom="physicalInteraction SubClassOf PARTICIPANTS some &#10;((physicalEntityParticipant and utilityClass) and (PHYSICAL-ENTITY some &#10;(entity and physicalEntity)))"/>
         </Generalisation>
         <Generalisation axiom="?entity SubClassOf PARTICIPANTS some Thing" count="10" instantiationStats="?entity count: 10">
            <Axiom axiom="biochemicalReaction SubClassOf PARTICIPANTS some Thing"/>
            <Axiom axiom="physicalInteraction SubClassOf PARTICIPANTS some Thing"/>
            <Axiom axiom="interaction SubClassOf PARTICIPANTS some Thing"/>
            <Axiom axiom="complexAssembly SubClassOf PARTICIPANTS some Thing"/>
            <Axiom axiom="modulation SubClassOf PARTICIPANTS some Thing"/>
            <Axiom axiom="transport SubClassOf PARTICIPANTS some Thing"/>
            <Axiom axiom="transportWithBiochemicalReaction SubClassOf PARTICIPANTS some Thing"/>
            <Axiom axiom="control SubClassOf PARTICIPANTS some Thing"/>
            <Axiom axiom="conversion SubClassOf PARTICIPANTS some Thing"/>
            <Axiom axiom="catalysis SubClassOf PARTICIPANTS some Thing"/>
         </Generalisation>
         <Generalisation axiom="?entity EquivalentTo PARTICIPANTS some Thing" count="1" instantiationStats="?entity count: 1">
            <Axiom axiom="interaction EquivalentTo PARTICIPANTS some Thing"/>
         </Generalisation>
         <Generalisation axiom="?entity SubClassOf ?entity_1" count="10" instantiationStats="?entity_1 count: 1; ?entity count: 10">
            <Axiom axiom="interaction SubClassOf entity"/>
            <Axiom axiom="catalysis SubClassOf entity"/>
            <Axiom axiom="control SubClassOf entity"/>
            <Axiom axiom="transportWithBiochemicalReaction SubClassOf entity"/>
            <Axiom axiom="complexAssembly SubClassOf entity"/>
            <Axiom axiom="conversion SubClassOf entity"/>
            <Axiom axiom="biochemicalReaction SubClassOf entity"/>
            <Axiom axiom="modulation SubClassOf entity"/>
            <Axiom axiom="physicalInteraction SubClassOf entity"/>
            <Axiom axiom="transport SubClassOf entity"/>
         </Generalisation>
         <Generalisation axiom="?entity SubClassOf PARTICIPANTS only &#10;((?physicalEntityParticipant and ?utilityClass_1) and (PHYSICAL-ENTITY some &#10;(?entity_1_conjunction)))" count="5" instantiationStats="?entity_1 count: 2; ?utilityClass_1 count: 1; ?physicalEntityParticipant count: 1; ?entity count: 5">
            <Axiom axiom="conversion SubClassOf PARTICIPANTS only &#10;((physicalEntityParticipant and utilityClass) and (PHYSICAL-ENTITY some &#10;(entity and physicalEntity)))"/>
            <Axiom axiom="complexAssembly SubClassOf PARTICIPANTS only &#10;((physicalEntityParticipant and utilityClass) and (PHYSICAL-ENTITY some &#10;(entity and physicalEntity)))"/>
            <Axiom axiom="biochemicalReaction SubClassOf PARTICIPANTS only &#10;((physicalEntityParticipant and utilityClass) and (PHYSICAL-ENTITY some &#10;(entity and physicalEntity)))"/>
            <Axiom axiom="transport SubClassOf PARTICIPANTS only &#10;((physicalEntityParticipant and utilityClass) and (PHYSICAL-ENTITY some &#10;(entity and physicalEntity)))"/>
            <Axiom axiom="transportWithBiochemicalReaction SubClassOf PARTICIPANTS only &#10;((physicalEntityParticipant and utilityClass) and (PHYSICAL-ENTITY some &#10;(entity and physicalEntity)))"/>
         </Generalisation>
      </Generalisations>
   </Cluster>
   <Cluster size="4">
      <Item iri="http://www.biopax.org/release/biopax-level2.owl#xref"/>
      <Item iri="http://www.biopax.org/release/biopax-level2.owl#externalReferenceUtilityClass"/>
      <Item iri="http://www.biopax.org/release/biopax-level2.owl#publicationXref"/>
      <Item iri="http://www.biopax.org/release/biopax-level2.owl#utilityClass"/>
      <Generalisations>
         <Generalisation axiom="bioSource SubClassOf TAXON-XREF some &#10;(unificationXref and ?utilityClass_1_conjunction)" count="1" instantiationStats="?utilityClass_1 count: 3">
            <Axiom axiom="bioSource SubClassOf TAXON-XREF some &#10;(externalReferenceUtilityClass and unificationXref and utilityClass and xref)"/>
         </Generalisation>
         <Generalisation axiom="kPrime SubClassOf ?utilityClass_1" count="1" instantiationStats="?utilityClass_1 count: 1">
            <Axiom axiom="kPrime SubClassOf utilityClass"/>
         </Generalisation>
         <Generalisation axiom="sequenceFeature SubClassOf FEATURE-TYPE only &#10;(openControlledVocabulary and ?utilityClass_1_conjunction)" count="1" instantiationStats="?utilityClass_1 count: 2">
            <Axiom axiom="sequenceFeature SubClassOf FEATURE-TYPE only &#10;(externalReferenceUtilityClass and openControlledVocabulary and utilityClass)"/>
         </Generalisation>
         <Generalisation axiom="sequenceFeature EquivalentTo FEATURE-TYPE some &#10;(openControlledVocabulary and ?utilityClass_1_conjunction)" count="1" instantiationStats="?utilityClass_1 count: 2">
            <Axiom axiom="sequenceFeature EquivalentTo FEATURE-TYPE some &#10;(externalReferenceUtilityClass and openControlledVocabulary and utilityClass)"/>
         </Generalisation>
         <Generalisation axiom="sequenceInterval EquivalentTo SEQUENCE-INTERVAL-END some &#10;(?utilityClass_1 and ?utilityClass_conjunction)" count="1" instantiationStats="?utilityClass count: 2; ?utilityClass_1 count: 1">
            <Axiom axiom="sequenceInterval EquivalentTo SEQUENCE-INTERVAL-END some &#10;(sequenceLocation and sequenceSite and utilityClass)"/>
         </Generalisation>
         <Generalisation axiom="unificationXref SubClassOf ?utilityClass_1" count="3" instantiationStats="?utilityClass_1 count: 3">
            <Axiom axiom="unificationXref SubClassOf xref"/>
            <Axiom axiom="unificationXref SubClassOf utilityClass"/>
            <Axiom axiom="unificationXref SubClassOf externalReferenceUtilityClass"/>
         </Generalisation>
         <Generalisation axiom="chemicalStructure SubClassOf ?utilityClass_1" count="1" instantiationStats="?utilityClass_1 count: 1">
            <Axiom axiom="chemicalStructure SubClassOf utilityClass"/>
         </Generalisation>
         <Generalisation axiom="dataSource SubClassOf ?utilityClass_1" count="2" instantiationStats="?utilityClass_1 count: 2">
            <Axiom axiom="dataSource SubClassOf externalReferenceUtilityClass"/>
            <Axiom axiom="dataSource SubClassOf utilityClass"/>
         </Generalisation>
         <Generalisation axiom="relationshipXref SubClassOf ?utilityClass_1" count="3" instantiationStats="?utilityClass_1 count: 3">
            <Axiom axiom="relationshipXref SubClassOf externalReferenceUtilityClass"/>
            <Axiom axiom="relationshipXref SubClassOf utilityClass"/>
            <Axiom axiom="relationshipXref SubClassOf xref"/>
         </Generalisation>
         <Generalisation axiom="experimentalForm EquivalentTo PARTICIPANT some &#10;((?physicalEntityParticipant and ?utilityClass_1) and (PHYSICAL-ENTITY some &#10;(?entity_1_conjunction)))" count="1" instantiationStats="?entity_1 count: 2; ?utilityClass_1 count: 1; ?physicalEntityParticipant count: 1">
            <Axiom axiom="experimentalForm EquivalentTo PARTICIPANT some &#10;((physicalEntityParticipant and utilityClass) and (PHYSICAL-ENTITY some &#10;(entity and physicalEntity)))"/>
         </Generalisation>
         <Generalisation axiom="experimentalForm SubClassOf PARTICIPANT some &#10;((?physicalEntityParticipant and ?utilityClass_1) and (PHYSICAL-ENTITY some &#10;(?entity_1_conjunction)))" count="1" instantiationStats="?entity_1 count: 2; ?utilityClass_1 count: 1; ?physicalEntityParticipant count: 1">
            <Axiom axiom="experimentalForm SubClassOf PARTICIPANT some &#10;((physicalEntityParticipant and utilityClass) and (PHYSICAL-ENTITY some &#10;(entity and physicalEntity)))"/>
         </Generalisation>
         <Generalisation axiom="experimentalForm SubClassOf EXPERIMENTAL-FORM-TYPE only &#10;(openControlledVocabulary and ?utilityClass_1_conjunction)" count="1" instantiationStats="?utilityClass_1 count: 2">
            <Axiom axiom="experimentalForm SubClassOf EXPERIMENTAL-FORM-TYPE only &#10;(externalReferenceUtilityClass and openControlledVocabulary and utilityClass)"/>
         </Generalisation>
         <Generalisation axiom="bioSource SubClassOf ?utilityClass_1" count="2" instantiationStats="?utilityClass_1 count: 2">
            <Axiom axiom="bioSource SubClassOf externalReferenceUtilityClass"/>
            <Axiom axiom="bioSource SubClassOf utilityClass"/>
         </Generalisation>
         <Generalisation axiom="?utilityClass_1 SubClassOf ?utilityClass_1" count="6" instantiationStats="?utilityClass_1 count: 4">
            <Axiom axiom="xref SubClassOf externalReferenceUtilityClass"/>
            <Axiom axiom="publicationXref SubClassOf xref"/>
            <Axiom axiom="externalReferenceUtilityClass SubClassOf utilityClass"/>
            <Axiom axiom="publicationXref SubClassOf externalReferenceUtilityClass"/>
            <Axiom axiom="xref SubClassOf utilityClass"/>
            <Axiom axiom="publicationXref SubClassOf utilityClass"/>
         </Generalisation>
         <Generalisation axiom="sequenceInterval SubClassOf SEQUENCE-INTERVAL-BEGIN only &#10;(?utilityClass_1 and ?utilityClass_conjunction)" count="1" instantiationStats="?utilityClass count: 2; ?utilityClass_1 count: 1">
            <Axiom axiom="sequenceInterval SubClassOf SEQUENCE-INTERVAL-BEGIN only &#10;(sequenceLocation and sequenceSite and utilityClass)"/>
         </Generalisation>
         <Generalisation axiom="sequenceInterval SubClassOf SEQUENCE-INTERVAL-END some &#10;(?utilityClass_1 and ?utilityClass_conjunction)" count="1" instantiationStats="?utilityClass count: 2; ?utilityClass_1 count: 1">
            <Axiom axiom="sequenceInterval SubClassOf SEQUENCE-INTERVAL-END some &#10;(sequenceLocation and sequenceSite and utilityClass)"/>
         </Generalisation>
         <Generalisation axiom="evidence SubClassOf ?utilityClass_1" count="1" instantiationStats="?utilityClass_1 count: 1">
            <Axiom axiom="evidence SubClassOf utilityClass"/>
         </Generalisation>
         <Generalisation axiom="experimentalForm EquivalentTo EXPERIMENTAL-FORM-TYPE some &#10;(openControlledVocabulary and ?utilityClass_1_conjunction)" count="1" instantiationStats="?utilityClass_1 count: 2">
            <Axiom axiom="experimentalForm EquivalentTo EXPERIMENTAL-FORM-TYPE some &#10;(externalReferenceUtilityClass and openControlledVocabulary and utilityClass)"/>
         </Generalisation>
         <Generalisation axiom="experimentalForm SubClassOf EXPERIMENTAL-FORM-TYPE some &#10;(openControlledVocabulary and ?utilityClass_1_conjunction)" count="1" instantiationStats="?utilityClass_1 count: 2">
            <Axiom axiom="experimentalForm SubClassOf EXPERIMENTAL-FORM-TYPE some &#10;(externalReferenceUtilityClass and openControlledVocabulary and utilityClass)"/>
         </Generalisation>
         <Generalisation axiom="confidence SubClassOf XREF some &#10;(?utilityClass_1_conjunction)" count="1" instantiationStats="?utilityClass_1 count: 4">
            <Axiom axiom="confidence SubClassOf XREF some &#10;(externalReferenceUtilityClass and publicationXref and utilityClass and xref)"/>
         </Generalisation>
         <Generalisation axiom="?entity SubClassOf PARTICIPANTS some &#10;((?physicalEntityParticipant and ?utilityClass_1) and (PHYSICAL-ENTITY some &#10;(?entity_1_conjunction)))" count="9" instantiationStats="?entity_1 count: 2; ?utilityClass_1 count: 1; ?physicalEntityParticipant count: 1; ?entity count: 9">
            <Axiom axiom="biochemicalReaction SubClassOf PARTICIPANTS some &#10;((physicalEntityParticipant and utilityClass) and (PHYSICAL-ENTITY some &#10;(entity and physicalEntity)))"/>
            <Axiom axiom="transportWithBiochemicalReaction SubClassOf PARTICIPANTS some &#10;((physicalEntityParticipant and utilityClass) and (PHYSICAL-ENTITY some &#10;(entity and physicalEntity)))"/>
            <Axiom axiom="control SubClassOf PARTICIPANTS some &#10;((physicalEntityParticipant and utilityClass) and (PHYSICAL-ENTITY some &#10;(entity and physicalEntity)))"/>
            <Axiom axiom="conversion SubClassOf PARTICIPANTS some &#10;((physicalEntityParticipant and utilityClass) and (PHYSICAL-ENTITY some &#10;(entity and physicalEntity)))"/>
            <Axiom axiom="modulation SubClassOf PARTICIPANTS some &#10;((physicalEntityParticipant and utilityClass) and (PHYSICAL-ENTITY some &#10;(entity and physicalEntity)))"/>
            <Axiom axiom="complexAssembly SubClassOf PARTICIPANTS some &#10;((physicalEntityParticipant and utilityClass) and (PHYSICAL-ENTITY some &#10;(entity and physicalEntity)))"/>
            <Axiom axiom="catalysis SubClassOf PARTICIPANTS some &#10;((physicalEntityParticipant and utilityClass) and (PHYSICAL-ENTITY some &#10;(entity and physicalEntity)))"/>
            <Axiom axiom="transport SubClassOf PARTICIPANTS some &#10;((physicalEntityParticipant and utilityClass) and (PHYSICAL-ENTITY some &#10;(entity and physicalEntity)))"/>
            <Axiom axiom="physicalInteraction SubClassOf PARTICIPANTS some &#10;((physicalEntityParticipant and utilityClass) and (PHYSICAL-ENTITY some &#10;(entity and physicalEntity)))"/>
         </Generalisation>
         <Generalisation axiom="sequenceFeature SubClassOf FEATURE-TYPE some &#10;(openControlledVocabulary and ?utilityClass_1_conjunction)" count="1" instantiationStats="?utilityClass_1 count: 2">
            <Axiom axiom="sequenceFeature SubClassOf FEATURE-TYPE some &#10;(externalReferenceUtilityClass and openControlledVocabulary and utilityClass)"/>
         </Generalisation>
         <Generalisation axiom="deltaGprimeO SubClassOf ?utilityClass_1" count="1" instantiationStats="?utilityClass_1 count: 1">
            <Axiom axiom="deltaGprimeO SubClassOf utilityClass"/>
         </Generalisation>
         <Generalisation axiom="?physicalEntityParticipant SubClassOf ?utilityClass_1" count="2" instantiationStats="?utilityClass_1 count: 1; ?physicalEntityParticipant count: 2">
            <Axiom axiom="physicalEntityParticipant SubClassOf utilityClass"/>
            <Axiom axiom="sequenceParticipant SubClassOf utilityClass"/>
         </Generalisation>
         <Generalisation axiom="sequenceFeature SubClassOf ?utilityClass_1" count="1" instantiationStats="?utilityClass_1 count: 1">
            <Axiom axiom="sequenceFeature SubClassOf utilityClass"/>
         </Generalisation>
         <Generalisation axiom="experimentalForm SubClassOf PARTICIPANT only &#10;((?physicalEntityParticipant and ?utilityClass_1) and (PHYSICAL-ENTITY some &#10;(?entity_1_conjunction)))" count="1" instantiationStats="?entity_1 count: 2; ?utilityClass_1 count: 1; ?physicalEntityParticipant count: 1">
            <Axiom axiom="experimentalForm SubClassOf PARTICIPANT only &#10;((physicalEntityParticipant and utilityClass) and (PHYSICAL-ENTITY some &#10;(entity and physicalEntity)))"/>
         </Generalisation>
         <Generalisation axiom="bioSource EquivalentTo TAXON-XREF some &#10;(unificationXref and ?utilityClass_1_conjunction)" count="1" instantiationStats="?utilityClass_1 count: 3">
            <Axiom axiom="bioSource EquivalentTo TAXON-XREF some &#10;(externalReferenceUtilityClass and unificationXref and utilityClass and xref)"/>
         </Generalisation>
         <Generalisation axiom="sequenceInterval SubClassOf SEQUENCE-INTERVAL-END only &#10;(?utilityClass_1 and ?utilityClass_conjunction)" count="1" instantiationStats="?utilityClass count: 2; ?utilityClass_1 count: 1">
            <Axiom axiom="sequenceInterval SubClassOf SEQUENCE-INTERVAL-END only &#10;(sequenceLocation and sequenceSite and utilityClass)"/>
         </Generalisation>
         <Generalisation axiom="?utilityClass SubClassOf ?utilityClass_1" count="2" instantiationStats="?utilityClass count: 2; ?utilityClass_1 count: 1">
            <Axiom axiom="sequenceSite SubClassOf utilityClass"/>
            <Axiom axiom="sequenceLocation SubClassOf utilityClass"/>
         </Generalisation>
         <Generalisation axiom="?entity SubClassOf PARTICIPANTS only &#10;((?physicalEntityParticipant and ?utilityClass_1) and (PHYSICAL-ENTITY some &#10;(?entity_1_conjunction)))" count="5" instantiationStats="?entity_1 count: 2; ?utilityClass_1 count: 1; ?physicalEntityParticipant count: 1; ?entity count: 5">
            <Axiom axiom="conversion SubClassOf PARTICIPANTS only &#10;((physicalEntityParticipant and utilityClass) and (PHYSICAL-ENTITY some &#10;(entity and physicalEntity)))"/>
            <Axiom axiom="complexAssembly SubClassOf PARTICIPANTS only &#10;((physicalEntityParticipant and utilityClass) and (PHYSICAL-ENTITY some &#10;(entity and physicalEntity)))"/>
            <Axiom axiom="biochemicalReaction SubClassOf PARTICIPANTS only &#10;((physicalEntityParticipant and utilityClass) and (PHYSICAL-ENTITY some &#10;(entity and physicalEntity)))"/>
            <Axiom axiom="transport SubClassOf PARTICIPANTS only &#10;((physicalEntityParticipant and utilityClass) and (PHYSICAL-ENTITY some &#10;(entity and physicalEntity)))"/>
            <Axiom axiom="transportWithBiochemicalReaction SubClassOf PARTICIPANTS only &#10;((physicalEntityParticipant and utilityClass) and (PHYSICAL-ENTITY some &#10;(entity and physicalEntity)))"/>
         </Generalisation>
         <Generalisation axiom="confidence SubClassOf ?utilityClass_1" count="1" instantiationStats="?utilityClass_1 count: 1">
            <Axiom axiom="confidence SubClassOf utilityClass"/>
         </Generalisation>
         <Generalisation axiom="confidence SubClassOf XREF only &#10;(?utilityClass_1_conjunction)" count="1" instantiationStats="?utilityClass_1 count: 4">
            <Axiom axiom="confidence SubClassOf XREF only &#10;(externalReferenceUtilityClass and publicationXref and utilityClass and xref)"/>
         </Generalisation>
         <Generalisation axiom="experimentalForm SubClassOf ?utilityClass_1" count="1" instantiationStats="?utilityClass_1 count: 1">
            <Axiom axiom="experimentalForm SubClassOf utilityClass"/>
         </Generalisation>
         <Generalisation axiom="sequenceInterval EquivalentTo SEQUENCE-INTERVAL-BEGIN some &#10;(?utilityClass_1 and ?utilityClass_conjunction)" count="1" instantiationStats="?utilityClass count: 2; ?utilityClass_1 count: 1">
            <Axiom axiom="sequenceInterval EquivalentTo SEQUENCE-INTERVAL-BEGIN some &#10;(sequenceLocation and sequenceSite and utilityClass)"/>
         </Generalisation>
         <Generalisation axiom="evidence SubClassOf CONFIDENCE only &#10;((confidence and ?utilityClass_1) and (XREF some &#10;(?utilityClass_1_conjunction)))" count="1" instantiationStats="?utilityClass_1 count: 4">
            <Axiom axiom="evidence SubClassOf CONFIDENCE only &#10;((confidence and utilityClass) and (XREF some &#10;(externalReferenceUtilityClass and publicationXref and utilityClass and xref)))"/>
         </Generalisation>
         <Generalisation axiom="bioSource SubClassOf TAXON-XREF only &#10;(unificationXref and ?utilityClass_1_conjunction)" count="1" instantiationStats="?utilityClass_1 count: 3">
            <Axiom axiom="bioSource SubClassOf TAXON-XREF only &#10;(externalReferenceUtilityClass and unificationXref and utilityClass and xref)"/>
         </Generalisation>
         <Generalisation axiom="openControlledVocabulary SubClassOf ?utilityClass_1" count="2" instantiationStats="?utilityClass_1 count: 2">
            <Axiom axiom="openControlledVocabulary SubClassOf externalReferenceUtilityClass"/>
            <Axiom axiom="openControlledVocabulary SubClassOf utilityClass"/>
         </Generalisation>
         <Generalisation axiom="sequenceInterval SubClassOf ?utilityClass_1" count="1" instantiationStats="?utilityClass_1 count: 1">
            <Axiom axiom="sequenceInterval SubClassOf utilityClass"/>
         </Generalisation>
         <Generalisation axiom="pathwayStep SubClassOf ?utilityClass_1" count="1" instantiationStats="?utilityClass_1 count: 1">
            <Axiom axiom="pathwayStep SubClassOf utilityClass"/>
         </Generalisation>
         <Generalisation axiom="sequenceInterval SubClassOf SEQUENCE-INTERVAL-BEGIN some &#10;(?utilityClass_1 and ?utilityClass_conjunction)" count="1" instantiationStats="?utilityClass count: 2; ?utilityClass_1 count: 1">
            <Axiom axiom="sequenceInterval SubClassOf SEQUENCE-INTERVAL-BEGIN some &#10;(sequenceLocation and sequenceSite and utilityClass)"/>
         </Generalisation>
      </Generalisations>
   </Cluster>
   <Cluster size="2">
      <Item iri="http://www.biopax.org/release/biopax-level2.owl#sequenceLocation"/>
      <Item iri="http://www.biopax.org/release/biopax-level2.owl#sequenceSite"/>
      <Generalisations>
         <Generalisation axiom="?utilityClass SubClassOf ?utilityClass" count="1" instantiationStats="?utilityClass count: 2">
            <Axiom axiom="sequenceSite SubClassOf sequenceLocation"/>
         </Generalisation>
         <Generalisation axiom="sequenceInterval EquivalentTo SEQUENCE-INTERVAL-BEGIN some &#10;(?utilityClass_1 and ?utilityClass_conjunction)" count="1" instantiationStats="?utilityClass count: 2; ?utilityClass_1 count: 1">
            <Axiom axiom="sequenceInterval EquivalentTo SEQUENCE-INTERVAL-BEGIN some &#10;(sequenceLocation and sequenceSite and utilityClass)"/>
         </Generalisation>
         <Generalisation axiom="sequenceInterval SubClassOf SEQUENCE-INTERVAL-BEGIN only &#10;(?utilityClass_1 and ?utilityClass_conjunction)" count="1" instantiationStats="?utilityClass count: 2; ?utilityClass_1 count: 1">
            <Axiom axiom="sequenceInterval SubClassOf SEQUENCE-INTERVAL-BEGIN only &#10;(sequenceLocation and sequenceSite and utilityClass)"/>
         </Generalisation>
         <Generalisation axiom="sequenceInterval EquivalentTo SEQUENCE-INTERVAL-END some &#10;(?utilityClass_1 and ?utilityClass_conjunction)" count="1" instantiationStats="?utilityClass count: 2; ?utilityClass_1 count: 1">
            <Axiom axiom="sequenceInterval EquivalentTo SEQUENCE-INTERVAL-END some &#10;(sequenceLocation and sequenceSite and utilityClass)"/>
         </Generalisation>
         <Generalisation axiom="sequenceInterval SubClassOf SEQUENCE-INTERVAL-END some &#10;(?utilityClass_1 and ?utilityClass_conjunction)" count="1" instantiationStats="?utilityClass count: 2; ?utilityClass_1 count: 1">
            <Axiom axiom="sequenceInterval SubClassOf SEQUENCE-INTERVAL-END some &#10;(sequenceLocation and sequenceSite and utilityClass)"/>
         </Generalisation>
         <Generalisation axiom="sequenceInterval SubClassOf SEQUENCE-INTERVAL-END only &#10;(?utilityClass_1 and ?utilityClass_conjunction)" count="1" instantiationStats="?utilityClass count: 2; ?utilityClass_1 count: 1">
            <Axiom axiom="sequenceInterval SubClassOf SEQUENCE-INTERVAL-END only &#10;(sequenceLocation and sequenceSite and utilityClass)"/>
         </Generalisation>
         <Generalisation axiom="sequenceInterval SubClassOf ?utilityClass" count="1" instantiationStats="?utilityClass count: 1">
            <Axiom axiom="sequenceInterval SubClassOf sequenceLocation"/>
         </Generalisation>
         <Generalisation axiom="?utilityClass SubClassOf ?utilityClass_1" count="2" instantiationStats="?utilityClass count: 2; ?utilityClass_1 count: 1">
            <Axiom axiom="sequenceSite SubClassOf utilityClass"/>
            <Axiom axiom="sequenceLocation SubClassOf utilityClass"/>
         </Generalisation>
         <Generalisation axiom="sequenceInterval SubClassOf SEQUENCE-INTERVAL-BEGIN some &#10;(?utilityClass_1 and ?utilityClass_conjunction)" count="1" instantiationStats="?utilityClass count: 2; ?utilityClass_1 count: 1">
            <Axiom axiom="sequenceInterval SubClassOf SEQUENCE-INTERVAL-BEGIN some &#10;(sequenceLocation and sequenceSite and utilityClass)"/>
         </Generalisation>
      </Generalisations>
   </Cluster>
   <Cluster size="2">
      <Item iri="http://www.biopax.org/release/biopax-level2.owl#physicalEntity"/>
      <Item iri="http://www.biopax.org/release/biopax-level2.owl#entity"/>
      <Generalisations>
         <Generalisation axiom="?entity SubClassOf PARTICIPANTS some &#10;((?physicalEntityParticipant and ?utilityClass_1) and (PHYSICAL-ENTITY some &#10;(?entity_1_conjunction)))" count="9" instantiationStats="?entity_1 count: 2; ?utilityClass_1 count: 1; ?physicalEntityParticipant count: 1; ?entity count: 9">
            <Axiom axiom="biochemicalReaction SubClassOf PARTICIPANTS some &#10;((physicalEntityParticipant and utilityClass) and (PHYSICAL-ENTITY some &#10;(entity and physicalEntity)))"/>
            <Axiom axiom="transportWithBiochemicalReaction SubClassOf PARTICIPANTS some &#10;((physicalEntityParticipant and utilityClass) and (PHYSICAL-ENTITY some &#10;(entity and physicalEntity)))"/>
            <Axiom axiom="control SubClassOf PARTICIPANTS some &#10;((physicalEntityParticipant and utilityClass) and (PHYSICAL-ENTITY some &#10;(entity and physicalEntity)))"/>
            <Axiom axiom="conversion SubClassOf PARTICIPANTS some &#10;((physicalEntityParticipant and utilityClass) and (PHYSICAL-ENTITY some &#10;(entity and physicalEntity)))"/>
            <Axiom axiom="modulation SubClassOf PARTICIPANTS some &#10;((physicalEntityParticipant and utilityClass) and (PHYSICAL-ENTITY some &#10;(entity and physicalEntity)))"/>
            <Axiom axiom="complexAssembly SubClassOf PARTICIPANTS some &#10;((physicalEntityParticipant and utilityClass) and (PHYSICAL-ENTITY some &#10;(entity and physicalEntity)))"/>
            <Axiom axiom="catalysis SubClassOf PARTICIPANTS some &#10;((physicalEntityParticipant and utilityClass) and (PHYSICAL-ENTITY some &#10;(entity and physicalEntity)))"/>
            <Axiom axiom="transport SubClassOf PARTICIPANTS some &#10;((physicalEntityParticipant and utilityClass) and (PHYSICAL-ENTITY some &#10;(entity and physicalEntity)))"/>
            <Axiom axiom="physicalInteraction SubClassOf PARTICIPANTS some &#10;((physicalEntityParticipant and utilityClass) and (PHYSICAL-ENTITY some &#10;(entity and physicalEntity)))"/>
         </Generalisation>
         <Generalisation axiom="?physicalEntityParticipant SubClassOf PHYSICAL-ENTITY some &#10;(?entity_1_conjunction)" count="2" instantiationStats="?entity_1 count: 2; ?physicalEntityParticipant count: 2">
            <Axiom axiom="physicalEntityParticipant SubClassOf PHYSICAL-ENTITY some &#10;(entity and physicalEntity)"/>
            <Axiom axiom="sequenceParticipant SubClassOf PHYSICAL-ENTITY some &#10;(entity and physicalEntity)"/>
         </Generalisation>
         <Generalisation axiom="complex SubClassOf ?entity_1" count="2" instantiationStats="?entity_1 count: 2">
            <Axiom axiom="complex SubClassOf entity"/>
            <Axiom axiom="complex SubClassOf physicalEntity"/>
         </Generalisation>
         <Generalisation axiom="experimentalForm SubClassOf PARTICIPANT only &#10;((?physicalEntityParticipant and ?utilityClass_1) and (PHYSICAL-ENTITY some &#10;(?entity_1_conjunction)))" count="1" instantiationStats="?entity_1 count: 2; ?utilityClass_1 count: 1; ?physicalEntityParticipant count: 1">
            <Axiom axiom="experimentalForm SubClassOf PARTICIPANT only &#10;((physicalEntityParticipant and utilityClass) and (PHYSICAL-ENTITY some &#10;(entity and physicalEntity)))"/>
         </Generalisation>
         <Generalisation axiom="dna SubClassOf ?entity_1" count="2" instantiationStats="?entity_1 count: 2">
            <Axiom axiom="dna SubClassOf physicalEntity"/>
            <Axiom axiom="dna SubClassOf entity"/>
         </Generalisation>
         <Generalisation axiom="?entity SubClassOf PARTICIPANTS only &#10;((?physicalEntityParticipant and ?utilityClass_1) and (PHYSICAL-ENTITY some &#10;(?entity_1_conjunction)))" count="5" instantiationStats="?entity_1 count: 2; ?utilityClass_1 count: 1; ?physicalEntityParticipant count: 1; ?entity count: 5">
            <Axiom axiom="conversion SubClassOf PARTICIPANTS only &#10;((physicalEntityParticipant and utilityClass) and (PHYSICAL-ENTITY some &#10;(entity and physicalEntity)))"/>
            <Axiom axiom="complexAssembly SubClassOf PARTICIPANTS only &#10;((physicalEntityParticipant and utilityClass) and (PHYSICAL-ENTITY some &#10;(entity and physicalEntity)))"/>
            <Axiom axiom="biochemicalReaction SubClassOf PARTICIPANTS only &#10;((physicalEntityParticipant and utilityClass) and (PHYSICAL-ENTITY some &#10;(entity and physicalEntity)))"/>
            <Axiom axiom="transport SubClassOf PARTICIPANTS only &#10;((physicalEntityParticipant and utilityClass) and (PHYSICAL-ENTITY some &#10;(entity and physicalEntity)))"/>
            <Axiom axiom="transportWithBiochemicalReaction SubClassOf PARTICIPANTS only &#10;((physicalEntityParticipant and utilityClass) and (PHYSICAL-ENTITY some &#10;(entity and physicalEntity)))"/>
         </Generalisation>
         <Generalisation axiom="?entity_1 SubClassOf ?entity_1" count="1" instantiationStats="?entity_1 count: 2">
            <Axiom axiom="physicalEntity SubClassOf entity"/>
         </Generalisation>
         <Generalisation axiom="rna SubClassOf ?entity_1" count="2" instantiationStats="?entity_1 count: 2">
            <Axiom axiom="rna SubClassOf entity"/>
            <Axiom axiom="rna SubClassOf physicalEntity"/>
         </Generalisation>
         <Generalisation axiom="experimentalForm EquivalentTo PARTICIPANT some &#10;((?physicalEntityParticipant and ?utilityClass_1) and (PHYSICAL-ENTITY some &#10;(?entity_1_conjunction)))" count="1" instantiationStats="?entity_1 count: 2; ?utilityClass_1 count: 1; ?physicalEntityParticipant count: 1">
            <Axiom axiom="experimentalForm EquivalentTo PARTICIPANT some &#10;((physicalEntityParticipant and utilityClass) and (PHYSICAL-ENTITY some &#10;(entity and physicalEntity)))"/>
         </Generalisation>
         <Generalisation axiom="experimentalForm SubClassOf PARTICIPANT some &#10;((?physicalEntityParticipant and ?utilityClass_1) and (PHYSICAL-ENTITY some &#10;(?entity_1_conjunction)))" count="1" instantiationStats="?entity_1 count: 2; ?utilityClass_1 count: 1; ?physicalEntityParticipant count: 1">
            <Axiom axiom="experimentalForm SubClassOf PARTICIPANT some &#10;((physicalEntityParticipant and utilityClass) and (PHYSICAL-ENTITY some &#10;(entity and physicalEntity)))"/>
         </Generalisation>
         <Generalisation axiom="protein SubClassOf ?entity_1" count="2" instantiationStats="?entity_1 count: 2">
            <Axiom axiom="protein SubClassOf entity"/>
            <Axiom axiom="protein SubClassOf physicalEntity"/>
         </Generalisation>
         <Generalisation axiom="smallMolecule SubClassOf ?entity_1" count="2" instantiationStats="?entity_1 count: 2">
            <Axiom axiom="smallMolecule SubClassOf physicalEntity"/>
            <Axiom axiom="smallMolecule SubClassOf entity"/>
         </Generalisation>
         <Generalisation axiom="?physicalEntityParticipant EquivalentTo PHYSICAL-ENTITY some &#10;(?entity_1_conjunction)" count="1" instantiationStats="?entity_1 count: 2; ?physicalEntityParticipant count: 1">
            <Axiom axiom="physicalEntityParticipant EquivalentTo PHYSICAL-ENTITY some &#10;(entity and physicalEntity)"/>
         </Generalisation>
         <Generalisation axiom="?entity SubClassOf ?entity_1" count="10" instantiationStats="?entity_1 count: 1; ?entity count: 10">
            <Axiom axiom="interaction SubClassOf entity"/>
            <Axiom axiom="catalysis SubClassOf entity"/>
            <Axiom axiom="control SubClassOf entity"/>
            <Axiom axiom="transportWithBiochemicalReaction SubClassOf entity"/>
            <Axiom axiom="complexAssembly SubClassOf entity"/>
            <Axiom axiom="conversion SubClassOf entity"/>
            <Axiom axiom="biochemicalReaction SubClassOf entity"/>
            <Axiom axiom="modulation SubClassOf entity"/>
            <Axiom axiom="physicalInteraction SubClassOf entity"/>
            <Axiom axiom="transport SubClassOf entity"/>
         </Generalisation>
         <Generalisation axiom="?physicalEntityParticipant SubClassOf PHYSICAL-ENTITY only &#10;(?entity_1_conjunction)" count="2" instantiationStats="?entity_1 count: 2; ?physicalEntityParticipant count: 2">
            <Axiom axiom="physicalEntityParticipant SubClassOf PHYSICAL-ENTITY only &#10;(entity and physicalEntity)"/>
            <Axiom axiom="sequenceParticipant SubClassOf PHYSICAL-ENTITY only &#10;(entity and physicalEntity)"/>
         </Generalisation>
         <Generalisation axiom="pathway SubClassOf ?entity_1" count="1" instantiationStats="?entity_1 count: 1">
            <Axiom axiom="pathway SubClassOf entity"/>
         </Generalisation>
      </Generalisations>
   </Cluster>
   <Cluster size="2">
      <Item iri="http://www.biopax.org/release/biopax-level2.owl#sequenceParticipant"/>
      <Item iri="http://www.biopax.org/release/biopax-level2.owl#physicalEntityParticipant"/>
      <Generalisations>
         <Generalisation axiom="?entity SubClassOf PARTICIPANTS some &#10;((?physicalEntityParticipant and ?utilityClass_1) and (PHYSICAL-ENTITY some &#10;(?entity_1_conjunction)))" count="9" instantiationStats="?entity_1 count: 2; ?utilityClass_1 count: 1; ?physicalEntityParticipant count: 1; ?entity count: 9">
            <Axiom axiom="biochemicalReaction SubClassOf PARTICIPANTS some &#10;((physicalEntityParticipant and utilityClass) and (PHYSICAL-ENTITY some &#10;(entity and physicalEntity)))"/>
            <Axiom axiom="transportWithBiochemicalReaction SubClassOf PARTICIPANTS some &#10;((physicalEntityParticipant and utilityClass) and (PHYSICAL-ENTITY some &#10;(entity and physicalEntity)))"/>
            <Axiom axiom="control SubClassOf PARTICIPANTS some &#10;((physicalEntityParticipant and utilityClass) and (PHYSICAL-ENTITY some &#10;(entity and physicalEntity)))"/>
            <Axiom axiom="conversion SubClassOf PARTICIPANTS some &#10;((physicalEntityParticipant and utilityClass) and (PHYSICAL-ENTITY some &#10;(entity and physicalEntity)))"/>
            <Axiom axiom="modulation SubClassOf PARTICIPANTS some &#10;((physicalEntityParticipant and utilityClass) and (PHYSICAL-ENTITY some &#10;(entity and physicalEntity)))"/>
            <Axiom axiom="complexAssembly SubClassOf PARTICIPANTS some &#10;((physicalEntityParticipant and utilityClass) and (PHYSICAL-ENTITY some &#10;(entity and physicalEntity)))"/>
            <Axiom axiom="catalysis SubClassOf PARTICIPANTS some &#10;((physicalEntityParticipant and utilityClass) and (PHYSICAL-ENTITY some &#10;(entity and physicalEntity)))"/>
            <Axiom axiom="transport SubClassOf PARTICIPANTS some &#10;((physicalEntityParticipant and utilityClass) and (PHYSICAL-ENTITY some &#10;(entity and physicalEntity)))"/>
            <Axiom axiom="physicalInteraction SubClassOf PARTICIPANTS some &#10;((physicalEntityParticipant and utilityClass) and (PHYSICAL-ENTITY some &#10;(entity and physicalEntity)))"/>
         </Generalisation>
         <Generalisation axiom="?physicalEntityParticipant SubClassOf PHYSICAL-ENTITY some &#10;(?entity_1_conjunction)" count="2" instantiationStats="?entity_1 count: 2; ?physicalEntityParticipant count: 2">
            <Axiom axiom="physicalEntityParticipant SubClassOf PHYSICAL-ENTITY some &#10;(entity and physicalEntity)"/>
            <Axiom axiom="sequenceParticipant SubClassOf PHYSICAL-ENTITY some &#10;(entity and physicalEntity)"/>
         </Generalisation>
         <Generalisation axiom="experimentalForm EquivalentTo PARTICIPANT some &#10;((?physicalEntityParticipant and ?utilityClass_1) and (PHYSICAL-ENTITY some &#10;(?entity_1_conjunction)))" count="1" instantiationStats="?entity_1 count: 2; ?utilityClass_1 count: 1; ?physicalEntityParticipant count: 1">
            <Axiom axiom="experimentalForm EquivalentTo PARTICIPANT some &#10;((physicalEntityParticipant and utilityClass) and (PHYSICAL-ENTITY some &#10;(entity and physicalEntity)))"/>
         </Generalisation>
         <Generalisation axiom="?physicalEntityParticipant SubClassOf ?physicalEntityParticipant" count="1" instantiationStats="?physicalEntityParticipant count: 2">
            <Axiom axiom="sequenceParticipant SubClassOf physicalEntityParticipant"/>
         </Generalisation>
         <Generalisation axiom="?physicalEntityParticipant EquivalentTo PHYSICAL-ENTITY some Thing" count="1" instantiationStats="?physicalEntityParticipant count: 1">
            <Axiom axiom="physicalEntityParticipant EquivalentTo PHYSICAL-ENTITY some Thing"/>
         </Generalisation>
         <Generalisation axiom="experimentalForm SubClassOf PARTICIPANT some &#10;((?physicalEntityParticipant and ?utilityClass_1) and (PHYSICAL-ENTITY some &#10;(?entity_1_conjunction)))" count="1" instantiationStats="?entity_1 count: 2; ?utilityClass_1 count: 1; ?physicalEntityParticipant count: 1">
            <Axiom axiom="experimentalForm SubClassOf PARTICIPANT some &#10;((physicalEntityParticipant and utilityClass) and (PHYSICAL-ENTITY some &#10;(entity and physicalEntity)))"/>
         </Generalisation>
         <Generalisation axiom="?physicalEntityParticipant SubClassOf ?utilityClass_1" count="2" instantiationStats="?utilityClass_1 count: 1; ?physicalEntityParticipant count: 2">
            <Axiom axiom="physicalEntityParticipant SubClassOf utilityClass"/>
            <Axiom axiom="sequenceParticipant SubClassOf utilityClass"/>
         </Generalisation>
         <Generalisation axiom="experimentalForm SubClassOf PARTICIPANT only &#10;((?physicalEntityParticipant and ?utilityClass_1) and (PHYSICAL-ENTITY some &#10;(?entity_1_conjunction)))" count="1" instantiationStats="?entity_1 count: 2; ?utilityClass_1 count: 1; ?physicalEntityParticipant count: 1">
            <Axiom axiom="experimentalForm SubClassOf PARTICIPANT only &#10;((physicalEntityParticipant and utilityClass) and (PHYSICAL-ENTITY some &#10;(entity and physicalEntity)))"/>
         </Generalisation>
         <Generalisation axiom="?physicalEntityParticipant SubClassOf PHYSICAL-ENTITY some Thing" count="2" instantiationStats="?physicalEntityParticipant count: 2">
            <Axiom axiom="sequenceParticipant SubClassOf PHYSICAL-ENTITY some Thing"/>
            <Axiom axiom="physicalEntityParticipant SubClassOf PHYSICAL-ENTITY some Thing"/>
         </Generalisation>
         <Generalisation axiom="?physicalEntityParticipant EquivalentTo PHYSICAL-ENTITY some &#10;(?entity_1_conjunction)" count="1" instantiationStats="?entity_1 count: 2; ?physicalEntityParticipant count: 1">
            <Axiom axiom="physicalEntityParticipant EquivalentTo PHYSICAL-ENTITY some &#10;(entity and physicalEntity)"/>
         </Generalisation>
         <Generalisation axiom="?physicalEntityParticipant SubClassOf PHYSICAL-ENTITY only &#10;(?entity_1_conjunction)" count="2" instantiationStats="?entity_1 count: 2; ?physicalEntityParticipant count: 2">
            <Axiom axiom="physicalEntityParticipant SubClassOf PHYSICAL-ENTITY only &#10;(entity and physicalEntity)"/>
            <Axiom axiom="sequenceParticipant SubClassOf PHYSICAL-ENTITY only &#10;(entity and physicalEntity)"/>
         </Generalisation>
         <Generalisation axiom="?entity SubClassOf PARTICIPANTS only &#10;((?physicalEntityParticipant and ?utilityClass_1) and (PHYSICAL-ENTITY some &#10;(?entity_1_conjunction)))" count="5" instantiationStats="?entity_1 count: 2; ?utilityClass_1 count: 1; ?physicalEntityParticipant count: 1; ?entity count: 5">
            <Axiom axiom="conversion SubClassOf PARTICIPANTS only &#10;((physicalEntityParticipant and utilityClass) and (PHYSICAL-ENTITY some &#10;(entity and physicalEntity)))"/>
            <Axiom axiom="complexAssembly SubClassOf PARTICIPANTS only &#10;((physicalEntityParticipant and utilityClass) and (PHYSICAL-ENTITY some &#10;(entity and physicalEntity)))"/>
            <Axiom axiom="biochemicalReaction SubClassOf PARTICIPANTS only &#10;((physicalEntityParticipant and utilityClass) and (PHYSICAL-ENTITY some &#10;(entity and physicalEntity)))"/>
            <Axiom axiom="transport SubClassOf PARTICIPANTS only &#10;((physicalEntityParticipant and utilityClass) and (PHYSICAL-ENTITY some &#10;(entity and physicalEntity)))"/>
            <Axiom axiom="transportWithBiochemicalReaction SubClassOf PARTICIPANTS only &#10;((physicalEntityParticipant and utilityClass) and (PHYSICAL-ENTITY some &#10;(entity and physicalEntity)))"/>
         </Generalisation>
      </Generalisations>
   </Cluster>
</Clusters>
