<?xml version="1.0" encoding="UTF-8" standalone="no"?>
<Clusters>
   <Cluster size="2">
      <Item iri="http://www.proteinontology.info/po.owl#Residues"/>
      <Item iri="http://www.proteinontology.info/po.owl#ProteinOntology"/>
      <Generalisations>
         <Generalisation axiom="AtomicBind SubClassOf AtomicBindAtomRef only &#10;((?ProteinOntology and Atoms) and (AtomResidueRef some &#10;(?ProteinOntology_conjunction)))" count="1" instantiationStats="?ProteinOntology count: 2">
            <Axiom axiom="AtomicBind SubClassOf AtomicBindAtomRef only &#10;((Atoms and ProteinOntology) and (AtomResidueRef some &#10;(ProteinOntology and Residues)))"/>
         </Generalisation>
         <Generalisation axiom="TurnStructure EquivalentTo TurnIntialResidueRef some &#10;(?ProteinOntology_conjunction)" count="1" instantiationStats="?ProteinOntology count: 2">
            <Axiom axiom="TurnStructure EquivalentTo TurnIntialResidueRef some &#10;(ProteinOntology and Residues)"/>
         </Generalisation>
         <Generalisation axiom="PathologicalFunctions SubClassOf ?ProteinOntology" count="1" instantiationStats="?ProteinOntology count: 1">
            <Axiom axiom="PathologicalFunctions SubClassOf ProteinOntology"/>
         </Generalisation>
         <Generalisation axiom="SaltBridge SubClassOf ?ProteinOntology" count="1" instantiationStats="?ProteinOntology count: 1">
            <Axiom axiom="SaltBridge SubClassOf ProteinOntology"/>
         </Generalisation>
         <Generalisation axiom="HydrogenBond EquivalentTo HydrogenBondAtomicBindRef1 some &#10;(?ProteinOntology and AtomicBind)" count="1" instantiationStats="?ProteinOntology count: 1">
            <Axiom axiom="HydrogenBond EquivalentTo HydrogenBondAtomicBindRef1 some &#10;(AtomicBind and ProteinOntology)"/>
         </Generalisation>
         <Generalisation axiom="TurnStructure SubClassOf TurnChainRef only &#10;(?ProteinOntology and Chains)" count="1" instantiationStats="?ProteinOntology count: 1">
            <Axiom axiom="TurnStructure SubClassOf TurnChainRef only &#10;(Chains and ProteinOntology)"/>
         </Generalisation>
         <Generalisation axiom="CISPeptide SubClassOf CISPeptideBindRef2 some &#10;((?ProteinOntology and Bind) and (BindChainRef some &#10;(?ProteinOntology and Chains)))" count="1" instantiationStats="?ProteinOntology count: 1">
            <Axiom axiom="CISPeptide SubClassOf CISPeptideBindRef2 some &#10;((Bind and ProteinOntology) and (BindChainRef some &#10;(Chains and ProteinOntology)))"/>
         </Generalisation>
         <Generalisation axiom="TurnStructure SubClassOf ?ProteinOntology" count="1" instantiationStats="?ProteinOntology count: 1">
            <Axiom axiom="TurnStructure SubClassOf ProteinOntology"/>
         </Generalisation>
         <Generalisation axiom="ResidueLink SubClassOf ResidueLinkAtomicBindRef2 only &#10;((?ProteinOntology and AtomicBind) and (AtomicBindAtomRef some &#10;((?ProteinOntology and Atoms) and (AtomResidueRef some &#10;(?ProteinOntology_conjunction)))))" count="1" instantiationStats="?ProteinOntology count: 2">
            <Axiom axiom="ResidueLink SubClassOf ResidueLinkAtomicBindRef2 only &#10;((AtomicBind and ProteinOntology) and (AtomicBindAtomRef some &#10;((Atoms and ProteinOntology) and (AtomResidueRef some &#10;(ProteinOntology and Residues)))))"/>
         </Generalisation>
         <Generalisation axiom="Strands SubClassOf StrandPreviousAtomRef only &#10;((?ProteinOntology and Atoms) and (AtomResidueRef some &#10;(?ProteinOntology_conjunction)))" count="1" instantiationStats="?ProteinOntology count: 2">
            <Axiom axiom="Strands SubClassOf StrandPreviousAtomRef only &#10;((Atoms and ProteinOntology) and (AtomResidueRef some &#10;(ProteinOntology and Residues)))"/>
         </Generalisation>
         <Generalisation axiom="SaltBridge EquivalentTo SaltBridgeAtomicBindRef2 some &#10;((?ProteinOntology and AtomicBind) and (AtomicBindAtomRef some &#10;((?ProteinOntology and Atoms) and (AtomChainRef some &#10;(?ProteinOntology and Chains)))))" count="1" instantiationStats="?ProteinOntology count: 1">
            <Axiom axiom="SaltBridge EquivalentTo SaltBridgeAtomicBindRef2 some &#10;((AtomicBind and ProteinOntology) and (AtomicBindAtomRef some &#10;((Atoms and ProteinOntology) and (AtomChainRef some &#10;(Chains and ProteinOntology)))))"/>
         </Generalisation>
         <Generalisation axiom="Atoms SubClassOf AtomChainRef some &#10;(?ProteinOntology and Chains)" count="1" instantiationStats="?ProteinOntology count: 1">
            <Axiom axiom="Atoms SubClassOf AtomChainRef some &#10;(Chains and ProteinOntology)"/>
         </Generalisation>
         <Generalisation axiom="HelixStructure EquivalentTo HelixEndResidueRef some &#10;(?ProteinOntology_conjunction)" count="1" instantiationStats="?ProteinOntology count: 2">
            <Axiom axiom="HelixStructure EquivalentTo HelixEndResidueRef some &#10;(ProteinOntology and Residues)"/>
         </Generalisation>
         <Generalisation axiom="CISPeptide EquivalentTo CISPeptideBindRef2 some &#10;((?ProteinOntology and Bind) and (BindResidueRef some &#10;(?ProteinOntology_conjunction)))" count="1" instantiationStats="?ProteinOntology count: 2">
            <Axiom axiom="CISPeptide EquivalentTo CISPeptideBindRef2 some &#10;((Bind and ProteinOntology) and (BindResidueRef some &#10;(ProteinOntology and Residues)))"/>
         </Generalisation>
         <Generalisation axiom="ResidueLink EquivalentTo ResidueLinkAtomicBindRef2 some &#10;((?ProteinOntology and AtomicBind) and (AtomicBindAtomRef some &#10;((?ProteinOntology and Atoms) and (AtomResidueRef some &#10;(?ProteinOntology_conjunction)))))" count="1" instantiationStats="?ProteinOntology count: 2">
            <Axiom axiom="ResidueLink EquivalentTo ResidueLinkAtomicBindRef2 some &#10;((AtomicBind and ProteinOntology) and (AtomicBindAtomRef some &#10;((Atoms and ProteinOntology) and (AtomResidueRef some &#10;(ProteinOntology and Residues)))))"/>
         </Generalisation>
         <Generalisation axiom="ResidueLink SubClassOf ResidueLinkAtomicBindRef2 some &#10;((?ProteinOntology and AtomicBind) and (AtomicBindAtomRef some &#10;((?ProteinOntology and Atoms) and (AtomResidueRef some &#10;(?ProteinOntology_conjunction)))))" count="1" instantiationStats="?ProteinOntology count: 2">
            <Axiom axiom="ResidueLink SubClassOf ResidueLinkAtomicBindRef2 some &#10;((AtomicBind and ProteinOntology) and (AtomicBindAtomRef some &#10;((Atoms and ProteinOntology) and (AtomResidueRef some &#10;(ProteinOntology and Residues)))))"/>
         </Generalisation>
         <Generalisation axiom="ActiveBindingSites EquivalentTo SiteGroupRef6 some &#10;(?ProteinOntology and SiteGroup)" count="1" instantiationStats="?ProteinOntology count: 1">
            <Axiom axiom="ActiveBindingSites EquivalentTo SiteGroupRef6 some &#10;(ProteinOntology and SiteGroup)"/>
         </Generalisation>
         <Generalisation axiom="Strands SubClassOf StrandIntialResidueRef some &#10;(?ProteinOntology_conjunction)" count="1" instantiationStats="?ProteinOntology count: 2">
            <Axiom axiom="Strands SubClassOf StrandIntialResidueRef some &#10;(ProteinOntology and Residues)"/>
         </Generalisation>
         <Generalisation axiom="ActiveBindingSites EquivalentTo SiteGroupRef2 some &#10;(?ProteinOntology and SiteGroup)" count="1" instantiationStats="?ProteinOntology count: 1">
            <Axiom axiom="ActiveBindingSites EquivalentTo SiteGroupRef2 some &#10;(ProteinOntology and SiteGroup)"/>
         </Generalisation>
         <Generalisation axiom="AtomicBind SubClassOf AtomicBindResidueRef only &#10;(?ProteinOntology_conjunction)" count="1" instantiationStats="?ProteinOntology count: 2">
            <Axiom axiom="AtomicBind SubClassOf AtomicBindResidueRef only &#10;(ProteinOntology and Residues)"/>
         </Generalisation>
         <Generalisation axiom="ResidueLink SubClassOf ResidueLinkAtomicBindRef1 only &#10;(?ProteinOntology and AtomicBind)" count="1" instantiationStats="?ProteinOntology count: 1">
            <Axiom axiom="ResidueLink SubClassOf ResidueLinkAtomicBindRef1 only &#10;(AtomicBind and ProteinOntology)"/>
         </Generalisation>
         <Generalisation axiom="HydrogenBond SubClassOf HydrogenBondAtomicBindRefH some &#10;((?ProteinOntology and AtomicBind) and (AtomicBindChainRef some &#10;(?ProteinOntology and Chains)))" count="1" instantiationStats="?ProteinOntology count: 1">
            <Axiom axiom="HydrogenBond SubClassOf HydrogenBondAtomicBindRefH some &#10;((AtomicBind and ProteinOntology) and (AtomicBindChainRef some &#10;(Chains and ProteinOntology)))"/>
         </Generalisation>
         <Generalisation axiom="TurnStructure SubClassOf TurnChainRef some &#10;(?ProteinOntology and Chains)" count="1" instantiationStats="?ProteinOntology count: 1">
            <Axiom axiom="TurnStructure SubClassOf TurnChainRef some &#10;(Chains and ProteinOntology)"/>
         </Generalisation>
         <Generalisation axiom="Turn SubClassOf ?ProteinOntology" count="1" instantiationStats="?ProteinOntology count: 1">
            <Axiom axiom="Turn SubClassOf ProteinOntology"/>
         </Generalisation>
         <Generalisation axiom="SiteGroup SubClassOf SiteGroupResidueRef only &#10;(?ProteinOntology_conjunction)" count="1" instantiationStats="?ProteinOntology count: 2">
            <Axiom axiom="SiteGroup SubClassOf SiteGroupResidueRef only &#10;(ProteinOntology and Residues)"/>
         </Generalisation>
         <Generalisation axiom="ChemicalBonds SubClassOf ?ProteinOntology" count="1" instantiationStats="?ProteinOntology count: 1">
            <Axiom axiom="ChemicalBonds SubClassOf ProteinOntology"/>
         </Generalisation>
         <Generalisation axiom="Strands EquivalentTo StrandIntialResidueRef some &#10;(?ProteinOntology_conjunction)" count="1" instantiationStats="?ProteinOntology count: 2">
            <Axiom axiom="Strands EquivalentTo StrandIntialResidueRef some &#10;(ProteinOntology and Residues)"/>
         </Generalisation>
         <Generalisation axiom="TurnStructure SubClassOf TurnEndResidueRef some &#10;(?ProteinOntology_conjunction)" count="1" instantiationStats="?ProteinOntology count: 2">
            <Axiom axiom="TurnStructure SubClassOf TurnEndResidueRef some &#10;(ProteinOntology and Residues)"/>
         </Generalisation>
         <Generalisation axiom="ResidueLink SubClassOf ResidueLinkAtomicBindRef2 some &#10;((?ProteinOntology and AtomicBind) and (AtomicBindAtomRef some &#10;((?ProteinOntology and Atoms) and (AtomChainRef some &#10;(?ProteinOntology and Chains)))))" count="1" instantiationStats="?ProteinOntology count: 1">
            <Axiom axiom="ResidueLink SubClassOf ResidueLinkAtomicBindRef2 some &#10;((AtomicBind and ProteinOntology) and (AtomicBindAtomRef some &#10;((Atoms and ProteinOntology) and (AtomChainRef some &#10;(Chains and ProteinOntology)))))"/>
         </Generalisation>
         <Generalisation axiom="Strands SubClassOf StrandPreviousResidueRef some &#10;(?ProteinOntology_conjunction)" count="1" instantiationStats="?ProteinOntology count: 2">
            <Axiom axiom="Strands SubClassOf StrandPreviousResidueRef some &#10;(ProteinOntology and Residues)"/>
         </Generalisation>
         <Generalisation axiom="ActiveBindingSites SubClassOf SiteGroupRef3 some &#10;(?ProteinOntology and SiteGroup)" count="1" instantiationStats="?ProteinOntology count: 1">
            <Axiom axiom="ActiveBindingSites SubClassOf SiteGroupRef3 some &#10;(ProteinOntology and SiteGroup)"/>
         </Generalisation>
         <Generalisation axiom="ATOMSequence SubClassOf StructureResidueRef only &#10;(?ProteinOntology_conjunction)" count="1" instantiationStats="?ProteinOntology count: 2">
            <Axiom axiom="ATOMSequence SubClassOf StructureResidueRef only &#10;(ProteinOntology and Residues)"/>
         </Generalisation>
         <Generalisation axiom="ActiveBindingSites SubClassOf ?ProteinOntology" count="1" instantiationStats="?ProteinOntology count: 1">
            <Axiom axiom="ActiveBindingSites SubClassOf ProteinOntology"/>
         </Generalisation>
         <Generalisation axiom="Strands EquivalentTo StrandCurrentAtomRef some &#10;(?ProteinOntology and Atoms)" count="1" instantiationStats="?ProteinOntology count: 1">
            <Axiom axiom="Strands EquivalentTo StrandCurrentAtomRef some &#10;(Atoms and ProteinOntology)"/>
         </Generalisation>
         <Generalisation axiom="CISPeptide SubClassOf CISPeptideBindRef1 some &#10;(?ProteinOntology and Bind)" count="1" instantiationStats="?ProteinOntology count: 1">
            <Axiom axiom="CISPeptide SubClassOf CISPeptideBindRef1 some &#10;(Bind and ProteinOntology)"/>
         </Generalisation>
         <Generalisation axiom="Family SubClassOf ?ProteinOntology" count="1" instantiationStats="?ProteinOntology count: 1">
            <Axiom axiom="Family SubClassOf ProteinOntology"/>
         </Generalisation>
         <Generalisation axiom="TurnStructure SubClassOf TurnIntialResidueRef some &#10;(?ProteinOntology_conjunction)" count="1" instantiationStats="?ProteinOntology count: 2">
            <Axiom axiom="TurnStructure SubClassOf TurnIntialResidueRef some &#10;(ProteinOntology and Residues)"/>
         </Generalisation>
         <Generalisation axiom="SiteGroup SubClassOf SiteGroupChainRef only &#10;(?ProteinOntology and Chains)" count="1" instantiationStats="?ProteinOntology count: 1">
            <Axiom axiom="SiteGroup SubClassOf SiteGroupChainRef only &#10;(Chains and ProteinOntology)"/>
         </Generalisation>
         <Generalisation axiom="HelixStructure SubClassOf HelixEndResidueRef some &#10;(?ProteinOntology_conjunction)" count="1" instantiationStats="?ProteinOntology count: 2">
            <Axiom axiom="HelixStructure SubClassOf HelixEndResidueRef some &#10;(ProteinOntology and Residues)"/>
         </Generalisation>
         <Generalisation axiom="ResidueLink EquivalentTo ResidueLinkAtomicBindRef1 some &#10;(?ProteinOntology and AtomicBind)" count="1" instantiationStats="?ProteinOntology count: 1">
            <Axiom axiom="ResidueLink EquivalentTo ResidueLinkAtomicBindRef1 some &#10;(AtomicBind and ProteinOntology)"/>
         </Generalisation>
         <Generalisation axiom="HelixStructure SubClassOf HelixInitialResidueRef some &#10;(?ProteinOntology_conjunction)" count="1" instantiationStats="?ProteinOntology count: 2">
            <Axiom axiom="HelixStructure SubClassOf HelixInitialResidueRef some &#10;(ProteinOntology and Residues)"/>
         </Generalisation>
         <Generalisation axiom="ResidueLink SubClassOf ResidueLinkAtomicBindRef2 only &#10;((?ProteinOntology and AtomicBind) and (AtomicBindChainRef some &#10;(?ProteinOntology and Chains)))" count="1" instantiationStats="?ProteinOntology count: 1">
            <Axiom axiom="ResidueLink SubClassOf ResidueLinkAtomicBindRef2 only &#10;((AtomicBind and ProteinOntology) and (AtomicBindChainRef some &#10;(Chains and ProteinOntology)))"/>
         </Generalisation>
         <Generalisation axiom="HelixStructure SubClassOf HelixChainRef some &#10;(?ProteinOntology and Chains)" count="1" instantiationStats="?ProteinOntology count: 1">
            <Axiom axiom="HelixStructure SubClassOf HelixChainRef some &#10;(Chains and ProteinOntology)"/>
         </Generalisation>
         <Generalisation axiom="Strands SubClassOf ?ProteinOntology" count="1" instantiationStats="?ProteinOntology count: 1">
            <Axiom axiom="Strands SubClassOf ProteinOntology"/>
         </Generalisation>
         <Generalisation axiom="Strands SubClassOf StrandPreviousAtomRef some &#10;((?ProteinOntology and Atoms) and (AtomResidueRef some &#10;(?ProteinOntology_conjunction)))" count="1" instantiationStats="?ProteinOntology count: 2">
            <Axiom axiom="Strands SubClassOf StrandPreviousAtomRef some &#10;((Atoms and ProteinOntology) and (AtomResidueRef some &#10;(ProteinOntology and Residues)))"/>
         </Generalisation>
         <Generalisation axiom="Strands SubClassOf StrandCurrentAtomRef some &#10;(?ProteinOntology and Atoms)" count="1" instantiationStats="?ProteinOntology count: 1">
            <Axiom axiom="Strands SubClassOf StrandCurrentAtomRef some &#10;(Atoms and ProteinOntology)"/>
         </Generalisation>
         <Generalisation axiom="PhysiologicalFunctions SubClassOf ?ProteinOntology" count="1" instantiationStats="?ProteinOntology count: 1">
            <Axiom axiom="PhysiologicalFunctions SubClassOf ProteinOntology"/>
         </Generalisation>
         <Generalisation axiom="Atoms SubClassOf AtomResidueRef some &#10;(?ProteinOntology_conjunction)" count="1" instantiationStats="?ProteinOntology count: 2">
            <Axiom axiom="Atoms SubClassOf AtomResidueRef some &#10;(ProteinOntology and Residues)"/>
         </Generalisation>
         <Generalisation axiom="HydrogenBond SubClassOf HydrogenBondAtomicBindRefH some &#10;((?ProteinOntology and AtomicBind) and (AtomicBindAtomRef some &#10;((?ProteinOntology and Atoms) and (AtomResidueRef some &#10;(?ProteinOntology_conjunction)))))" count="1" instantiationStats="?ProteinOntology count: 2">
            <Axiom axiom="HydrogenBond SubClassOf HydrogenBondAtomicBindRefH some &#10;((AtomicBind and ProteinOntology) and (AtomicBindAtomRef some &#10;((Atoms and ProteinOntology) and (AtomResidueRef some &#10;(ProteinOntology and Residues)))))"/>
         </Generalisation>
         <Generalisation axiom="ResidueLink SubClassOf ?ProteinOntology" count="1" instantiationStats="?ProteinOntology count: 1">
            <Axiom axiom="ResidueLink SubClassOf ProteinOntology"/>
         </Generalisation>
         <Generalisation axiom="Atoms EquivalentTo AtomResidueRef some &#10;(?ProteinOntology_conjunction)" count="1" instantiationStats="?ProteinOntology count: 2">
            <Axiom axiom="Atoms EquivalentTo AtomResidueRef some &#10;(ProteinOntology and Residues)"/>
         </Generalisation>
         <Generalisation axiom="AtomicBind SubClassOf AtomicBindAtomRef some &#10;((?ProteinOntology and Atoms) and (AtomChainRef some &#10;(?ProteinOntology and Chains)))" count="1" instantiationStats="?ProteinOntology count: 1">
            <Axiom axiom="AtomicBind SubClassOf AtomicBindAtomRef some &#10;((Atoms and ProteinOntology) and (AtomChainRef some &#10;(Chains and ProteinOntology)))"/>
         </Generalisation>
         <Generalisation axiom="ResidueLink SubClassOf ResidueLinkAtomicBindRef2 only &#10;((?ProteinOntology and AtomicBind) and (AtomicBindAtomRef some &#10;((?ProteinOntology and Atoms) and (AtomChainRef some &#10;(?ProteinOntology and Chains)))))" count="1" instantiationStats="?ProteinOntology count: 1">
            <Axiom axiom="ResidueLink SubClassOf ResidueLinkAtomicBindRef2 only &#10;((AtomicBind and ProteinOntology) and (AtomicBindAtomRef some &#10;((Atoms and ProteinOntology) and (AtomChainRef some &#10;(Chains and ProteinOntology)))))"/>
         </Generalisation>
         <Generalisation axiom="HydrogenBond SubClassOf HydrogenBondAtomicBindRef2 only &#10;(?ProteinOntology and AtomicBind)" count="1" instantiationStats="?ProteinOntology count: 1">
            <Axiom axiom="HydrogenBond SubClassOf HydrogenBondAtomicBindRef2 only &#10;(AtomicBind and ProteinOntology)"/>
         </Generalisation>
         <Generalisation axiom="AtomicBind SubClassOf AtomicBindResidueRef some &#10;(?ProteinOntology_conjunction)" count="1" instantiationStats="?ProteinOntology count: 2">
            <Axiom axiom="AtomicBind SubClassOf AtomicBindResidueRef some &#10;(ProteinOntology and Residues)"/>
         </Generalisation>
         <Generalisation axiom="HelixStructure SubClassOf HelixEndResidueRef only &#10;(?ProteinOntology_conjunction)" count="1" instantiationStats="?ProteinOntology count: 2">
            <Axiom axiom="HelixStructure SubClassOf HelixEndResidueRef only &#10;(ProteinOntology and Residues)"/>
         </Generalisation>
         <Generalisation axiom="SiteGroup EquivalentTo SiteGroupResidueRef some &#10;(?ProteinOntology_conjunction)" count="1" instantiationStats="?ProteinOntology count: 2">
            <Axiom axiom="SiteGroup EquivalentTo SiteGroupResidueRef some &#10;(ProteinOntology and Residues)"/>
         </Generalisation>
         <Generalisation axiom="Strands EquivalentTo StrandPreviousAtomRef some &#10;((?ProteinOntology and Atoms) and (AtomResidueRef some &#10;(?ProteinOntology_conjunction)))" count="1" instantiationStats="?ProteinOntology count: 2">
            <Axiom axiom="Strands EquivalentTo StrandPreviousAtomRef some &#10;((Atoms and ProteinOntology) and (AtomResidueRef some &#10;(ProteinOntology and Residues)))"/>
         </Generalisation>
         <Generalisation axiom="ActiveBindingSites EquivalentTo SiteGroupRef4 some &#10;(?ProteinOntology and SiteGroup)" count="1" instantiationStats="?ProteinOntology count: 1">
            <Axiom axiom="ActiveBindingSites EquivalentTo SiteGroupRef4 some &#10;(ProteinOntology and SiteGroup)"/>
         </Generalisation>
         <Generalisation axiom="Strands SubClassOf StrandEndResidueRef only &#10;(?ProteinOntology_conjunction)" count="1" instantiationStats="?ProteinOntology count: 2">
            <Axiom axiom="Strands SubClassOf StrandEndResidueRef only &#10;(ProteinOntology and Residues)"/>
         </Generalisation>
         <Generalisation axiom="ATOMSequence SubClassOf StructureChainRef some &#10;(?ProteinOntology and Chains)" count="1" instantiationStats="?ProteinOntology count: 1">
            <Axiom axiom="ATOMSequence SubClassOf StructureChainRef some &#10;(Chains and ProteinOntology)"/>
         </Generalisation>
         <Generalisation axiom="SaltBridge SubClassOf SaltBridgeAtomicBindRef2 some &#10;((?ProteinOntology and AtomicBind) and (AtomicBindAtomRef some &#10;((?ProteinOntology and Atoms) and (AtomResidueRef some &#10;(?ProteinOntology_conjunction)))))" count="1" instantiationStats="?ProteinOntology count: 2">
            <Axiom axiom="SaltBridge SubClassOf SaltBridgeAtomicBindRef2 some &#10;((AtomicBind and ProteinOntology) and (AtomicBindAtomRef some &#10;((Atoms and ProteinOntology) and (AtomResidueRef some &#10;(ProteinOntology and Residues)))))"/>
         </Generalisation>
         <Generalisation axiom="ActiveBindingSites SubClassOf SiteGroupRef1 only &#10;((?ProteinOntology and SiteGroup) and (SiteGroupChainRef some &#10;(?ProteinOntology and Chains)))" count="1" instantiationStats="?ProteinOntology count: 1">
            <Axiom axiom="ActiveBindingSites SubClassOf SiteGroupRef1 only &#10;((ProteinOntology and SiteGroup) and (SiteGroupChainRef some &#10;(Chains and ProteinOntology)))"/>
         </Generalisation>
         <Generalisation axiom="AtomicBind SubClassOf AtomicBindAtomRef only &#10;((?ProteinOntology and Atoms) and (AtomChainRef some &#10;(?ProteinOntology and Chains)))" count="1" instantiationStats="?ProteinOntology count: 1">
            <Axiom axiom="AtomicBind SubClassOf AtomicBindAtomRef only &#10;((Atoms and ProteinOntology) and (AtomChainRef some &#10;(Chains and ProteinOntology)))"/>
         </Generalisation>
         <Generalisation axiom="Strands EquivalentTo StrandPreviousAtomRef some &#10;((?ProteinOntology and Atoms) and (AtomChainRef some &#10;(?ProteinOntology and Chains)))" count="1" instantiationStats="?ProteinOntology count: 1">
            <Axiom axiom="Strands EquivalentTo StrandPreviousAtomRef some &#10;((Atoms and ProteinOntology) and (AtomChainRef some &#10;(Chains and ProteinOntology)))"/>
         </Generalisation>
         <Generalisation axiom="Atoms SubClassOf AtomResidueRef only &#10;(?ProteinOntology_conjunction)" count="1" instantiationStats="?ProteinOntology count: 2">
            <Axiom axiom="Atoms SubClassOf AtomResidueRef only &#10;(ProteinOntology and Residues)"/>
         </Generalisation>
         <Generalisation axiom="ActiveBindingSites SubClassOf SiteGroupRef7 only &#10;(?ProteinOntology and SiteGroup)" count="1" instantiationStats="?ProteinOntology count: 1">
            <Axiom axiom="ActiveBindingSites SubClassOf SiteGroupRef7 only &#10;(ProteinOntology and SiteGroup)"/>
         </Generalisation>
         <Generalisation axiom="Molecule EquivalentTo MoleculeChainRef some &#10;(?ProteinOntology and Chains)" count="1" instantiationStats="?ProteinOntology count: 1">
            <Axiom axiom="Molecule EquivalentTo MoleculeChainRef some &#10;(Chains and ProteinOntology)"/>
         </Generalisation>
         <Generalisation axiom="HelixStructure SubClassOf HelixInitialResidueRef only &#10;(?ProteinOntology_conjunction)" count="1" instantiationStats="?ProteinOntology count: 2">
            <Axiom axiom="HelixStructure SubClassOf HelixInitialResidueRef only &#10;(ProteinOntology and Residues)"/>
         </Generalisation>
         <Generalisation axiom="Sheet SubClassOf ?ProteinOntology" count="1" instantiationStats="?ProteinOntology count: 1">
            <Axiom axiom="Sheet SubClassOf ProteinOntology"/>
         </Generalisation>
         <Generalisation axiom="ActiveBindingSites SubClassOf SiteGroupRef1 some &#10;((?ProteinOntology and SiteGroup) and (SiteGroupResidueRef some &#10;(?ProteinOntology_conjunction)))" count="1" instantiationStats="?ProteinOntology count: 2">
            <Axiom axiom="ActiveBindingSites SubClassOf SiteGroupRef1 some &#10;((ProteinOntology and SiteGroup) and (SiteGroupResidueRef some &#10;(ProteinOntology and Residues)))"/>
         </Generalisation>
         <Generalisation axiom="ResidueLink EquivalentTo ResidueLinkAtomicBindRef2 some &#10;((?ProteinOntology and AtomicBind) and (AtomicBindResidueRef some &#10;(?ProteinOntology_conjunction)))" count="1" instantiationStats="?ProteinOntology count: 2">
            <Axiom axiom="ResidueLink EquivalentTo ResidueLinkAtomicBindRef2 some &#10;((AtomicBind and ProteinOntology) and (AtomicBindResidueRef some &#10;(ProteinOntology and Residues)))"/>
         </Generalisation>
         <Generalisation axiom="Strands SubClassOf StrandIntialResidueRef only &#10;(?ProteinOntology_conjunction)" count="1" instantiationStats="?ProteinOntology count: 2">
            <Axiom axiom="Strands SubClassOf StrandIntialResidueRef only &#10;(ProteinOntology and Residues)"/>
         </Generalisation>
         <Generalisation axiom="HydrogenBond EquivalentTo HydrogenBondAtomicBindRefH some &#10;((?ProteinOntology and AtomicBind) and (AtomicBindChainRef some &#10;(?ProteinOntology and Chains)))" count="1" instantiationStats="?ProteinOntology count: 1">
            <Axiom axiom="HydrogenBond EquivalentTo HydrogenBondAtomicBindRefH some &#10;((AtomicBind and ProteinOntology) and (AtomicBindChainRef some &#10;(Chains and ProteinOntology)))"/>
         </Generalisation>
         <Generalisation axiom="ActiveBindingSites SubClassOf SiteGroupRef5 only &#10;(?ProteinOntology and SiteGroup)" count="1" instantiationStats="?ProteinOntology count: 1">
            <Axiom axiom="ActiveBindingSites SubClassOf SiteGroupRef5 only &#10;(ProteinOntology and SiteGroup)"/>
         </Generalisation>
         <Generalisation axiom="Entry SubClassOf ?ProteinOntology" count="1" instantiationStats="?ProteinOntology count: 1">
            <Axiom axiom="Entry SubClassOf ProteinOntology"/>
         </Generalisation>
         <Generalisation axiom="SaltBridge EquivalentTo SaltBridgeAtomicBindRef2 some &#10;((?ProteinOntology and AtomicBind) and (AtomicBindAtomRef some &#10;((?ProteinOntology and Atoms) and (AtomResidueRef some &#10;(?ProteinOntology_conjunction)))))" count="1" instantiationStats="?ProteinOntology count: 2">
            <Axiom axiom="SaltBridge EquivalentTo SaltBridgeAtomicBindRef2 some &#10;((AtomicBind and ProteinOntology) and (AtomicBindAtomRef some &#10;((Atoms and ProteinOntology) and (AtomResidueRef some &#10;(ProteinOntology and Residues)))))"/>
         </Generalisation>
         <Generalisation axiom="Atoms SubClassOf AtomChainRef only &#10;(?ProteinOntology and Chains)" count="1" instantiationStats="?ProteinOntology count: 1">
            <Axiom axiom="Atoms SubClassOf AtomChainRef only &#10;(Chains and ProteinOntology)"/>
         </Generalisation>
         <Generalisation axiom="Strands EquivalentTo StrandPreviousResidueRef some &#10;(?ProteinOntology_conjunction)" count="1" instantiationStats="?ProteinOntology count: 2">
            <Axiom axiom="Strands EquivalentTo StrandPreviousResidueRef some &#10;(ProteinOntology and Residues)"/>
         </Generalisation>
         <Generalisation axiom="ActiveBindingSites EquivalentTo SiteGroupRef1 some &#10;((?ProteinOntology and SiteGroup) and (SiteGroupResidueRef some &#10;(?ProteinOntology_conjunction)))" count="1" instantiationStats="?ProteinOntology count: 2">
            <Axiom axiom="ActiveBindingSites EquivalentTo SiteGroupRef1 some &#10;((ProteinOntology and SiteGroup) and (SiteGroupResidueRef some &#10;(ProteinOntology and Residues)))"/>
         </Generalisation>
         <Generalisation axiom="HydrogenBond SubClassOf ?ProteinOntology" count="1" instantiationStats="?ProteinOntology count: 1">
            <Axiom axiom="HydrogenBond SubClassOf ProteinOntology"/>
         </Generalisation>
         <Generalisation axiom="AtomicBind SubClassOf AtomicBindAtomRef some &#10;((?ProteinOntology and Atoms) and (AtomResidueRef some &#10;(?ProteinOntology_conjunction)))" count="1" instantiationStats="?ProteinOntology count: 2">
            <Axiom axiom="AtomicBind SubClassOf AtomicBindAtomRef some &#10;((Atoms and ProteinOntology) and (AtomResidueRef some &#10;(ProteinOntology and Residues)))"/>
         </Generalisation>
         <Generalisation axiom="HydrogenBond EquivalentTo HydrogenBondAtomicBindRefH some &#10;((?ProteinOntology and AtomicBind) and (AtomicBindAtomRef some &#10;((?ProteinOntology and Atoms) and (AtomResidueRef some &#10;(?ProteinOntology_conjunction)))))" count="1" instantiationStats="?ProteinOntology count: 2">
            <Axiom axiom="HydrogenBond EquivalentTo HydrogenBondAtomicBindRefH some &#10;((AtomicBind and ProteinOntology) and (AtomicBindAtomRef some &#10;((Atoms and ProteinOntology) and (AtomResidueRef some &#10;(ProteinOntology and Residues)))))"/>
         </Generalisation>
         <Generalisation axiom="ActiveBindingSites SubClassOf SiteGroupRef3 only &#10;(?ProteinOntology and SiteGroup)" count="1" instantiationStats="?ProteinOntology count: 1">
            <Axiom axiom="ActiveBindingSites SubClassOf SiteGroupRef3 only &#10;(ProteinOntology and SiteGroup)"/>
         </Generalisation>
         <Generalisation axiom="ActiveBindingSites SubClassOf SiteGroupRef4 some &#10;(?ProteinOntology and SiteGroup)" count="1" instantiationStats="?ProteinOntology count: 1">
            <Axiom axiom="ActiveBindingSites SubClassOf SiteGroupRef4 some &#10;(ProteinOntology and SiteGroup)"/>
         </Generalisation>
         <Generalisation axiom="SaltBridge SubClassOf SaltBridgeAtomicBindRef2 some &#10;((?ProteinOntology and AtomicBind) and (AtomicBindAtomRef some &#10;((?ProteinOntology and Atoms) and (AtomChainRef some &#10;(?ProteinOntology and Chains)))))" count="1" instantiationStats="?ProteinOntology count: 1">
            <Axiom axiom="SaltBridge SubClassOf SaltBridgeAtomicBindRef2 some &#10;((AtomicBind and ProteinOntology) and (AtomicBindAtomRef some &#10;((Atoms and ProteinOntology) and (AtomChainRef some &#10;(Chains and ProteinOntology)))))"/>
         </Generalisation>
         <Generalisation axiom="Reference SubClassOf ?ProteinOntology" count="1" instantiationStats="?ProteinOntology count: 1">
            <Axiom axiom="Reference SubClassOf ProteinOntology"/>
         </Generalisation>
         <Generalisation axiom="StructuralDomains SubClassOf ?ProteinOntology" count="1" instantiationStats="?ProteinOntology count: 1">
            <Axiom axiom="StructuralDomains SubClassOf ProteinOntology"/>
         </Generalisation>
         <Generalisation axiom="Strands SubClassOf StrandChainRef some &#10;(?ProteinOntology and Chains)" count="1" instantiationStats="?ProteinOntology count: 1">
            <Axiom axiom="Strands SubClassOf StrandChainRef some &#10;(Chains and ProteinOntology)"/>
         </Generalisation>
         <Generalisation axiom="AtomicBind SubClassOf ?ProteinOntology" count="1" instantiationStats="?ProteinOntology count: 1">
            <Axiom axiom="AtomicBind SubClassOf ProteinOntology"/>
         </Generalisation>
         <Generalisation axiom="HydrogenBond SubClassOf HydrogenBondAtomicBindRefH only &#10;((?ProteinOntology and AtomicBind) and (AtomicBindChainRef some &#10;(?ProteinOntology and Chains)))" count="1" instantiationStats="?ProteinOntology count: 1">
            <Axiom axiom="HydrogenBond SubClassOf HydrogenBondAtomicBindRefH only &#10;((AtomicBind and ProteinOntology) and (AtomicBindChainRef some &#10;(Chains and ProteinOntology)))"/>
         </Generalisation>
         <Generalisation axiom="ResidueLink SubClassOf ResidueLinkAtomicBindRef2 some &#10;((?ProteinOntology and AtomicBind) and (AtomicBindChainRef some &#10;(?ProteinOntology and Chains)))" count="1" instantiationStats="?ProteinOntology count: 1">
            <Axiom axiom="ResidueLink SubClassOf ResidueLinkAtomicBindRef2 some &#10;((AtomicBind and ProteinOntology) and (AtomicBindChainRef some &#10;(Chains and ProteinOntology)))"/>
         </Generalisation>
         <Generalisation axiom="ActiveBindingSites EquivalentTo SiteGroupRef1 some &#10;((?ProteinOntology and SiteGroup) and (SiteGroupChainRef some &#10;(?ProteinOntology and Chains)))" count="1" instantiationStats="?ProteinOntology count: 1">
            <Axiom axiom="ActiveBindingSites EquivalentTo SiteGroupRef1 some &#10;((ProteinOntology and SiteGroup) and (SiteGroupChainRef some &#10;(Chains and ProteinOntology)))"/>
         </Generalisation>
         <Generalisation axiom="ATOMSequence SubClassOf StructureChainRef only &#10;(?ProteinOntology and Chains)" count="1" instantiationStats="?ProteinOntology count: 1">
            <Axiom axiom="ATOMSequence SubClassOf StructureChainRef only &#10;(Chains and ProteinOntology)"/>
         </Generalisation>
         <Generalisation axiom="ActiveBindingSites SubClassOf SiteGroupRef2 some &#10;(?ProteinOntology and SiteGroup)" count="1" instantiationStats="?ProteinOntology count: 1">
            <Axiom axiom="ActiveBindingSites SubClassOf SiteGroupRef2 some &#10;(ProteinOntology and SiteGroup)"/>
         </Generalisation>
         <Generalisation axiom="Atoms SubClassOf ?ProteinOntology" count="1" instantiationStats="?ProteinOntology count: 1">
            <Axiom axiom="Atoms SubClassOf ProteinOntology"/>
         </Generalisation>
         <Generalisation axiom="ResidueLink EquivalentTo ResidueLinkAtomicBindRef2 some &#10;((?ProteinOntology and AtomicBind) and (AtomicBindAtomRef some &#10;((?ProteinOntology and Atoms) and (AtomChainRef some &#10;(?ProteinOntology and Chains)))))" count="1" instantiationStats="?ProteinOntology count: 1">
            <Axiom axiom="ResidueLink EquivalentTo ResidueLinkAtomicBindRef2 some &#10;((AtomicBind and ProteinOntology) and (AtomicBindAtomRef some &#10;((Atoms and ProteinOntology) and (AtomChainRef some &#10;(Chains and ProteinOntology)))))"/>
         </Generalisation>
         <Generalisation axiom="GeneticDefects SubClassOf ?ProteinOntology" count="1" instantiationStats="?ProteinOntology count: 1">
            <Axiom axiom="GeneticDefects SubClassOf ProteinOntology"/>
         </Generalisation>
         <Generalisation axiom="HydrogenBond SubClassOf HydrogenBondAtomicBindRef1 only &#10;(?ProteinOntology and AtomicBind)" count="1" instantiationStats="?ProteinOntology count: 1">
            <Axiom axiom="HydrogenBond SubClassOf HydrogenBondAtomicBindRef1 only &#10;(AtomicBind and ProteinOntology)"/>
         </Generalisation>
         <Generalisation axiom="AtomicBind EquivalentTo AtomicBindAtomRef some &#10;((?ProteinOntology and Atoms) and (AtomChainRef some &#10;(?ProteinOntology and Chains)))" count="1" instantiationStats="?ProteinOntology count: 1">
            <Axiom axiom="AtomicBind EquivalentTo AtomicBindAtomRef some &#10;((Atoms and ProteinOntology) and (AtomChainRef some &#10;(Chains and ProteinOntology)))"/>
         </Generalisation>
         <Generalisation axiom="HydrogenBond SubClassOf HydrogenBondAtomicBindRef2 some &#10;(?ProteinOntology and AtomicBind)" count="1" instantiationStats="?ProteinOntology count: 1">
            <Axiom axiom="HydrogenBond SubClassOf HydrogenBondAtomicBindRef2 some &#10;(AtomicBind and ProteinOntology)"/>
         </Generalisation>
         <Generalisation axiom="ResidueLink EquivalentTo ResidueLinkAtomicBindRef2 some &#10;((?ProteinOntology and AtomicBind) and (AtomicBindChainRef some &#10;(?ProteinOntology and Chains)))" count="1" instantiationStats="?ProteinOntology count: 1">
            <Axiom axiom="ResidueLink EquivalentTo ResidueLinkAtomicBindRef2 some &#10;((AtomicBind and ProteinOntology) and (AtomicBindChainRef some &#10;(Chains and ProteinOntology)))"/>
         </Generalisation>
         <Generalisation axiom="Strands EquivalentTo StrandCurrentResidueRef some &#10;(?ProteinOntology_conjunction)" count="1" instantiationStats="?ProteinOntology count: 2">
            <Axiom axiom="Strands EquivalentTo StrandCurrentResidueRef some &#10;(ProteinOntology and Residues)"/>
         </Generalisation>
         <Generalisation axiom="HydrogenBond SubClassOf HydrogenBondAtomicBindRefH some &#10;((?ProteinOntology and AtomicBind) and (AtomicBindAtomRef some &#10;((?ProteinOntology and Atoms) and (AtomChainRef some &#10;(?ProteinOntology and Chains)))))" count="1" instantiationStats="?ProteinOntology count: 1">
            <Axiom axiom="HydrogenBond SubClassOf HydrogenBondAtomicBindRefH some &#10;((AtomicBind and ProteinOntology) and (AtomicBindAtomRef some &#10;((Atoms and ProteinOntology) and (AtomChainRef some &#10;(Chains and ProteinOntology)))))"/>
         </Generalisation>
         <Generalisation axiom="SiteGroup EquivalentTo SiteGroupChainRef some &#10;(?ProteinOntology and Chains)" count="1" instantiationStats="?ProteinOntology count: 1">
            <Axiom axiom="SiteGroup EquivalentTo SiteGroupChainRef some &#10;(Chains and ProteinOntology)"/>
         </Generalisation>
         <Generalisation axiom="ATOMSequence EquivalentTo StructureResidueRef some &#10;(?ProteinOntology_conjunction)" count="1" instantiationStats="?ProteinOntology count: 2">
            <Axiom axiom="ATOMSequence EquivalentTo StructureResidueRef some &#10;(ProteinOntology and Residues)"/>
         </Generalisation>
         <Generalisation axiom="Molecule SubClassOf MoleculeChainRef only &#10;(?ProteinOntology and Chains)" count="1" instantiationStats="?ProteinOntology count: 1">
            <Axiom axiom="Molecule SubClassOf MoleculeChainRef only &#10;(Chains and ProteinOntology)"/>
         </Generalisation>
         <Generalisation axiom="HydrogenBond SubClassOf HydrogenBondAtomicBindRefH only &#10;((?ProteinOntology and AtomicBind) and (AtomicBindResidueRef some &#10;(?ProteinOntology_conjunction)))" count="1" instantiationStats="?ProteinOntology count: 2">
            <Axiom axiom="HydrogenBond SubClassOf HydrogenBondAtomicBindRefH only &#10;((AtomicBind and ProteinOntology) and (AtomicBindResidueRef some &#10;(ProteinOntology and Residues)))"/>
         </Generalisation>
         <Generalisation axiom="Chains SubClassOf ?ProteinOntology" count="1" instantiationStats="?ProteinOntology count: 1">
            <Axiom axiom="Chains SubClassOf ProteinOntology"/>
         </Generalisation>
         <Generalisation axiom="Strands SubClassOf StrandCurrentAtomRef only &#10;(?ProteinOntology and Atoms)" count="1" instantiationStats="?ProteinOntology count: 1">
            <Axiom axiom="Strands SubClassOf StrandCurrentAtomRef only &#10;(Atoms and ProteinOntology)"/>
         </Generalisation>
         <Generalisation axiom="Molecule SubClassOf MoleculeChainRef some &#10;(?ProteinOntology and Chains)" count="1" instantiationStats="?ProteinOntology count: 1">
            <Axiom axiom="Molecule SubClassOf MoleculeChainRef some &#10;(Chains and ProteinOntology)"/>
         </Generalisation>
         <Generalisation axiom="TurnStructure EquivalentTo TurnEndResidueRef some &#10;(?ProteinOntology_conjunction)" count="1" instantiationStats="?ProteinOntology count: 2">
            <Axiom axiom="TurnStructure EquivalentTo TurnEndResidueRef some &#10;(ProteinOntology and Residues)"/>
         </Generalisation>
         <Generalisation axiom="CISPeptide EquivalentTo CISPeptideBindRef1 some &#10;(?ProteinOntology and Bind)" count="1" instantiationStats="?ProteinOntology count: 1">
            <Axiom axiom="CISPeptide EquivalentTo CISPeptideBindRef1 some &#10;(Bind and ProteinOntology)"/>
         </Generalisation>
         <Generalisation axiom="OtherFolds SubClassOf ?ProteinOntology" count="1" instantiationStats="?ProteinOntology count: 1">
            <Axiom axiom="OtherFolds SubClassOf ProteinOntology"/>
         </Generalisation>
         <Generalisation axiom="ResidueLink SubClassOf ResidueLinkAtomicBindRef1 some &#10;(?ProteinOntology and AtomicBind)" count="1" instantiationStats="?ProteinOntology count: 1">
            <Axiom axiom="ResidueLink SubClassOf ResidueLinkAtomicBindRef1 some &#10;(AtomicBind and ProteinOntology)"/>
         </Generalisation>
         <Generalisation axiom="Bind SubClassOf BindResidueRef some &#10;(?ProteinOntology_conjunction)" count="1" instantiationStats="?ProteinOntology count: 2">
            <Axiom axiom="Bind SubClassOf BindResidueRef some &#10;(ProteinOntology and Residues)"/>
         </Generalisation>
         <Generalisation axiom="Strands SubClassOf StrandEndResidueRef some &#10;(?ProteinOntology_conjunction)" count="1" instantiationStats="?ProteinOntology count: 2">
            <Axiom axiom="Strands SubClassOf StrandEndResidueRef some &#10;(ProteinOntology and Residues)"/>
         </Generalisation>
         <Generalisation axiom="Hydrophobicity SubClassOf ?ProteinOntology" count="1" instantiationStats="?ProteinOntology count: 1">
            <Axiom axiom="Hydrophobicity SubClassOf ProteinOntology"/>
         </Generalisation>
         <Generalisation axiom="ActiveBindingSites SubClassOf SiteGroupRef6 some &#10;(?ProteinOntology and SiteGroup)" count="1" instantiationStats="?ProteinOntology count: 1">
            <Axiom axiom="ActiveBindingSites SubClassOf SiteGroupRef6 some &#10;(ProteinOntology and SiteGroup)"/>
         </Generalisation>
         <Generalisation axiom="Bind EquivalentTo BindResidueRef some &#10;(?ProteinOntology_conjunction)" count="1" instantiationStats="?ProteinOntology count: 2">
            <Axiom axiom="Bind EquivalentTo BindResidueRef some &#10;(ProteinOntology and Residues)"/>
         </Generalisation>
         <Generalisation axiom="Molecule SubClassOf ?ProteinOntology" count="1" instantiationStats="?ProteinOntology count: 1">
            <Axiom axiom="Molecule SubClassOf ProteinOntology"/>
         </Generalisation>
         <Generalisation axiom="ResidueLink SubClassOf ResidueLinkAtomicBindRef2 only &#10;((?ProteinOntology and AtomicBind) and (AtomicBindResidueRef some &#10;(?ProteinOntology_conjunction)))" count="1" instantiationStats="?ProteinOntology count: 2">
            <Axiom axiom="ResidueLink SubClassOf ResidueLinkAtomicBindRef2 only &#10;((AtomicBind and ProteinOntology) and (AtomicBindResidueRef some &#10;(ProteinOntology and Residues)))"/>
         </Generalisation>
         <Generalisation axiom="HelixStructure EquivalentTo HelixInitialResidueRef some &#10;(?ProteinOntology_conjunction)" count="1" instantiationStats="?ProteinOntology count: 2">
            <Axiom axiom="HelixStructure EquivalentTo HelixInitialResidueRef some &#10;(ProteinOntology and Residues)"/>
         </Generalisation>
         <Generalisation axiom="AtomicBind SubClassOf AtomicBindChainRef some &#10;(?ProteinOntology and Chains)" count="1" instantiationStats="?ProteinOntology count: 1">
            <Axiom axiom="AtomicBind SubClassOf AtomicBindChainRef some &#10;(Chains and ProteinOntology)"/>
         </Generalisation>
         <Generalisation axiom="ATOMSequence SubClassOf ?ProteinOntology" count="1" instantiationStats="?ProteinOntology count: 1">
            <Axiom axiom="ATOMSequence SubClassOf ProteinOntology"/>
         </Generalisation>
         <Generalisation axiom="TurnStructure SubClassOf TurnEndResidueRef only &#10;(?ProteinOntology_conjunction)" count="1" instantiationStats="?ProteinOntology count: 2">
            <Axiom axiom="TurnStructure SubClassOf TurnEndResidueRef only &#10;(ProteinOntology and Residues)"/>
         </Generalisation>
         <Generalisation axiom="Constraints SubClassOf ?ProteinOntology" count="1" instantiationStats="?ProteinOntology count: 1">
            <Axiom axiom="Constraints SubClassOf ProteinOntology"/>
         </Generalisation>
         <Generalisation axiom="CISPeptide EquivalentTo CISPeptideBindRef2 some &#10;((?ProteinOntology and Bind) and (BindChainRef some &#10;(?ProteinOntology and Chains)))" count="1" instantiationStats="?ProteinOntology count: 1">
            <Axiom axiom="CISPeptide EquivalentTo CISPeptideBindRef2 some &#10;((Bind and ProteinOntology) and (BindChainRef some &#10;(Chains and ProteinOntology)))"/>
         </Generalisation>
         <Generalisation axiom="?ProteinOntology SubClassOf ?ProteinOntology" count="1" instantiationStats="?ProteinOntology count: 2">
            <Axiom axiom="Residues SubClassOf ProteinOntology"/>
         </Generalisation>
         <Generalisation axiom="AtomicBind EquivalentTo AtomicBindResidueRef some &#10;(?ProteinOntology_conjunction)" count="1" instantiationStats="?ProteinOntology count: 2">
            <Axiom axiom="AtomicBind EquivalentTo AtomicBindResidueRef some &#10;(ProteinOntology and Residues)"/>
         </Generalisation>
         <Generalisation axiom="Strands SubClassOf StrandChainRef only &#10;(?ProteinOntology and Chains)" count="1" instantiationStats="?ProteinOntology count: 1">
            <Axiom axiom="Strands SubClassOf StrandChainRef only &#10;(Chains and ProteinOntology)"/>
         </Generalisation>
         <Generalisation axiom="Helix SubClassOf ?ProteinOntology" count="1" instantiationStats="?ProteinOntology count: 1">
            <Axiom axiom="Helix SubClassOf ProteinOntology"/>
         </Generalisation>
         <Generalisation axiom="CISPeptide SubClassOf CISPeptideBindRef2 only &#10;((?ProteinOntology and Bind) and (BindResidueRef some &#10;(?ProteinOntology_conjunction)))" count="1" instantiationStats="?ProteinOntology count: 2">
            <Axiom axiom="CISPeptide SubClassOf CISPeptideBindRef2 only &#10;((Bind and ProteinOntology) and (BindResidueRef some &#10;(ProteinOntology and Residues)))"/>
         </Generalisation>
         <Generalisation axiom="Bind EquivalentTo BindChainRef some &#10;(?ProteinOntology and Chains)" count="1" instantiationStats="?ProteinOntology count: 1">
            <Axiom axiom="Bind EquivalentTo BindChainRef some &#10;(Chains and ProteinOntology)"/>
         </Generalisation>
         <Generalisation axiom="Sheets SubClassOf ?ProteinOntology" count="1" instantiationStats="?ProteinOntology count: 1">
            <Axiom axiom="Sheets SubClassOf ProteinOntology"/>
         </Generalisation>
         <Generalisation axiom="Strands SubClassOf StrandCurrentResidueRef some &#10;(?ProteinOntology_conjunction)" count="1" instantiationStats="?ProteinOntology count: 2">
            <Axiom axiom="Strands SubClassOf StrandCurrentResidueRef some &#10;(ProteinOntology and Residues)"/>
         </Generalisation>
         <Generalisation axiom="HydrogenBond EquivalentTo HydrogenBondAtomicBindRefH some &#10;((?ProteinOntology and AtomicBind) and (AtomicBindAtomRef some &#10;((?ProteinOntology and Atoms) and (AtomChainRef some &#10;(?ProteinOntology and Chains)))))" count="1" instantiationStats="?ProteinOntology count: 1">
            <Axiom axiom="HydrogenBond EquivalentTo HydrogenBondAtomicBindRefH some &#10;((AtomicBind and ProteinOntology) and (AtomicBindAtomRef some &#10;((Atoms and ProteinOntology) and (AtomChainRef some &#10;(Chains and ProteinOntology)))))"/>
         </Generalisation>
         <Generalisation axiom="AtomicBind SubClassOf AtomicBindChainRef only &#10;(?ProteinOntology and Chains)" count="1" instantiationStats="?ProteinOntology count: 1">
            <Axiom axiom="AtomicBind SubClassOf AtomicBindChainRef only &#10;(Chains and ProteinOntology)"/>
         </Generalisation>
         <Generalisation axiom="SiteGroup SubClassOf SiteGroupChainRef some &#10;(?ProteinOntology and Chains)" count="1" instantiationStats="?ProteinOntology count: 1">
            <Axiom axiom="SiteGroup SubClassOf SiteGroupChainRef some &#10;(Chains and ProteinOntology)"/>
         </Generalisation>
         <Generalisation axiom="ActiveBindingSites SubClassOf SiteGroupRef1 only &#10;((?ProteinOntology and SiteGroup) and (SiteGroupResidueRef some &#10;(?ProteinOntology_conjunction)))" count="1" instantiationStats="?ProteinOntology count: 2">
            <Axiom axiom="ActiveBindingSites SubClassOf SiteGroupRef1 only &#10;((ProteinOntology and SiteGroup) and (SiteGroupResidueRef some &#10;(ProteinOntology and Residues)))"/>
         </Generalisation>
         <Generalisation axiom="TurnStructure SubClassOf TurnIntialResidueRef only &#10;(?ProteinOntology_conjunction)" count="1" instantiationStats="?ProteinOntology count: 2">
            <Axiom axiom="TurnStructure SubClassOf TurnIntialResidueRef only &#10;(ProteinOntology and Residues)"/>
         </Generalisation>
         <Generalisation axiom="HydrogenBond SubClassOf HydrogenBondAtomicBindRefH only &#10;((?ProteinOntology and AtomicBind) and (AtomicBindAtomRef some &#10;((?ProteinOntology and Atoms) and (AtomResidueRef some &#10;(?ProteinOntology_conjunction)))))" count="1" instantiationStats="?ProteinOntology count: 2">
            <Axiom axiom="HydrogenBond SubClassOf HydrogenBondAtomicBindRefH only &#10;((AtomicBind and ProteinOntology) and (AtomicBindAtomRef some &#10;((Atoms and ProteinOntology) and (AtomResidueRef some &#10;(ProteinOntology and Residues)))))"/>
         </Generalisation>
         <Generalisation axiom="ActiveBindingSites SubClassOf SiteGroupRef4 only &#10;(?ProteinOntology and SiteGroup)" count="1" instantiationStats="?ProteinOntology count: 1">
            <Axiom axiom="ActiveBindingSites SubClassOf SiteGroupRef4 only &#10;(ProteinOntology and SiteGroup)"/>
         </Generalisation>
         <Generalisation axiom="Strands SubClassOf StrandPreviousResidueRef only &#10;(?ProteinOntology_conjunction)" count="1" instantiationStats="?ProteinOntology count: 2">
            <Axiom axiom="Strands SubClassOf StrandPreviousResidueRef only &#10;(ProteinOntology and Residues)"/>
         </Generalisation>
         <Generalisation axiom="SiteGroup SubClassOf SiteGroupResidueRef some &#10;(?ProteinOntology_conjunction)" count="1" instantiationStats="?ProteinOntology count: 2">
            <Axiom axiom="SiteGroup SubClassOf SiteGroupResidueRef some &#10;(ProteinOntology and Residues)"/>
         </Generalisation>
         <Generalisation axiom="HydrogenBond SubClassOf HydrogenBondAtomicBindRefH some &#10;((?ProteinOntology and AtomicBind) and (AtomicBindResidueRef some &#10;(?ProteinOntology_conjunction)))" count="1" instantiationStats="?ProteinOntology count: 2">
            <Axiom axiom="HydrogenBond SubClassOf HydrogenBondAtomicBindRefH some &#10;((AtomicBind and ProteinOntology) and (AtomicBindResidueRef some &#10;(ProteinOntology and Residues)))"/>
         </Generalisation>
         <Generalisation axiom="Strands EquivalentTo StrandEndResidueRef some &#10;(?ProteinOntology_conjunction)" count="1" instantiationStats="?ProteinOntology count: 2">
            <Axiom axiom="Strands EquivalentTo StrandEndResidueRef some &#10;(ProteinOntology and Residues)"/>
         </Generalisation>
         <Generalisation axiom="Description SubClassOf ?ProteinOntology" count="1" instantiationStats="?ProteinOntology count: 1">
            <Axiom axiom="Description SubClassOf ProteinOntology"/>
         </Generalisation>
         <Generalisation axiom="Bind SubClassOf BindChainRef only &#10;(?ProteinOntology and Chains)" count="1" instantiationStats="?ProteinOntology count: 1">
            <Axiom axiom="Bind SubClassOf BindChainRef only &#10;(Chains and ProteinOntology)"/>
         </Generalisation>
         <Generalisation axiom="ATOMSequence EquivalentTo StructureChainRef some &#10;(?ProteinOntology and Chains)" count="1" instantiationStats="?ProteinOntology count: 1">
            <Axiom axiom="ATOMSequence EquivalentTo StructureChainRef some &#10;(Chains and ProteinOntology)"/>
         </Generalisation>
         <Generalisation axiom="BiologicalFunction SubClassOf ?ProteinOntology" count="1" instantiationStats="?ProteinOntology count: 1">
            <Axiom axiom="BiologicalFunction SubClassOf ProteinOntology"/>
         </Generalisation>
         <Generalisation axiom="ActiveBindingSites SubClassOf SiteGroupRef6 only &#10;(?ProteinOntology and SiteGroup)" count="1" instantiationStats="?ProteinOntology count: 1">
            <Axiom axiom="ActiveBindingSites SubClassOf SiteGroupRef6 only &#10;(ProteinOntology and SiteGroup)"/>
         </Generalisation>
         <Generalisation axiom="SaltBridge SubClassOf SaltBridgeAtomicBindRef1 only &#10;(?ProteinOntology and AtomicBind)" count="1" instantiationStats="?ProteinOntology count: 1">
            <Axiom axiom="SaltBridge SubClassOf SaltBridgeAtomicBindRef1 only &#10;(AtomicBind and ProteinOntology)"/>
         </Generalisation>
         <Generalisation axiom="HydrogenBond SubClassOf HydrogenBondAtomicBindRef1 some &#10;(?ProteinOntology and AtomicBind)" count="1" instantiationStats="?ProteinOntology count: 1">
            <Axiom axiom="HydrogenBond SubClassOf HydrogenBondAtomicBindRef1 some &#10;(AtomicBind and ProteinOntology)"/>
         </Generalisation>
         <Generalisation axiom="HydrogenBond SubClassOf HydrogenBondAtomicBindRefH only &#10;((?ProteinOntology and AtomicBind) and (AtomicBindAtomRef some &#10;((?ProteinOntology and Atoms) and (AtomChainRef some &#10;(?ProteinOntology and Chains)))))" count="1" instantiationStats="?ProteinOntology count: 1">
            <Axiom axiom="HydrogenBond SubClassOf HydrogenBondAtomicBindRefH only &#10;((AtomicBind and ProteinOntology) and (AtomicBindAtomRef some &#10;((Atoms and ProteinOntology) and (AtomChainRef some &#10;(Chains and ProteinOntology)))))"/>
         </Generalisation>
         <Generalisation axiom="SourceCell SubClassOf ?ProteinOntology" count="1" instantiationStats="?ProteinOntology count: 1">
            <Axiom axiom="SourceCell SubClassOf ProteinOntology"/>
         </Generalisation>
         <Generalisation axiom="ModifiedResidue SubClassOf ?ProteinOntology" count="1" instantiationStats="?ProteinOntology count: 1">
            <Axiom axiom="ModifiedResidue SubClassOf ProteinOntology"/>
         </Generalisation>
         <Generalisation axiom="SaltBridge SubClassOf SaltBridgeAtomicBindRef2 some &#10;((?ProteinOntology and AtomicBind) and (AtomicBindResidueRef some &#10;(?ProteinOntology_conjunction)))" count="1" instantiationStats="?ProteinOntology count: 2">
            <Axiom axiom="SaltBridge SubClassOf SaltBridgeAtomicBindRef2 some &#10;((AtomicBind and ProteinOntology) and (AtomicBindResidueRef some &#10;(ProteinOntology and Residues)))"/>
         </Generalisation>
         <Generalisation axiom="HydrogenBond EquivalentTo HydrogenBondAtomicBindRef2 some &#10;(?ProteinOntology and AtomicBind)" count="1" instantiationStats="?ProteinOntology count: 1">
            <Axiom axiom="HydrogenBond EquivalentTo HydrogenBondAtomicBindRef2 some &#10;(AtomicBind and ProteinOntology)"/>
         </Generalisation>
         <Generalisation axiom="ATOMSequence SubClassOf StructureResidueRef some &#10;(?ProteinOntology_conjunction)" count="1" instantiationStats="?ProteinOntology count: 2">
            <Axiom axiom="ATOMSequence SubClassOf StructureResidueRef some &#10;(ProteinOntology and Residues)"/>
         </Generalisation>
         <Generalisation axiom="CISPeptide SubClassOf CISPeptideBindRef2 some &#10;((?ProteinOntology and Bind) and (BindResidueRef some &#10;(?ProteinOntology_conjunction)))" count="1" instantiationStats="?ProteinOntology count: 2">
            <Axiom axiom="CISPeptide SubClassOf CISPeptideBindRef2 some &#10;((Bind and ProteinOntology) and (BindResidueRef some &#10;(ProteinOntology and Residues)))"/>
         </Generalisation>
         <Generalisation axiom="Strands SubClassOf StrandPreviousAtomRef some &#10;((?ProteinOntology and Atoms) and (AtomChainRef some &#10;(?ProteinOntology and Chains)))" count="1" instantiationStats="?ProteinOntology count: 1">
            <Axiom axiom="Strands SubClassOf StrandPreviousAtomRef some &#10;((Atoms and ProteinOntology) and (AtomChainRef some &#10;(Chains and ProteinOntology)))"/>
         </Generalisation>
         <Generalisation axiom="TurnStructure EquivalentTo TurnChainRef some &#10;(?ProteinOntology and Chains)" count="1" instantiationStats="?ProteinOntology count: 1">
            <Axiom axiom="TurnStructure EquivalentTo TurnChainRef some &#10;(Chains and ProteinOntology)"/>
         </Generalisation>
         <Generalisation axiom="AtomicBind EquivalentTo AtomicBindChainRef some &#10;(?ProteinOntology and Chains)" count="1" instantiationStats="?ProteinOntology count: 1">
            <Axiom axiom="AtomicBind EquivalentTo AtomicBindChainRef some &#10;(Chains and ProteinOntology)"/>
         </Generalisation>
         <Generalisation axiom="SaltBridge SubClassOf SaltBridgeAtomicBindRef1 some &#10;(?ProteinOntology and AtomicBind)" count="1" instantiationStats="?ProteinOntology count: 1">
            <Axiom axiom="SaltBridge SubClassOf SaltBridgeAtomicBindRef1 some &#10;(AtomicBind and ProteinOntology)"/>
         </Generalisation>
         <Generalisation axiom="ActiveBindingSites SubClassOf SiteGroupRef7 some &#10;(?ProteinOntology and SiteGroup)" count="1" instantiationStats="?ProteinOntology count: 1">
            <Axiom axiom="ActiveBindingSites SubClassOf SiteGroupRef7 some &#10;(ProteinOntology and SiteGroup)"/>
         </Generalisation>
         <Generalisation axiom="Helices SubClassOf ?ProteinOntology" count="1" instantiationStats="?ProteinOntology count: 1">
            <Axiom axiom="Helices SubClassOf ProteinOntology"/>
         </Generalisation>
         <Generalisation axiom="SaltBridge SubClassOf SaltBridgeAtomicBindRef2 only &#10;((?ProteinOntology and AtomicBind) and (AtomicBindResidueRef some &#10;(?ProteinOntology_conjunction)))" count="1" instantiationStats="?ProteinOntology count: 2">
            <Axiom axiom="SaltBridge SubClassOf SaltBridgeAtomicBindRef2 only &#10;((AtomicBind and ProteinOntology) and (AtomicBindResidueRef some &#10;(ProteinOntology and Residues)))"/>
         </Generalisation>
         <Generalisation axiom="SaltBridge EquivalentTo SaltBridgeAtomicBindRef2 some &#10;((?ProteinOntology and AtomicBind) and (AtomicBindChainRef some &#10;(?ProteinOntology and Chains)))" count="1" instantiationStats="?ProteinOntology count: 1">
            <Axiom axiom="SaltBridge EquivalentTo SaltBridgeAtomicBindRef2 some &#10;((AtomicBind and ProteinOntology) and (AtomicBindChainRef some &#10;(Chains and ProteinOntology)))"/>
         </Generalisation>
         <Generalisation axiom="AtomicBind EquivalentTo AtomicBindAtomRef some &#10;((?ProteinOntology and Atoms) and (AtomResidueRef some &#10;(?ProteinOntology_conjunction)))" count="1" instantiationStats="?ProteinOntology count: 2">
            <Axiom axiom="AtomicBind EquivalentTo AtomicBindAtomRef some &#10;((Atoms and ProteinOntology) and (AtomResidueRef some &#10;(ProteinOntology and Residues)))"/>
         </Generalisation>
         <Generalisation axiom="ActiveBindingSites SubClassOf SiteGroupRef2 only &#10;(?ProteinOntology and SiteGroup)" count="1" instantiationStats="?ProteinOntology count: 1">
            <Axiom axiom="ActiveBindingSites SubClassOf SiteGroupRef2 only &#10;(ProteinOntology and SiteGroup)"/>
         </Generalisation>
         <Generalisation axiom="HelixStructure SubClassOf HelixChainRef only &#10;(?ProteinOntology and Chains)" count="1" instantiationStats="?ProteinOntology count: 1">
            <Axiom axiom="HelixStructure SubClassOf HelixChainRef only &#10;(Chains and ProteinOntology)"/>
         </Generalisation>
         <Generalisation axiom="Strands EquivalentTo StrandChainRef some &#10;(?ProteinOntology and Chains)" count="1" instantiationStats="?ProteinOntology count: 1">
            <Axiom axiom="Strands EquivalentTo StrandChainRef some &#10;(Chains and ProteinOntology)"/>
         </Generalisation>
         <Generalisation axiom="SaltBridge SubClassOf SaltBridgeAtomicBindRef2 some &#10;((?ProteinOntology and AtomicBind) and (AtomicBindChainRef some &#10;(?ProteinOntology and Chains)))" count="1" instantiationStats="?ProteinOntology count: 1">
            <Axiom axiom="SaltBridge SubClassOf SaltBridgeAtomicBindRef2 some &#10;((AtomicBind and ProteinOntology) and (AtomicBindChainRef some &#10;(Chains and ProteinOntology)))"/>
         </Generalisation>
         <Generalisation axiom="SiteGroup SubClassOf ?ProteinOntology" count="1" instantiationStats="?ProteinOntology count: 1">
            <Axiom axiom="SiteGroup SubClassOf ProteinOntology"/>
         </Generalisation>
         <Generalisation axiom="Structure SubClassOf ?ProteinOntology" count="1" instantiationStats="?ProteinOntology count: 1">
            <Axiom axiom="Structure SubClassOf ProteinOntology"/>
         </Generalisation>
         <Generalisation axiom="HelixStructure SubClassOf ?ProteinOntology" count="1" instantiationStats="?ProteinOntology count: 1">
            <Axiom axiom="HelixStructure SubClassOf ProteinOntology"/>
         </Generalisation>
         <Generalisation axiom="Strands SubClassOf StrandPreviousAtomRef only &#10;((?ProteinOntology and Atoms) and (AtomChainRef some &#10;(?ProteinOntology and Chains)))" count="1" instantiationStats="?ProteinOntology count: 1">
            <Axiom axiom="Strands SubClassOf StrandPreviousAtomRef only &#10;((Atoms and ProteinOntology) and (AtomChainRef some &#10;(Chains and ProteinOntology)))"/>
         </Generalisation>
         <Generalisation axiom="UnitCell SubClassOf ?ProteinOntology" count="1" instantiationStats="?ProteinOntology count: 1">
            <Axiom axiom="UnitCell SubClassOf ProteinOntology"/>
         </Generalisation>
         <Generalisation axiom="ActiveBindingSites EquivalentTo SiteGroupRef7 some &#10;(?ProteinOntology and SiteGroup)" count="1" instantiationStats="?ProteinOntology count: 1">
            <Axiom axiom="ActiveBindingSites EquivalentTo SiteGroupRef7 some &#10;(ProteinOntology and SiteGroup)"/>
         </Generalisation>
         <Generalisation axiom="SaltBridge SubClassOf SaltBridgeAtomicBindRef2 only &#10;((?ProteinOntology and AtomicBind) and (AtomicBindAtomRef some &#10;((?ProteinOntology and Atoms) and (AtomChainRef some &#10;(?ProteinOntology and Chains)))))" count="1" instantiationStats="?ProteinOntology count: 1">
            <Axiom axiom="SaltBridge SubClassOf SaltBridgeAtomicBindRef2 only &#10;((AtomicBind and ProteinOntology) and (AtomicBindAtomRef some &#10;((Atoms and ProteinOntology) and (AtomChainRef some &#10;(Chains and ProteinOntology)))))"/>
         </Generalisation>
         <Generalisation axiom="ActiveBindingSites SubClassOf SiteGroupRef5 some &#10;(?ProteinOntology and SiteGroup)" count="1" instantiationStats="?ProteinOntology count: 1">
            <Axiom axiom="ActiveBindingSites SubClassOf SiteGroupRef5 some &#10;(ProteinOntology and SiteGroup)"/>
         </Generalisation>
         <Generalisation axiom="Bind SubClassOf BindResidueRef only &#10;(?ProteinOntology_conjunction)" count="1" instantiationStats="?ProteinOntology count: 2">
            <Axiom axiom="Bind SubClassOf BindResidueRef only &#10;(ProteinOntology and Residues)"/>
         </Generalisation>
         <Generalisation axiom="Atoms EquivalentTo AtomChainRef some &#10;(?ProteinOntology and Chains)" count="1" instantiationStats="?ProteinOntology count: 1">
            <Axiom axiom="Atoms EquivalentTo AtomChainRef some &#10;(Chains and ProteinOntology)"/>
         </Generalisation>
         <Generalisation axiom="ActiveBindingSites EquivalentTo SiteGroupRef5 some &#10;(?ProteinOntology and SiteGroup)" count="1" instantiationStats="?ProteinOntology count: 1">
            <Axiom axiom="ActiveBindingSites EquivalentTo SiteGroupRef5 some &#10;(ProteinOntology and SiteGroup)"/>
         </Generalisation>
         <Generalisation axiom="SaltBridge SubClassOf SaltBridgeAtomicBindRef2 only &#10;((?ProteinOntology and AtomicBind) and (AtomicBindChainRef some &#10;(?ProteinOntology and Chains)))" count="1" instantiationStats="?ProteinOntology count: 1">
            <Axiom axiom="SaltBridge SubClassOf SaltBridgeAtomicBindRef2 only &#10;((AtomicBind and ProteinOntology) and (AtomicBindChainRef some &#10;(Chains and ProteinOntology)))"/>
         </Generalisation>
         <Generalisation axiom="CISPeptide SubClassOf CISPeptideBindRef2 only &#10;((?ProteinOntology and Bind) and (BindChainRef some &#10;(?ProteinOntology and Chains)))" count="1" instantiationStats="?ProteinOntology count: 1">
            <Axiom axiom="CISPeptide SubClassOf CISPeptideBindRef2 only &#10;((Bind and ProteinOntology) and (BindChainRef some &#10;(Chains and ProteinOntology)))"/>
         </Generalisation>
         <Generalisation axiom="HelixStructure EquivalentTo HelixChainRef some &#10;(?ProteinOntology and Chains)" count="1" instantiationStats="?ProteinOntology count: 1">
            <Axiom axiom="HelixStructure EquivalentTo HelixChainRef some &#10;(Chains and ProteinOntology)"/>
         </Generalisation>
         <Generalisation axiom="CISPeptide SubClassOf ?ProteinOntology" count="1" instantiationStats="?ProteinOntology count: 1">
            <Axiom axiom="CISPeptide SubClassOf ProteinOntology"/>
         </Generalisation>
         <Generalisation axiom="SaltBridge EquivalentTo SaltBridgeAtomicBindRef1 some &#10;(?ProteinOntology and AtomicBind)" count="1" instantiationStats="?ProteinOntology count: 1">
            <Axiom axiom="SaltBridge EquivalentTo SaltBridgeAtomicBindRef1 some &#10;(AtomicBind and ProteinOntology)"/>
         </Generalisation>
         <Generalisation axiom="CISPeptide SubClassOf CISPeptideBindRef1 only &#10;(?ProteinOntology and Bind)" count="1" instantiationStats="?ProteinOntology count: 1">
            <Axiom axiom="CISPeptide SubClassOf CISPeptideBindRef1 only &#10;(Bind and ProteinOntology)"/>
         </Generalisation>
         <Generalisation axiom="HydrogenBond EquivalentTo HydrogenBondAtomicBindRefH some &#10;((?ProteinOntology and AtomicBind) and (AtomicBindResidueRef some &#10;(?ProteinOntology_conjunction)))" count="1" instantiationStats="?ProteinOntology count: 2">
            <Axiom axiom="HydrogenBond EquivalentTo HydrogenBondAtomicBindRefH some &#10;((AtomicBind and ProteinOntology) and (AtomicBindResidueRef some &#10;(ProteinOntology and Residues)))"/>
         </Generalisation>
         <Generalisation axiom="ProteinComplex SubClassOf ?ProteinOntology" count="1" instantiationStats="?ProteinOntology count: 1">
            <Axiom axiom="ProteinComplex SubClassOf ProteinOntology"/>
         </Generalisation>
         <Generalisation axiom="Strands SubClassOf StrandCurrentResidueRef only &#10;(?ProteinOntology_conjunction)" count="1" instantiationStats="?ProteinOntology count: 2">
            <Axiom axiom="Strands SubClassOf StrandCurrentResidueRef only &#10;(ProteinOntology and Residues)"/>
         </Generalisation>
         <Generalisation axiom="SaltBridge EquivalentTo SaltBridgeAtomicBindRef2 some &#10;((?ProteinOntology and AtomicBind) and (AtomicBindResidueRef some &#10;(?ProteinOntology_conjunction)))" count="1" instantiationStats="?ProteinOntology count: 2">
            <Axiom axiom="SaltBridge EquivalentTo SaltBridgeAtomicBindRef2 some &#10;((AtomicBind and ProteinOntology) and (AtomicBindResidueRef some &#10;(ProteinOntology and Residues)))"/>
         </Generalisation>
         <Generalisation axiom="Bind SubClassOf BindChainRef some &#10;(?ProteinOntology and Chains)" count="1" instantiationStats="?ProteinOntology count: 1">
            <Axiom axiom="Bind SubClassOf BindChainRef some &#10;(Chains and ProteinOntology)"/>
         </Generalisation>
         <Generalisation axiom="Bind SubClassOf ?ProteinOntology" count="1" instantiationStats="?ProteinOntology count: 1">
            <Axiom axiom="Bind SubClassOf ProteinOntology"/>
         </Generalisation>
         <Generalisation axiom="ActiveBindingSites SubClassOf SiteGroupRef1 some &#10;((?ProteinOntology and SiteGroup) and (SiteGroupChainRef some &#10;(?ProteinOntology and Chains)))" count="1" instantiationStats="?ProteinOntology count: 1">
            <Axiom axiom="ActiveBindingSites SubClassOf SiteGroupRef1 some &#10;((ProteinOntology and SiteGroup) and (SiteGroupChainRef some &#10;(Chains and ProteinOntology)))"/>
         </Generalisation>
         <Generalisation axiom="ActiveBindingSites EquivalentTo SiteGroupRef3 some &#10;(?ProteinOntology and SiteGroup)" count="1" instantiationStats="?ProteinOntology count: 1">
            <Axiom axiom="ActiveBindingSites EquivalentTo SiteGroupRef3 some &#10;(ProteinOntology and SiteGroup)"/>
         </Generalisation>
         <Generalisation axiom="FunctionalDomains SubClassOf ?ProteinOntology" count="1" instantiationStats="?ProteinOntology count: 1">
            <Axiom axiom="FunctionalDomains SubClassOf ProteinOntology"/>
         </Generalisation>
         <Generalisation axiom="SaltBridge SubClassOf SaltBridgeAtomicBindRef2 only &#10;((?ProteinOntology and AtomicBind) and (AtomicBindAtomRef some &#10;((?ProteinOntology and Atoms) and (AtomResidueRef some &#10;(?ProteinOntology_conjunction)))))" count="1" instantiationStats="?ProteinOntology count: 2">
            <Axiom axiom="SaltBridge SubClassOf SaltBridgeAtomicBindRef2 only &#10;((AtomicBind and ProteinOntology) and (AtomicBindAtomRef some &#10;((Atoms and ProteinOntology) and (AtomResidueRef some &#10;(ProteinOntology and Residues)))))"/>
         </Generalisation>
         <Generalisation axiom="ResidueLink SubClassOf ResidueLinkAtomicBindRef2 some &#10;((?ProteinOntology and AtomicBind) and (AtomicBindResidueRef some &#10;(?ProteinOntology_conjunction)))" count="1" instantiationStats="?ProteinOntology count: 2">
            <Axiom axiom="ResidueLink SubClassOf ResidueLinkAtomicBindRef2 some &#10;((AtomicBind and ProteinOntology) and (AtomicBindResidueRef some &#10;(ProteinOntology and Residues)))"/>
         </Generalisation>
      </Generalisations>
   </Cluster>
</Clusters>
