<?xml version="1.0" encoding="UTF-8" standalone="no"?>
<Clusters>
   <Cluster size="44">
      <Item iri="http://purl.obolibrary.org/obo/BILA_0000059"/>
      <Item iri="http://purl.obolibrary.org/obo/BILA_0000058"/>
      <Item iri="http://purl.obolibrary.org/obo/BILA_0000079"/>
      <Item iri="http://purl.obolibrary.org/obo/BILA_0000099"/>
      <Item iri="http://purl.obolibrary.org/obo/BILA_0000015"/>
      <Item iri="http://purl.obolibrary.org/obo/BILA_0000103"/>
      <Item iri="http://purl.obolibrary.org/obo/BILA_0000039"/>
      <Item iri="http://purl.obolibrary.org/obo/BILA_0000014"/>
      <Item iri="http://purl.obolibrary.org/obo/BILA_0000019"/>
      <Item iri="http://purl.obolibrary.org/obo/BILA_0000017"/>
      <Item iri="http://purl.obolibrary.org/obo/BILA_0000136"/>
      <Item iri="http://purl.obolibrary.org/obo/BILA_0000135"/>
      <Item iri="http://purl.obolibrary.org/obo/BILA_0000139"/>
      <Item iri="http://purl.obolibrary.org/obo/BILA_0000051"/>
      <Item iri="http://purl.obolibrary.org/obo/BILA_0000078"/>
      <Item iri="http://purl.obolibrary.org/obo/BILA_0000075"/>
      <Item iri="http://purl.obolibrary.org/obo/BILA_0000076"/>
      <Item iri="http://purl.obolibrary.org/obo/BILA_0000047"/>
      <Item iri="http://purl.obolibrary.org/obo/BILA_0000085"/>
      <Item iri="http://purl.obolibrary.org/obo/BILA_0000083"/>
      <Item iri="http://purl.obolibrary.org/obo/BILA_0000087"/>
      <Item iri="http://purl.obolibrary.org/obo/BILA_0000086"/>
      <Item iri="http://purl.obolibrary.org/obo/BILA_0000142"/>
      <Item iri="http://purl.obolibrary.org/obo/BILA_0000144"/>
      <Item iri="http://purl.obolibrary.org/obo/BILA_0000143"/>
      <Item iri="http://purl.obolibrary.org/obo/BILA_0000081"/>
      <Item iri="http://purl.obolibrary.org/obo/BILA_0000080"/>
      <Item iri="http://purl.obolibrary.org/obo/BILA_0000140"/>
      <Item iri="http://purl.obolibrary.org/obo/BILS_0000112"/>
      <Item iri="http://purl.obolibrary.org/obo/BILA_0000123"/>
      <Item iri="http://purl.obolibrary.org/obo/BILA_0000020"/>
      <Item iri="http://purl.obolibrary.org/obo/BILA_0000124"/>
      <Item iri="http://purl.obolibrary.org/obo/BILS_0000113"/>
      <Item iri="http://purl.obolibrary.org/obo/BILA_0000125"/>
      <Item iri="http://purl.obolibrary.org/obo/BILS_0000110"/>
      <Item iri="http://purl.obolibrary.org/obo/BILA_0000126"/>
      <Item iri="http://purl.obolibrary.org/obo/BILS_0000111"/>
      <Item iri="http://purl.obolibrary.org/obo/BILA_0000127"/>
      <Item iri="http://purl.obolibrary.org/obo/BILS_0000109"/>
      <Item iri="http://purl.obolibrary.org/obo/BILS_0000108"/>
      <Item iri="http://purl.obolibrary.org/obo/BILS_0000107"/>
      <Item iri="http://purl.obolibrary.org/obo/BILA_0000060"/>
      <Item iri="http://purl.obolibrary.org/obo/BILA_0000061"/>
      <Item iri="http://purl.obolibrary.org/obo/BILA_0000044"/>
      <Generalisations>
         <Generalisation axiom="?cluster_1 SubClassOf BILA_part_of some &#10;(?BILA_0000000_conjunction)" count="10" instantiationStats="?BILA_0000000 count: 14; ?cluster_1 count: 10">
            <Axiom axiom="BILA_0000015 SubClassOf BILA_part_of some &#10;(BILA_0000000 and BILA_0000003 and BILA_0000006 and BILA_0000011 and BILA_0000054 and BILA_0000122)"/>
            <Axiom axiom="BILA_0000019 SubClassOf BILA_part_of some &#10;(BILA_0000000 and BILA_0000003 and BILA_0000006 and BILA_0000024)"/>
            <Axiom axiom="BILA_0000014 SubClassOf BILA_part_of some &#10;(BILA_0000000 and BILA_0000003 and BILA_0000006 and BILA_0000013)"/>
            <Axiom axiom="BILA_0000020 SubClassOf BILA_part_of some &#10;(BILA_0000000 and BILA_0000003 and BILA_0000006 and BILA_0000011 and BILA_0000016 and BILA_0000054)"/>
            <Axiom axiom="BILA_0000047 SubClassOf BILA_part_of some &#10;(BILA_0000000 and BILA_0000003 and BILA_0000006 and BILA_0000034 and BILA_0000035 and BILA_0000037)"/>
            <Axiom axiom="BILA_0000103 SubClassOf BILA_part_of some &#10;(BILA_0000000 and BILA_0000003 and BILA_0000006 and BILA_0000011 and BILA_0000054 and BILA_0000122)"/>
            <Axiom axiom="BILA_0000044 SubClassOf BILA_part_of some &#10;(BILA_0000000 and BILA_0000003 and BILA_0000006 and BILA_0000034 and BILA_0000035 and BILA_0000037)"/>
            <Axiom axiom="BILA_0000039 SubClassOf BILA_part_of some &#10;(BILA_0000000 and BILA_0000003 and BILA_0000006 and BILA_0000034 and BILA_0000035 and BILA_0000036)"/>
            <Axiom axiom="BILA_0000083 SubClassOf BILA_part_of some &#10;(BILA_0000000 and BILA_0000003 and BILA_0000006 and BILA_0000011 and BILA_0000054 and BILA_0000082)"/>
            <Axiom axiom="BILA_0000051 SubClassOf BILA_part_of some &#10;(BILA_0000000 and BILA_0000003 and BILA_0000006 and BILA_0000034 and BILA_0000035 and BILA_0000037)"/>
         </Generalisation>
         <Generalisation axiom="?cluster_1 SubClassOf BILA_develops_from some &#10;((?BILA_0000000_conjunction and ?cluster_1) and (BILA_develops_from some &#10;((?BILA_0000000_conjunction and ?cluster_1) and (BILA_develops_from some &#10;((?BILA_0000000_conjunction and ?cluster_1) and (BILA_develops_from some &#10;(?BILA_0000000_conjunction)))))))" count="1" instantiationStats="?BILA_0000000 count: 6; ?cluster_1 count: 4">
            <Axiom axiom="BILA_0000061 SubClassOf BILA_develops_from some &#10;((BILA_0000000 and BILA_0000003 and BILA_0000006 and BILA_0000012 and BILA_0000056 and BILA_0000060) and (BILA_develops_from some &#10;((BILA_0000000 and BILA_0000003 and BILA_0000006 and BILA_0000012 and BILA_0000056 and BILA_0000059) and (BILA_develops_from some &#10;((BILA_0000000 and BILA_0000003 and BILA_0000006 and BILA_0000012 and BILA_0000056 and BILA_0000058) and (BILA_develops_from some &#10;(BILA_0000000 and BILA_0000003 and BILA_0000006 and BILA_0000012 and BILA_0000056 and BILA_0000057)))))))"/>
         </Generalisation>
         <Generalisation axiom="?cluster_1 SubClassOf OBO_REL_preceded_by some &#10;((?BILS_0000105 and ?cluster_1) and (OBO_REL_relationship some &#10;(?BILS_0000105_conjunction)))" count="1" instantiationStats="?BILS_0000105 count: 2; ?cluster_1 count: 2">
            <Axiom axiom="BILS_0000108 SubClassOf OBO_REL_preceded_by some &#10;((BILS_0000105 and BILS_0000107) and (OBO_REL_relationship some &#10;(BILS_0000105 and BILS_0000106)))"/>
         </Generalisation>
         <Generalisation axiom="?cluster_1 SubClassOf OBO_REL_relationship some &#10;(?BILS_0000105_conjunction)" count="1" instantiationStats="?BILS_0000105 count: 2; ?cluster_1 count: 1">
            <Axiom axiom="BILS_0000107 SubClassOf OBO_REL_relationship some &#10;(BILS_0000105 and BILS_0000106)"/>
         </Generalisation>
         <Generalisation axiom="?cluster_1 SubClassOf ?cluster_1" count="11" instantiationStats="?cluster_1 count: 10">
            <Axiom axiom="BILA_0000142 SubClassOf BILA_0000099"/>
            <Axiom axiom="BILA_0000143 SubClassOf BILA_0000139"/>
            <Axiom axiom="BILA_0000125 SubClassOf BILA_0000123"/>
            <Axiom axiom="BILA_0000140 SubClassOf BILA_0000099"/>
            <Axiom axiom="BILA_0000124 SubClassOf BILA_0000123"/>
            <Axiom axiom="BILA_0000143 SubClassOf BILA_0000099"/>
            <Axiom axiom="BILA_0000139 SubClassOf BILA_0000099"/>
            <Axiom axiom="BILA_0000144 SubClassOf BILA_0000099"/>
            <Axiom axiom="BILA_0000144 SubClassOf BILA_0000139"/>
            <Axiom axiom="BILA_0000017 SubClassOf BILA_0000099"/>
            <Axiom axiom="BILA_0000017 SubClassOf BILA_0000140"/>
         </Generalisation>
         <Generalisation axiom="?cluster_1 SubClassOf BILA_part_of some &#10;(?cluster_1 and (BILA_part_of some &#10;((?BILA_0000000_conjunction and ?cluster_1) and (BILA_develops_from some &#10;(?cluster_1 and (BILA_part_of some &#10;(?BILA_0000000_conjunction)))))))" count="9" instantiationStats="?BILA_0000000 count: 8; ?cluster_1 count: 13">
            <Axiom axiom="BILA_0000139 SubClassOf BILA_part_of some &#10;(BILA_0000081 and (BILA_part_of some &#10;((BILA_0000000 and BILA_0000003 and BILA_0000006 and BILA_0000011 and BILA_0000054 and BILA_0000079) and (BILA_develops_from some &#10;(BILA_0000039 and (BILA_part_of some &#10;(BILA_0000000 and BILA_0000003 and BILA_0000006 and BILA_0000034 and BILA_0000035 and BILA_0000036)))))))"/>
            <Axiom axiom="BILA_0000144 SubClassOf BILA_part_of some &#10;(BILA_0000081 and (BILA_part_of some &#10;((BILA_0000000 and BILA_0000003 and BILA_0000006 and BILA_0000011 and BILA_0000054 and BILA_0000079) and (BILA_develops_from some &#10;(BILA_0000039 and (BILA_part_of some &#10;(BILA_0000000 and BILA_0000003 and BILA_0000006 and BILA_0000034 and BILA_0000035 and BILA_0000036)))))))"/>
            <Axiom axiom="BILA_0000136 SubClassOf BILA_part_of some &#10;(BILA_0000080 and (BILA_part_of some &#10;((BILA_0000000 and BILA_0000003 and BILA_0000006 and BILA_0000011 and BILA_0000054 and BILA_0000079) and (BILA_develops_from some &#10;(BILA_0000039 and (BILA_part_of some &#10;(BILA_0000000 and BILA_0000003 and BILA_0000006 and BILA_0000034 and BILA_0000035 and BILA_0000036)))))))"/>
            <Axiom axiom="BILA_0000017 SubClassOf BILA_part_of some &#10;(BILA_0000081 and (BILA_part_of some &#10;((BILA_0000000 and BILA_0000003 and BILA_0000006 and BILA_0000011 and BILA_0000054 and BILA_0000079) and (BILA_develops_from some &#10;(BILA_0000039 and (BILA_part_of some &#10;(BILA_0000000 and BILA_0000003 and BILA_0000006 and BILA_0000034 and BILA_0000035 and BILA_0000036)))))))"/>
            <Axiom axiom="BILA_0000099 SubClassOf BILA_part_of some &#10;(BILA_0000081 and (BILA_part_of some &#10;((BILA_0000000 and BILA_0000003 and BILA_0000006 and BILA_0000011 and BILA_0000054 and BILA_0000079) and (BILA_develops_from some &#10;(BILA_0000039 and (BILA_part_of some &#10;(BILA_0000000 and BILA_0000003 and BILA_0000006 and BILA_0000034 and BILA_0000035 and BILA_0000036)))))))"/>
            <Axiom axiom="BILA_0000143 SubClassOf BILA_part_of some &#10;(BILA_0000081 and (BILA_part_of some &#10;((BILA_0000000 and BILA_0000003 and BILA_0000006 and BILA_0000011 and BILA_0000054 and BILA_0000079) and (BILA_develops_from some &#10;(BILA_0000039 and (BILA_part_of some &#10;(BILA_0000000 and BILA_0000003 and BILA_0000006 and BILA_0000034 and BILA_0000035 and BILA_0000036)))))))"/>
            <Axiom axiom="BILA_0000135 SubClassOf BILA_part_of some &#10;(BILA_0000080 and (BILA_part_of some &#10;((BILA_0000000 and BILA_0000003 and BILA_0000006 and BILA_0000011 and BILA_0000054 and BILA_0000079) and (BILA_develops_from some &#10;(BILA_0000039 and (BILA_part_of some &#10;(BILA_0000000 and BILA_0000003 and BILA_0000006 and BILA_0000034 and BILA_0000035 and BILA_0000036)))))))"/>
            <Axiom axiom="BILA_0000142 SubClassOf BILA_part_of some &#10;(BILA_0000081 and (BILA_part_of some &#10;((BILA_0000000 and BILA_0000003 and BILA_0000006 and BILA_0000011 and BILA_0000054 and BILA_0000079) and (BILA_develops_from some &#10;(BILA_0000039 and (BILA_part_of some &#10;(BILA_0000000 and BILA_0000003 and BILA_0000006 and BILA_0000034 and BILA_0000035 and BILA_0000036)))))))"/>
            <Axiom axiom="BILA_0000140 SubClassOf BILA_part_of some &#10;(BILA_0000081 and (BILA_part_of some &#10;((BILA_0000000 and BILA_0000003 and BILA_0000006 and BILA_0000011 and BILA_0000054 and BILA_0000079) and (BILA_develops_from some &#10;(BILA_0000039 and (BILA_part_of some &#10;(BILA_0000000 and BILA_0000003 and BILA_0000006 and BILA_0000034 and BILA_0000035 and BILA_0000036)))))))"/>
         </Generalisation>
         <Generalisation axiom="?cluster_1 SubClassOf OBO_REL_preceded_by some &#10;(?BILS_0000105_conjunction)" count="1" instantiationStats="?BILS_0000105 count: 2; ?cluster_1 count: 1">
            <Axiom axiom="BILS_0000107 SubClassOf OBO_REL_preceded_by some &#10;(BILS_0000105 and BILS_0000106)"/>
         </Generalisation>
         <Generalisation axiom="?cluster_1 SubClassOf OBO_REL_relationship some &#10;((?BILS_0000105 and ?cluster_1) and (OBO_REL_relationship some &#10;(?BILS_0000105_conjunction)))" count="1" instantiationStats="?BILS_0000105 count: 2; ?cluster_1 count: 2">
            <Axiom axiom="BILS_0000108 SubClassOf OBO_REL_relationship some &#10;((BILS_0000105 and BILS_0000107) and (OBO_REL_relationship some &#10;(BILS_0000105 and BILS_0000106)))"/>
         </Generalisation>
         <Generalisation axiom="?cluster_1 SubClassOf OBO_REL_relationship some &#10;((?BILS_0000105 and ?cluster_1) and (OBO_REL_relationship some &#10;((?BILS_0000105 and ?cluster_1) and (OBO_REL_relationship some &#10;((?BILS_0000105 and ?cluster_1) and (OBO_REL_relationship some &#10;(?BILS_0000105_conjunction)))))))" count="1" instantiationStats="?BILS_0000105 count: 2; ?cluster_1 count: 4">
            <Axiom axiom="BILS_0000110 SubClassOf OBO_REL_relationship some &#10;((BILS_0000105 and BILS_0000109) and (OBO_REL_relationship some &#10;((BILS_0000105 and BILS_0000108) and (OBO_REL_relationship some &#10;((BILS_0000105 and BILS_0000107) and (OBO_REL_relationship some &#10;(BILS_0000105 and BILS_0000106)))))))"/>
         </Generalisation>
         <Generalisation axiom="?cluster_1 SubClassOf OBO_REL_relationship some &#10;((?BILS_0000105 and ?cluster_1) and (OBO_REL_relationship some &#10;((?BILS_0000105 and ?cluster_1) and (OBO_REL_relationship some &#10;((?BILS_0000105 and ?cluster_1) and (OBO_REL_relationship some &#10;((?BILS_0000105 and ?cluster_1) and (OBO_REL_relationship some &#10;(?BILS_0000105_conjunction)))))))))" count="1" instantiationStats="?BILS_0000105 count: 2; ?cluster_1 count: 5">
            <Axiom axiom="BILS_0000111 SubClassOf OBO_REL_relationship some &#10;((BILS_0000105 and BILS_0000110) and (OBO_REL_relationship some &#10;((BILS_0000105 and BILS_0000109) and (OBO_REL_relationship some &#10;((BILS_0000105 and BILS_0000108) and (OBO_REL_relationship some &#10;((BILS_0000105 and BILS_0000107) and (OBO_REL_relationship some &#10;(BILS_0000105 and BILS_0000106)))))))))"/>
         </Generalisation>
         <Generalisation axiom="?cluster_1 SubClassOf OBO_REL_preceded_by some &#10;((?BILS_0000105 and ?cluster_1) and (OBO_REL_relationship some &#10;((?BILS_0000105 and ?cluster_1) and (OBO_REL_relationship some &#10;((?BILS_0000105 and ?cluster_1) and (OBO_REL_relationship some &#10;(?BILS_0000105_conjunction)))))))" count="1" instantiationStats="?BILS_0000105 count: 2; ?cluster_1 count: 4">
            <Axiom axiom="BILS_0000110 SubClassOf OBO_REL_preceded_by some &#10;((BILS_0000105 and BILS_0000109) and (OBO_REL_relationship some &#10;((BILS_0000105 and BILS_0000108) and (OBO_REL_relationship some &#10;((BILS_0000105 and BILS_0000107) and (OBO_REL_relationship some &#10;(BILS_0000105 and BILS_0000106)))))))"/>
         </Generalisation>
         <Generalisation axiom="?cluster_1 SubClassOf OBO_REL_relationship some &#10;((?BILS_0000105 and ?cluster_1) and (OBO_REL_relationship some &#10;((?BILS_0000105 and ?cluster_1) and (OBO_REL_relationship some &#10;((?BILS_0000105 and ?cluster_1) and (OBO_REL_relationship some &#10;((?BILS_0000105 and ?cluster_1) and (OBO_REL_relationship some &#10;((?BILS_0000105 and ?cluster_1) and (OBO_REL_relationship some &#10;((?BILS_0000105 and ?cluster_1) and (OBO_REL_relationship some &#10;(?BILS_0000105_conjunction)))))))))))))" count="1" instantiationStats="?BILS_0000105 count: 2; ?cluster_1 count: 7">
            <Axiom axiom="BILS_0000113 SubClassOf OBO_REL_relationship some &#10;((BILS_0000105 and BILS_0000112) and (OBO_REL_relationship some &#10;((BILS_0000105 and BILS_0000111) and (OBO_REL_relationship some &#10;((BILS_0000105 and BILS_0000110) and (OBO_REL_relationship some &#10;((BILS_0000105 and BILS_0000109) and (OBO_REL_relationship some &#10;((BILS_0000105 and BILS_0000108) and (OBO_REL_relationship some &#10;((BILS_0000105 and BILS_0000107) and (OBO_REL_relationship some &#10;(BILS_0000105 and BILS_0000106)))))))))))))"/>
         </Generalisation>
         <Generalisation axiom="?cluster_1 SubClassOf BILA_part_of some &#10;(?cluster_1 and (BILA_part_of some &#10;(?BILA_0000000_conjunction)))" count="8" instantiationStats="?BILA_0000000 count: 7; ?cluster_1 count: 11">
            <Axiom axiom="BILA_0000123 SubClassOf BILA_part_of some &#10;(BILA_0000103 and (BILA_part_of some &#10;(BILA_0000000 and BILA_0000003 and BILA_0000006 and BILA_0000011 and BILA_0000054 and BILA_0000122)))"/>
            <Axiom axiom="BILA_0000124 SubClassOf BILA_part_of some &#10;(BILA_0000103 and (BILA_part_of some &#10;(BILA_0000000 and BILA_0000003 and BILA_0000006 and BILA_0000011 and BILA_0000054 and BILA_0000122)))"/>
            <Axiom axiom="BILA_0000086 SubClassOf BILA_part_of some &#10;(BILA_0000083 and (BILA_part_of some &#10;(BILA_0000000 and BILA_0000003 and BILA_0000006 and BILA_0000011 and BILA_0000054 and BILA_0000082)))"/>
            <Axiom axiom="BILA_0000127 SubClassOf BILA_part_of some &#10;(BILA_0000015 and (BILA_part_of some &#10;(BILA_0000000 and BILA_0000003 and BILA_0000006 and BILA_0000011 and BILA_0000054 and BILA_0000122)))"/>
            <Axiom axiom="BILA_0000087 SubClassOf BILA_part_of some &#10;(BILA_0000083 and (BILA_part_of some &#10;(BILA_0000000 and BILA_0000003 and BILA_0000006 and BILA_0000011 and BILA_0000054 and BILA_0000082)))"/>
            <Axiom axiom="BILA_0000126 SubClassOf BILA_part_of some &#10;(BILA_0000015 and (BILA_part_of some &#10;(BILA_0000000 and BILA_0000003 and BILA_0000006 and BILA_0000011 and BILA_0000054 and BILA_0000122)))"/>
            <Axiom axiom="BILA_0000125 SubClassOf BILA_part_of some &#10;(BILA_0000103 and (BILA_part_of some &#10;(BILA_0000000 and BILA_0000003 and BILA_0000006 and BILA_0000011 and BILA_0000054 and BILA_0000122)))"/>
            <Axiom axiom="BILA_0000085 SubClassOf BILA_part_of some &#10;(BILA_0000083 and (BILA_part_of some &#10;(BILA_0000000 and BILA_0000003 and BILA_0000006 and BILA_0000011 and BILA_0000054 and BILA_0000082)))"/>
         </Generalisation>
         <Generalisation axiom="?cluster_1 SubClassOf OBO_REL_preceded_by some &#10;((?BILS_0000105 and ?cluster_1) and (OBO_REL_relationship some &#10;((?BILS_0000105 and ?cluster_1) and (OBO_REL_relationship some &#10;((?BILS_0000105 and ?cluster_1) and (OBO_REL_relationship some &#10;((?BILS_0000105 and ?cluster_1) and (OBO_REL_relationship some &#10;((?BILS_0000105 and ?cluster_1) and (OBO_REL_relationship some &#10;(?BILS_0000105_conjunction)))))))))))" count="1" instantiationStats="?BILS_0000105 count: 2; ?cluster_1 count: 6">
            <Axiom axiom="BILS_0000112 SubClassOf OBO_REL_preceded_by some &#10;((BILS_0000105 and BILS_0000111) and (OBO_REL_relationship some &#10;((BILS_0000105 and BILS_0000110) and (OBO_REL_relationship some &#10;((BILS_0000105 and BILS_0000109) and (OBO_REL_relationship some &#10;((BILS_0000105 and BILS_0000108) and (OBO_REL_relationship some &#10;((BILS_0000105 and BILS_0000107) and (OBO_REL_relationship some &#10;(BILS_0000105 and BILS_0000106)))))))))))"/>
         </Generalisation>
         <Generalisation axiom="?cluster_1 SubClassOf OBO_REL_preceded_by some &#10;((?BILS_0000105 and ?cluster_1) and (OBO_REL_relationship some &#10;((?BILS_0000105 and ?cluster_1) and (OBO_REL_relationship some &#10;(?BILS_0000105_conjunction)))))" count="1" instantiationStats="?BILS_0000105 count: 2; ?cluster_1 count: 3">
            <Axiom axiom="BILS_0000109 SubClassOf OBO_REL_preceded_by some &#10;((BILS_0000105 and BILS_0000108) and (OBO_REL_relationship some &#10;((BILS_0000105 and BILS_0000107) and (OBO_REL_relationship some &#10;(BILS_0000105 and BILS_0000106)))))"/>
         </Generalisation>
         <Generalisation axiom="?cluster_1 SubClassOf ?BILS_0000105" count="7" instantiationStats="?BILS_0000105 count: 1; ?cluster_1 count: 7">
            <Axiom axiom="BILS_0000112 SubClassOf BILS_0000105"/>
            <Axiom axiom="BILS_0000109 SubClassOf BILS_0000105"/>
            <Axiom axiom="BILS_0000111 SubClassOf BILS_0000105"/>
            <Axiom axiom="BILS_0000108 SubClassOf BILS_0000105"/>
            <Axiom axiom="BILS_0000110 SubClassOf BILS_0000105"/>
            <Axiom axiom="BILS_0000113 SubClassOf BILS_0000105"/>
            <Axiom axiom="BILS_0000107 SubClassOf BILS_0000105"/>
         </Generalisation>
         <Generalisation axiom="?cluster_1 SubClassOf BILA_0000055" count="1" instantiationStats="?cluster_1 count: 1">
            <Axiom axiom="BILA_0000019 SubClassOf BILA_0000055"/>
         </Generalisation>
         <Generalisation axiom="?cluster_1 SubClassOf OBO_REL_preceded_by some &#10;((?BILS_0000105 and ?cluster_1) and (OBO_REL_relationship some &#10;((?BILS_0000105 and ?cluster_1) and (OBO_REL_relationship some &#10;((?BILS_0000105 and ?cluster_1) and (OBO_REL_relationship some &#10;((?BILS_0000105 and ?cluster_1) and (OBO_REL_relationship some &#10;(?BILS_0000105_conjunction)))))))))" count="1" instantiationStats="?BILS_0000105 count: 2; ?cluster_1 count: 5">
            <Axiom axiom="BILS_0000111 SubClassOf OBO_REL_preceded_by some &#10;((BILS_0000105 and BILS_0000110) and (OBO_REL_relationship some &#10;((BILS_0000105 and BILS_0000109) and (OBO_REL_relationship some &#10;((BILS_0000105 and BILS_0000108) and (OBO_REL_relationship some &#10;((BILS_0000105 and BILS_0000107) and (OBO_REL_relationship some &#10;(BILS_0000105 and BILS_0000106)))))))))"/>
         </Generalisation>
         <Generalisation axiom="?cluster_1 SubClassOf BILA_develops_from some &#10;((?BILA_0000000_conjunction and ?cluster_1) and (BILA_develops_from some &#10;((?BILA_0000000_conjunction and ?cluster_1) and (BILA_develops_from some &#10;((?BILA_0000000_conjunction and ?cluster_1) and (BILA_develops_from some &#10;((?BILA_0000000_conjunction and ?cluster_1) and (BILA_develops_from some &#10;((?BILA_0000000_conjunction and ?cluster_1) and (BILA_develops_from some &#10;(?BILA_0000000_conjunction)))))))))))" count="1" instantiationStats="?BILA_0000000 count: 6; ?cluster_1 count: 6">
            <Axiom axiom="BILA_0000076 SubClassOf BILA_develops_from some &#10;((BILA_0000000 and BILA_0000003 and BILA_0000006 and BILA_0000012 and BILA_0000056 and BILA_0000075) and (BILA_develops_from some &#10;((BILA_0000000 and BILA_0000003 and BILA_0000006 and BILA_0000012 and BILA_0000056 and BILA_0000061) and (BILA_develops_from some &#10;((BILA_0000000 and BILA_0000003 and BILA_0000006 and BILA_0000012 and BILA_0000056 and BILA_0000060) and (BILA_develops_from some &#10;((BILA_0000000 and BILA_0000003 and BILA_0000006 and BILA_0000012 and BILA_0000056 and BILA_0000059) and (BILA_develops_from some &#10;((BILA_0000000 and BILA_0000003 and BILA_0000006 and BILA_0000012 and BILA_0000056 and BILA_0000058) and (BILA_develops_from some &#10;(BILA_0000000 and BILA_0000003 and BILA_0000006 and BILA_0000012 and BILA_0000056 and BILA_0000057)))))))))))"/>
         </Generalisation>
         <Generalisation axiom="?cluster_1 SubClassOf BILA_develops_from some Thing" count="12" instantiationStats="?cluster_1 count: 12">
            <Axiom axiom="BILA_0000083 SubClassOf BILA_develops_from some Thing"/>
            <Axiom axiom="BILA_0000085 SubClassOf BILA_develops_from some Thing"/>
            <Axiom axiom="BILA_0000079 SubClassOf BILA_develops_from some Thing"/>
            <Axiom axiom="BILA_0000061 SubClassOf BILA_develops_from some Thing"/>
            <Axiom axiom="BILA_0000058 SubClassOf BILA_develops_from some Thing"/>
            <Axiom axiom="BILA_0000087 SubClassOf BILA_develops_from some Thing"/>
            <Axiom axiom="BILA_0000076 SubClassOf BILA_develops_from some Thing"/>
            <Axiom axiom="BILA_0000059 SubClassOf BILA_develops_from some Thing"/>
            <Axiom axiom="BILA_0000060 SubClassOf BILA_develops_from some Thing"/>
            <Axiom axiom="BILA_0000075 SubClassOf BILA_develops_from some Thing"/>
            <Axiom axiom="BILA_0000086 SubClassOf BILA_develops_from some Thing"/>
            <Axiom axiom="BILA_0000078 SubClassOf BILA_develops_from some Thing"/>
         </Generalisation>
         <Generalisation axiom="?cluster_1 SubClassOf ?BILA_0000000" count="44" instantiationStats="?BILA_0000000 count: 7; ?cluster_1 count: 10">
            <Axiom axiom="BILA_0000060 SubClassOf BILA_0000056"/>
            <Axiom axiom="BILA_0000061 SubClassOf BILA_0000003"/>
            <Axiom axiom="BILA_0000078 SubClassOf BILA_0000003"/>
            <Axiom axiom="BILA_0000060 SubClassOf BILA_0000006"/>
            <Axiom axiom="BILA_0000058 SubClassOf BILA_0000000"/>
            <Axiom axiom="BILA_0000078 SubClassOf BILA_0000000"/>
            <Axiom axiom="BILA_0000075 SubClassOf BILA_0000006"/>
            <Axiom axiom="BILA_0000079 SubClassOf BILA_0000011"/>
            <Axiom axiom="BILA_0000075 SubClassOf BILA_0000000"/>
            <Axiom axiom="BILA_0000061 SubClassOf BILA_0000056"/>
            <Axiom axiom="BILA_0000078 SubClassOf BILA_0000012"/>
            <Axiom axiom="BILA_0000058 SubClassOf BILA_0000003"/>
            <Axiom axiom="BILA_0000076 SubClassOf BILA_0000003"/>
            <Axiom axiom="BILA_0000075 SubClassOf BILA_0000003"/>
            <Axiom axiom="BILA_0000014 SubClassOf BILA_0000003"/>
            <Axiom axiom="BILA_0000075 SubClassOf BILA_0000012"/>
            <Axiom axiom="BILA_0000060 SubClassOf BILA_0000000"/>
            <Axiom axiom="BILA_0000060 SubClassOf BILA_0000003"/>
            <Axiom axiom="BILA_0000061 SubClassOf BILA_0000000"/>
            <Axiom axiom="BILA_0000079 SubClassOf BILA_0000003"/>
            <Axiom axiom="BILA_0000079 SubClassOf BILA_0000000"/>
            <Axiom axiom="BILA_0000014 SubClassOf BILA_0000000"/>
            <Axiom axiom="BILA_0000059 SubClassOf BILA_0000056"/>
            <Axiom axiom="BILA_0000019 SubClassOf BILA_0000000"/>
            <Axiom axiom="BILA_0000059 SubClassOf BILA_0000000"/>
            <Axiom axiom="BILA_0000059 SubClassOf BILA_0000003"/>
            <Axiom axiom="BILA_0000058 SubClassOf BILA_0000006"/>
            <Axiom axiom="BILA_0000058 SubClassOf BILA_0000012"/>
            <Axiom axiom="BILA_0000079 SubClassOf BILA_0000006"/>
            <Axiom axiom="BILA_0000019 SubClassOf BILA_0000003"/>
            <Axiom axiom="BILA_0000076 SubClassOf BILA_0000012"/>
            <Axiom axiom="BILA_0000060 SubClassOf BILA_0000012"/>
            <Axiom axiom="BILA_0000078 SubClassOf BILA_0000006"/>
            <Axiom axiom="BILA_0000061 SubClassOf BILA_0000006"/>
            <Axiom axiom="BILA_0000061 SubClassOf BILA_0000012"/>
            <Axiom axiom="BILA_0000076 SubClassOf BILA_0000000"/>
            <Axiom axiom="BILA_0000079 SubClassOf BILA_0000054"/>
            <Axiom axiom="BILA_0000059 SubClassOf BILA_0000012"/>
            <Axiom axiom="BILA_0000058 SubClassOf BILA_0000056"/>
            <Axiom axiom="BILA_0000014 SubClassOf BILA_0000006"/>
            <Axiom axiom="BILA_0000019 SubClassOf BILA_0000006"/>
            <Axiom axiom="BILA_0000076 SubClassOf BILA_0000006"/>
            <Axiom axiom="BILA_0000059 SubClassOf BILA_0000006"/>
            <Axiom axiom="BILA_0000075 SubClassOf BILA_0000056"/>
         </Generalisation>
         <Generalisation axiom="?cluster_1 SubClassOf OBO_REL_relationship some &#10;((?BILS_0000105 and ?cluster_1) and (OBO_REL_relationship some &#10;((?BILS_0000105 and ?cluster_1) and (OBO_REL_relationship some &#10;((?BILS_0000105 and ?cluster_1) and (OBO_REL_relationship some &#10;((?BILS_0000105 and ?cluster_1) and (OBO_REL_relationship some &#10;((?BILS_0000105 and ?cluster_1) and (OBO_REL_relationship some &#10;(?BILS_0000105_conjunction)))))))))))" count="1" instantiationStats="?BILS_0000105 count: 2; ?cluster_1 count: 6">
            <Axiom axiom="BILS_0000112 SubClassOf OBO_REL_relationship some &#10;((BILS_0000105 and BILS_0000111) and (OBO_REL_relationship some &#10;((BILS_0000105 and BILS_0000110) and (OBO_REL_relationship some &#10;((BILS_0000105 and BILS_0000109) and (OBO_REL_relationship some &#10;((BILS_0000105 and BILS_0000108) and (OBO_REL_relationship some &#10;((BILS_0000105 and BILS_0000107) and (OBO_REL_relationship some &#10;(BILS_0000105 and BILS_0000106)))))))))))"/>
         </Generalisation>
         <Generalisation axiom="?cluster_1 SubClassOf OBO_REL_preceded_by some Thing" count="7" instantiationStats="?cluster_1 count: 7">
            <Axiom axiom="BILS_0000112 SubClassOf OBO_REL_preceded_by some Thing"/>
            <Axiom axiom="BILS_0000110 SubClassOf OBO_REL_preceded_by some Thing"/>
            <Axiom axiom="BILS_0000107 SubClassOf OBO_REL_preceded_by some Thing"/>
            <Axiom axiom="BILS_0000113 SubClassOf OBO_REL_preceded_by some Thing"/>
            <Axiom axiom="BILS_0000108 SubClassOf OBO_REL_preceded_by some Thing"/>
            <Axiom axiom="BILS_0000109 SubClassOf OBO_REL_preceded_by some Thing"/>
            <Axiom axiom="BILS_0000111 SubClassOf OBO_REL_preceded_by some Thing"/>
         </Generalisation>
         <Generalisation axiom="?cluster_1 SubClassOf BILA_develops_from some &#10;((?BILA_0000000_conjunction and ?cluster_1) and (BILA_develops_from some &#10;((?BILA_0000000_conjunction and ?cluster_1) and (BILA_develops_from some &#10;((?BILA_0000000_conjunction and ?cluster_1) and (BILA_develops_from some &#10;((?BILA_0000000_conjunction and ?cluster_1) and (BILA_develops_from some &#10;(?BILA_0000000_conjunction)))))))))" count="1" instantiationStats="?BILA_0000000 count: 6; ?cluster_1 count: 5">
            <Axiom axiom="BILA_0000075 SubClassOf BILA_develops_from some &#10;((BILA_0000000 and BILA_0000003 and BILA_0000006 and BILA_0000012 and BILA_0000056 and BILA_0000061) and (BILA_develops_from some &#10;((BILA_0000000 and BILA_0000003 and BILA_0000006 and BILA_0000012 and BILA_0000056 and BILA_0000060) and (BILA_develops_from some &#10;((BILA_0000000 and BILA_0000003 and BILA_0000006 and BILA_0000012 and BILA_0000056 and BILA_0000059) and (BILA_develops_from some &#10;((BILA_0000000 and BILA_0000003 and BILA_0000006 and BILA_0000012 and BILA_0000056 and BILA_0000058) and (BILA_develops_from some &#10;(BILA_0000000 and BILA_0000003 and BILA_0000006 and BILA_0000012 and BILA_0000056 and BILA_0000057)))))))))"/>
         </Generalisation>
         <Generalisation axiom="?cluster_1 SubClassOf BILA_develops_from some &#10;((?BILA_0000000_conjunction and ?cluster_1) and (BILA_develops_from some &#10;((?BILA_0000000_conjunction and ?cluster_1) and (BILA_develops_from some &#10;((?BILA_0000000_conjunction and ?cluster_1) and (BILA_develops_from some &#10;((?BILA_0000000_conjunction and ?cluster_1) and (BILA_develops_from some &#10;((?BILA_0000000_conjunction and ?cluster_1) and (BILA_develops_from some &#10;((?BILA_0000000_conjunction and ?cluster_1) and (BILA_develops_from some &#10;(?BILA_0000000_conjunction)))))))))))))" count="1" instantiationStats="?BILA_0000000 count: 6; ?cluster_1 count: 7">
            <Axiom axiom="BILA_0000078 SubClassOf BILA_develops_from some &#10;((BILA_0000000 and BILA_0000003 and BILA_0000006 and BILA_0000012 and BILA_0000076) and (BILA_develops_from some &#10;((BILA_0000000 and BILA_0000003 and BILA_0000006 and BILA_0000012 and BILA_0000056 and BILA_0000075) and (BILA_develops_from some &#10;((BILA_0000000 and BILA_0000003 and BILA_0000006 and BILA_0000012 and BILA_0000056 and BILA_0000061) and (BILA_develops_from some &#10;((BILA_0000000 and BILA_0000003 and BILA_0000006 and BILA_0000012 and BILA_0000056 and BILA_0000060) and (BILA_develops_from some &#10;((BILA_0000000 and BILA_0000003 and BILA_0000006 and BILA_0000012 and BILA_0000056 and BILA_0000059) and (BILA_develops_from some &#10;((BILA_0000000 and BILA_0000003 and BILA_0000006 and BILA_0000012 and BILA_0000056 and BILA_0000058) and (BILA_develops_from some &#10;(BILA_0000000 and BILA_0000003 and BILA_0000006 and BILA_0000012 and BILA_0000056 and BILA_0000057)))))))))))))"/>
         </Generalisation>
         <Generalisation axiom="?cluster_1 SubClassOf BILA_develops_from some &#10;(?cluster_1 and (BILA_part_of some &#10;(?BILA_0000000_conjunction)))" count="1" instantiationStats="?BILA_0000000 count: 6; ?cluster_1 count: 2">
            <Axiom axiom="BILA_0000079 SubClassOf BILA_develops_from some &#10;(BILA_0000039 and (BILA_part_of some &#10;(BILA_0000000 and BILA_0000003 and BILA_0000006 and BILA_0000034 and BILA_0000035 and BILA_0000036)))"/>
         </Generalisation>
         <Generalisation axiom="?cluster_1 SubClassOf OBO_REL_relationship some Thing" count="7" instantiationStats="?cluster_1 count: 7">
            <Axiom axiom="BILS_0000110 SubClassOf OBO_REL_relationship some Thing"/>
            <Axiom axiom="BILS_0000108 SubClassOf OBO_REL_relationship some Thing"/>
            <Axiom axiom="BILS_0000111 SubClassOf OBO_REL_relationship some Thing"/>
            <Axiom axiom="BILS_0000113 SubClassOf OBO_REL_relationship some Thing"/>
            <Axiom axiom="BILS_0000107 SubClassOf OBO_REL_relationship some Thing"/>
            <Axiom axiom="BILS_0000109 SubClassOf OBO_REL_relationship some Thing"/>
            <Axiom axiom="BILS_0000112 SubClassOf OBO_REL_relationship some Thing"/>
         </Generalisation>
         <Generalisation axiom="?cluster_1 SubClassOf BILA_part_of some &#10;(?cluster_1 and (BILA_develops_from some &#10;(?BILA_0000000_conjunction)))" count="3" instantiationStats="?BILA_0000000 count: 5; ?cluster_1 count: 4">
            <Axiom axiom="BILA_0000085 SubClassOf BILA_part_of some &#10;(BILA_0000083 and (BILA_develops_from some &#10;(BILA_0000000 and BILA_0000003 and BILA_0000006 and BILA_0000034 and BILA_0000084)))"/>
            <Axiom axiom="BILA_0000087 SubClassOf BILA_part_of some &#10;(BILA_0000083 and (BILA_develops_from some &#10;(BILA_0000000 and BILA_0000003 and BILA_0000006 and BILA_0000034 and BILA_0000084)))"/>
            <Axiom axiom="BILA_0000086 SubClassOf BILA_part_of some &#10;(BILA_0000083 and (BILA_develops_from some &#10;(BILA_0000000 and BILA_0000003 and BILA_0000006 and BILA_0000034 and BILA_0000084)))"/>
         </Generalisation>
         <Generalisation axiom="?cluster_1 SubClassOf OBO_REL_relationship some &#10;((?BILS_0000105 and ?cluster_1) and (OBO_REL_relationship some &#10;((?BILS_0000105 and ?cluster_1) and (OBO_REL_relationship some &#10;(?BILS_0000105_conjunction)))))" count="1" instantiationStats="?BILS_0000105 count: 2; ?cluster_1 count: 3">
            <Axiom axiom="BILS_0000109 SubClassOf OBO_REL_relationship some &#10;((BILS_0000105 and BILS_0000108) and (OBO_REL_relationship some &#10;((BILS_0000105 and BILS_0000107) and (OBO_REL_relationship some &#10;(BILS_0000105 and BILS_0000106)))))"/>
         </Generalisation>
         <Generalisation axiom="?cluster_1 SubClassOf OBO_REL_preceded_by some &#10;((?BILS_0000105 and ?cluster_1) and (OBO_REL_relationship some &#10;((?BILS_0000105 and ?cluster_1) and (OBO_REL_relationship some &#10;((?BILS_0000105 and ?cluster_1) and (OBO_REL_relationship some &#10;((?BILS_0000105 and ?cluster_1) and (OBO_REL_relationship some &#10;((?BILS_0000105 and ?cluster_1) and (OBO_REL_relationship some &#10;((?BILS_0000105 and ?cluster_1) and (OBO_REL_relationship some &#10;(?BILS_0000105_conjunction)))))))))))))" count="1" instantiationStats="?BILS_0000105 count: 2; ?cluster_1 count: 7">
            <Axiom axiom="BILS_0000113 SubClassOf OBO_REL_preceded_by some &#10;((BILS_0000105 and BILS_0000112) and (OBO_REL_relationship some &#10;((BILS_0000105 and BILS_0000111) and (OBO_REL_relationship some &#10;((BILS_0000105 and BILS_0000110) and (OBO_REL_relationship some &#10;((BILS_0000105 and BILS_0000109) and (OBO_REL_relationship some &#10;((BILS_0000105 and BILS_0000108) and (OBO_REL_relationship some &#10;((BILS_0000105 and BILS_0000107) and (OBO_REL_relationship some &#10;(BILS_0000105 and BILS_0000106)))))))))))))"/>
         </Generalisation>
         <Generalisation axiom="?cluster_1 SubClassOf BILA_part_of some Thing" count="29" instantiationStats="?cluster_1 count: 29">
            <Axiom axiom="BILA_0000139 SubClassOf BILA_part_of some Thing"/>
            <Axiom axiom="BILA_0000085 SubClassOf BILA_part_of some Thing"/>
            <Axiom axiom="BILA_0000014 SubClassOf BILA_part_of some Thing"/>
            <Axiom axiom="BILA_0000142 SubClassOf BILA_part_of some Thing"/>
            <Axiom axiom="BILA_0000099 SubClassOf BILA_part_of some Thing"/>
            <Axiom axiom="BILA_0000019 SubClassOf BILA_part_of some Thing"/>
            <Axiom axiom="BILA_0000080 SubClassOf BILA_part_of some Thing"/>
            <Axiom axiom="BILA_0000017 SubClassOf BILA_part_of some Thing"/>
            <Axiom axiom="BILA_0000123 SubClassOf BILA_part_of some Thing"/>
            <Axiom axiom="BILA_0000039 SubClassOf BILA_part_of some Thing"/>
            <Axiom axiom="BILA_0000047 SubClassOf BILA_part_of some Thing"/>
            <Axiom axiom="BILA_0000135 SubClassOf BILA_part_of some Thing"/>
            <Axiom axiom="BILA_0000086 SubClassOf BILA_part_of some Thing"/>
            <Axiom axiom="BILA_0000044 SubClassOf BILA_part_of some Thing"/>
            <Axiom axiom="BILA_0000144 SubClassOf BILA_part_of some Thing"/>
            <Axiom axiom="BILA_0000103 SubClassOf BILA_part_of some Thing"/>
            <Axiom axiom="BILA_0000083 SubClassOf BILA_part_of some Thing"/>
            <Axiom axiom="BILA_0000127 SubClassOf BILA_part_of some Thing"/>
            <Axiom axiom="BILA_0000015 SubClassOf BILA_part_of some Thing"/>
            <Axiom axiom="BILA_0000051 SubClassOf BILA_part_of some Thing"/>
            <Axiom axiom="BILA_0000081 SubClassOf BILA_part_of some Thing"/>
            <Axiom axiom="BILA_0000125 SubClassOf BILA_part_of some Thing"/>
            <Axiom axiom="BILA_0000087 SubClassOf BILA_part_of some Thing"/>
            <Axiom axiom="BILA_0000136 SubClassOf BILA_part_of some Thing"/>
            <Axiom axiom="BILA_0000126 SubClassOf BILA_part_of some Thing"/>
            <Axiom axiom="BILA_0000140 SubClassOf BILA_part_of some Thing"/>
            <Axiom axiom="BILA_0000124 SubClassOf BILA_part_of some Thing"/>
            <Axiom axiom="BILA_0000020 SubClassOf BILA_part_of some Thing"/>
            <Axiom axiom="BILA_0000143 SubClassOf BILA_part_of some Thing"/>
         </Generalisation>
         <Generalisation axiom="?cluster_1 SubClassOf BILA_develops_from some &#10;((?BILA_0000000_conjunction and ?cluster_1) and (BILA_develops_from some &#10;(?BILA_0000000_conjunction)))" count="1" instantiationStats="?BILA_0000000 count: 6; ?cluster_1 count: 2">
            <Axiom axiom="BILA_0000059 SubClassOf BILA_develops_from some &#10;((BILA_0000000 and BILA_0000003 and BILA_0000006 and BILA_0000012 and BILA_0000056 and BILA_0000058) and (BILA_develops_from some &#10;(BILA_0000000 and BILA_0000003 and BILA_0000006 and BILA_0000012 and BILA_0000056 and BILA_0000057)))"/>
         </Generalisation>
         <Generalisation axiom="?cluster_1 SubClassOf BILA_part_of some &#10;((?BILA_0000000_conjunction and ?cluster_1) and (BILA_develops_from some &#10;(?cluster_1 and (BILA_part_of some &#10;(?BILA_0000000_conjunction)))))" count="2" instantiationStats="?BILA_0000000 count: 8; ?cluster_1 count: 4">
            <Axiom axiom="BILA_0000080 SubClassOf BILA_part_of some &#10;((BILA_0000000 and BILA_0000003 and BILA_0000006 and BILA_0000011 and BILA_0000054 and BILA_0000079) and (BILA_develops_from some &#10;(BILA_0000039 and (BILA_part_of some &#10;(BILA_0000000 and BILA_0000003 and BILA_0000006 and BILA_0000034 and BILA_0000035 and BILA_0000036)))))"/>
            <Axiom axiom="BILA_0000081 SubClassOf BILA_part_of some &#10;((BILA_0000000 and BILA_0000003 and BILA_0000006 and BILA_0000011 and BILA_0000054 and BILA_0000079) and (BILA_develops_from some &#10;(BILA_0000039 and (BILA_part_of some &#10;(BILA_0000000 and BILA_0000003 and BILA_0000006 and BILA_0000034 and BILA_0000035 and BILA_0000036)))))"/>
         </Generalisation>
         <Generalisation axiom="?cluster_1 SubClassOf BILA_develops_from some &#10;(?BILA_0000000_conjunction)" count="5" instantiationStats="?BILA_0000000 count: 11; ?cluster_1 count: 5">
            <Axiom axiom="BILA_0000086 SubClassOf BILA_develops_from some &#10;(BILA_0000000 and BILA_0000003 and BILA_0000006 and BILA_0000034 and BILA_0000035 and BILA_0000038)"/>
            <Axiom axiom="BILA_0000058 SubClassOf BILA_develops_from some &#10;(BILA_0000000 and BILA_0000003 and BILA_0000006 and BILA_0000012 and BILA_0000056 and BILA_0000057)"/>
            <Axiom axiom="BILA_0000087 SubClassOf BILA_develops_from some &#10;(BILA_0000000 and BILA_0000003 and BILA_0000006 and BILA_0000034 and BILA_0000035 and BILA_0000036)"/>
            <Axiom axiom="BILA_0000083 SubClassOf BILA_develops_from some &#10;(BILA_0000000 and BILA_0000003 and BILA_0000006 and BILA_0000034 and BILA_0000084)"/>
            <Axiom axiom="BILA_0000085 SubClassOf BILA_develops_from some &#10;(BILA_0000000 and BILA_0000003 and BILA_0000006 and BILA_0000034 and BILA_0000035 and BILA_0000036)"/>
         </Generalisation>
         <Generalisation axiom="?cluster_1 SubClassOf BILA_develops_from some &#10;((?BILA_0000000_conjunction and ?cluster_1) and (BILA_develops_from some &#10;((?BILA_0000000_conjunction and ?cluster_1) and (BILA_develops_from some &#10;(?BILA_0000000_conjunction)))))" count="1" instantiationStats="?BILA_0000000 count: 6; ?cluster_1 count: 3">
            <Axiom axiom="BILA_0000060 SubClassOf BILA_develops_from some &#10;((BILA_0000000 and BILA_0000003 and BILA_0000006 and BILA_0000012 and BILA_0000056 and BILA_0000059) and (BILA_develops_from some &#10;((BILA_0000000 and BILA_0000003 and BILA_0000006 and BILA_0000012 and BILA_0000056 and BILA_0000058) and (BILA_develops_from some &#10;(BILA_0000000 and BILA_0000003 and BILA_0000006 and BILA_0000012 and BILA_0000056 and BILA_0000057)))))"/>
         </Generalisation>
      </Generalisations>
   </Cluster>
   <Cluster size="19">
      <Item iri="http://purl.obolibrary.org/obo/BILA_0000084"/>
      <Item iri="http://purl.obolibrary.org/obo/BILA_0000082"/>
      <Item iri="http://purl.obolibrary.org/obo/BILA_0000057"/>
      <Item iri="http://purl.obolibrary.org/obo/BILA_0000003"/>
      <Item iri="http://purl.obolibrary.org/obo/BILA_0000016"/>
      <Item iri="http://purl.obolibrary.org/obo/BILA_0000013"/>
      <Item iri="http://purl.obolibrary.org/obo/BILA_0000024"/>
      <Item iri="http://purl.obolibrary.org/obo/BILA_0000037"/>
      <Item iri="http://purl.obolibrary.org/obo/BILA_0000006"/>
      <Item iri="http://purl.obolibrary.org/obo/BILA_0000038"/>
      <Item iri="http://purl.obolibrary.org/obo/BILA_0000122"/>
      <Item iri="http://purl.obolibrary.org/obo/BILA_0000035"/>
      <Item iri="http://purl.obolibrary.org/obo/BILA_0000036"/>
      <Item iri="http://purl.obolibrary.org/obo/BILA_0000034"/>
      <Item iri="http://purl.obolibrary.org/obo/BILA_0000012"/>
      <Item iri="http://purl.obolibrary.org/obo/BILA_0000011"/>
      <Item iri="http://purl.obolibrary.org/obo/BILA_0000000"/>
      <Item iri="http://purl.obolibrary.org/obo/BILA_0000056"/>
      <Item iri="http://purl.obolibrary.org/obo/BILA_0000054"/>
      <Generalisations>
         <Generalisation axiom="?BILA_0000000 SubClassOf ?BILA_0000000" count="69" instantiationStats="?BILA_0000000 count: 19">
            <Axiom axiom="BILA_0000057 SubClassOf BILA_0000006"/>
            <Axiom axiom="BILA_0000057 SubClassOf BILA_0000056"/>
            <Axiom axiom="BILA_0000082 SubClassOf BILA_0000054"/>
            <Axiom axiom="BILA_0000012 SubClassOf BILA_0000006"/>
            <Axiom axiom="BILA_0000011 SubClassOf BILA_0000054"/>
            <Axiom axiom="BILA_0000038 SubClassOf BILA_0000006"/>
            <Axiom axiom="BILA_0000054 SubClassOf BILA_0000003"/>
            <Axiom axiom="BILA_0000016 SubClassOf BILA_0000011"/>
            <Axiom axiom="BILA_0000003 SubClassOf BILA_0000000"/>
            <Axiom axiom="BILA_0000056 SubClassOf BILA_0000012"/>
            <Axiom axiom="BILA_0000037 SubClassOf BILA_0000006"/>
            <Axiom axiom="BILA_0000024 SubClassOf BILA_0000000"/>
            <Axiom axiom="BILA_0000024 SubClassOf BILA_0000003"/>
            <Axiom axiom="BILA_0000003 SubClassOf BILA_0000006"/>
            <Axiom axiom="BILA_0000037 SubClassOf BILA_0000003"/>
            <Axiom axiom="BILA_0000122 SubClassOf BILA_0000011"/>
            <Axiom axiom="BILA_0000057 SubClassOf BILA_0000000"/>
            <Axiom axiom="BILA_0000122 SubClassOf BILA_0000006"/>
            <Axiom axiom="BILA_0000035 SubClassOf BILA_0000006"/>
            <Axiom axiom="BILA_0000013 SubClassOf BILA_0000000"/>
            <Axiom axiom="BILA_0000037 SubClassOf BILA_0000035"/>
            <Axiom axiom="BILA_0000054 SubClassOf BILA_0000000"/>
            <Axiom axiom="BILA_0000013 SubClassOf BILA_0000006"/>
            <Axiom axiom="BILA_0000038 SubClassOf BILA_0000035"/>
            <Axiom axiom="BILA_0000082 SubClassOf BILA_0000011"/>
            <Axiom axiom="BILA_0000037 SubClassOf BILA_0000000"/>
            <Axiom axiom="BILA_0000038 SubClassOf BILA_0000034"/>
            <Axiom axiom="BILA_0000037 SubClassOf BILA_0000034"/>
            <Axiom axiom="BILA_0000084 SubClassOf BILA_0000006"/>
            <Axiom axiom="BILA_0000034 SubClassOf BILA_0000003"/>
            <Axiom axiom="BILA_0000038 SubClassOf BILA_0000000"/>
            <Axiom axiom="BILA_0000016 SubClassOf BILA_0000054"/>
            <Axiom axiom="BILA_0000084 SubClassOf BILA_0000003"/>
            <Axiom axiom="BILA_0000038 SubClassOf BILA_0000003"/>
            <Axiom axiom="BILA_0000056 SubClassOf BILA_0000006"/>
            <Axiom axiom="BILA_0000013 SubClassOf BILA_0000003"/>
            <Axiom axiom="BILA_0000034 SubClassOf BILA_0000006"/>
            <Axiom axiom="BILA_0000011 SubClassOf BILA_0000000"/>
            <Axiom axiom="BILA_0000006 SubClassOf BILA_0000000"/>
            <Axiom axiom="BILA_0000036 SubClassOf BILA_0000006"/>
            <Axiom axiom="BILA_0000035 SubClassOf BILA_0000003"/>
            <Axiom axiom="BILA_0000012 SubClassOf BILA_0000000"/>
            <Axiom axiom="BILA_0000082 SubClassOf BILA_0000000"/>
            <Axiom axiom="BILA_0000056 SubClassOf BILA_0000003"/>
            <Axiom axiom="BILA_0000122 SubClassOf BILA_0000000"/>
            <Axiom axiom="BILA_0000036 SubClassOf BILA_0000003"/>
            <Axiom axiom="BILA_0000011 SubClassOf BILA_0000006"/>
            <Axiom axiom="BILA_0000016 SubClassOf BILA_0000006"/>
            <Axiom axiom="BILA_0000036 SubClassOf BILA_0000035"/>
            <Axiom axiom="BILA_0000082 SubClassOf BILA_0000006"/>
            <Axiom axiom="BILA_0000034 SubClassOf BILA_0000000"/>
            <Axiom axiom="BILA_0000035 SubClassOf BILA_0000000"/>
            <Axiom axiom="BILA_0000122 SubClassOf BILA_0000054"/>
            <Axiom axiom="BILA_0000036 SubClassOf BILA_0000034"/>
            <Axiom axiom="BILA_0000057 SubClassOf BILA_0000012"/>
            <Axiom axiom="BILA_0000016 SubClassOf BILA_0000003"/>
            <Axiom axiom="BILA_0000012 SubClassOf BILA_0000003"/>
            <Axiom axiom="BILA_0000122 SubClassOf BILA_0000003"/>
            <Axiom axiom="BILA_0000056 SubClassOf BILA_0000000"/>
            <Axiom axiom="BILA_0000057 SubClassOf BILA_0000003"/>
            <Axiom axiom="BILA_0000035 SubClassOf BILA_0000034"/>
            <Axiom axiom="BILA_0000084 SubClassOf BILA_0000000"/>
            <Axiom axiom="BILA_0000036 SubClassOf BILA_0000000"/>
            <Axiom axiom="BILA_0000011 SubClassOf BILA_0000003"/>
            <Axiom axiom="BILA_0000082 SubClassOf BILA_0000003"/>
            <Axiom axiom="BILA_0000024 SubClassOf BILA_0000006"/>
            <Axiom axiom="BILA_0000084 SubClassOf BILA_0000034"/>
            <Axiom axiom="BILA_0000054 SubClassOf BILA_0000006"/>
            <Axiom axiom="BILA_0000016 SubClassOf BILA_0000000"/>
         </Generalisation>
         <Generalisation axiom="BILA_0000073 SubClassOf ?BILA_0000000" count="3" instantiationStats="?BILA_0000000 count: 3">
            <Axiom axiom="BILA_0000073 SubClassOf BILA_0000006"/>
            <Axiom axiom="BILA_0000073 SubClassOf BILA_0000003"/>
            <Axiom axiom="BILA_0000073 SubClassOf BILA_0000000"/>
         </Generalisation>
         <Generalisation axiom="?cluster_1 SubClassOf BILA_part_of some &#10;(?BILA_0000000_conjunction)" count="10" instantiationStats="?BILA_0000000 count: 14; ?cluster_1 count: 10">
            <Axiom axiom="BILA_0000015 SubClassOf BILA_part_of some &#10;(BILA_0000000 and BILA_0000003 and BILA_0000006 and BILA_0000011 and BILA_0000054 and BILA_0000122)"/>
            <Axiom axiom="BILA_0000019 SubClassOf BILA_part_of some &#10;(BILA_0000000 and BILA_0000003 and BILA_0000006 and BILA_0000024)"/>
            <Axiom axiom="BILA_0000014 SubClassOf BILA_part_of some &#10;(BILA_0000000 and BILA_0000003 and BILA_0000006 and BILA_0000013)"/>
            <Axiom axiom="BILA_0000020 SubClassOf BILA_part_of some &#10;(BILA_0000000 and BILA_0000003 and BILA_0000006 and BILA_0000011 and BILA_0000016 and BILA_0000054)"/>
            <Axiom axiom="BILA_0000047 SubClassOf BILA_part_of some &#10;(BILA_0000000 and BILA_0000003 and BILA_0000006 and BILA_0000034 and BILA_0000035 and BILA_0000037)"/>
            <Axiom axiom="BILA_0000103 SubClassOf BILA_part_of some &#10;(BILA_0000000 and BILA_0000003 and BILA_0000006 and BILA_0000011 and BILA_0000054 and BILA_0000122)"/>
            <Axiom axiom="BILA_0000044 SubClassOf BILA_part_of some &#10;(BILA_0000000 and BILA_0000003 and BILA_0000006 and BILA_0000034 and BILA_0000035 and BILA_0000037)"/>
            <Axiom axiom="BILA_0000039 SubClassOf BILA_part_of some &#10;(BILA_0000000 and BILA_0000003 and BILA_0000006 and BILA_0000034 and BILA_0000035 and BILA_0000036)"/>
            <Axiom axiom="BILA_0000083 SubClassOf BILA_part_of some &#10;(BILA_0000000 and BILA_0000003 and BILA_0000006 and BILA_0000011 and BILA_0000054 and BILA_0000082)"/>
            <Axiom axiom="BILA_0000051 SubClassOf BILA_part_of some &#10;(BILA_0000000 and BILA_0000003 and BILA_0000006 and BILA_0000034 and BILA_0000035 and BILA_0000037)"/>
         </Generalisation>
         <Generalisation axiom="BILA_0000043 SubClassOf ?BILA_0000000" count="3" instantiationStats="?BILA_0000000 count: 3">
            <Axiom axiom="BILA_0000043 SubClassOf BILA_0000000"/>
            <Axiom axiom="BILA_0000043 SubClassOf BILA_0000006"/>
            <Axiom axiom="BILA_0000043 SubClassOf BILA_0000003"/>
         </Generalisation>
         <Generalisation axiom="BILA_0000050 SubClassOf ?BILA_0000000" count="4" instantiationStats="?BILA_0000000 count: 4">
            <Axiom axiom="BILA_0000050 SubClassOf BILA_0000003"/>
            <Axiom axiom="BILA_0000050 SubClassOf BILA_0000006"/>
            <Axiom axiom="BILA_0000050 SubClassOf BILA_0000000"/>
            <Axiom axiom="BILA_0000050 SubClassOf BILA_0000012"/>
         </Generalisation>
         <Generalisation axiom="BILA_0000007 SubClassOf ?BILA_0000000" count="1" instantiationStats="?BILA_0000000 count: 1">
            <Axiom axiom="BILA_0000007 SubClassOf BILA_0000000"/>
         </Generalisation>
         <Generalisation axiom="BILA_0000074 SubClassOf ?BILA_0000000" count="4" instantiationStats="?BILA_0000000 count: 4">
            <Axiom axiom="BILA_0000074 SubClassOf BILA_0000024"/>
            <Axiom axiom="BILA_0000074 SubClassOf BILA_0000000"/>
            <Axiom axiom="BILA_0000074 SubClassOf BILA_0000003"/>
            <Axiom axiom="BILA_0000074 SubClassOf BILA_0000006"/>
         </Generalisation>
         <Generalisation axiom="BILA_0000030 SubClassOf ?BILA_0000000" count="4" instantiationStats="?BILA_0000000 count: 4">
            <Axiom axiom="BILA_0000030 SubClassOf BILA_0000000"/>
            <Axiom axiom="BILA_0000030 SubClassOf BILA_0000012"/>
            <Axiom axiom="BILA_0000030 SubClassOf BILA_0000003"/>
            <Axiom axiom="BILA_0000030 SubClassOf BILA_0000006"/>
         </Generalisation>
         <Generalisation axiom="BILA_0000045 SubClassOf ?BILA_0000000" count="4" instantiationStats="?BILA_0000000 count: 4">
            <Axiom axiom="BILA_0000045 SubClassOf BILA_0000000"/>
            <Axiom axiom="BILA_0000045 SubClassOf BILA_0000003"/>
            <Axiom axiom="BILA_0000045 SubClassOf BILA_0000012"/>
            <Axiom axiom="BILA_0000045 SubClassOf BILA_0000006"/>
         </Generalisation>
         <Generalisation axiom="BILA_0000029 SubClassOf ?BILA_0000000" count="4" instantiationStats="?BILA_0000000 count: 4">
            <Axiom axiom="BILA_0000029 SubClassOf BILA_0000000"/>
            <Axiom axiom="BILA_0000029 SubClassOf BILA_0000006"/>
            <Axiom axiom="BILA_0000029 SubClassOf BILA_0000003"/>
            <Axiom axiom="BILA_0000029 SubClassOf BILA_0000012"/>
         </Generalisation>
         <Generalisation axiom="BILA_0000018 SubClassOf ?BILA_0000000" count="3" instantiationStats="?BILA_0000000 count: 3">
            <Axiom axiom="BILA_0000018 SubClassOf BILA_0000006"/>
            <Axiom axiom="BILA_0000018 SubClassOf BILA_0000000"/>
            <Axiom axiom="BILA_0000018 SubClassOf BILA_0000003"/>
         </Generalisation>
         <Generalisation axiom="BILA_0000068 SubClassOf ?BILA_0000000" count="3" instantiationStats="?BILA_0000000 count: 3">
            <Axiom axiom="BILA_0000068 SubClassOf BILA_0000000"/>
            <Axiom axiom="BILA_0000068 SubClassOf BILA_0000006"/>
            <Axiom axiom="BILA_0000068 SubClassOf BILA_0000003"/>
         </Generalisation>
         <Generalisation axiom="BILA_0000133 SubClassOf ?BILA_0000000" count="5" instantiationStats="?BILA_0000000 count: 5">
            <Axiom axiom="BILA_0000133 SubClassOf BILA_0000011"/>
            <Axiom axiom="BILA_0000133 SubClassOf BILA_0000006"/>
            <Axiom axiom="BILA_0000133 SubClassOf BILA_0000003"/>
            <Axiom axiom="BILA_0000133 SubClassOf BILA_0000054"/>
            <Axiom axiom="BILA_0000133 SubClassOf BILA_0000000"/>
         </Generalisation>
         <Generalisation axiom="BILA_0000088 SubClassOf ?BILA_0000000" count="5" instantiationStats="?BILA_0000000 count: 5">
            <Axiom axiom="BILA_0000088 SubClassOf BILA_0000054"/>
            <Axiom axiom="BILA_0000088 SubClassOf BILA_0000006"/>
            <Axiom axiom="BILA_0000088 SubClassOf BILA_0000000"/>
            <Axiom axiom="BILA_0000088 SubClassOf BILA_0000003"/>
            <Axiom axiom="BILA_0000088 SubClassOf BILA_0000011"/>
         </Generalisation>
         <Generalisation axiom="BILA_0000048 SubClassOf ?BILA_0000000" count="4" instantiationStats="?BILA_0000000 count: 4">
            <Axiom axiom="BILA_0000048 SubClassOf BILA_0000003"/>
            <Axiom axiom="BILA_0000048 SubClassOf BILA_0000006"/>
            <Axiom axiom="BILA_0000048 SubClassOf BILA_0000012"/>
            <Axiom axiom="BILA_0000048 SubClassOf BILA_0000000"/>
         </Generalisation>
         <Generalisation axiom="BILA_0000028 SubClassOf ?BILA_0000000" count="4" instantiationStats="?BILA_0000000 count: 4">
            <Axiom axiom="BILA_0000028 SubClassOf BILA_0000003"/>
            <Axiom axiom="BILA_0000028 SubClassOf BILA_0000012"/>
            <Axiom axiom="BILA_0000028 SubClassOf BILA_0000000"/>
            <Axiom axiom="BILA_0000028 SubClassOf BILA_0000006"/>
         </Generalisation>
         <Generalisation axiom="BILA_0000115 SubClassOf ?BILA_0000000" count="3" instantiationStats="?BILA_0000000 count: 3">
            <Axiom axiom="BILA_0000115 SubClassOf BILA_0000006"/>
            <Axiom axiom="BILA_0000115 SubClassOf BILA_0000003"/>
            <Axiom axiom="BILA_0000115 SubClassOf BILA_0000000"/>
         </Generalisation>
         <Generalisation axiom="BILA_0000134 SubClassOf ?BILA_0000000" count="5" instantiationStats="?BILA_0000000 count: 5">
            <Axiom axiom="BILA_0000134 SubClassOf BILA_0000054"/>
            <Axiom axiom="BILA_0000134 SubClassOf BILA_0000006"/>
            <Axiom axiom="BILA_0000134 SubClassOf BILA_0000000"/>
            <Axiom axiom="BILA_0000134 SubClassOf BILA_0000003"/>
            <Axiom axiom="BILA_0000134 SubClassOf BILA_0000011"/>
         </Generalisation>
         <Generalisation axiom="BILA_0000004 SubClassOf ?BILA_0000000" count="2" instantiationStats="?BILA_0000000 count: 2">
            <Axiom axiom="BILA_0000004 SubClassOf BILA_0000006"/>
            <Axiom axiom="BILA_0000004 SubClassOf BILA_0000000"/>
         </Generalisation>
         <Generalisation axiom="BILA_0000062 SubClassOf ?BILA_0000000" count="1" instantiationStats="?BILA_0000000 count: 1">
            <Axiom axiom="BILA_0000062 SubClassOf BILA_0000000"/>
         </Generalisation>
         <Generalisation axiom="BILA_0000077 SubClassOf ?BILA_0000000" count="4" instantiationStats="?BILA_0000000 count: 4">
            <Axiom axiom="BILA_0000077 SubClassOf BILA_0000000"/>
            <Axiom axiom="BILA_0000077 SubClassOf BILA_0000013"/>
            <Axiom axiom="BILA_0000077 SubClassOf BILA_0000003"/>
            <Axiom axiom="BILA_0000077 SubClassOf BILA_0000006"/>
         </Generalisation>
         <Generalisation axiom="?cluster_1 SubClassOf BILA_develops_from some &#10;((?BILA_0000000_conjunction and ?cluster_1) and (BILA_develops_from some &#10;((?BILA_0000000_conjunction and ?cluster_1) and (BILA_develops_from some &#10;((?BILA_0000000_conjunction and ?cluster_1) and (BILA_develops_from some &#10;((?BILA_0000000_conjunction and ?cluster_1) and (BILA_develops_from some &#10;(?BILA_0000000_conjunction)))))))))" count="1" instantiationStats="?BILA_0000000 count: 6; ?cluster_1 count: 5">
            <Axiom axiom="BILA_0000075 SubClassOf BILA_develops_from some &#10;((BILA_0000000 and BILA_0000003 and BILA_0000006 and BILA_0000012 and BILA_0000056 and BILA_0000061) and (BILA_develops_from some &#10;((BILA_0000000 and BILA_0000003 and BILA_0000006 and BILA_0000012 and BILA_0000056 and BILA_0000060) and (BILA_develops_from some &#10;((BILA_0000000 and BILA_0000003 and BILA_0000006 and BILA_0000012 and BILA_0000056 and BILA_0000059) and (BILA_develops_from some &#10;((BILA_0000000 and BILA_0000003 and BILA_0000006 and BILA_0000012 and BILA_0000056 and BILA_0000058) and (BILA_develops_from some &#10;(BILA_0000000 and BILA_0000003 and BILA_0000006 and BILA_0000012 and BILA_0000056 and BILA_0000057)))))))))"/>
         </Generalisation>
         <Generalisation axiom="BILA_0000040 SubClassOf ?BILA_0000000" count="3" instantiationStats="?BILA_0000000 count: 3">
            <Axiom axiom="BILA_0000040 SubClassOf BILA_0000000"/>
            <Axiom axiom="BILA_0000040 SubClassOf BILA_0000006"/>
            <Axiom axiom="BILA_0000040 SubClassOf BILA_0000003"/>
         </Generalisation>
         <Generalisation axiom="BILA_0000069 SubClassOf ?BILA_0000000" count="3" instantiationStats="?BILA_0000000 count: 3">
            <Axiom axiom="BILA_0000069 SubClassOf BILA_0000003"/>
            <Axiom axiom="BILA_0000069 SubClassOf BILA_0000000"/>
            <Axiom axiom="BILA_0000069 SubClassOf BILA_0000006"/>
         </Generalisation>
         <Generalisation axiom="BILA_0000005 SubClassOf ?BILA_0000000" count="1" instantiationStats="?BILA_0000000 count: 1">
            <Axiom axiom="BILA_0000005 SubClassOf BILA_0000000"/>
         </Generalisation>
         <Generalisation axiom="BILA_0000052 SubClassOf ?BILA_0000000" count="4" instantiationStats="?BILA_0000000 count: 4">
            <Axiom axiom="BILA_0000052 SubClassOf BILA_0000006"/>
            <Axiom axiom="BILA_0000052 SubClassOf BILA_0000000"/>
            <Axiom axiom="BILA_0000052 SubClassOf BILA_0000003"/>
            <Axiom axiom="BILA_0000052 SubClassOf BILA_0000034"/>
         </Generalisation>
         <Generalisation axiom="?cluster_1 SubClassOf BILA_develops_from some &#10;((?BILA_0000000_conjunction and ?cluster_1) and (BILA_develops_from some &#10;((?BILA_0000000_conjunction and ?cluster_1) and (BILA_develops_from some &#10;((?BILA_0000000_conjunction and ?cluster_1) and (BILA_develops_from some &#10;((?BILA_0000000_conjunction and ?cluster_1) and (BILA_develops_from some &#10;((?BILA_0000000_conjunction and ?cluster_1) and (BILA_develops_from some &#10;((?BILA_0000000_conjunction and ?cluster_1) and (BILA_develops_from some &#10;(?BILA_0000000_conjunction)))))))))))))" count="1" instantiationStats="?BILA_0000000 count: 6; ?cluster_1 count: 7">
            <Axiom axiom="BILA_0000078 SubClassOf BILA_develops_from some &#10;((BILA_0000000 and BILA_0000003 and BILA_0000006 and BILA_0000012 and BILA_0000076) and (BILA_develops_from some &#10;((BILA_0000000 and BILA_0000003 and BILA_0000006 and BILA_0000012 and BILA_0000056 and BILA_0000075) and (BILA_develops_from some &#10;((BILA_0000000 and BILA_0000003 and BILA_0000006 and BILA_0000012 and BILA_0000056 and BILA_0000061) and (BILA_develops_from some &#10;((BILA_0000000 and BILA_0000003 and BILA_0000006 and BILA_0000012 and BILA_0000056 and BILA_0000060) and (BILA_develops_from some &#10;((BILA_0000000 and BILA_0000003 and BILA_0000006 and BILA_0000012 and BILA_0000056 and BILA_0000059) and (BILA_develops_from some &#10;((BILA_0000000 and BILA_0000003 and BILA_0000006 and BILA_0000012 and BILA_0000056 and BILA_0000058) and (BILA_develops_from some &#10;(BILA_0000000 and BILA_0000003 and BILA_0000006 and BILA_0000012 and BILA_0000056 and BILA_0000057)))))))))))))"/>
         </Generalisation>
         <Generalisation axiom="BILA_0000066 SubClassOf ?BILA_0000000" count="3" instantiationStats="?BILA_0000000 count: 3">
            <Axiom axiom="BILA_0000066 SubClassOf BILA_0000003"/>
            <Axiom axiom="BILA_0000066 SubClassOf BILA_0000006"/>
            <Axiom axiom="BILA_0000066 SubClassOf BILA_0000000"/>
         </Generalisation>
         <Generalisation axiom="BILA_0000008 SubClassOf ?BILA_0000000" count="1" instantiationStats="?BILA_0000000 count: 1">
            <Axiom axiom="BILA_0000008 SubClassOf BILA_0000000"/>
         </Generalisation>
         <Generalisation axiom="?cluster_1 SubClassOf BILA_develops_from some &#10;(?cluster_1 and (BILA_part_of some &#10;(?BILA_0000000_conjunction)))" count="1" instantiationStats="?BILA_0000000 count: 6; ?cluster_1 count: 2">
            <Axiom axiom="BILA_0000079 SubClassOf BILA_develops_from some &#10;(BILA_0000039 and (BILA_part_of some &#10;(BILA_0000000 and BILA_0000003 and BILA_0000006 and BILA_0000034 and BILA_0000035 and BILA_0000036)))"/>
         </Generalisation>
         <Generalisation axiom="BILA_0000042 SubClassOf ?BILA_0000000" count="3" instantiationStats="?BILA_0000000 count: 3">
            <Axiom axiom="BILA_0000042 SubClassOf BILA_0000003"/>
            <Axiom axiom="BILA_0000042 SubClassOf BILA_0000006"/>
            <Axiom axiom="BILA_0000042 SubClassOf BILA_0000000"/>
         </Generalisation>
         <Generalisation axiom="?cluster_1 SubClassOf BILA_part_of some &#10;(?cluster_1 and (BILA_develops_from some &#10;(?BILA_0000000_conjunction)))" count="3" instantiationStats="?BILA_0000000 count: 5; ?cluster_1 count: 4">
            <Axiom axiom="BILA_0000085 SubClassOf BILA_part_of some &#10;(BILA_0000083 and (BILA_develops_from some &#10;(BILA_0000000 and BILA_0000003 and BILA_0000006 and BILA_0000034 and BILA_0000084)))"/>
            <Axiom axiom="BILA_0000087 SubClassOf BILA_part_of some &#10;(BILA_0000083 and (BILA_develops_from some &#10;(BILA_0000000 and BILA_0000003 and BILA_0000006 and BILA_0000034 and BILA_0000084)))"/>
            <Axiom axiom="BILA_0000086 SubClassOf BILA_part_of some &#10;(BILA_0000083 and (BILA_develops_from some &#10;(BILA_0000000 and BILA_0000003 and BILA_0000006 and BILA_0000034 and BILA_0000084)))"/>
         </Generalisation>
         <Generalisation axiom="BILA_0000021 SubClassOf ?BILA_0000000" count="3" instantiationStats="?BILA_0000000 count: 3">
            <Axiom axiom="BILA_0000021 SubClassOf BILA_0000000"/>
            <Axiom axiom="BILA_0000021 SubClassOf BILA_0000006"/>
            <Axiom axiom="BILA_0000021 SubClassOf BILA_0000003"/>
         </Generalisation>
         <Generalisation axiom="BILA_0000065 SubClassOf ?BILA_0000000" count="3" instantiationStats="?BILA_0000000 count: 3">
            <Axiom axiom="BILA_0000065 SubClassOf BILA_0000006"/>
            <Axiom axiom="BILA_0000065 SubClassOf BILA_0000003"/>
            <Axiom axiom="BILA_0000065 SubClassOf BILA_0000000"/>
         </Generalisation>
         <Generalisation axiom="?cluster_1 SubClassOf BILA_develops_from some &#10;((?BILA_0000000_conjunction and ?cluster_1) and (BILA_develops_from some &#10;(?BILA_0000000_conjunction)))" count="1" instantiationStats="?BILA_0000000 count: 6; ?cluster_1 count: 2">
            <Axiom axiom="BILA_0000059 SubClassOf BILA_develops_from some &#10;((BILA_0000000 and BILA_0000003 and BILA_0000006 and BILA_0000012 and BILA_0000056 and BILA_0000058) and (BILA_develops_from some &#10;(BILA_0000000 and BILA_0000003 and BILA_0000006 and BILA_0000012 and BILA_0000056 and BILA_0000057)))"/>
         </Generalisation>
         <Generalisation axiom="?cluster_1 SubClassOf BILA_part_of some &#10;((?BILA_0000000_conjunction and ?cluster_1) and (BILA_develops_from some &#10;(?cluster_1 and (BILA_part_of some &#10;(?BILA_0000000_conjunction)))))" count="2" instantiationStats="?BILA_0000000 count: 8; ?cluster_1 count: 4">
            <Axiom axiom="BILA_0000080 SubClassOf BILA_part_of some &#10;((BILA_0000000 and BILA_0000003 and BILA_0000006 and BILA_0000011 and BILA_0000054 and BILA_0000079) and (BILA_develops_from some &#10;(BILA_0000039 and (BILA_part_of some &#10;(BILA_0000000 and BILA_0000003 and BILA_0000006 and BILA_0000034 and BILA_0000035 and BILA_0000036)))))"/>
            <Axiom axiom="BILA_0000081 SubClassOf BILA_part_of some &#10;((BILA_0000000 and BILA_0000003 and BILA_0000006 and BILA_0000011 and BILA_0000054 and BILA_0000079) and (BILA_develops_from some &#10;(BILA_0000039 and (BILA_part_of some &#10;(BILA_0000000 and BILA_0000003 and BILA_0000006 and BILA_0000034 and BILA_0000035 and BILA_0000036)))))"/>
         </Generalisation>
         <Generalisation axiom="BILA_0000041 SubClassOf ?BILA_0000000" count="4" instantiationStats="?BILA_0000000 count: 4">
            <Axiom axiom="BILA_0000041 SubClassOf BILA_0000003"/>
            <Axiom axiom="BILA_0000041 SubClassOf BILA_0000000"/>
            <Axiom axiom="BILA_0000041 SubClassOf BILA_0000006"/>
            <Axiom axiom="BILA_0000041 SubClassOf BILA_0000054"/>
         </Generalisation>
         <Generalisation axiom="?cluster_1 SubClassOf BILA_develops_from some &#10;((?BILA_0000000_conjunction and ?cluster_1) and (BILA_develops_from some &#10;((?BILA_0000000_conjunction and ?cluster_1) and (BILA_develops_from some &#10;(?BILA_0000000_conjunction)))))" count="1" instantiationStats="?BILA_0000000 count: 6; ?cluster_1 count: 3">
            <Axiom axiom="BILA_0000060 SubClassOf BILA_develops_from some &#10;((BILA_0000000 and BILA_0000003 and BILA_0000006 and BILA_0000012 and BILA_0000056 and BILA_0000059) and (BILA_develops_from some &#10;((BILA_0000000 and BILA_0000003 and BILA_0000006 and BILA_0000012 and BILA_0000056 and BILA_0000058) and (BILA_develops_from some &#10;(BILA_0000000 and BILA_0000003 and BILA_0000006 and BILA_0000012 and BILA_0000056 and BILA_0000057)))))"/>
         </Generalisation>
         <Generalisation axiom="?cluster_1 SubClassOf BILA_develops_from some &#10;((?BILA_0000000_conjunction and ?cluster_1) and (BILA_develops_from some &#10;((?BILA_0000000_conjunction and ?cluster_1) and (BILA_develops_from some &#10;((?BILA_0000000_conjunction and ?cluster_1) and (BILA_develops_from some &#10;(?BILA_0000000_conjunction)))))))" count="1" instantiationStats="?BILA_0000000 count: 6; ?cluster_1 count: 4">
            <Axiom axiom="BILA_0000061 SubClassOf BILA_develops_from some &#10;((BILA_0000000 and BILA_0000003 and BILA_0000006 and BILA_0000012 and BILA_0000056 and BILA_0000060) and (BILA_develops_from some &#10;((BILA_0000000 and BILA_0000003 and BILA_0000006 and BILA_0000012 and BILA_0000056 and BILA_0000059) and (BILA_develops_from some &#10;((BILA_0000000 and BILA_0000003 and BILA_0000006 and BILA_0000012 and BILA_0000056 and BILA_0000058) and (BILA_develops_from some &#10;(BILA_0000000 and BILA_0000003 and BILA_0000006 and BILA_0000012 and BILA_0000056 and BILA_0000057)))))))"/>
         </Generalisation>
         <Generalisation axiom="BILA_0000009 SubClassOf ?BILA_0000000" count="1" instantiationStats="?BILA_0000000 count: 1">
            <Axiom axiom="BILA_0000009 SubClassOf BILA_0000000"/>
         </Generalisation>
         <Generalisation axiom="?cluster_1 SubClassOf BILA_part_of some &#10;(?cluster_1 and (BILA_part_of some &#10;((?BILA_0000000_conjunction and ?cluster_1) and (BILA_develops_from some &#10;(?cluster_1 and (BILA_part_of some &#10;(?BILA_0000000_conjunction)))))))" count="9" instantiationStats="?BILA_0000000 count: 8; ?cluster_1 count: 13">
            <Axiom axiom="BILA_0000139 SubClassOf BILA_part_of some &#10;(BILA_0000081 and (BILA_part_of some &#10;((BILA_0000000 and BILA_0000003 and BILA_0000006 and BILA_0000011 and BILA_0000054 and BILA_0000079) and (BILA_develops_from some &#10;(BILA_0000039 and (BILA_part_of some &#10;(BILA_0000000 and BILA_0000003 and BILA_0000006 and BILA_0000034 and BILA_0000035 and BILA_0000036)))))))"/>
            <Axiom axiom="BILA_0000144 SubClassOf BILA_part_of some &#10;(BILA_0000081 and (BILA_part_of some &#10;((BILA_0000000 and BILA_0000003 and BILA_0000006 and BILA_0000011 and BILA_0000054 and BILA_0000079) and (BILA_develops_from some &#10;(BILA_0000039 and (BILA_part_of some &#10;(BILA_0000000 and BILA_0000003 and BILA_0000006 and BILA_0000034 and BILA_0000035 and BILA_0000036)))))))"/>
            <Axiom axiom="BILA_0000136 SubClassOf BILA_part_of some &#10;(BILA_0000080 and (BILA_part_of some &#10;((BILA_0000000 and BILA_0000003 and BILA_0000006 and BILA_0000011 and BILA_0000054 and BILA_0000079) and (BILA_develops_from some &#10;(BILA_0000039 and (BILA_part_of some &#10;(BILA_0000000 and BILA_0000003 and BILA_0000006 and BILA_0000034 and BILA_0000035 and BILA_0000036)))))))"/>
            <Axiom axiom="BILA_0000017 SubClassOf BILA_part_of some &#10;(BILA_0000081 and (BILA_part_of some &#10;((BILA_0000000 and BILA_0000003 and BILA_0000006 and BILA_0000011 and BILA_0000054 and BILA_0000079) and (BILA_develops_from some &#10;(BILA_0000039 and (BILA_part_of some &#10;(BILA_0000000 and BILA_0000003 and BILA_0000006 and BILA_0000034 and BILA_0000035 and BILA_0000036)))))))"/>
            <Axiom axiom="BILA_0000099 SubClassOf BILA_part_of some &#10;(BILA_0000081 and (BILA_part_of some &#10;((BILA_0000000 and BILA_0000003 and BILA_0000006 and BILA_0000011 and BILA_0000054 and BILA_0000079) and (BILA_develops_from some &#10;(BILA_0000039 and (BILA_part_of some &#10;(BILA_0000000 and BILA_0000003 and BILA_0000006 and BILA_0000034 and BILA_0000035 and BILA_0000036)))))))"/>
            <Axiom axiom="BILA_0000143 SubClassOf BILA_part_of some &#10;(BILA_0000081 and (BILA_part_of some &#10;((BILA_0000000 and BILA_0000003 and BILA_0000006 and BILA_0000011 and BILA_0000054 and BILA_0000079) and (BILA_develops_from some &#10;(BILA_0000039 and (BILA_part_of some &#10;(BILA_0000000 and BILA_0000003 and BILA_0000006 and BILA_0000034 and BILA_0000035 and BILA_0000036)))))))"/>
            <Axiom axiom="BILA_0000135 SubClassOf BILA_part_of some &#10;(BILA_0000080 and (BILA_part_of some &#10;((BILA_0000000 and BILA_0000003 and BILA_0000006 and BILA_0000011 and BILA_0000054 and BILA_0000079) and (BILA_develops_from some &#10;(BILA_0000039 and (BILA_part_of some &#10;(BILA_0000000 and BILA_0000003 and BILA_0000006 and BILA_0000034 and BILA_0000035 and BILA_0000036)))))))"/>
            <Axiom axiom="BILA_0000142 SubClassOf BILA_part_of some &#10;(BILA_0000081 and (BILA_part_of some &#10;((BILA_0000000 and BILA_0000003 and BILA_0000006 and BILA_0000011 and BILA_0000054 and BILA_0000079) and (BILA_develops_from some &#10;(BILA_0000039 and (BILA_part_of some &#10;(BILA_0000000 and BILA_0000003 and BILA_0000006 and BILA_0000034 and BILA_0000035 and BILA_0000036)))))))"/>
            <Axiom axiom="BILA_0000140 SubClassOf BILA_part_of some &#10;(BILA_0000081 and (BILA_part_of some &#10;((BILA_0000000 and BILA_0000003 and BILA_0000006 and BILA_0000011 and BILA_0000054 and BILA_0000079) and (BILA_develops_from some &#10;(BILA_0000039 and (BILA_part_of some &#10;(BILA_0000000 and BILA_0000003 and BILA_0000006 and BILA_0000034 and BILA_0000035 and BILA_0000036)))))))"/>
         </Generalisation>
         <Generalisation axiom="BILA_0000118 SubClassOf ?BILA_0000000" count="3" instantiationStats="?BILA_0000000 count: 3">
            <Axiom axiom="BILA_0000118 SubClassOf BILA_0000000"/>
            <Axiom axiom="BILA_0000118 SubClassOf BILA_0000006"/>
            <Axiom axiom="BILA_0000118 SubClassOf BILA_0000003"/>
         </Generalisation>
         <Generalisation axiom="BILA_0000055 SubClassOf ?BILA_0000000" count="3" instantiationStats="?BILA_0000000 count: 3">
            <Axiom axiom="BILA_0000055 SubClassOf BILA_0000003"/>
            <Axiom axiom="BILA_0000055 SubClassOf BILA_0000006"/>
            <Axiom axiom="BILA_0000055 SubClassOf BILA_0000000"/>
         </Generalisation>
         <Generalisation axiom="BILA_0000104 SubClassOf ?BILA_0000000" count="5" instantiationStats="?BILA_0000000 count: 5">
            <Axiom axiom="BILA_0000104 SubClassOf BILA_0000003"/>
            <Axiom axiom="BILA_0000104 SubClassOf BILA_0000006"/>
            <Axiom axiom="BILA_0000104 SubClassOf BILA_0000000"/>
            <Axiom axiom="BILA_0000104 SubClassOf BILA_0000011"/>
            <Axiom axiom="BILA_0000104 SubClassOf BILA_0000054"/>
         </Generalisation>
         <Generalisation axiom="BILA_0000053 SubClassOf ?BILA_0000000" count="4" instantiationStats="?BILA_0000000 count: 4">
            <Axiom axiom="BILA_0000053 SubClassOf BILA_0000000"/>
            <Axiom axiom="BILA_0000053 SubClassOf BILA_0000003"/>
            <Axiom axiom="BILA_0000053 SubClassOf BILA_0000034"/>
            <Axiom axiom="BILA_0000053 SubClassOf BILA_0000006"/>
         </Generalisation>
         <Generalisation axiom="?cluster_1 SubClassOf BILA_part_of some &#10;(?cluster_1 and (BILA_part_of some &#10;(?BILA_0000000_conjunction)))" count="8" instantiationStats="?BILA_0000000 count: 7; ?cluster_1 count: 11">
            <Axiom axiom="BILA_0000123 SubClassOf BILA_part_of some &#10;(BILA_0000103 and (BILA_part_of some &#10;(BILA_0000000 and BILA_0000003 and BILA_0000006 and BILA_0000011 and BILA_0000054 and BILA_0000122)))"/>
            <Axiom axiom="BILA_0000124 SubClassOf BILA_part_of some &#10;(BILA_0000103 and (BILA_part_of some &#10;(BILA_0000000 and BILA_0000003 and BILA_0000006 and BILA_0000011 and BILA_0000054 and BILA_0000122)))"/>
            <Axiom axiom="BILA_0000086 SubClassOf BILA_part_of some &#10;(BILA_0000083 and (BILA_part_of some &#10;(BILA_0000000 and BILA_0000003 and BILA_0000006 and BILA_0000011 and BILA_0000054 and BILA_0000082)))"/>
            <Axiom axiom="BILA_0000127 SubClassOf BILA_part_of some &#10;(BILA_0000015 and (BILA_part_of some &#10;(BILA_0000000 and BILA_0000003 and BILA_0000006 and BILA_0000011 and BILA_0000054 and BILA_0000122)))"/>
            <Axiom axiom="BILA_0000087 SubClassOf BILA_part_of some &#10;(BILA_0000083 and (BILA_part_of some &#10;(BILA_0000000 and BILA_0000003 and BILA_0000006 and BILA_0000011 and BILA_0000054 and BILA_0000082)))"/>
            <Axiom axiom="BILA_0000126 SubClassOf BILA_part_of some &#10;(BILA_0000015 and (BILA_part_of some &#10;(BILA_0000000 and BILA_0000003 and BILA_0000006 and BILA_0000011 and BILA_0000054 and BILA_0000122)))"/>
            <Axiom axiom="BILA_0000125 SubClassOf BILA_part_of some &#10;(BILA_0000103 and (BILA_part_of some &#10;(BILA_0000000 and BILA_0000003 and BILA_0000006 and BILA_0000011 and BILA_0000054 and BILA_0000122)))"/>
            <Axiom axiom="BILA_0000085 SubClassOf BILA_part_of some &#10;(BILA_0000083 and (BILA_part_of some &#10;(BILA_0000000 and BILA_0000003 and BILA_0000006 and BILA_0000011 and BILA_0000054 and BILA_0000082)))"/>
         </Generalisation>
         <Generalisation axiom="BILA_0000049 SubClassOf ?BILA_0000000" count="4" instantiationStats="?BILA_0000000 count: 4">
            <Axiom axiom="BILA_0000049 SubClassOf BILA_0000003"/>
            <Axiom axiom="BILA_0000049 SubClassOf BILA_0000006"/>
            <Axiom axiom="BILA_0000049 SubClassOf BILA_0000012"/>
            <Axiom axiom="BILA_0000049 SubClassOf BILA_0000000"/>
         </Generalisation>
         <Generalisation axiom="BILA_0000067 SubClassOf ?BILA_0000000" count="3" instantiationStats="?BILA_0000000 count: 3">
            <Axiom axiom="BILA_0000067 SubClassOf BILA_0000000"/>
            <Axiom axiom="BILA_0000067 SubClassOf BILA_0000003"/>
            <Axiom axiom="BILA_0000067 SubClassOf BILA_0000006"/>
         </Generalisation>
         <Generalisation axiom="BILA_0000032 SubClassOf ?BILA_0000000" count="3" instantiationStats="?BILA_0000000 count: 3">
            <Axiom axiom="BILA_0000032 SubClassOf BILA_0000000"/>
            <Axiom axiom="BILA_0000032 SubClassOf BILA_0000003"/>
            <Axiom axiom="BILA_0000032 SubClassOf BILA_0000006"/>
         </Generalisation>
         <Generalisation axiom="BILA_0000063 SubClassOf ?BILA_0000000" count="2" instantiationStats="?BILA_0000000 count: 2">
            <Axiom axiom="BILA_0000063 SubClassOf BILA_0000000"/>
            <Axiom axiom="BILA_0000063 SubClassOf BILA_0000006"/>
         </Generalisation>
         <Generalisation axiom="BILA_0000027 SubClassOf ?BILA_0000000" count="4" instantiationStats="?BILA_0000000 count: 4">
            <Axiom axiom="BILA_0000027 SubClassOf BILA_0000006"/>
            <Axiom axiom="BILA_0000027 SubClassOf BILA_0000000"/>
            <Axiom axiom="BILA_0000027 SubClassOf BILA_0000003"/>
            <Axiom axiom="BILA_0000027 SubClassOf BILA_0000012"/>
         </Generalisation>
         <Generalisation axiom="?cluster_1 SubClassOf BILA_develops_from some &#10;((?BILA_0000000_conjunction and ?cluster_1) and (BILA_develops_from some &#10;((?BILA_0000000_conjunction and ?cluster_1) and (BILA_develops_from some &#10;((?BILA_0000000_conjunction and ?cluster_1) and (BILA_develops_from some &#10;((?BILA_0000000_conjunction and ?cluster_1) and (BILA_develops_from some &#10;((?BILA_0000000_conjunction and ?cluster_1) and (BILA_develops_from some &#10;(?BILA_0000000_conjunction)))))))))))" count="1" instantiationStats="?BILA_0000000 count: 6; ?cluster_1 count: 6">
            <Axiom axiom="BILA_0000076 SubClassOf BILA_develops_from some &#10;((BILA_0000000 and BILA_0000003 and BILA_0000006 and BILA_0000012 and BILA_0000056 and BILA_0000075) and (BILA_develops_from some &#10;((BILA_0000000 and BILA_0000003 and BILA_0000006 and BILA_0000012 and BILA_0000056 and BILA_0000061) and (BILA_develops_from some &#10;((BILA_0000000 and BILA_0000003 and BILA_0000006 and BILA_0000012 and BILA_0000056 and BILA_0000060) and (BILA_develops_from some &#10;((BILA_0000000 and BILA_0000003 and BILA_0000006 and BILA_0000012 and BILA_0000056 and BILA_0000059) and (BILA_develops_from some &#10;((BILA_0000000 and BILA_0000003 and BILA_0000006 and BILA_0000012 and BILA_0000056 and BILA_0000058) and (BILA_develops_from some &#10;(BILA_0000000 and BILA_0000003 and BILA_0000006 and BILA_0000012 and BILA_0000056 and BILA_0000057)))))))))))"/>
         </Generalisation>
         <Generalisation axiom="?cluster_1 SubClassOf ?BILA_0000000" count="44" instantiationStats="?BILA_0000000 count: 7; ?cluster_1 count: 10">
            <Axiom axiom="BILA_0000060 SubClassOf BILA_0000056"/>
            <Axiom axiom="BILA_0000061 SubClassOf BILA_0000003"/>
            <Axiom axiom="BILA_0000078 SubClassOf BILA_0000003"/>
            <Axiom axiom="BILA_0000060 SubClassOf BILA_0000006"/>
            <Axiom axiom="BILA_0000058 SubClassOf BILA_0000000"/>
            <Axiom axiom="BILA_0000078 SubClassOf BILA_0000000"/>
            <Axiom axiom="BILA_0000075 SubClassOf BILA_0000006"/>
            <Axiom axiom="BILA_0000079 SubClassOf BILA_0000011"/>
            <Axiom axiom="BILA_0000075 SubClassOf BILA_0000000"/>
            <Axiom axiom="BILA_0000061 SubClassOf BILA_0000056"/>
            <Axiom axiom="BILA_0000078 SubClassOf BILA_0000012"/>
            <Axiom axiom="BILA_0000058 SubClassOf BILA_0000003"/>
            <Axiom axiom="BILA_0000076 SubClassOf BILA_0000003"/>
            <Axiom axiom="BILA_0000075 SubClassOf BILA_0000003"/>
            <Axiom axiom="BILA_0000014 SubClassOf BILA_0000003"/>
            <Axiom axiom="BILA_0000075 SubClassOf BILA_0000012"/>
            <Axiom axiom="BILA_0000060 SubClassOf BILA_0000000"/>
            <Axiom axiom="BILA_0000060 SubClassOf BILA_0000003"/>
            <Axiom axiom="BILA_0000061 SubClassOf BILA_0000000"/>
            <Axiom axiom="BILA_0000079 SubClassOf BILA_0000003"/>
            <Axiom axiom="BILA_0000079 SubClassOf BILA_0000000"/>
            <Axiom axiom="BILA_0000014 SubClassOf BILA_0000000"/>
            <Axiom axiom="BILA_0000059 SubClassOf BILA_0000056"/>
            <Axiom axiom="BILA_0000019 SubClassOf BILA_0000000"/>
            <Axiom axiom="BILA_0000059 SubClassOf BILA_0000000"/>
            <Axiom axiom="BILA_0000059 SubClassOf BILA_0000003"/>
            <Axiom axiom="BILA_0000058 SubClassOf BILA_0000006"/>
            <Axiom axiom="BILA_0000058 SubClassOf BILA_0000012"/>
            <Axiom axiom="BILA_0000079 SubClassOf BILA_0000006"/>
            <Axiom axiom="BILA_0000019 SubClassOf BILA_0000003"/>
            <Axiom axiom="BILA_0000076 SubClassOf BILA_0000012"/>
            <Axiom axiom="BILA_0000060 SubClassOf BILA_0000012"/>
            <Axiom axiom="BILA_0000078 SubClassOf BILA_0000006"/>
            <Axiom axiom="BILA_0000061 SubClassOf BILA_0000006"/>
            <Axiom axiom="BILA_0000061 SubClassOf BILA_0000012"/>
            <Axiom axiom="BILA_0000076 SubClassOf BILA_0000000"/>
            <Axiom axiom="BILA_0000079 SubClassOf BILA_0000054"/>
            <Axiom axiom="BILA_0000059 SubClassOf BILA_0000012"/>
            <Axiom axiom="BILA_0000058 SubClassOf BILA_0000056"/>
            <Axiom axiom="BILA_0000014 SubClassOf BILA_0000006"/>
            <Axiom axiom="BILA_0000019 SubClassOf BILA_0000006"/>
            <Axiom axiom="BILA_0000076 SubClassOf BILA_0000006"/>
            <Axiom axiom="BILA_0000059 SubClassOf BILA_0000006"/>
            <Axiom axiom="BILA_0000075 SubClassOf BILA_0000056"/>
         </Generalisation>
         <Generalisation axiom="BILA_0000064 SubClassOf ?BILA_0000000" count="4" instantiationStats="?BILA_0000000 count: 4">
            <Axiom axiom="BILA_0000064 SubClassOf BILA_0000000"/>
            <Axiom axiom="BILA_0000064 SubClassOf BILA_0000003"/>
            <Axiom axiom="BILA_0000064 SubClassOf BILA_0000013"/>
            <Axiom axiom="BILA_0000064 SubClassOf BILA_0000006"/>
         </Generalisation>
         <Generalisation axiom="BILA_0000132 SubClassOf ?BILA_0000000" count="5" instantiationStats="?BILA_0000000 count: 5">
            <Axiom axiom="BILA_0000132 SubClassOf BILA_0000054"/>
            <Axiom axiom="BILA_0000132 SubClassOf BILA_0000000"/>
            <Axiom axiom="BILA_0000132 SubClassOf BILA_0000003"/>
            <Axiom axiom="BILA_0000132 SubClassOf BILA_0000006"/>
            <Axiom axiom="BILA_0000132 SubClassOf BILA_0000011"/>
         </Generalisation>
         <Generalisation axiom="BILA_0000116 SubClassOf ?BILA_0000000" count="3" instantiationStats="?BILA_0000000 count: 3">
            <Axiom axiom="BILA_0000116 SubClassOf BILA_0000003"/>
            <Axiom axiom="BILA_0000116 SubClassOf BILA_0000000"/>
            <Axiom axiom="BILA_0000116 SubClassOf BILA_0000006"/>
         </Generalisation>
         <Generalisation axiom="BILA_0000010 SubClassOf ?BILA_0000000" count="1" instantiationStats="?BILA_0000000 count: 1">
            <Axiom axiom="BILA_0000010 SubClassOf BILA_0000000"/>
         </Generalisation>
         <Generalisation axiom="BILA_0000117 SubClassOf ?BILA_0000000" count="3" instantiationStats="?BILA_0000000 count: 3">
            <Axiom axiom="BILA_0000117 SubClassOf BILA_0000000"/>
            <Axiom axiom="BILA_0000117 SubClassOf BILA_0000006"/>
            <Axiom axiom="BILA_0000117 SubClassOf BILA_0000003"/>
         </Generalisation>
         <Generalisation axiom="BILA_0000046 SubClassOf ?BILA_0000000" count="4" instantiationStats="?BILA_0000000 count: 4">
            <Axiom axiom="BILA_0000046 SubClassOf BILA_0000012"/>
            <Axiom axiom="BILA_0000046 SubClassOf BILA_0000003"/>
            <Axiom axiom="BILA_0000046 SubClassOf BILA_0000006"/>
            <Axiom axiom="BILA_0000046 SubClassOf BILA_0000000"/>
         </Generalisation>
         <Generalisation axiom="BILA_0000070 SubClassOf ?BILA_0000000" count="3" instantiationStats="?BILA_0000000 count: 3">
            <Axiom axiom="BILA_0000070 SubClassOf BILA_0000003"/>
            <Axiom axiom="BILA_0000070 SubClassOf BILA_0000006"/>
            <Axiom axiom="BILA_0000070 SubClassOf BILA_0000000"/>
         </Generalisation>
         <Generalisation axiom="BILA_0000071 SubClassOf ?BILA_0000000" count="3" instantiationStats="?BILA_0000000 count: 3">
            <Axiom axiom="BILA_0000071 SubClassOf BILA_0000003"/>
            <Axiom axiom="BILA_0000071 SubClassOf BILA_0000006"/>
            <Axiom axiom="BILA_0000071 SubClassOf BILA_0000000"/>
         </Generalisation>
         <Generalisation axiom="BILA_0000072 SubClassOf ?BILA_0000000" count="4" instantiationStats="?BILA_0000000 count: 4">
            <Axiom axiom="BILA_0000072 SubClassOf BILA_0000006"/>
            <Axiom axiom="BILA_0000072 SubClassOf BILA_0000003"/>
            <Axiom axiom="BILA_0000072 SubClassOf BILA_0000000"/>
            <Axiom axiom="BILA_0000072 SubClassOf BILA_0000024"/>
         </Generalisation>
         <Generalisation axiom="?cluster_1 SubClassOf BILA_develops_from some &#10;(?BILA_0000000_conjunction)" count="5" instantiationStats="?BILA_0000000 count: 11; ?cluster_1 count: 5">
            <Axiom axiom="BILA_0000086 SubClassOf BILA_develops_from some &#10;(BILA_0000000 and BILA_0000003 and BILA_0000006 and BILA_0000034 and BILA_0000035 and BILA_0000038)"/>
            <Axiom axiom="BILA_0000058 SubClassOf BILA_develops_from some &#10;(BILA_0000000 and BILA_0000003 and BILA_0000006 and BILA_0000012 and BILA_0000056 and BILA_0000057)"/>
            <Axiom axiom="BILA_0000087 SubClassOf BILA_develops_from some &#10;(BILA_0000000 and BILA_0000003 and BILA_0000006 and BILA_0000034 and BILA_0000035 and BILA_0000036)"/>
            <Axiom axiom="BILA_0000083 SubClassOf BILA_develops_from some &#10;(BILA_0000000 and BILA_0000003 and BILA_0000006 and BILA_0000034 and BILA_0000084)"/>
            <Axiom axiom="BILA_0000085 SubClassOf BILA_develops_from some &#10;(BILA_0000000 and BILA_0000003 and BILA_0000006 and BILA_0000034 and BILA_0000035 and BILA_0000036)"/>
         </Generalisation>
      </Generalisations>
   </Cluster>
   <Cluster size="2">
      <Item iri="http://purl.obolibrary.org/obo/BILS_0000106"/>
      <Item iri="http://purl.obolibrary.org/obo/BILS_0000105"/>
      <Generalisations>
         <Generalisation axiom="?cluster_1 SubClassOf OBO_REL_relationship some &#10;((?BILS_0000105 and ?cluster_1) and (OBO_REL_relationship some &#10;((?BILS_0000105 and ?cluster_1) and (OBO_REL_relationship some &#10;((?BILS_0000105 and ?cluster_1) and (OBO_REL_relationship some &#10;((?BILS_0000105 and ?cluster_1) and (OBO_REL_relationship some &#10;((?BILS_0000105 and ?cluster_1) and (OBO_REL_relationship some &#10;(?BILS_0000105_conjunction)))))))))))" count="1" instantiationStats="?BILS_0000105 count: 2; ?cluster_1 count: 6">
            <Axiom axiom="BILS_0000112 SubClassOf OBO_REL_relationship some &#10;((BILS_0000105 and BILS_0000111) and (OBO_REL_relationship some &#10;((BILS_0000105 and BILS_0000110) and (OBO_REL_relationship some &#10;((BILS_0000105 and BILS_0000109) and (OBO_REL_relationship some &#10;((BILS_0000105 and BILS_0000108) and (OBO_REL_relationship some &#10;((BILS_0000105 and BILS_0000107) and (OBO_REL_relationship some &#10;(BILS_0000105 and BILS_0000106)))))))))))"/>
         </Generalisation>
         <Generalisation axiom="?cluster_1 SubClassOf OBO_REL_relationship some &#10;(?BILS_0000105_conjunction)" count="1" instantiationStats="?BILS_0000105 count: 2; ?cluster_1 count: 1">
            <Axiom axiom="BILS_0000107 SubClassOf OBO_REL_relationship some &#10;(BILS_0000105 and BILS_0000106)"/>
         </Generalisation>
         <Generalisation axiom="?cluster_1 SubClassOf OBO_REL_preceded_by some &#10;((?BILS_0000105 and ?cluster_1) and (OBO_REL_relationship some &#10;(?BILS_0000105_conjunction)))" count="1" instantiationStats="?BILS_0000105 count: 2; ?cluster_1 count: 2">
            <Axiom axiom="BILS_0000108 SubClassOf OBO_REL_preceded_by some &#10;((BILS_0000105 and BILS_0000107) and (OBO_REL_relationship some &#10;(BILS_0000105 and BILS_0000106)))"/>
         </Generalisation>
         <Generalisation axiom="?cluster_1 SubClassOf OBO_REL_preceded_by some &#10;(?BILS_0000105_conjunction)" count="1" instantiationStats="?BILS_0000105 count: 2; ?cluster_1 count: 1">
            <Axiom axiom="BILS_0000107 SubClassOf OBO_REL_preceded_by some &#10;(BILS_0000105 and BILS_0000106)"/>
         </Generalisation>
         <Generalisation axiom="?cluster_1 SubClassOf OBO_REL_relationship some &#10;((?BILS_0000105 and ?cluster_1) and (OBO_REL_relationship some &#10;((?BILS_0000105 and ?cluster_1) and (OBO_REL_relationship some &#10;((?BILS_0000105 and ?cluster_1) and (OBO_REL_relationship some &#10;(?BILS_0000105_conjunction)))))))" count="1" instantiationStats="?BILS_0000105 count: 2; ?cluster_1 count: 4">
            <Axiom axiom="BILS_0000110 SubClassOf OBO_REL_relationship some &#10;((BILS_0000105 and BILS_0000109) and (OBO_REL_relationship some &#10;((BILS_0000105 and BILS_0000108) and (OBO_REL_relationship some &#10;((BILS_0000105 and BILS_0000107) and (OBO_REL_relationship some &#10;(BILS_0000105 and BILS_0000106)))))))"/>
         </Generalisation>
         <Generalisation axiom="?cluster_1 SubClassOf OBO_REL_relationship some &#10;((?BILS_0000105 and ?cluster_1) and (OBO_REL_relationship some &#10;(?BILS_0000105_conjunction)))" count="1" instantiationStats="?BILS_0000105 count: 2; ?cluster_1 count: 2">
            <Axiom axiom="BILS_0000108 SubClassOf OBO_REL_relationship some &#10;((BILS_0000105 and BILS_0000107) and (OBO_REL_relationship some &#10;(BILS_0000105 and BILS_0000106)))"/>
         </Generalisation>
         <Generalisation axiom="?cluster_1 SubClassOf OBO_REL_relationship some &#10;((?BILS_0000105 and ?cluster_1) and (OBO_REL_relationship some &#10;((?BILS_0000105 and ?cluster_1) and (OBO_REL_relationship some &#10;((?BILS_0000105 and ?cluster_1) and (OBO_REL_relationship some &#10;((?BILS_0000105 and ?cluster_1) and (OBO_REL_relationship some &#10;(?BILS_0000105_conjunction)))))))))" count="1" instantiationStats="?BILS_0000105 count: 2; ?cluster_1 count: 5">
            <Axiom axiom="BILS_0000111 SubClassOf OBO_REL_relationship some &#10;((BILS_0000105 and BILS_0000110) and (OBO_REL_relationship some &#10;((BILS_0000105 and BILS_0000109) and (OBO_REL_relationship some &#10;((BILS_0000105 and BILS_0000108) and (OBO_REL_relationship some &#10;((BILS_0000105 and BILS_0000107) and (OBO_REL_relationship some &#10;(BILS_0000105 and BILS_0000106)))))))))"/>
         </Generalisation>
         <Generalisation axiom="?cluster_1 SubClassOf OBO_REL_preceded_by some &#10;((?BILS_0000105 and ?cluster_1) and (OBO_REL_relationship some &#10;((?BILS_0000105 and ?cluster_1) and (OBO_REL_relationship some &#10;((?BILS_0000105 and ?cluster_1) and (OBO_REL_relationship some &#10;(?BILS_0000105_conjunction)))))))" count="1" instantiationStats="?BILS_0000105 count: 2; ?cluster_1 count: 4">
            <Axiom axiom="BILS_0000110 SubClassOf OBO_REL_preceded_by some &#10;((BILS_0000105 and BILS_0000109) and (OBO_REL_relationship some &#10;((BILS_0000105 and BILS_0000108) and (OBO_REL_relationship some &#10;((BILS_0000105 and BILS_0000107) and (OBO_REL_relationship some &#10;(BILS_0000105 and BILS_0000106)))))))"/>
         </Generalisation>
         <Generalisation axiom="?BILS_0000105 SubClassOf ?BILS_0000105" count="1" instantiationStats="?BILS_0000105 count: 2">
            <Axiom axiom="BILS_0000106 SubClassOf BILS_0000105"/>
         </Generalisation>
         <Generalisation axiom="?cluster_1 SubClassOf OBO_REL_relationship some &#10;((?BILS_0000105 and ?cluster_1) and (OBO_REL_relationship some &#10;((?BILS_0000105 and ?cluster_1) and (OBO_REL_relationship some &#10;((?BILS_0000105 and ?cluster_1) and (OBO_REL_relationship some &#10;((?BILS_0000105 and ?cluster_1) and (OBO_REL_relationship some &#10;((?BILS_0000105 and ?cluster_1) and (OBO_REL_relationship some &#10;((?BILS_0000105 and ?cluster_1) and (OBO_REL_relationship some &#10;(?BILS_0000105_conjunction)))))))))))))" count="1" instantiationStats="?BILS_0000105 count: 2; ?cluster_1 count: 7">
            <Axiom axiom="BILS_0000113 SubClassOf OBO_REL_relationship some &#10;((BILS_0000105 and BILS_0000112) and (OBO_REL_relationship some &#10;((BILS_0000105 and BILS_0000111) and (OBO_REL_relationship some &#10;((BILS_0000105 and BILS_0000110) and (OBO_REL_relationship some &#10;((BILS_0000105 and BILS_0000109) and (OBO_REL_relationship some &#10;((BILS_0000105 and BILS_0000108) and (OBO_REL_relationship some &#10;((BILS_0000105 and BILS_0000107) and (OBO_REL_relationship some &#10;(BILS_0000105 and BILS_0000106)))))))))))))"/>
         </Generalisation>
         <Generalisation axiom="?cluster_1 SubClassOf OBO_REL_relationship some &#10;((?BILS_0000105 and ?cluster_1) and (OBO_REL_relationship some &#10;((?BILS_0000105 and ?cluster_1) and (OBO_REL_relationship some &#10;(?BILS_0000105_conjunction)))))" count="1" instantiationStats="?BILS_0000105 count: 2; ?cluster_1 count: 3">
            <Axiom axiom="BILS_0000109 SubClassOf OBO_REL_relationship some &#10;((BILS_0000105 and BILS_0000108) and (OBO_REL_relationship some &#10;((BILS_0000105 and BILS_0000107) and (OBO_REL_relationship some &#10;(BILS_0000105 and BILS_0000106)))))"/>
         </Generalisation>
         <Generalisation axiom="?cluster_1 SubClassOf OBO_REL_preceded_by some &#10;((?BILS_0000105 and ?cluster_1) and (OBO_REL_relationship some &#10;((?BILS_0000105 and ?cluster_1) and (OBO_REL_relationship some &#10;((?BILS_0000105 and ?cluster_1) and (OBO_REL_relationship some &#10;((?BILS_0000105 and ?cluster_1) and (OBO_REL_relationship some &#10;((?BILS_0000105 and ?cluster_1) and (OBO_REL_relationship some &#10;((?BILS_0000105 and ?cluster_1) and (OBO_REL_relationship some &#10;(?BILS_0000105_conjunction)))))))))))))" count="1" instantiationStats="?BILS_0000105 count: 2; ?cluster_1 count: 7">
            <Axiom axiom="BILS_0000113 SubClassOf OBO_REL_preceded_by some &#10;((BILS_0000105 and BILS_0000112) and (OBO_REL_relationship some &#10;((BILS_0000105 and BILS_0000111) and (OBO_REL_relationship some &#10;((BILS_0000105 and BILS_0000110) and (OBO_REL_relationship some &#10;((BILS_0000105 and BILS_0000109) and (OBO_REL_relationship some &#10;((BILS_0000105 and BILS_0000108) and (OBO_REL_relationship some &#10;((BILS_0000105 and BILS_0000107) and (OBO_REL_relationship some &#10;(BILS_0000105 and BILS_0000106)))))))))))))"/>
         </Generalisation>
         <Generalisation axiom="?cluster_1 SubClassOf OBO_REL_preceded_by some &#10;((?BILS_0000105 and ?cluster_1) and (OBO_REL_relationship some &#10;((?BILS_0000105 and ?cluster_1) and (OBO_REL_relationship some &#10;((?BILS_0000105 and ?cluster_1) and (OBO_REL_relationship some &#10;((?BILS_0000105 and ?cluster_1) and (OBO_REL_relationship some &#10;((?BILS_0000105 and ?cluster_1) and (OBO_REL_relationship some &#10;(?BILS_0000105_conjunction)))))))))))" count="1" instantiationStats="?BILS_0000105 count: 2; ?cluster_1 count: 6">
            <Axiom axiom="BILS_0000112 SubClassOf OBO_REL_preceded_by some &#10;((BILS_0000105 and BILS_0000111) and (OBO_REL_relationship some &#10;((BILS_0000105 and BILS_0000110) and (OBO_REL_relationship some &#10;((BILS_0000105 and BILS_0000109) and (OBO_REL_relationship some &#10;((BILS_0000105 and BILS_0000108) and (OBO_REL_relationship some &#10;((BILS_0000105 and BILS_0000107) and (OBO_REL_relationship some &#10;(BILS_0000105 and BILS_0000106)))))))))))"/>
         </Generalisation>
         <Generalisation axiom="?cluster_1 SubClassOf OBO_REL_preceded_by some &#10;((?BILS_0000105 and ?cluster_1) and (OBO_REL_relationship some &#10;((?BILS_0000105 and ?cluster_1) and (OBO_REL_relationship some &#10;(?BILS_0000105_conjunction)))))" count="1" instantiationStats="?BILS_0000105 count: 2; ?cluster_1 count: 3">
            <Axiom axiom="BILS_0000109 SubClassOf OBO_REL_preceded_by some &#10;((BILS_0000105 and BILS_0000108) and (OBO_REL_relationship some &#10;((BILS_0000105 and BILS_0000107) and (OBO_REL_relationship some &#10;(BILS_0000105 and BILS_0000106)))))"/>
         </Generalisation>
         <Generalisation axiom="?cluster_1 SubClassOf ?BILS_0000105" count="7" instantiationStats="?BILS_0000105 count: 1; ?cluster_1 count: 7">
            <Axiom axiom="BILS_0000112 SubClassOf BILS_0000105"/>
            <Axiom axiom="BILS_0000109 SubClassOf BILS_0000105"/>
            <Axiom axiom="BILS_0000111 SubClassOf BILS_0000105"/>
            <Axiom axiom="BILS_0000108 SubClassOf BILS_0000105"/>
            <Axiom axiom="BILS_0000110 SubClassOf BILS_0000105"/>
            <Axiom axiom="BILS_0000113 SubClassOf BILS_0000105"/>
            <Axiom axiom="BILS_0000107 SubClassOf BILS_0000105"/>
         </Generalisation>
         <Generalisation axiom="?cluster_1 SubClassOf OBO_REL_preceded_by some &#10;((?BILS_0000105 and ?cluster_1) and (OBO_REL_relationship some &#10;((?BILS_0000105 and ?cluster_1) and (OBO_REL_relationship some &#10;((?BILS_0000105 and ?cluster_1) and (OBO_REL_relationship some &#10;((?BILS_0000105 and ?cluster_1) and (OBO_REL_relationship some &#10;(?BILS_0000105_conjunction)))))))))" count="1" instantiationStats="?BILS_0000105 count: 2; ?cluster_1 count: 5">
            <Axiom axiom="BILS_0000111 SubClassOf OBO_REL_preceded_by some &#10;((BILS_0000105 and BILS_0000110) and (OBO_REL_relationship some &#10;((BILS_0000105 and BILS_0000109) and (OBO_REL_relationship some &#10;((BILS_0000105 and BILS_0000108) and (OBO_REL_relationship some &#10;((BILS_0000105 and BILS_0000107) and (OBO_REL_relationship some &#10;(BILS_0000105 and BILS_0000106)))))))))"/>
         </Generalisation>
      </Generalisations>
   </Cluster>
</Clusters>
