<?xml version="1.0" encoding="UTF-8" standalone="no"?>
<Clusters>
   <Cluster size="18">
      <Item iri="http://www.biopax.org/release/biopax-level2.owl#modulation"/>
      <Item iri="http://www.biopax.org/release/biopax-level2.owl#sequenceParticipant"/>
      <Item iri="http://www.biopax.org/release/biopax-level2.owl#conversion"/>
      <Item iri="http://www.biopax.org/release/biopax-level2.owl#sequenceFeature"/>
      <Item iri="http://www.biopax.org/release/biopax-level2.owl#sequenceInterval"/>
      <Item iri="http://www.biopax.org/release/biopax-level2.owl#experimentalForm"/>
      <Item iri="http://www.biopax.org/release/biopax-level2.owl#confidence"/>
      <Item iri="http://www.biopax.org/release/biopax-level2.owl#interaction"/>
      <Item iri="http://www.biopax.org/release/biopax-level2.owl#transport"/>
      <Item iri="http://www.biopax.org/release/biopax-level2.owl#complexAssembly"/>
      <Item iri="http://www.biopax.org/release/biopax-level2.owl#pathwayStep"/>
      <Item iri="http://www.biopax.org/release/biopax-level2.owl#biochemicalReaction"/>
      <Item iri="http://www.biopax.org/release/biopax-level2.owl#transportWithBiochemicalReaction"/>
      <Item iri="http://www.biopax.org/release/biopax-level2.owl#control"/>
      <Item iri="http://www.biopax.org/release/biopax-level2.owl#catalysis"/>
      <Item iri="http://www.biopax.org/release/biopax-level2.owl#physicalInteraction"/>
      <Item iri="http://www.biopax.org/release/biopax-level2.owl#physicalEntityParticipant"/>
      <Item iri="http://www.biopax.org/release/biopax-level2.owl#bioSource"/>
      <Generalisations>
         <Generalisation axiom="?cluster_1 SubClassOf PARTICIPANTS some &#10;((?cluster_1 and ?utilityClass) and (PHYSICAL-ENTITY some &#10;(?entity_conjunction)))" count="9" instantiationStats="?utilityClass count: 1; ?cluster_1 count: 10; ?entity count: 2">
            <Axiom axiom="control SubClassOf PARTICIPANTS some &#10;((physicalEntityParticipant and utilityClass) and (PHYSICAL-ENTITY some &#10;(entity and physicalEntity)))"/>
            <Axiom axiom="biochemicalReaction SubClassOf PARTICIPANTS some &#10;((physicalEntityParticipant and utilityClass) and (PHYSICAL-ENTITY some &#10;(entity and physicalEntity)))"/>
            <Axiom axiom="transport SubClassOf PARTICIPANTS some &#10;((physicalEntityParticipant and utilityClass) and (PHYSICAL-ENTITY some &#10;(entity and physicalEntity)))"/>
            <Axiom axiom="catalysis SubClassOf PARTICIPANTS some &#10;((physicalEntityParticipant and utilityClass) and (PHYSICAL-ENTITY some &#10;(entity and physicalEntity)))"/>
            <Axiom axiom="conversion SubClassOf PARTICIPANTS some &#10;((physicalEntityParticipant and utilityClass) and (PHYSICAL-ENTITY some &#10;(entity and physicalEntity)))"/>
            <Axiom axiom="complexAssembly SubClassOf PARTICIPANTS some &#10;((physicalEntityParticipant and utilityClass) and (PHYSICAL-ENTITY some &#10;(entity and physicalEntity)))"/>
            <Axiom axiom="transportWithBiochemicalReaction SubClassOf PARTICIPANTS some &#10;((physicalEntityParticipant and utilityClass) and (PHYSICAL-ENTITY some &#10;(entity and physicalEntity)))"/>
            <Axiom axiom="modulation SubClassOf PARTICIPANTS some &#10;((physicalEntityParticipant and utilityClass) and (PHYSICAL-ENTITY some &#10;(entity and physicalEntity)))"/>
            <Axiom axiom="physicalInteraction SubClassOf PARTICIPANTS some &#10;((physicalEntityParticipant and utilityClass) and (PHYSICAL-ENTITY some &#10;(entity and physicalEntity)))"/>
         </Generalisation>
         <Generalisation axiom="?cluster_1 SubClassOf EXPERIMENTAL-FORM-TYPE only &#10;(?utilityClass_conjunction)" count="1" instantiationStats="?utilityClass count: 3; ?cluster_1 count: 1">
            <Axiom axiom="experimentalForm SubClassOf EXPERIMENTAL-FORM-TYPE only &#10;(externalReferenceUtilityClass and openControlledVocabulary and utilityClass)"/>
         </Generalisation>
         <Generalisation axiom="?cluster_1 EquivalentTo SEQUENCE-INTERVAL-END some Thing" count="1" instantiationStats="?cluster_1 count: 1">
            <Axiom axiom="sequenceInterval EquivalentTo SEQUENCE-INTERVAL-END some Thing"/>
         </Generalisation>
         <Generalisation axiom="?cluster_1 SubClassOf ?entity" count="10" instantiationStats="?cluster_1 count: 10; ?entity count: 1">
            <Axiom axiom="complexAssembly SubClassOf entity"/>
            <Axiom axiom="conversion SubClassOf entity"/>
            <Axiom axiom="interaction SubClassOf entity"/>
            <Axiom axiom="modulation SubClassOf entity"/>
            <Axiom axiom="control SubClassOf entity"/>
            <Axiom axiom="transportWithBiochemicalReaction SubClassOf entity"/>
            <Axiom axiom="catalysis SubClassOf entity"/>
            <Axiom axiom="biochemicalReaction SubClassOf entity"/>
            <Axiom axiom="physicalInteraction SubClassOf entity"/>
            <Axiom axiom="transport SubClassOf entity"/>
         </Generalisation>
         <Generalisation axiom="?cluster_1 SubClassOf PARTICIPANTS some Thing" count="10" instantiationStats="?cluster_1 count: 10">
            <Axiom axiom="interaction SubClassOf PARTICIPANTS some Thing"/>
            <Axiom axiom="complexAssembly SubClassOf PARTICIPANTS some Thing"/>
            <Axiom axiom="biochemicalReaction SubClassOf PARTICIPANTS some Thing"/>
            <Axiom axiom="modulation SubClassOf PARTICIPANTS some Thing"/>
            <Axiom axiom="transport SubClassOf PARTICIPANTS some Thing"/>
            <Axiom axiom="conversion SubClassOf PARTICIPANTS some Thing"/>
            <Axiom axiom="physicalInteraction SubClassOf PARTICIPANTS some Thing"/>
            <Axiom axiom="catalysis SubClassOf PARTICIPANTS some Thing"/>
            <Axiom axiom="transportWithBiochemicalReaction SubClassOf PARTICIPANTS some Thing"/>
            <Axiom axiom="control SubClassOf PARTICIPANTS some Thing"/>
         </Generalisation>
         <Generalisation axiom="?cluster_1 SubClassOf PARTICIPANTS only &#10;((?cluster_1 and ?utilityClass) and (PHYSICAL-ENTITY some &#10;(?entity_conjunction)))" count="5" instantiationStats="?utilityClass count: 1; ?cluster_1 count: 6; ?entity count: 2">
            <Axiom axiom="conversion SubClassOf PARTICIPANTS only &#10;((physicalEntityParticipant and utilityClass) and (PHYSICAL-ENTITY some &#10;(entity and physicalEntity)))"/>
            <Axiom axiom="transport SubClassOf PARTICIPANTS only &#10;((physicalEntityParticipant and utilityClass) and (PHYSICAL-ENTITY some &#10;(entity and physicalEntity)))"/>
            <Axiom axiom="transportWithBiochemicalReaction SubClassOf PARTICIPANTS only &#10;((physicalEntityParticipant and utilityClass) and (PHYSICAL-ENTITY some &#10;(entity and physicalEntity)))"/>
            <Axiom axiom="biochemicalReaction SubClassOf PARTICIPANTS only &#10;((physicalEntityParticipant and utilityClass) and (PHYSICAL-ENTITY some &#10;(entity and physicalEntity)))"/>
            <Axiom axiom="complexAssembly SubClassOf PARTICIPANTS only &#10;((physicalEntityParticipant and utilityClass) and (PHYSICAL-ENTITY some &#10;(entity and physicalEntity)))"/>
         </Generalisation>
         <Generalisation axiom="?cluster_1 EquivalentTo STEP-INTERACTIONS some Thing" count="1" instantiationStats="?cluster_1 count: 1">
            <Axiom axiom="pathwayStep EquivalentTo STEP-INTERACTIONS some Thing"/>
         </Generalisation>
         <Generalisation axiom="?cluster_1 EquivalentTo PHYSICAL-ENTITY some Thing" count="1" instantiationStats="?cluster_1 count: 1">
            <Axiom axiom="physicalEntityParticipant EquivalentTo PHYSICAL-ENTITY some Thing"/>
         </Generalisation>
         <Generalisation axiom="?cluster_1 SubClassOf XREF some Thing" count="1" instantiationStats="?cluster_1 count: 1">
            <Axiom axiom="confidence SubClassOf XREF some Thing"/>
         </Generalisation>
         <Generalisation axiom="?cluster_1 EquivalentTo SEQUENCE-INTERVAL-END some &#10;(?utilityClass_conjunction)" count="1" instantiationStats="?utilityClass count: 3; ?cluster_1 count: 1">
            <Axiom axiom="sequenceInterval EquivalentTo SEQUENCE-INTERVAL-END some &#10;(sequenceLocation and sequenceSite and utilityClass)"/>
         </Generalisation>
         <Generalisation axiom="?cluster_1 EquivalentTo SEQUENCE-INTERVAL-BEGIN some &#10;(?utilityClass_conjunction)" count="1" instantiationStats="?utilityClass count: 3; ?cluster_1 count: 1">
            <Axiom axiom="sequenceInterval EquivalentTo SEQUENCE-INTERVAL-BEGIN some &#10;(sequenceLocation and sequenceSite and utilityClass)"/>
         </Generalisation>
         <Generalisation axiom="?cluster_1 EquivalentTo PARTICIPANT some &#10;((?cluster_1 and ?utilityClass) and (PHYSICAL-ENTITY some &#10;(?entity_conjunction)))" count="1" instantiationStats="?utilityClass count: 1; ?cluster_1 count: 2; ?entity count: 2">
            <Axiom axiom="experimentalForm EquivalentTo PARTICIPANT some &#10;((physicalEntityParticipant and utilityClass) and (PHYSICAL-ENTITY some &#10;(entity and physicalEntity)))"/>
         </Generalisation>
         <Generalisation axiom="?cluster_1 SubClassOf SEQUENCE-INTERVAL-BEGIN some &#10;(?utilityClass_conjunction)" count="1" instantiationStats="?utilityClass count: 3; ?cluster_1 count: 1">
            <Axiom axiom="sequenceInterval SubClassOf SEQUENCE-INTERVAL-BEGIN some &#10;(sequenceLocation and sequenceSite and utilityClass)"/>
         </Generalisation>
         <Generalisation axiom="?cluster_1 SubClassOf ?cluster_1" count="26" instantiationStats="?cluster_1 count: 12">
            <Axiom axiom="conversion SubClassOf physicalInteraction"/>
            <Axiom axiom="transportWithBiochemicalReaction SubClassOf transport"/>
            <Axiom axiom="transport SubClassOf interaction"/>
            <Axiom axiom="catalysis SubClassOf interaction"/>
            <Axiom axiom="transport SubClassOf physicalInteraction"/>
            <Axiom axiom="complexAssembly SubClassOf conversion"/>
            <Axiom axiom="control SubClassOf physicalInteraction"/>
            <Axiom axiom="conversion SubClassOf interaction"/>
            <Axiom axiom="complexAssembly SubClassOf physicalInteraction"/>
            <Axiom axiom="modulation SubClassOf physicalInteraction"/>
            <Axiom axiom="transport SubClassOf conversion"/>
            <Axiom axiom="biochemicalReaction SubClassOf interaction"/>
            <Axiom axiom="physicalInteraction SubClassOf interaction"/>
            <Axiom axiom="modulation SubClassOf control"/>
            <Axiom axiom="transportWithBiochemicalReaction SubClassOf interaction"/>
            <Axiom axiom="control SubClassOf interaction"/>
            <Axiom axiom="sequenceParticipant SubClassOf physicalEntityParticipant"/>
            <Axiom axiom="transportWithBiochemicalReaction SubClassOf conversion"/>
            <Axiom axiom="catalysis SubClassOf control"/>
            <Axiom axiom="transportWithBiochemicalReaction SubClassOf biochemicalReaction"/>
            <Axiom axiom="biochemicalReaction SubClassOf conversion"/>
            <Axiom axiom="catalysis SubClassOf physicalInteraction"/>
            <Axiom axiom="biochemicalReaction SubClassOf physicalInteraction"/>
            <Axiom axiom="transportWithBiochemicalReaction SubClassOf physicalInteraction"/>
            <Axiom axiom="complexAssembly SubClassOf interaction"/>
            <Axiom axiom="modulation SubClassOf interaction"/>
         </Generalisation>
         <Generalisation axiom="?cluster_1 EquivalentTo FEATURE-TYPE some Thing" count="1" instantiationStats="?cluster_1 count: 1">
            <Axiom axiom="sequenceFeature EquivalentTo FEATURE-TYPE some Thing"/>
         </Generalisation>
         <Generalisation axiom="?cluster_1 SubClassOf XREF only &#10;(?utilityClass_conjunction)" count="1" instantiationStats="?utilityClass count: 4; ?cluster_1 count: 1">
            <Axiom axiom="confidence SubClassOf XREF only &#10;(externalReferenceUtilityClass and publicationXref and utilityClass and xref)"/>
         </Generalisation>
         <Generalisation axiom="?cluster_1 SubClassOf FEATURE-TYPE some &#10;(?utilityClass_conjunction)" count="1" instantiationStats="?utilityClass count: 3; ?cluster_1 count: 1">
            <Axiom axiom="sequenceFeature SubClassOf FEATURE-TYPE some &#10;(externalReferenceUtilityClass and openControlledVocabulary and utilityClass)"/>
         </Generalisation>
         <Generalisation axiom="?cluster_1 SubClassOf SEQUENCE-INTERVAL-END some Thing" count="1" instantiationStats="?cluster_1 count: 1">
            <Axiom axiom="sequenceInterval SubClassOf SEQUENCE-INTERVAL-END some Thing"/>
         </Generalisation>
         <Generalisation axiom="?cluster_1 EquivalentTo PHYSICAL-ENTITY some &#10;(?entity_conjunction)" count="1" instantiationStats="?cluster_1 count: 1; ?entity count: 2">
            <Axiom axiom="physicalEntityParticipant EquivalentTo PHYSICAL-ENTITY some &#10;(entity and physicalEntity)"/>
         </Generalisation>
         <Generalisation axiom="?cluster_1 SubClassOf SEQUENCE-INTERVAL-END only &#10;(?utilityClass_conjunction)" count="1" instantiationStats="?utilityClass count: 3; ?cluster_1 count: 1">
            <Axiom axiom="sequenceInterval SubClassOf SEQUENCE-INTERVAL-END only &#10;(sequenceLocation and sequenceSite and utilityClass)"/>
         </Generalisation>
         <Generalisation axiom="?cluster_1 SubClassOf EXPERIMENTAL-FORM-TYPE some &#10;(?utilityClass_conjunction)" count="1" instantiationStats="?utilityClass count: 3; ?cluster_1 count: 1">
            <Axiom axiom="experimentalForm SubClassOf EXPERIMENTAL-FORM-TYPE some &#10;(externalReferenceUtilityClass and openControlledVocabulary and utilityClass)"/>
         </Generalisation>
         <Generalisation axiom="?cluster_1 SubClassOf PARTICIPANT some &#10;((?cluster_1 and ?utilityClass) and (PHYSICAL-ENTITY some &#10;(?entity_conjunction)))" count="1" instantiationStats="?utilityClass count: 1; ?cluster_1 count: 2; ?entity count: 2">
            <Axiom axiom="experimentalForm SubClassOf PARTICIPANT some &#10;((physicalEntityParticipant and utilityClass) and (PHYSICAL-ENTITY some &#10;(entity and physicalEntity)))"/>
         </Generalisation>
         <Generalisation axiom="?cluster_1 EquivalentTo PARTICIPANTS some Thing" count="1" instantiationStats="?cluster_1 count: 1">
            <Axiom axiom="interaction EquivalentTo PARTICIPANTS some Thing"/>
         </Generalisation>
         <Generalisation axiom="?cluster_1 SubClassOf TAXON-XREF some Thing" count="1" instantiationStats="?cluster_1 count: 1">
            <Axiom axiom="bioSource SubClassOf TAXON-XREF some Thing"/>
         </Generalisation>
         <Generalisation axiom="?cluster_1 SubClassOf STEP-INTERACTIONS some Thing" count="1" instantiationStats="?cluster_1 count: 1">
            <Axiom axiom="pathwayStep SubClassOf STEP-INTERACTIONS some Thing"/>
         </Generalisation>
         <Generalisation axiom="?cluster_1 EquivalentTo TAXON-XREF some Thing" count="1" instantiationStats="?cluster_1 count: 1">
            <Axiom axiom="bioSource EquivalentTo TAXON-XREF some Thing"/>
         </Generalisation>
         <Generalisation axiom="?cluster_1 SubClassOf PHYSICAL-ENTITY some Thing" count="2" instantiationStats="?cluster_1 count: 2">
            <Axiom axiom="sequenceParticipant SubClassOf PHYSICAL-ENTITY some Thing"/>
            <Axiom axiom="physicalEntityParticipant SubClassOf PHYSICAL-ENTITY some Thing"/>
         </Generalisation>
         <Generalisation axiom="?cluster_1 SubClassOf FEATURE-TYPE some Thing" count="1" instantiationStats="?cluster_1 count: 1">
            <Axiom axiom="sequenceFeature SubClassOf FEATURE-TYPE some Thing"/>
         </Generalisation>
         <Generalisation axiom="?cluster_1 EquivalentTo PARTICIPANT some Thing" count="1" instantiationStats="?cluster_1 count: 1">
            <Axiom axiom="experimentalForm EquivalentTo PARTICIPANT some Thing"/>
         </Generalisation>
         <Generalisation axiom="?cluster_1 EquivalentTo EXPERIMENTAL-FORM-TYPE some &#10;(?utilityClass_conjunction)" count="1" instantiationStats="?utilityClass count: 3; ?cluster_1 count: 1">
            <Axiom axiom="experimentalForm EquivalentTo EXPERIMENTAL-FORM-TYPE some &#10;(externalReferenceUtilityClass and openControlledVocabulary and utilityClass)"/>
         </Generalisation>
         <Generalisation axiom="?cluster_1 EquivalentTo FEATURE-TYPE some &#10;(?utilityClass_conjunction)" count="1" instantiationStats="?utilityClass count: 3; ?cluster_1 count: 1">
            <Axiom axiom="sequenceFeature EquivalentTo FEATURE-TYPE some &#10;(externalReferenceUtilityClass and openControlledVocabulary and utilityClass)"/>
         </Generalisation>
         <Generalisation axiom="?cluster_1 SubClassOf PHYSICAL-ENTITY some &#10;(?entity_conjunction)" count="2" instantiationStats="?cluster_1 count: 2; ?entity count: 2">
            <Axiom axiom="sequenceParticipant SubClassOf PHYSICAL-ENTITY some &#10;(entity and physicalEntity)"/>
            <Axiom axiom="physicalEntityParticipant SubClassOf PHYSICAL-ENTITY some &#10;(entity and physicalEntity)"/>
         </Generalisation>
         <Generalisation axiom="?cluster_1 SubClassOf PARTICIPANT some Thing" count="1" instantiationStats="?cluster_1 count: 1">
            <Axiom axiom="experimentalForm SubClassOf PARTICIPANT some Thing"/>
         </Generalisation>
         <Generalisation axiom="evidence SubClassOf CONFIDENCE only &#10;((?cluster_1 and ?utilityClass) and (XREF some &#10;(?utilityClass_conjunction)))" count="1" instantiationStats="?utilityClass count: 4; ?cluster_1 count: 1">
            <Axiom axiom="evidence SubClassOf CONFIDENCE only &#10;((confidence and utilityClass) and (XREF some &#10;(externalReferenceUtilityClass and publicationXref and utilityClass and xref)))"/>
         </Generalisation>
         <Generalisation axiom="?cluster_1 EquivalentTo SEQUENCE-INTERVAL-BEGIN some Thing" count="1" instantiationStats="?cluster_1 count: 1">
            <Axiom axiom="sequenceInterval EquivalentTo SEQUENCE-INTERVAL-BEGIN some Thing"/>
         </Generalisation>
         <Generalisation axiom="?cluster_1 SubClassOf TAXON-XREF only &#10;(?utilityClass_conjunction)" count="1" instantiationStats="?utilityClass count: 4; ?cluster_1 count: 1">
            <Axiom axiom="bioSource SubClassOf TAXON-XREF only &#10;(externalReferenceUtilityClass and unificationXref and utilityClass and xref)"/>
         </Generalisation>
         <Generalisation axiom="?cluster_1 SubClassOf SEQUENCE-INTERVAL-BEGIN only &#10;(?utilityClass_conjunction)" count="1" instantiationStats="?utilityClass count: 3; ?cluster_1 count: 1">
            <Axiom axiom="sequenceInterval SubClassOf SEQUENCE-INTERVAL-BEGIN only &#10;(sequenceLocation and sequenceSite and utilityClass)"/>
         </Generalisation>
         <Generalisation axiom="?cluster_1 SubClassOf PARTICIPANT only &#10;((?cluster_1 and ?utilityClass) and (PHYSICAL-ENTITY some &#10;(?entity_conjunction)))" count="1" instantiationStats="?utilityClass count: 1; ?cluster_1 count: 2; ?entity count: 2">
            <Axiom axiom="experimentalForm SubClassOf PARTICIPANT only &#10;((physicalEntityParticipant and utilityClass) and (PHYSICAL-ENTITY some &#10;(entity and physicalEntity)))"/>
         </Generalisation>
         <Generalisation axiom="?cluster_1 SubClassOf XREF some &#10;(?utilityClass_conjunction)" count="1" instantiationStats="?utilityClass count: 4; ?cluster_1 count: 1">
            <Axiom axiom="confidence SubClassOf XREF some &#10;(externalReferenceUtilityClass and publicationXref and utilityClass and xref)"/>
         </Generalisation>
         <Generalisation axiom="?cluster_1 SubClassOf EXPERIMENTAL-FORM-TYPE some Thing" count="1" instantiationStats="?cluster_1 count: 1">
            <Axiom axiom="experimentalForm SubClassOf EXPERIMENTAL-FORM-TYPE some Thing"/>
         </Generalisation>
         <Generalisation axiom="?cluster_1 EquivalentTo TAXON-XREF some &#10;(?utilityClass_conjunction)" count="1" instantiationStats="?utilityClass count: 4; ?cluster_1 count: 1">
            <Axiom axiom="bioSource EquivalentTo TAXON-XREF some &#10;(externalReferenceUtilityClass and unificationXref and utilityClass and xref)"/>
         </Generalisation>
         <Generalisation axiom="?cluster_1 SubClassOf SEQUENCE-INTERVAL-BEGIN some Thing" count="1" instantiationStats="?cluster_1 count: 1">
            <Axiom axiom="sequenceInterval SubClassOf SEQUENCE-INTERVAL-BEGIN some Thing"/>
         </Generalisation>
         <Generalisation axiom="?cluster_1 SubClassOf FEATURE-TYPE only &#10;(?utilityClass_conjunction)" count="1" instantiationStats="?utilityClass count: 3; ?cluster_1 count: 1">
            <Axiom axiom="sequenceFeature SubClassOf FEATURE-TYPE only &#10;(externalReferenceUtilityClass and openControlledVocabulary and utilityClass)"/>
         </Generalisation>
         <Generalisation axiom="?cluster_1 SubClassOf ?utilityClass" count="10" instantiationStats="?utilityClass count: 3; ?cluster_1 count: 8">
            <Axiom axiom="sequenceFeature SubClassOf utilityClass"/>
            <Axiom axiom="sequenceInterval SubClassOf sequenceLocation"/>
            <Axiom axiom="sequenceInterval SubClassOf utilityClass"/>
            <Axiom axiom="bioSource SubClassOf externalReferenceUtilityClass"/>
            <Axiom axiom="bioSource SubClassOf utilityClass"/>
            <Axiom axiom="sequenceParticipant SubClassOf utilityClass"/>
            <Axiom axiom="physicalEntityParticipant SubClassOf utilityClass"/>
            <Axiom axiom="confidence SubClassOf utilityClass"/>
            <Axiom axiom="pathwayStep SubClassOf utilityClass"/>
            <Axiom axiom="experimentalForm SubClassOf utilityClass"/>
         </Generalisation>
         <Generalisation axiom="?cluster_1 SubClassOf TAXON-XREF some &#10;(?utilityClass_conjunction)" count="1" instantiationStats="?utilityClass count: 4; ?cluster_1 count: 1">
            <Axiom axiom="bioSource SubClassOf TAXON-XREF some &#10;(externalReferenceUtilityClass and unificationXref and utilityClass and xref)"/>
         </Generalisation>
         <Generalisation axiom="?cluster_1 SubClassOf PHYSICAL-ENTITY only &#10;(?entity_conjunction)" count="2" instantiationStats="?cluster_1 count: 2; ?entity count: 2">
            <Axiom axiom="sequenceParticipant SubClassOf PHYSICAL-ENTITY only &#10;(entity and physicalEntity)"/>
            <Axiom axiom="physicalEntityParticipant SubClassOf PHYSICAL-ENTITY only &#10;(entity and physicalEntity)"/>
         </Generalisation>
         <Generalisation axiom="?cluster_1 EquivalentTo EXPERIMENTAL-FORM-TYPE some Thing" count="1" instantiationStats="?cluster_1 count: 1">
            <Axiom axiom="experimentalForm EquivalentTo EXPERIMENTAL-FORM-TYPE some Thing"/>
         </Generalisation>
         <Generalisation axiom="?cluster_1 SubClassOf SEQUENCE-INTERVAL-END some &#10;(?utilityClass_conjunction)" count="1" instantiationStats="?utilityClass count: 3; ?cluster_1 count: 1">
            <Axiom axiom="sequenceInterval SubClassOf SEQUENCE-INTERVAL-END some &#10;(sequenceLocation and sequenceSite and utilityClass)"/>
         </Generalisation>
      </Generalisations>
   </Cluster>
   <Cluster size="8">
      <Item iri="http://www.biopax.org/release/biopax-level2.owl#sequenceLocation"/>
      <Item iri="http://www.biopax.org/release/biopax-level2.owl#xref"/>
      <Item iri="http://www.biopax.org/release/biopax-level2.owl#externalReferenceUtilityClass"/>
      <Item iri="http://www.biopax.org/release/biopax-level2.owl#publicationXref"/>
      <Item iri="http://www.biopax.org/release/biopax-level2.owl#unificationXref"/>
      <Item iri="http://www.biopax.org/release/biopax-level2.owl#sequenceSite"/>
      <Item iri="http://www.biopax.org/release/biopax-level2.owl#utilityClass"/>
      <Item iri="http://www.biopax.org/release/biopax-level2.owl#openControlledVocabulary"/>
      <Generalisations>
         <Generalisation axiom="deltaGprimeO SubClassOf ?utilityClass" count="1" instantiationStats="?utilityClass count: 1">
            <Axiom axiom="deltaGprimeO SubClassOf utilityClass"/>
         </Generalisation>
         <Generalisation axiom="evidence SubClassOf ?utilityClass" count="1" instantiationStats="?utilityClass count: 1">
            <Axiom axiom="evidence SubClassOf utilityClass"/>
         </Generalisation>
         <Generalisation axiom="?cluster_1 SubClassOf PARTICIPANTS some &#10;((?cluster_1 and ?utilityClass) and (PHYSICAL-ENTITY some &#10;(?entity_conjunction)))" count="9" instantiationStats="?utilityClass count: 1; ?cluster_1 count: 10; ?entity count: 2">
            <Axiom axiom="control SubClassOf PARTICIPANTS some &#10;((physicalEntityParticipant and utilityClass) and (PHYSICAL-ENTITY some &#10;(entity and physicalEntity)))"/>
            <Axiom axiom="biochemicalReaction SubClassOf PARTICIPANTS some &#10;((physicalEntityParticipant and utilityClass) and (PHYSICAL-ENTITY some &#10;(entity and physicalEntity)))"/>
            <Axiom axiom="transport SubClassOf PARTICIPANTS some &#10;((physicalEntityParticipant and utilityClass) and (PHYSICAL-ENTITY some &#10;(entity and physicalEntity)))"/>
            <Axiom axiom="catalysis SubClassOf PARTICIPANTS some &#10;((physicalEntityParticipant and utilityClass) and (PHYSICAL-ENTITY some &#10;(entity and physicalEntity)))"/>
            <Axiom axiom="conversion SubClassOf PARTICIPANTS some &#10;((physicalEntityParticipant and utilityClass) and (PHYSICAL-ENTITY some &#10;(entity and physicalEntity)))"/>
            <Axiom axiom="complexAssembly SubClassOf PARTICIPANTS some &#10;((physicalEntityParticipant and utilityClass) and (PHYSICAL-ENTITY some &#10;(entity and physicalEntity)))"/>
            <Axiom axiom="transportWithBiochemicalReaction SubClassOf PARTICIPANTS some &#10;((physicalEntityParticipant and utilityClass) and (PHYSICAL-ENTITY some &#10;(entity and physicalEntity)))"/>
            <Axiom axiom="modulation SubClassOf PARTICIPANTS some &#10;((physicalEntityParticipant and utilityClass) and (PHYSICAL-ENTITY some &#10;(entity and physicalEntity)))"/>
            <Axiom axiom="physicalInteraction SubClassOf PARTICIPANTS some &#10;((physicalEntityParticipant and utilityClass) and (PHYSICAL-ENTITY some &#10;(entity and physicalEntity)))"/>
         </Generalisation>
         <Generalisation axiom="?cluster_1 SubClassOf EXPERIMENTAL-FORM-TYPE only &#10;(?utilityClass_conjunction)" count="1" instantiationStats="?utilityClass count: 3; ?cluster_1 count: 1">
            <Axiom axiom="experimentalForm SubClassOf EXPERIMENTAL-FORM-TYPE only &#10;(externalReferenceUtilityClass and openControlledVocabulary and utilityClass)"/>
         </Generalisation>
         <Generalisation axiom="?cluster_1 SubClassOf PARTICIPANTS only &#10;((?cluster_1 and ?utilityClass) and (PHYSICAL-ENTITY some &#10;(?entity_conjunction)))" count="5" instantiationStats="?utilityClass count: 1; ?cluster_1 count: 6; ?entity count: 2">
            <Axiom axiom="conversion SubClassOf PARTICIPANTS only &#10;((physicalEntityParticipant and utilityClass) and (PHYSICAL-ENTITY some &#10;(entity and physicalEntity)))"/>
            <Axiom axiom="transport SubClassOf PARTICIPANTS only &#10;((physicalEntityParticipant and utilityClass) and (PHYSICAL-ENTITY some &#10;(entity and physicalEntity)))"/>
            <Axiom axiom="transportWithBiochemicalReaction SubClassOf PARTICIPANTS only &#10;((physicalEntityParticipant and utilityClass) and (PHYSICAL-ENTITY some &#10;(entity and physicalEntity)))"/>
            <Axiom axiom="biochemicalReaction SubClassOf PARTICIPANTS only &#10;((physicalEntityParticipant and utilityClass) and (PHYSICAL-ENTITY some &#10;(entity and physicalEntity)))"/>
            <Axiom axiom="complexAssembly SubClassOf PARTICIPANTS only &#10;((physicalEntityParticipant and utilityClass) and (PHYSICAL-ENTITY some &#10;(entity and physicalEntity)))"/>
         </Generalisation>
         <Generalisation axiom="?cluster_1 EquivalentTo SEQUENCE-INTERVAL-END some &#10;(?utilityClass_conjunction)" count="1" instantiationStats="?utilityClass count: 3; ?cluster_1 count: 1">
            <Axiom axiom="sequenceInterval EquivalentTo SEQUENCE-INTERVAL-END some &#10;(sequenceLocation and sequenceSite and utilityClass)"/>
         </Generalisation>
         <Generalisation axiom="?cluster_1 EquivalentTo SEQUENCE-INTERVAL-BEGIN some &#10;(?utilityClass_conjunction)" count="1" instantiationStats="?utilityClass count: 3; ?cluster_1 count: 1">
            <Axiom axiom="sequenceInterval EquivalentTo SEQUENCE-INTERVAL-BEGIN some &#10;(sequenceLocation and sequenceSite and utilityClass)"/>
         </Generalisation>
         <Generalisation axiom="?cluster_1 EquivalentTo PARTICIPANT some &#10;((?cluster_1 and ?utilityClass) and (PHYSICAL-ENTITY some &#10;(?entity_conjunction)))" count="1" instantiationStats="?utilityClass count: 1; ?cluster_1 count: 2; ?entity count: 2">
            <Axiom axiom="experimentalForm EquivalentTo PARTICIPANT some &#10;((physicalEntityParticipant and utilityClass) and (PHYSICAL-ENTITY some &#10;(entity and physicalEntity)))"/>
         </Generalisation>
         <Generalisation axiom="?cluster_1 SubClassOf SEQUENCE-INTERVAL-BEGIN some &#10;(?utilityClass_conjunction)" count="1" instantiationStats="?utilityClass count: 3; ?cluster_1 count: 1">
            <Axiom axiom="sequenceInterval SubClassOf SEQUENCE-INTERVAL-BEGIN some &#10;(sequenceLocation and sequenceSite and utilityClass)"/>
         </Generalisation>
         <Generalisation axiom="kPrime SubClassOf ?utilityClass" count="1" instantiationStats="?utilityClass count: 1">
            <Axiom axiom="kPrime SubClassOf utilityClass"/>
         </Generalisation>
         <Generalisation axiom="?cluster_1 SubClassOf FEATURE-TYPE some &#10;(?utilityClass_conjunction)" count="1" instantiationStats="?utilityClass count: 3; ?cluster_1 count: 1">
            <Axiom axiom="sequenceFeature SubClassOf FEATURE-TYPE some &#10;(externalReferenceUtilityClass and openControlledVocabulary and utilityClass)"/>
         </Generalisation>
         <Generalisation axiom="?cluster_1 SubClassOf XREF only &#10;(?utilityClass_conjunction)" count="1" instantiationStats="?utilityClass count: 4; ?cluster_1 count: 1">
            <Axiom axiom="confidence SubClassOf XREF only &#10;(externalReferenceUtilityClass and publicationXref and utilityClass and xref)"/>
         </Generalisation>
         <Generalisation axiom="?cluster_1 SubClassOf SEQUENCE-INTERVAL-END only &#10;(?utilityClass_conjunction)" count="1" instantiationStats="?utilityClass count: 3; ?cluster_1 count: 1">
            <Axiom axiom="sequenceInterval SubClassOf SEQUENCE-INTERVAL-END only &#10;(sequenceLocation and sequenceSite and utilityClass)"/>
         </Generalisation>
         <Generalisation axiom="?cluster_1 SubClassOf EXPERIMENTAL-FORM-TYPE some &#10;(?utilityClass_conjunction)" count="1" instantiationStats="?utilityClass count: 3; ?cluster_1 count: 1">
            <Axiom axiom="experimentalForm SubClassOf EXPERIMENTAL-FORM-TYPE some &#10;(externalReferenceUtilityClass and openControlledVocabulary and utilityClass)"/>
         </Generalisation>
         <Generalisation axiom="?cluster_1 SubClassOf PARTICIPANT some &#10;((?cluster_1 and ?utilityClass) and (PHYSICAL-ENTITY some &#10;(?entity_conjunction)))" count="1" instantiationStats="?utilityClass count: 1; ?cluster_1 count: 2; ?entity count: 2">
            <Axiom axiom="experimentalForm SubClassOf PARTICIPANT some &#10;((physicalEntityParticipant and utilityClass) and (PHYSICAL-ENTITY some &#10;(entity and physicalEntity)))"/>
         </Generalisation>
         <Generalisation axiom="?utilityClass SubClassOf ?utilityClass" count="14" instantiationStats="?utilityClass count: 8">
            <Axiom axiom="sequenceSite SubClassOf utilityClass"/>
            <Axiom axiom="sequenceLocation SubClassOf utilityClass"/>
            <Axiom axiom="publicationXref SubClassOf xref"/>
            <Axiom axiom="sequenceSite SubClassOf sequenceLocation"/>
            <Axiom axiom="openControlledVocabulary SubClassOf externalReferenceUtilityClass"/>
            <Axiom axiom="unificationXref SubClassOf xref"/>
            <Axiom axiom="xref SubClassOf utilityClass"/>
            <Axiom axiom="externalReferenceUtilityClass SubClassOf utilityClass"/>
            <Axiom axiom="unificationXref SubClassOf utilityClass"/>
            <Axiom axiom="publicationXref SubClassOf utilityClass"/>
            <Axiom axiom="xref SubClassOf externalReferenceUtilityClass"/>
            <Axiom axiom="unificationXref SubClassOf externalReferenceUtilityClass"/>
            <Axiom axiom="openControlledVocabulary SubClassOf utilityClass"/>
            <Axiom axiom="publicationXref SubClassOf externalReferenceUtilityClass"/>
         </Generalisation>
         <Generalisation axiom="relationshipXref SubClassOf ?utilityClass" count="3" instantiationStats="?utilityClass count: 3">
            <Axiom axiom="relationshipXref SubClassOf xref"/>
            <Axiom axiom="relationshipXref SubClassOf externalReferenceUtilityClass"/>
            <Axiom axiom="relationshipXref SubClassOf utilityClass"/>
         </Generalisation>
         <Generalisation axiom="?cluster_1 EquivalentTo EXPERIMENTAL-FORM-TYPE some &#10;(?utilityClass_conjunction)" count="1" instantiationStats="?utilityClass count: 3; ?cluster_1 count: 1">
            <Axiom axiom="experimentalForm EquivalentTo EXPERIMENTAL-FORM-TYPE some &#10;(externalReferenceUtilityClass and openControlledVocabulary and utilityClass)"/>
         </Generalisation>
         <Generalisation axiom="chemicalStructure SubClassOf ?utilityClass" count="1" instantiationStats="?utilityClass count: 1">
            <Axiom axiom="chemicalStructure SubClassOf utilityClass"/>
         </Generalisation>
         <Generalisation axiom="?cluster_1 EquivalentTo FEATURE-TYPE some &#10;(?utilityClass_conjunction)" count="1" instantiationStats="?utilityClass count: 3; ?cluster_1 count: 1">
            <Axiom axiom="sequenceFeature EquivalentTo FEATURE-TYPE some &#10;(externalReferenceUtilityClass and openControlledVocabulary and utilityClass)"/>
         </Generalisation>
         <Generalisation axiom="dataSource SubClassOf ?utilityClass" count="2" instantiationStats="?utilityClass count: 2">
            <Axiom axiom="dataSource SubClassOf externalReferenceUtilityClass"/>
            <Axiom axiom="dataSource SubClassOf utilityClass"/>
         </Generalisation>
         <Generalisation axiom="evidence SubClassOf CONFIDENCE only &#10;((?cluster_1 and ?utilityClass) and (XREF some &#10;(?utilityClass_conjunction)))" count="1" instantiationStats="?utilityClass count: 4; ?cluster_1 count: 1">
            <Axiom axiom="evidence SubClassOf CONFIDENCE only &#10;((confidence and utilityClass) and (XREF some &#10;(externalReferenceUtilityClass and publicationXref and utilityClass and xref)))"/>
         </Generalisation>
         <Generalisation axiom="?cluster_1 SubClassOf TAXON-XREF only &#10;(?utilityClass_conjunction)" count="1" instantiationStats="?utilityClass count: 4; ?cluster_1 count: 1">
            <Axiom axiom="bioSource SubClassOf TAXON-XREF only &#10;(externalReferenceUtilityClass and unificationXref and utilityClass and xref)"/>
         </Generalisation>
         <Generalisation axiom="?cluster_1 SubClassOf SEQUENCE-INTERVAL-BEGIN only &#10;(?utilityClass_conjunction)" count="1" instantiationStats="?utilityClass count: 3; ?cluster_1 count: 1">
            <Axiom axiom="sequenceInterval SubClassOf SEQUENCE-INTERVAL-BEGIN only &#10;(sequenceLocation and sequenceSite and utilityClass)"/>
         </Generalisation>
         <Generalisation axiom="?cluster_1 SubClassOf PARTICIPANT only &#10;((?cluster_1 and ?utilityClass) and (PHYSICAL-ENTITY some &#10;(?entity_conjunction)))" count="1" instantiationStats="?utilityClass count: 1; ?cluster_1 count: 2; ?entity count: 2">
            <Axiom axiom="experimentalForm SubClassOf PARTICIPANT only &#10;((physicalEntityParticipant and utilityClass) and (PHYSICAL-ENTITY some &#10;(entity and physicalEntity)))"/>
         </Generalisation>
         <Generalisation axiom="?cluster_1 SubClassOf XREF some &#10;(?utilityClass_conjunction)" count="1" instantiationStats="?utilityClass count: 4; ?cluster_1 count: 1">
            <Axiom axiom="confidence SubClassOf XREF some &#10;(externalReferenceUtilityClass and publicationXref and utilityClass and xref)"/>
         </Generalisation>
         <Generalisation axiom="?cluster_1 EquivalentTo TAXON-XREF some &#10;(?utilityClass_conjunction)" count="1" instantiationStats="?utilityClass count: 4; ?cluster_1 count: 1">
            <Axiom axiom="bioSource EquivalentTo TAXON-XREF some &#10;(externalReferenceUtilityClass and unificationXref and utilityClass and xref)"/>
         </Generalisation>
         <Generalisation axiom="?cluster_1 SubClassOf FEATURE-TYPE only &#10;(?utilityClass_conjunction)" count="1" instantiationStats="?utilityClass count: 3; ?cluster_1 count: 1">
            <Axiom axiom="sequenceFeature SubClassOf FEATURE-TYPE only &#10;(externalReferenceUtilityClass and openControlledVocabulary and utilityClass)"/>
         </Generalisation>
         <Generalisation axiom="?cluster_1 SubClassOf ?utilityClass" count="10" instantiationStats="?utilityClass count: 3; ?cluster_1 count: 8">
            <Axiom axiom="sequenceFeature SubClassOf utilityClass"/>
            <Axiom axiom="sequenceInterval SubClassOf sequenceLocation"/>
            <Axiom axiom="sequenceInterval SubClassOf utilityClass"/>
            <Axiom axiom="bioSource SubClassOf externalReferenceUtilityClass"/>
            <Axiom axiom="bioSource SubClassOf utilityClass"/>
            <Axiom axiom="sequenceParticipant SubClassOf utilityClass"/>
            <Axiom axiom="physicalEntityParticipant SubClassOf utilityClass"/>
            <Axiom axiom="confidence SubClassOf utilityClass"/>
            <Axiom axiom="pathwayStep SubClassOf utilityClass"/>
            <Axiom axiom="experimentalForm SubClassOf utilityClass"/>
         </Generalisation>
         <Generalisation axiom="?cluster_1 SubClassOf TAXON-XREF some &#10;(?utilityClass_conjunction)" count="1" instantiationStats="?utilityClass count: 4; ?cluster_1 count: 1">
            <Axiom axiom="bioSource SubClassOf TAXON-XREF some &#10;(externalReferenceUtilityClass and unificationXref and utilityClass and xref)"/>
         </Generalisation>
         <Generalisation axiom="?cluster_1 SubClassOf SEQUENCE-INTERVAL-END some &#10;(?utilityClass_conjunction)" count="1" instantiationStats="?utilityClass count: 3; ?cluster_1 count: 1">
            <Axiom axiom="sequenceInterval SubClassOf SEQUENCE-INTERVAL-END some &#10;(sequenceLocation and sequenceSite and utilityClass)"/>
         </Generalisation>
      </Generalisations>
   </Cluster>
   <Cluster size="2">
      <Item iri="http://www.biopax.org/release/biopax-level2.owl#physicalEntity"/>
      <Item iri="http://www.biopax.org/release/biopax-level2.owl#entity"/>
      <Generalisations>
         <Generalisation axiom="?entity SubClassOf ?entity" count="1" instantiationStats="?entity count: 2">
            <Axiom axiom="physicalEntity SubClassOf entity"/>
         </Generalisation>
         <Generalisation axiom="pathway SubClassOf ?entity" count="1" instantiationStats="?entity count: 1">
            <Axiom axiom="pathway SubClassOf entity"/>
         </Generalisation>
         <Generalisation axiom="?cluster_1 SubClassOf PARTICIPANTS some &#10;((?cluster_1 and ?utilityClass) and (PHYSICAL-ENTITY some &#10;(?entity_conjunction)))" count="9" instantiationStats="?utilityClass count: 1; ?cluster_1 count: 10; ?entity count: 2">
            <Axiom axiom="control SubClassOf PARTICIPANTS some &#10;((physicalEntityParticipant and utilityClass) and (PHYSICAL-ENTITY some &#10;(entity and physicalEntity)))"/>
            <Axiom axiom="biochemicalReaction SubClassOf PARTICIPANTS some &#10;((physicalEntityParticipant and utilityClass) and (PHYSICAL-ENTITY some &#10;(entity and physicalEntity)))"/>
            <Axiom axiom="transport SubClassOf PARTICIPANTS some &#10;((physicalEntityParticipant and utilityClass) and (PHYSICAL-ENTITY some &#10;(entity and physicalEntity)))"/>
            <Axiom axiom="catalysis SubClassOf PARTICIPANTS some &#10;((physicalEntityParticipant and utilityClass) and (PHYSICAL-ENTITY some &#10;(entity and physicalEntity)))"/>
            <Axiom axiom="conversion SubClassOf PARTICIPANTS some &#10;((physicalEntityParticipant and utilityClass) and (PHYSICAL-ENTITY some &#10;(entity and physicalEntity)))"/>
            <Axiom axiom="complexAssembly SubClassOf PARTICIPANTS some &#10;((physicalEntityParticipant and utilityClass) and (PHYSICAL-ENTITY some &#10;(entity and physicalEntity)))"/>
            <Axiom axiom="transportWithBiochemicalReaction SubClassOf PARTICIPANTS some &#10;((physicalEntityParticipant and utilityClass) and (PHYSICAL-ENTITY some &#10;(entity and physicalEntity)))"/>
            <Axiom axiom="modulation SubClassOf PARTICIPANTS some &#10;((physicalEntityParticipant and utilityClass) and (PHYSICAL-ENTITY some &#10;(entity and physicalEntity)))"/>
            <Axiom axiom="physicalInteraction SubClassOf PARTICIPANTS some &#10;((physicalEntityParticipant and utilityClass) and (PHYSICAL-ENTITY some &#10;(entity and physicalEntity)))"/>
         </Generalisation>
         <Generalisation axiom="?cluster_1 SubClassOf ?entity" count="10" instantiationStats="?cluster_1 count: 10; ?entity count: 1">
            <Axiom axiom="complexAssembly SubClassOf entity"/>
            <Axiom axiom="conversion SubClassOf entity"/>
            <Axiom axiom="interaction SubClassOf entity"/>
            <Axiom axiom="modulation SubClassOf entity"/>
            <Axiom axiom="control SubClassOf entity"/>
            <Axiom axiom="transportWithBiochemicalReaction SubClassOf entity"/>
            <Axiom axiom="catalysis SubClassOf entity"/>
            <Axiom axiom="biochemicalReaction SubClassOf entity"/>
            <Axiom axiom="physicalInteraction SubClassOf entity"/>
            <Axiom axiom="transport SubClassOf entity"/>
         </Generalisation>
         <Generalisation axiom="smallMolecule SubClassOf ?entity" count="2" instantiationStats="?entity count: 2">
            <Axiom axiom="smallMolecule SubClassOf physicalEntity"/>
            <Axiom axiom="smallMolecule SubClassOf entity"/>
         </Generalisation>
         <Generalisation axiom="?cluster_1 SubClassOf PARTICIPANTS only &#10;((?cluster_1 and ?utilityClass) and (PHYSICAL-ENTITY some &#10;(?entity_conjunction)))" count="5" instantiationStats="?utilityClass count: 1; ?cluster_1 count: 6; ?entity count: 2">
            <Axiom axiom="conversion SubClassOf PARTICIPANTS only &#10;((physicalEntityParticipant and utilityClass) and (PHYSICAL-ENTITY some &#10;(entity and physicalEntity)))"/>
            <Axiom axiom="transport SubClassOf PARTICIPANTS only &#10;((physicalEntityParticipant and utilityClass) and (PHYSICAL-ENTITY some &#10;(entity and physicalEntity)))"/>
            <Axiom axiom="transportWithBiochemicalReaction SubClassOf PARTICIPANTS only &#10;((physicalEntityParticipant and utilityClass) and (PHYSICAL-ENTITY some &#10;(entity and physicalEntity)))"/>
            <Axiom axiom="biochemicalReaction SubClassOf PARTICIPANTS only &#10;((physicalEntityParticipant and utilityClass) and (PHYSICAL-ENTITY some &#10;(entity and physicalEntity)))"/>
            <Axiom axiom="complexAssembly SubClassOf PARTICIPANTS only &#10;((physicalEntityParticipant and utilityClass) and (PHYSICAL-ENTITY some &#10;(entity and physicalEntity)))"/>
         </Generalisation>
         <Generalisation axiom="protein SubClassOf ?entity" count="2" instantiationStats="?entity count: 2">
            <Axiom axiom="protein SubClassOf physicalEntity"/>
            <Axiom axiom="protein SubClassOf entity"/>
         </Generalisation>
         <Generalisation axiom="?cluster_1 EquivalentTo PARTICIPANT some &#10;((?cluster_1 and ?utilityClass) and (PHYSICAL-ENTITY some &#10;(?entity_conjunction)))" count="1" instantiationStats="?utilityClass count: 1; ?cluster_1 count: 2; ?entity count: 2">
            <Axiom axiom="experimentalForm EquivalentTo PARTICIPANT some &#10;((physicalEntityParticipant and utilityClass) and (PHYSICAL-ENTITY some &#10;(entity and physicalEntity)))"/>
         </Generalisation>
         <Generalisation axiom="?cluster_1 SubClassOf PHYSICAL-ENTITY some &#10;(?entity_conjunction)" count="2" instantiationStats="?cluster_1 count: 2; ?entity count: 2">
            <Axiom axiom="sequenceParticipant SubClassOf PHYSICAL-ENTITY some &#10;(entity and physicalEntity)"/>
            <Axiom axiom="physicalEntityParticipant SubClassOf PHYSICAL-ENTITY some &#10;(entity and physicalEntity)"/>
         </Generalisation>
         <Generalisation axiom="dna SubClassOf ?entity" count="2" instantiationStats="?entity count: 2">
            <Axiom axiom="dna SubClassOf entity"/>
            <Axiom axiom="dna SubClassOf physicalEntity"/>
         </Generalisation>
         <Generalisation axiom="rna SubClassOf ?entity" count="2" instantiationStats="?entity count: 2">
            <Axiom axiom="rna SubClassOf physicalEntity"/>
            <Axiom axiom="rna SubClassOf entity"/>
         </Generalisation>
         <Generalisation axiom="?cluster_1 SubClassOf PARTICIPANT only &#10;((?cluster_1 and ?utilityClass) and (PHYSICAL-ENTITY some &#10;(?entity_conjunction)))" count="1" instantiationStats="?utilityClass count: 1; ?cluster_1 count: 2; ?entity count: 2">
            <Axiom axiom="experimentalForm SubClassOf PARTICIPANT only &#10;((physicalEntityParticipant and utilityClass) and (PHYSICAL-ENTITY some &#10;(entity and physicalEntity)))"/>
         </Generalisation>
         <Generalisation axiom="?cluster_1 EquivalentTo PHYSICAL-ENTITY some &#10;(?entity_conjunction)" count="1" instantiationStats="?cluster_1 count: 1; ?entity count: 2">
            <Axiom axiom="physicalEntityParticipant EquivalentTo PHYSICAL-ENTITY some &#10;(entity and physicalEntity)"/>
         </Generalisation>
         <Generalisation axiom="?cluster_1 SubClassOf PARTICIPANT some &#10;((?cluster_1 and ?utilityClass) and (PHYSICAL-ENTITY some &#10;(?entity_conjunction)))" count="1" instantiationStats="?utilityClass count: 1; ?cluster_1 count: 2; ?entity count: 2">
            <Axiom axiom="experimentalForm SubClassOf PARTICIPANT some &#10;((physicalEntityParticipant and utilityClass) and (PHYSICAL-ENTITY some &#10;(entity and physicalEntity)))"/>
         </Generalisation>
         <Generalisation axiom="?cluster_1 SubClassOf PHYSICAL-ENTITY only &#10;(?entity_conjunction)" count="2" instantiationStats="?cluster_1 count: 2; ?entity count: 2">
            <Axiom axiom="sequenceParticipant SubClassOf PHYSICAL-ENTITY only &#10;(entity and physicalEntity)"/>
            <Axiom axiom="physicalEntityParticipant SubClassOf PHYSICAL-ENTITY only &#10;(entity and physicalEntity)"/>
         </Generalisation>
         <Generalisation axiom="complex SubClassOf ?entity" count="2" instantiationStats="?entity count: 2">
            <Axiom axiom="complex SubClassOf entity"/>
            <Axiom axiom="complex SubClassOf physicalEntity"/>
         </Generalisation>
      </Generalisations>
   </Cluster>
</Clusters>
