<?xml version="1.0" encoding="UTF-8" standalone="no"?>
<Clusters>
   <Cluster size="45">
      <Item iri="http://purl.obofoundry.org/obo/IAO_0000003"/>
      <Item iri="http://purl.obofoundry.org/obo/IAO_0000140"/>
      <Item iri="http://purl.obofoundry.org/obo/IAO_0000001"/>
      <Item iri="http://purl.obofoundry.org/obo/IAO_0000025"/>
      <Item iri="http://purl.obofoundry.org/obo/IAO_0000101"/>
      <Item iri="http://purl.obofoundry.org/obo/IAO_0000100"/>
      <Item iri="http://purl.obofoundry.org/obo/IAO_0000181"/>
      <Item iri="http://purl.obofoundry.org/obo/IAO_0000180"/>
      <Item iri="http://purl.obofoundry.org/obo/IAO_0000088"/>
      <Item iri="http://purl.obofoundry.org/obo/IAO_0000183"/>
      <Item iri="http://purl.obofoundry.org/obo/IAO_0000038"/>
      <Item iri="http://purl.obofoundry.org/obo/IAO_0000182"/>
      <Item iri="http://purl.obofoundry.org/obo/IAO_0000064"/>
      <Item iri="http://purl.obofoundry.org/obo/IAO_0000017"/>
      <Item iri="http://purl.obofoundry.org/obo/IAO_0000065"/>
      <Item iri="http://purl.obofoundry.org/obo/IAO_0000016"/>
      <Item iri="http://purl.obofoundry.org/obo/IAO_0000184"/>
      <Item iri="http://purl.obofoundry.org/obo/IAO_0000131"/>
      <Item iri="http://purl.obofoundry.org/obo/IAO_0000132"/>
      <Item iri="http://purl.obofoundry.org/obo/IAO_0000031"/>
      <Item iri="http://purl.obofoundry.org/obo/IAO_0000013"/>
      <Item iri="http://purl.obofoundry.org/obo/IAO_0000014"/>
      <Item iri="http://purl.obofoundry.org/obo/IAO_0000032"/>
      <Item iri="http://purl.obofoundry.org/obo/IAO_0000033"/>
      <Item iri="http://purl.obofoundry.org/obo/IAO_0000034"/>
      <Item iri="http://purl.obofoundry.org/obo/IAO_0000010"/>
      <Item iri="http://purl.obofoundry.org/obo/IAO_0000011"/>
      <Item iri="http://purl.obofoundry.org/obo/IAO_0000037"/>
      <Item iri="http://purl.obofoundry.org/obo/IAO_0000104"/>
      <Item iri="http://purl.obofoundry.org/obo/IAO_0000059"/>
      <Item iri="http://purl.obofoundry.org/obo/IAO_0000028"/>
      <Item iri="http://purl.obofoundry.org/obo/IAO_0000009"/>
      <Item iri="http://purl.obofoundry.org/obo/IAO_0000057"/>
      <Item iri="http://purl.obofoundry.org/obo/IAO_0000029"/>
      <Item iri="http://purl.obofoundry.org/obo/IAO_0000055"/>
      <Item iri="http://purl.obofoundry.org/obo/IAO_0000006"/>
      <Item iri="http://purl.obofoundry.org/obo/IAO_0000005"/>
      <Item iri="http://purl.obofoundry.org/obo/IAO_0000109"/>
      <Item iri="http://purl.obofoundry.org/obo/IAO_0000079"/>
      <Item iri="http://purl.obofoundry.org/obo/IAO_0000007"/>
      <Item iri="http://purl.obofoundry.org/obo/IAO_0000179"/>
      <Item iri="http://purl.obofoundry.org/obo/IAO_0000178"/>
      <Item iri="http://purl.obofoundry.org/obo/IAO_0000098"/>
      <Item iri="http://purl.obofoundry.org/obo/IAO_0000096"/>
      <Item iri="http://purl.obofoundry.org/obo/IAO_0000129"/>
      <Generalisations>
         <Generalisation axiom="?cluster_1 SubClassOf IAO_0000136 some &#10;(?DependentContinuant_1_conjunction)" count="16" instantiationStats="?DependentContinuant_1 count: 2; ?cluster_1 count: 16">
            <Axiom axiom="IAO_0000016 SubClassOf IAO_0000136 some &#10;(RealizableEntity and SpecificallyDependentContinuant)"/>
            <Axiom axiom="IAO_0000104 SubClassOf IAO_0000136 some &#10;(RealizableEntity and SpecificallyDependentContinuant)"/>
            <Axiom axiom="IAO_0000010 SubClassOf IAO_0000136 some &#10;(RealizableEntity and SpecificallyDependentContinuant)"/>
            <Axiom axiom="IAO_0000005 SubClassOf IAO_0000136 some &#10;(RealizableEntity and SpecificallyDependentContinuant)"/>
            <Axiom axiom="IAO_0000034 SubClassOf IAO_0000136 some &#10;(RealizableEntity and SpecificallyDependentContinuant)"/>
            <Axiom axiom="IAO_0000098 SubClassOf IAO_0000136 some &#10;(RealizableEntity and SpecificallyDependentContinuant)"/>
            <Axiom axiom="IAO_0000055 SubClassOf IAO_0000136 some &#10;(RealizableEntity and SpecificallyDependentContinuant)"/>
            <Axiom axiom="IAO_0000025 SubClassOf IAO_0000136 some &#10;(RealizableEntity and SpecificallyDependentContinuant)"/>
            <Axiom axiom="IAO_0000033 SubClassOf IAO_0000136 some &#10;(RealizableEntity and SpecificallyDependentContinuant)"/>
            <Axiom axiom="IAO_0000014 SubClassOf IAO_0000136 some &#10;(RealizableEntity and SpecificallyDependentContinuant)"/>
            <Axiom axiom="IAO_0000007 SubClassOf IAO_0000136 some &#10;(RealizableEntity and SpecificallyDependentContinuant)"/>
            <Axiom axiom="IAO_0000065 SubClassOf IAO_0000136 some &#10;(RealizableEntity and SpecificallyDependentContinuant)"/>
            <Axiom axiom="IAO_0000011 SubClassOf IAO_0000136 some &#10;(RealizableEntity and SpecificallyDependentContinuant)"/>
            <Axiom axiom="IAO_0000096 SubClassOf IAO_0000136 some &#10;(RealizableEntity and SpecificallyDependentContinuant)"/>
            <Axiom axiom="IAO_0000064 SubClassOf IAO_0000136 some &#10;(RealizableEntity and SpecificallyDependentContinuant)"/>
            <Axiom axiom="IAO_0000001 SubClassOf IAO_0000136 some &#10;(RealizableEntity and SpecificallyDependentContinuant)"/>
         </Generalisation>
         <Generalisation axiom="?cluster_1 SubClassOf part_of some &#10;((IAO_0000030 and ?DependentContinuant_conjunction and ?cluster_1_conjunction) and (IAO_0000136 some &#10;(?DependentContinuant_1_conjunction)))" count="3" instantiationStats="?DependentContinuant_1 count: 2; ?DependentContinuant count: 2; ?cluster_1 count: 5">
            <Axiom axiom="IAO_0000014 SubClassOf part_of some &#10;((IAO_0000030 and IAO_0000033 and IAO_0000104 and DependentContinuant and GenericallyDependentContinuant) and (IAO_0000136 some &#10;(RealizableEntity and SpecificallyDependentContinuant)))"/>
            <Axiom axiom="IAO_0000016 SubClassOf part_of some &#10;((IAO_0000030 and IAO_0000033 and IAO_0000104 and DependentContinuant and GenericallyDependentContinuant) and (IAO_0000136 some &#10;(RealizableEntity and SpecificallyDependentContinuant)))"/>
            <Axiom axiom="IAO_0000011 SubClassOf part_of some &#10;((IAO_0000030 and IAO_0000033 and IAO_0000104 and DependentContinuant and GenericallyDependentContinuant) and (IAO_0000136 some &#10;(RealizableEntity and SpecificallyDependentContinuant)))"/>
         </Generalisation>
         <Generalisation axiom="?cluster_1 SubClassOf IAO_0000136 some Thing" count="44" instantiationStats="?cluster_1 count: 44">
            <Axiom axiom="IAO_0000031 SubClassOf IAO_0000136 some Thing"/>
            <Axiom axiom="IAO_0000034 SubClassOf IAO_0000136 some Thing"/>
            <Axiom axiom="IAO_0000037 SubClassOf IAO_0000136 some Thing"/>
            <Axiom axiom="IAO_0000014 SubClassOf IAO_0000136 some Thing"/>
            <Axiom axiom="IAO_0000028 SubClassOf IAO_0000136 some Thing"/>
            <Axiom axiom="IAO_0000180 SubClassOf IAO_0000136 some Thing"/>
            <Axiom axiom="IAO_0000013 SubClassOf IAO_0000136 some Thing"/>
            <Axiom axiom="IAO_0000017 SubClassOf IAO_0000136 some Thing"/>
            <Axiom axiom="IAO_0000057 SubClassOf IAO_0000136 some Thing"/>
            <Axiom axiom="IAO_0000033 SubClassOf IAO_0000136 some Thing"/>
            <Axiom axiom="IAO_0000101 SubClassOf IAO_0000136 some Thing"/>
            <Axiom axiom="IAO_0000006 SubClassOf IAO_0000136 some Thing"/>
            <Axiom axiom="IAO_0000016 SubClassOf IAO_0000136 some Thing"/>
            <Axiom axiom="IAO_0000064 SubClassOf IAO_0000136 some Thing"/>
            <Axiom axiom="IAO_0000001 SubClassOf IAO_0000136 some Thing"/>
            <Axiom axiom="IAO_0000179 SubClassOf IAO_0000136 some Thing"/>
            <Axiom axiom="IAO_0000183 SubClassOf IAO_0000136 some Thing"/>
            <Axiom axiom="IAO_0000005 SubClassOf IAO_0000136 some Thing"/>
            <Axiom axiom="IAO_0000184 SubClassOf IAO_0000136 some Thing"/>
            <Axiom axiom="IAO_0000065 SubClassOf IAO_0000136 some Thing"/>
            <Axiom axiom="IAO_0000079 SubClassOf IAO_0000136 some Thing"/>
            <Axiom axiom="IAO_0000182 SubClassOf IAO_0000136 some Thing"/>
            <Axiom axiom="IAO_0000181 SubClassOf IAO_0000136 some Thing"/>
            <Axiom axiom="IAO_0000007 SubClassOf IAO_0000136 some Thing"/>
            <Axiom axiom="IAO_0000098 SubClassOf IAO_0000136 some Thing"/>
            <Axiom axiom="IAO_0000129 SubClassOf IAO_0000136 some Thing"/>
            <Axiom axiom="IAO_0000096 SubClassOf IAO_0000136 some Thing"/>
            <Axiom axiom="IAO_0000055 SubClassOf IAO_0000136 some Thing"/>
            <Axiom axiom="IAO_0000038 SubClassOf IAO_0000136 some Thing"/>
            <Axiom axiom="IAO_0000003 SubClassOf IAO_0000136 some Thing"/>
            <Axiom axiom="IAO_0000032 SubClassOf IAO_0000136 some Thing"/>
            <Axiom axiom="IAO_0000140 SubClassOf IAO_0000136 some Thing"/>
            <Axiom axiom="IAO_0000109 SubClassOf IAO_0000136 some Thing"/>
            <Axiom axiom="IAO_0000025 SubClassOf IAO_0000136 some Thing"/>
            <Axiom axiom="IAO_0000029 SubClassOf IAO_0000136 some Thing"/>
            <Axiom axiom="IAO_0000088 SubClassOf IAO_0000136 some Thing"/>
            <Axiom axiom="IAO_0000131 SubClassOf IAO_0000136 some Thing"/>
            <Axiom axiom="IAO_0000100 SubClassOf IAO_0000136 some Thing"/>
            <Axiom axiom="IAO_0000009 SubClassOf IAO_0000136 some Thing"/>
            <Axiom axiom="IAO_0000011 SubClassOf IAO_0000136 some Thing"/>
            <Axiom axiom="IAO_0000059 SubClassOf IAO_0000136 some Thing"/>
            <Axiom axiom="IAO_0000104 SubClassOf IAO_0000136 some Thing"/>
            <Axiom axiom="IAO_0000132 SubClassOf IAO_0000136 some Thing"/>
            <Axiom axiom="IAO_0000010 SubClassOf IAO_0000136 some Thing"/>
         </Generalisation>
         <Generalisation axiom="?cluster_1 SubClassOf has_part some Thing" count="6" instantiationStats="?cluster_1 count: 6">
            <Axiom axiom="IAO_0000025 SubClassOf has_part some Thing"/>
            <Axiom axiom="IAO_0000032 SubClassOf has_part some Thing"/>
            <Axiom axiom="IAO_0000064 SubClassOf has_part some Thing"/>
            <Axiom axiom="IAO_0000010 SubClassOf has_part some Thing"/>
            <Axiom axiom="IAO_0000065 SubClassOf has_part some Thing"/>
            <Axiom axiom="IAO_0000104 SubClassOf has_part some Thing"/>
         </Generalisation>
         <Generalisation axiom="?cluster_1 SubClassOf part_of some Thing" count="14" instantiationStats="?cluster_1 count: 14">
            <Axiom axiom="IAO_0000182 SubClassOf part_of some Thing"/>
            <Axiom axiom="IAO_0000184 SubClassOf part_of some Thing"/>
            <Axiom axiom="IAO_0000011 SubClassOf part_of some Thing"/>
            <Axiom axiom="IAO_0000079 SubClassOf part_of some Thing"/>
            <Axiom axiom="IAO_0000057 SubClassOf part_of some Thing"/>
            <Axiom axiom="IAO_0000016 SubClassOf part_of some Thing"/>
            <Axiom axiom="IAO_0000180 SubClassOf part_of some Thing"/>
            <Axiom axiom="IAO_0000038 SubClassOf part_of some Thing"/>
            <Axiom axiom="IAO_0000181 SubClassOf part_of some Thing"/>
            <Axiom axiom="IAO_0000059 SubClassOf part_of some Thing"/>
            <Axiom axiom="IAO_0000183 SubClassOf part_of some Thing"/>
            <Axiom axiom="IAO_0000179 SubClassOf part_of some Thing"/>
            <Axiom axiom="IAO_0000014 SubClassOf part_of some Thing"/>
            <Axiom axiom="IAO_0000037 SubClassOf part_of some Thing"/>
         </Generalisation>
         <Generalisation axiom="?cluster_1 SubClassOf has_part some &#10;((IAO_0000030 and ?DependentContinuant_conjunction and ?cluster_1_conjunction) and (IAO_0000136 some &#10;(?DependentContinuant_1_conjunction)))" count="10" instantiationStats="?DependentContinuant_1 count: 2; ?DependentContinuant count: 2; ?cluster_1 count: 8">
            <Axiom axiom="IAO_0000065 SubClassOf has_part some &#10;((IAO_0000005 and IAO_0000030 and IAO_0000033 and DependentContinuant and GenericallyDependentContinuant) and (IAO_0000136 some &#10;(RealizableEntity and SpecificallyDependentContinuant)))"/>
            <Axiom axiom="IAO_0000010 SubClassOf has_part some &#10;((IAO_0000007 and IAO_0000030 and IAO_0000033 and DependentContinuant and GenericallyDependentContinuant) and (IAO_0000136 some &#10;(RealizableEntity and SpecificallyDependentContinuant)))"/>
            <Axiom axiom="IAO_0000064 SubClassOf has_part some &#10;((IAO_0000007 and IAO_0000030 and IAO_0000033 and DependentContinuant and GenericallyDependentContinuant) and (IAO_0000136 some &#10;(RealizableEntity and SpecificallyDependentContinuant)))"/>
            <Axiom axiom="IAO_0000064 SubClassOf has_part some &#10;((IAO_0000005 and IAO_0000030 and IAO_0000033 and DependentContinuant and GenericallyDependentContinuant) and (IAO_0000136 some &#10;(RealizableEntity and SpecificallyDependentContinuant)))"/>
            <Axiom axiom="IAO_0000065 SubClassOf has_part some &#10;((IAO_0000007 and IAO_0000030 and IAO_0000033 and DependentContinuant and GenericallyDependentContinuant) and (IAO_0000136 some &#10;(RealizableEntity and SpecificallyDependentContinuant)))"/>
            <Axiom axiom="IAO_0000025 SubClassOf has_part some &#10;((IAO_0000007 and IAO_0000030 and IAO_0000033 and DependentContinuant and GenericallyDependentContinuant) and (IAO_0000136 some &#10;(RealizableEntity and SpecificallyDependentContinuant)))"/>
            <Axiom axiom="IAO_0000104 SubClassOf has_part some &#10;((IAO_0000007 and IAO_0000030 and IAO_0000033 and DependentContinuant and GenericallyDependentContinuant) and (IAO_0000136 some &#10;(RealizableEntity and SpecificallyDependentContinuant)))"/>
            <Axiom axiom="IAO_0000025 SubClassOf has_part some &#10;((IAO_0000005 and IAO_0000030 and IAO_0000033 and DependentContinuant and GenericallyDependentContinuant) and (IAO_0000136 some &#10;(RealizableEntity and SpecificallyDependentContinuant)))"/>
            <Axiom axiom="IAO_0000104 SubClassOf has_part some &#10;((IAO_0000005 and IAO_0000030 and IAO_0000033 and DependentContinuant and GenericallyDependentContinuant) and (IAO_0000136 some &#10;(RealizableEntity and SpecificallyDependentContinuant)))"/>
            <Axiom axiom="IAO_0000010 SubClassOf has_part some &#10;((IAO_0000005 and IAO_0000030 and IAO_0000033 and DependentContinuant and GenericallyDependentContinuant) and (IAO_0000136 some &#10;(RealizableEntity and SpecificallyDependentContinuant)))"/>
         </Generalisation>
         <Generalisation axiom="IAO_0000035 SubClassOf ?cluster_1" count="1" instantiationStats="?cluster_1 count: 1">
            <Axiom axiom="IAO_0000035 SubClassOf IAO_0000006"/>
         </Generalisation>
         <Generalisation axiom="?cluster_1 SubClassOf bearer_of some Thing" count="1" instantiationStats="?cluster_1 count: 1">
            <Axiom axiom="IAO_0000178 SubClassOf bearer_of some Thing"/>
         </Generalisation>
         <Generalisation axiom="?cluster_1 SubClassOf ?cluster_1" count="64" instantiationStats="?cluster_1 count: 41">
            <Axiom axiom="IAO_0000010 SubClassOf IAO_0000033"/>
            <Axiom axiom="IAO_0000059 SubClassOf IAO_0000006"/>
            <Axiom axiom="IAO_0000013 SubClassOf IAO_0000006"/>
            <Axiom axiom="IAO_0000055 SubClassOf IAO_0000001"/>
            <Axiom axiom="IAO_0000064 SubClassOf IAO_0000033"/>
            <Axiom axiom="IAO_0000034 SubClassOf IAO_0000033"/>
            <Axiom axiom="IAO_0000183 SubClassOf IAO_0000059"/>
            <Axiom axiom="IAO_0000057 SubClassOf IAO_0000006"/>
            <Axiom axiom="IAO_0000031 SubClassOf IAO_0000028"/>
            <Axiom axiom="IAO_0000007 SubClassOf IAO_0000033"/>
            <Axiom axiom="IAO_0000025 SubClassOf IAO_0000104"/>
            <Axiom axiom="IAO_0000104 SubClassOf IAO_0000033"/>
            <Axiom axiom="IAO_0000079 SubClassOf IAO_0000038"/>
            <Axiom axiom="IAO_0000001 SubClassOf IAO_0000033"/>
            <Axiom axiom="IAO_0000037 SubClassOf IAO_0000006"/>
            <Axiom axiom="IAO_0000029 SubClassOf IAO_0000028"/>
            <Axiom axiom="IAO_0000179 SubClassOf IAO_0000038"/>
            <Axiom axiom="IAO_0000055 SubClassOf IAO_0000033"/>
            <Axiom axiom="IAO_0000014 SubClassOf IAO_0000033"/>
            <Axiom axiom="IAO_0000180 SubClassOf IAO_0000059"/>
            <Axiom axiom="IAO_0000182 SubClassOf IAO_0000006"/>
            <Axiom axiom="IAO_0000183 SubClassOf IAO_0000006"/>
            <Axiom axiom="IAO_0000181 SubClassOf IAO_0000038"/>
            <Axiom axiom="IAO_0000184 SubClassOf IAO_0000038"/>
            <Axiom axiom="IAO_0000181 SubClassOf IAO_0000006"/>
            <Axiom axiom="IAO_0000065 SubClassOf IAO_0000064"/>
            <Axiom axiom="IAO_0000013 SubClassOf IAO_0000088"/>
            <Axiom axiom="IAO_0000064 SubClassOf IAO_0000104"/>
            <Axiom axiom="IAO_0000011 SubClassOf IAO_0000033"/>
            <Axiom axiom="IAO_0000179 SubClassOf IAO_0000059"/>
            <Axiom axiom="IAO_0000025 SubClassOf IAO_0000033"/>
            <Axiom axiom="IAO_0000010 SubClassOf IAO_0000104"/>
            <Axiom axiom="IAO_0000088 SubClassOf IAO_0000006"/>
            <Axiom axiom="IAO_0000038 SubClassOf IAO_0000059"/>
            <Axiom axiom="IAO_0000182 SubClassOf IAO_0000038"/>
            <Axiom axiom="IAO_0000037 SubClassOf IAO_0000038"/>
            <Axiom axiom="IAO_0000096 SubClassOf IAO_0000033"/>
            <Axiom axiom="IAO_0000132 SubClassOf IAO_0000028"/>
            <Axiom axiom="IAO_0000184 SubClassOf IAO_0000006"/>
            <Axiom axiom="IAO_0000184 SubClassOf IAO_0000059"/>
            <Axiom axiom="IAO_0000038 SubClassOf IAO_0000006"/>
            <Axiom axiom="IAO_0000065 SubClassOf IAO_0000104"/>
            <Axiom axiom="IAO_0000032 SubClassOf IAO_0000109"/>
            <Axiom axiom="IAO_0000180 SubClassOf IAO_0000006"/>
            <Axiom axiom="IAO_0000065 SubClassOf IAO_0000033"/>
            <Axiom axiom="IAO_0000003 SubClassOf IAO_0000009"/>
            <Axiom axiom="IAO_0000079 SubClassOf IAO_0000059"/>
            <Axiom axiom="IAO_0000037 SubClassOf IAO_0000059"/>
            <Axiom axiom="IAO_0000057 SubClassOf IAO_0000059"/>
            <Axiom axiom="IAO_0000005 SubClassOf IAO_0000033"/>
            <Axiom axiom="IAO_0000031 SubClassOf IAO_0000029"/>
            <Axiom axiom="IAO_0000098 SubClassOf IAO_0000033"/>
            <Axiom axiom="IAO_0000057 SubClassOf IAO_0000038"/>
            <Axiom axiom="IAO_0000183 SubClassOf IAO_0000038"/>
            <Axiom axiom="IAO_0000017 SubClassOf IAO_0000028"/>
            <Axiom axiom="IAO_0000179 SubClassOf IAO_0000006"/>
            <Axiom axiom="IAO_0000129 SubClassOf IAO_0000028"/>
            <Axiom axiom="IAO_0000034 SubClassOf IAO_0000001"/>
            <Axiom axiom="IAO_0000079 SubClassOf IAO_0000006"/>
            <Axiom axiom="IAO_0000180 SubClassOf IAO_0000038"/>
            <Axiom axiom="IAO_0000181 SubClassOf IAO_0000059"/>
            <Axiom axiom="IAO_0000131 SubClassOf IAO_0000028"/>
            <Axiom axiom="IAO_0000182 SubClassOf IAO_0000059"/>
            <Axiom axiom="IAO_0000016 SubClassOf IAO_0000033"/>
         </Generalisation>
         <Generalisation axiom="?cluster_1 SubClassOf part_of some &#10;((IAO_0000030 and ?DependentContinuant_conjunction and ?cluster_1_conjunction) and (has_part some &#10;((IAO_0000030 and ?DependentContinuant_conjunction and ?cluster_1_conjunction) and (IAO_0000136 some &#10;(?DependentContinuant_1_conjunction)))))" count="9" instantiationStats="?DependentContinuant_1 count: 2; ?DependentContinuant count: 2; ?cluster_1 count: 7">
            <Axiom axiom="IAO_0000011 SubClassOf part_of some &#10;((IAO_0000030 and IAO_0000033 and IAO_0000104 and DependentContinuant and GenericallyDependentContinuant) and (has_part some &#10;((IAO_0000011 and IAO_0000030 and IAO_0000033 and DependentContinuant and GenericallyDependentContinuant) and (IAO_0000136 some &#10;(RealizableEntity and SpecificallyDependentContinuant)))))"/>
            <Axiom axiom="IAO_0000011 SubClassOf part_of some &#10;((IAO_0000030 and IAO_0000033 and IAO_0000104 and DependentContinuant and GenericallyDependentContinuant) and (has_part some &#10;((IAO_0000007 and IAO_0000030 and IAO_0000033 and DependentContinuant and GenericallyDependentContinuant) and (IAO_0000136 some &#10;(RealizableEntity and SpecificallyDependentContinuant)))))"/>
            <Axiom axiom="IAO_0000016 SubClassOf part_of some &#10;((IAO_0000030 and IAO_0000033 and IAO_0000104 and DependentContinuant and GenericallyDependentContinuant) and (has_part some &#10;((IAO_0000016 and IAO_0000030 and IAO_0000033 and DependentContinuant and GenericallyDependentContinuant) and (IAO_0000136 some &#10;(RealizableEntity and SpecificallyDependentContinuant)))))"/>
            <Axiom axiom="IAO_0000014 SubClassOf part_of some &#10;((IAO_0000030 and IAO_0000033 and IAO_0000104 and DependentContinuant and GenericallyDependentContinuant) and (has_part some &#10;((IAO_0000007 and IAO_0000030 and IAO_0000033 and DependentContinuant and GenericallyDependentContinuant) and (IAO_0000136 some &#10;(RealizableEntity and SpecificallyDependentContinuant)))))"/>
            <Axiom axiom="IAO_0000016 SubClassOf part_of some &#10;((IAO_0000030 and IAO_0000033 and IAO_0000104 and DependentContinuant and GenericallyDependentContinuant) and (has_part some &#10;((IAO_0000005 and IAO_0000030 and IAO_0000033 and DependentContinuant and GenericallyDependentContinuant) and (IAO_0000136 some &#10;(RealizableEntity and SpecificallyDependentContinuant)))))"/>
            <Axiom axiom="IAO_0000014 SubClassOf part_of some &#10;((IAO_0000030 and IAO_0000033 and IAO_0000104 and DependentContinuant and GenericallyDependentContinuant) and (has_part some &#10;((IAO_0000014 and IAO_0000030 and IAO_0000033 and DependentContinuant and GenericallyDependentContinuant) and (IAO_0000136 some &#10;(RealizableEntity and SpecificallyDependentContinuant)))))"/>
            <Axiom axiom="IAO_0000011 SubClassOf part_of some &#10;((IAO_0000030 and IAO_0000033 and IAO_0000104 and DependentContinuant and GenericallyDependentContinuant) and (has_part some &#10;((IAO_0000005 and IAO_0000030 and IAO_0000033 and DependentContinuant and GenericallyDependentContinuant) and (IAO_0000136 some &#10;(RealizableEntity and SpecificallyDependentContinuant)))))"/>
            <Axiom axiom="IAO_0000014 SubClassOf part_of some &#10;((IAO_0000030 and IAO_0000033 and IAO_0000104 and DependentContinuant and GenericallyDependentContinuant) and (has_part some &#10;((IAO_0000005 and IAO_0000030 and IAO_0000033 and DependentContinuant and GenericallyDependentContinuant) and (IAO_0000136 some &#10;(RealizableEntity and SpecificallyDependentContinuant)))))"/>
            <Axiom axiom="IAO_0000016 SubClassOf part_of some &#10;((IAO_0000030 and IAO_0000033 and IAO_0000104 and DependentContinuant and GenericallyDependentContinuant) and (has_part some &#10;((IAO_0000007 and IAO_0000030 and IAO_0000033 and DependentContinuant and GenericallyDependentContinuant) and (IAO_0000136 some &#10;(RealizableEntity and SpecificallyDependentContinuant)))))"/>
         </Generalisation>
         <Generalisation axiom="IAO_0000128 SubClassOf ?cluster_1" count="1" instantiationStats="?cluster_1 count: 1">
            <Axiom axiom="IAO_0000128 SubClassOf IAO_0000028"/>
         </Generalisation>
         <Generalisation axiom="IAO_0000097 SubClassOf ?cluster_1" count="1" instantiationStats="?cluster_1 count: 1">
            <Axiom axiom="IAO_0000097 SubClassOf IAO_0000006"/>
         </Generalisation>
         <Generalisation axiom="?cluster_1 SubClassOf IAO_0000027" count="13" instantiationStats="?cluster_1 count: 13">
            <Axiom axiom="IAO_0000109 SubClassOf IAO_0000027"/>
            <Axiom axiom="IAO_0000140 SubClassOf IAO_0000027"/>
            <Axiom axiom="IAO_0000132 SubClassOf IAO_0000027"/>
            <Axiom axiom="IAO_0000009 SubClassOf IAO_0000027"/>
            <Axiom axiom="IAO_0000100 SubClassOf IAO_0000027"/>
            <Axiom axiom="IAO_0000017 SubClassOf IAO_0000027"/>
            <Axiom axiom="IAO_0000003 SubClassOf IAO_0000027"/>
            <Axiom axiom="IAO_0000032 SubClassOf IAO_0000027"/>
            <Axiom axiom="IAO_0000028 SubClassOf IAO_0000027"/>
            <Axiom axiom="IAO_0000129 SubClassOf IAO_0000027"/>
            <Axiom axiom="IAO_0000131 SubClassOf IAO_0000027"/>
            <Axiom axiom="IAO_0000031 SubClassOf IAO_0000027"/>
            <Axiom axiom="IAO_0000029 SubClassOf IAO_0000027"/>
         </Generalisation>
         <Generalisation axiom="?cluster_1 SubClassOf MaterialEntity" count="1" instantiationStats="?cluster_1 count: 1">
            <Axiom axiom="IAO_0000178 SubClassOf MaterialEntity"/>
         </Generalisation>
         <Generalisation axiom="?cluster_1 SubClassOf ?DependentContinuant" count="88" instantiationStats="?DependentContinuant count: 2; ?cluster_1 count: 44">
            <Axiom axiom="IAO_0000100 SubClassOf GenericallyDependentContinuant"/>
            <Axiom axiom="IAO_0000064 SubClassOf DependentContinuant"/>
            <Axiom axiom="IAO_0000088 SubClassOf GenericallyDependentContinuant"/>
            <Axiom axiom="IAO_0000079 SubClassOf GenericallyDependentContinuant"/>
            <Axiom axiom="IAO_0000059 SubClassOf DependentContinuant"/>
            <Axiom axiom="IAO_0000181 SubClassOf GenericallyDependentContinuant"/>
            <Axiom axiom="IAO_0000029 SubClassOf GenericallyDependentContinuant"/>
            <Axiom axiom="IAO_0000011 SubClassOf GenericallyDependentContinuant"/>
            <Axiom axiom="IAO_0000038 SubClassOf GenericallyDependentContinuant"/>
            <Axiom axiom="IAO_0000014 SubClassOf GenericallyDependentContinuant"/>
            <Axiom axiom="IAO_0000057 SubClassOf GenericallyDependentContinuant"/>
            <Axiom axiom="IAO_0000055 SubClassOf DependentContinuant"/>
            <Axiom axiom="IAO_0000037 SubClassOf DependentContinuant"/>
            <Axiom axiom="IAO_0000065 SubClassOf DependentContinuant"/>
            <Axiom axiom="IAO_0000016 SubClassOf GenericallyDependentContinuant"/>
            <Axiom axiom="IAO_0000038 SubClassOf DependentContinuant"/>
            <Axiom axiom="IAO_0000180 SubClassOf DependentContinuant"/>
            <Axiom axiom="IAO_0000140 SubClassOf GenericallyDependentContinuant"/>
            <Axiom axiom="IAO_0000029 SubClassOf DependentContinuant"/>
            <Axiom axiom="IAO_0000028 SubClassOf GenericallyDependentContinuant"/>
            <Axiom axiom="IAO_0000101 SubClassOf GenericallyDependentContinuant"/>
            <Axiom axiom="IAO_0000011 SubClassOf DependentContinuant"/>
            <Axiom axiom="IAO_0000033 SubClassOf DependentContinuant"/>
            <Axiom axiom="IAO_0000010 SubClassOf GenericallyDependentContinuant"/>
            <Axiom axiom="IAO_0000101 SubClassOf DependentContinuant"/>
            <Axiom axiom="IAO_0000131 SubClassOf GenericallyDependentContinuant"/>
            <Axiom axiom="IAO_0000057 SubClassOf DependentContinuant"/>
            <Axiom axiom="IAO_0000129 SubClassOf GenericallyDependentContinuant"/>
            <Axiom axiom="IAO_0000031 SubClassOf DependentContinuant"/>
            <Axiom axiom="IAO_0000037 SubClassOf GenericallyDependentContinuant"/>
            <Axiom axiom="IAO_0000010 SubClassOf DependentContinuant"/>
            <Axiom axiom="IAO_0000109 SubClassOf GenericallyDependentContinuant"/>
            <Axiom axiom="IAO_0000031 SubClassOf GenericallyDependentContinuant"/>
            <Axiom axiom="IAO_0000006 SubClassOf DependentContinuant"/>
            <Axiom axiom="IAO_0000028 SubClassOf DependentContinuant"/>
            <Axiom axiom="IAO_0000064 SubClassOf GenericallyDependentContinuant"/>
            <Axiom axiom="IAO_0000025 SubClassOf GenericallyDependentContinuant"/>
            <Axiom axiom="IAO_0000100 SubClassOf DependentContinuant"/>
            <Axiom axiom="IAO_0000179 SubClassOf DependentContinuant"/>
            <Axiom axiom="IAO_0000182 SubClassOf DependentContinuant"/>
            <Axiom axiom="IAO_0000032 SubClassOf GenericallyDependentContinuant"/>
            <Axiom axiom="IAO_0000184 SubClassOf DependentContinuant"/>
            <Axiom axiom="IAO_0000079 SubClassOf DependentContinuant"/>
            <Axiom axiom="IAO_0000017 SubClassOf DependentContinuant"/>
            <Axiom axiom="IAO_0000182 SubClassOf GenericallyDependentContinuant"/>
            <Axiom axiom="IAO_0000009 SubClassOf DependentContinuant"/>
            <Axiom axiom="IAO_0000014 SubClassOf DependentContinuant"/>
            <Axiom axiom="IAO_0000184 SubClassOf GenericallyDependentContinuant"/>
            <Axiom axiom="IAO_0000179 SubClassOf GenericallyDependentContinuant"/>
            <Axiom axiom="IAO_0000055 SubClassOf GenericallyDependentContinuant"/>
            <Axiom axiom="IAO_0000096 SubClassOf GenericallyDependentContinuant"/>
            <Axiom axiom="IAO_0000183 SubClassOf GenericallyDependentContinuant"/>
            <Axiom axiom="IAO_0000025 SubClassOf DependentContinuant"/>
            <Axiom axiom="IAO_0000003 SubClassOf GenericallyDependentContinuant"/>
            <Axiom axiom="IAO_0000132 SubClassOf DependentContinuant"/>
            <Axiom axiom="IAO_0000001 SubClassOf DependentContinuant"/>
            <Axiom axiom="IAO_0000005 SubClassOf GenericallyDependentContinuant"/>
            <Axiom axiom="IAO_0000098 SubClassOf DependentContinuant"/>
            <Axiom axiom="IAO_0000180 SubClassOf GenericallyDependentContinuant"/>
            <Axiom axiom="IAO_0000088 SubClassOf DependentContinuant"/>
            <Axiom axiom="IAO_0000034 SubClassOf DependentContinuant"/>
            <Axiom axiom="IAO_0000033 SubClassOf GenericallyDependentContinuant"/>
            <Axiom axiom="IAO_0000017 SubClassOf GenericallyDependentContinuant"/>
            <Axiom axiom="IAO_0000104 SubClassOf GenericallyDependentContinuant"/>
            <Axiom axiom="IAO_0000183 SubClassOf DependentContinuant"/>
            <Axiom axiom="IAO_0000003 SubClassOf DependentContinuant"/>
            <Axiom axiom="IAO_0000131 SubClassOf DependentContinuant"/>
            <Axiom axiom="IAO_0000096 SubClassOf DependentContinuant"/>
            <Axiom axiom="IAO_0000001 SubClassOf GenericallyDependentContinuant"/>
            <Axiom axiom="IAO_0000013 SubClassOf DependentContinuant"/>
            <Axiom axiom="IAO_0000007 SubClassOf DependentContinuant"/>
            <Axiom axiom="IAO_0000181 SubClassOf DependentContinuant"/>
            <Axiom axiom="IAO_0000013 SubClassOf GenericallyDependentContinuant"/>
            <Axiom axiom="IAO_0000009 SubClassOf GenericallyDependentContinuant"/>
            <Axiom axiom="IAO_0000104 SubClassOf DependentContinuant"/>
            <Axiom axiom="IAO_0000005 SubClassOf DependentContinuant"/>
            <Axiom axiom="IAO_0000006 SubClassOf GenericallyDependentContinuant"/>
            <Axiom axiom="IAO_0000129 SubClassOf DependentContinuant"/>
            <Axiom axiom="IAO_0000032 SubClassOf DependentContinuant"/>
            <Axiom axiom="IAO_0000007 SubClassOf GenericallyDependentContinuant"/>
            <Axiom axiom="IAO_0000016 SubClassOf DependentContinuant"/>
            <Axiom axiom="IAO_0000140 SubClassOf DependentContinuant"/>
            <Axiom axiom="IAO_0000109 SubClassOf DependentContinuant"/>
            <Axiom axiom="IAO_0000132 SubClassOf GenericallyDependentContinuant"/>
            <Axiom axiom="IAO_0000098 SubClassOf GenericallyDependentContinuant"/>
            <Axiom axiom="IAO_0000034 SubClassOf GenericallyDependentContinuant"/>
            <Axiom axiom="IAO_0000059 SubClassOf GenericallyDependentContinuant"/>
            <Axiom axiom="IAO_0000065 SubClassOf GenericallyDependentContinuant"/>
         </Generalisation>
         <Generalisation axiom="?cluster_1 SubClassOf IAO_0000091" count="11" instantiationStats="?cluster_1 count: 11">
            <Axiom axiom="IAO_0000181 SubClassOf IAO_0000091"/>
            <Axiom axiom="IAO_0000059 SubClassOf IAO_0000091"/>
            <Axiom axiom="IAO_0000037 SubClassOf IAO_0000091"/>
            <Axiom axiom="IAO_0000184 SubClassOf IAO_0000091"/>
            <Axiom axiom="IAO_0000057 SubClassOf IAO_0000091"/>
            <Axiom axiom="IAO_0000182 SubClassOf IAO_0000091"/>
            <Axiom axiom="IAO_0000179 SubClassOf IAO_0000091"/>
            <Axiom axiom="IAO_0000079 SubClassOf IAO_0000091"/>
            <Axiom axiom="IAO_0000183 SubClassOf IAO_0000091"/>
            <Axiom axiom="IAO_0000180 SubClassOf IAO_0000091"/>
            <Axiom axiom="IAO_0000038 SubClassOf IAO_0000091"/>
         </Generalisation>
         <Generalisation axiom="?cluster_1 SubClassOf IndependentContinuant" count="1" instantiationStats="?cluster_1 count: 1">
            <Axiom axiom="IAO_0000178 SubClassOf IndependentContinuant"/>
         </Generalisation>
         <Generalisation axiom="?cluster_1 SubClassOf IAO_0000039 some Thing" count="1" instantiationStats="?cluster_1 count: 1">
            <Axiom axiom="IAO_0000032 SubClassOf IAO_0000039 some Thing"/>
         </Generalisation>
         <Generalisation axiom="?cluster_1 SubClassOf IAO_0000128" count="4" instantiationStats="?cluster_1 count: 4">
            <Axiom axiom="IAO_0000131 SubClassOf IAO_0000128"/>
            <Axiom axiom="IAO_0000017 SubClassOf IAO_0000128"/>
            <Axiom axiom="IAO_0000132 SubClassOf IAO_0000128"/>
            <Axiom axiom="IAO_0000129 SubClassOf IAO_0000128"/>
         </Generalisation>
         <Generalisation axiom="?cluster_1 SubClassOf IAO_0000030" count="44" instantiationStats="?cluster_1 count: 44">
            <Axiom axiom="IAO_0000109 SubClassOf IAO_0000030"/>
            <Axiom axiom="IAO_0000038 SubClassOf IAO_0000030"/>
            <Axiom axiom="IAO_0000131 SubClassOf IAO_0000030"/>
            <Axiom axiom="IAO_0000180 SubClassOf IAO_0000030"/>
            <Axiom axiom="IAO_0000003 SubClassOf IAO_0000030"/>
            <Axiom axiom="IAO_0000007 SubClassOf IAO_0000030"/>
            <Axiom axiom="IAO_0000183 SubClassOf IAO_0000030"/>
            <Axiom axiom="IAO_0000006 SubClassOf IAO_0000030"/>
            <Axiom axiom="IAO_0000037 SubClassOf IAO_0000030"/>
            <Axiom axiom="IAO_0000034 SubClassOf IAO_0000030"/>
            <Axiom axiom="IAO_0000098 SubClassOf IAO_0000030"/>
            <Axiom axiom="IAO_0000005 SubClassOf IAO_0000030"/>
            <Axiom axiom="IAO_0000129 SubClassOf IAO_0000030"/>
            <Axiom axiom="IAO_0000001 SubClassOf IAO_0000030"/>
            <Axiom axiom="IAO_0000059 SubClassOf IAO_0000030"/>
            <Axiom axiom="IAO_0000031 SubClassOf IAO_0000030"/>
            <Axiom axiom="IAO_0000011 SubClassOf IAO_0000030"/>
            <Axiom axiom="IAO_0000064 SubClassOf IAO_0000030"/>
            <Axiom axiom="IAO_0000181 SubClassOf IAO_0000030"/>
            <Axiom axiom="IAO_0000025 SubClassOf IAO_0000030"/>
            <Axiom axiom="IAO_0000132 SubClassOf IAO_0000030"/>
            <Axiom axiom="IAO_0000014 SubClassOf IAO_0000030"/>
            <Axiom axiom="IAO_0000029 SubClassOf IAO_0000030"/>
            <Axiom axiom="IAO_0000055 SubClassOf IAO_0000030"/>
            <Axiom axiom="IAO_0000140 SubClassOf IAO_0000030"/>
            <Axiom axiom="IAO_0000032 SubClassOf IAO_0000030"/>
            <Axiom axiom="IAO_0000182 SubClassOf IAO_0000030"/>
            <Axiom axiom="IAO_0000179 SubClassOf IAO_0000030"/>
            <Axiom axiom="IAO_0000079 SubClassOf IAO_0000030"/>
            <Axiom axiom="IAO_0000184 SubClassOf IAO_0000030"/>
            <Axiom axiom="IAO_0000065 SubClassOf IAO_0000030"/>
            <Axiom axiom="IAO_0000017 SubClassOf IAO_0000030"/>
            <Axiom axiom="IAO_0000010 SubClassOf IAO_0000030"/>
            <Axiom axiom="IAO_0000028 SubClassOf IAO_0000030"/>
            <Axiom axiom="IAO_0000104 SubClassOf IAO_0000030"/>
            <Axiom axiom="IAO_0000100 SubClassOf IAO_0000030"/>
            <Axiom axiom="IAO_0000016 SubClassOf IAO_0000030"/>
            <Axiom axiom="IAO_0000096 SubClassOf IAO_0000030"/>
            <Axiom axiom="IAO_0000009 SubClassOf IAO_0000030"/>
            <Axiom axiom="IAO_0000088 SubClassOf IAO_0000030"/>
            <Axiom axiom="IAO_0000101 SubClassOf IAO_0000030"/>
            <Axiom axiom="IAO_0000057 SubClassOf IAO_0000030"/>
            <Axiom axiom="IAO_0000013 SubClassOf IAO_0000030"/>
            <Axiom axiom="IAO_0000033 SubClassOf IAO_0000030"/>
         </Generalisation>
         <Generalisation axiom="IAO_0000091 SubClassOf ?cluster_1" count="1" instantiationStats="?cluster_1 count: 1">
            <Axiom axiom="IAO_0000091 SubClassOf IAO_0000006"/>
         </Generalisation>
      </Generalisations>
   </Cluster>
   <Cluster size="2">
      <Item iri="http://www.ifomis.org/bfo/1.1/snap#SpecificallyDependentContinuant"/>
      <Item iri="http://www.ifomis.org/bfo/1.1/snap#RealizableEntity"/>
      <Generalisations>
         <Generalisation axiom="?cluster_1 SubClassOf IAO_0000136 some &#10;(?DependentContinuant_1_conjunction)" count="16" instantiationStats="?DependentContinuant_1 count: 2; ?cluster_1 count: 16">
            <Axiom axiom="IAO_0000016 SubClassOf IAO_0000136 some &#10;(RealizableEntity and SpecificallyDependentContinuant)"/>
            <Axiom axiom="IAO_0000104 SubClassOf IAO_0000136 some &#10;(RealizableEntity and SpecificallyDependentContinuant)"/>
            <Axiom axiom="IAO_0000010 SubClassOf IAO_0000136 some &#10;(RealizableEntity and SpecificallyDependentContinuant)"/>
            <Axiom axiom="IAO_0000005 SubClassOf IAO_0000136 some &#10;(RealizableEntity and SpecificallyDependentContinuant)"/>
            <Axiom axiom="IAO_0000034 SubClassOf IAO_0000136 some &#10;(RealizableEntity and SpecificallyDependentContinuant)"/>
            <Axiom axiom="IAO_0000098 SubClassOf IAO_0000136 some &#10;(RealizableEntity and SpecificallyDependentContinuant)"/>
            <Axiom axiom="IAO_0000055 SubClassOf IAO_0000136 some &#10;(RealizableEntity and SpecificallyDependentContinuant)"/>
            <Axiom axiom="IAO_0000025 SubClassOf IAO_0000136 some &#10;(RealizableEntity and SpecificallyDependentContinuant)"/>
            <Axiom axiom="IAO_0000033 SubClassOf IAO_0000136 some &#10;(RealizableEntity and SpecificallyDependentContinuant)"/>
            <Axiom axiom="IAO_0000014 SubClassOf IAO_0000136 some &#10;(RealizableEntity and SpecificallyDependentContinuant)"/>
            <Axiom axiom="IAO_0000007 SubClassOf IAO_0000136 some &#10;(RealizableEntity and SpecificallyDependentContinuant)"/>
            <Axiom axiom="IAO_0000065 SubClassOf IAO_0000136 some &#10;(RealizableEntity and SpecificallyDependentContinuant)"/>
            <Axiom axiom="IAO_0000011 SubClassOf IAO_0000136 some &#10;(RealizableEntity and SpecificallyDependentContinuant)"/>
            <Axiom axiom="IAO_0000096 SubClassOf IAO_0000136 some &#10;(RealizableEntity and SpecificallyDependentContinuant)"/>
            <Axiom axiom="IAO_0000064 SubClassOf IAO_0000136 some &#10;(RealizableEntity and SpecificallyDependentContinuant)"/>
            <Axiom axiom="IAO_0000001 SubClassOf IAO_0000136 some &#10;(RealizableEntity and SpecificallyDependentContinuant)"/>
         </Generalisation>
         <Generalisation axiom="Function SubClassOf ?DependentContinuant_1" count="2" instantiationStats="?DependentContinuant_1 count: 2">
            <Axiom axiom="Function SubClassOf RealizableEntity"/>
            <Axiom axiom="Function SubClassOf SpecificallyDependentContinuant"/>
         </Generalisation>
         <Generalisation axiom="?cluster_1 SubClassOf part_of some &#10;((IAO_0000030 and ?DependentContinuant_conjunction and ?cluster_1_conjunction) and (IAO_0000136 some &#10;(?DependentContinuant_1_conjunction)))" count="3" instantiationStats="?DependentContinuant_1 count: 2; ?DependentContinuant count: 2; ?cluster_1 count: 5">
            <Axiom axiom="IAO_0000014 SubClassOf part_of some &#10;((IAO_0000030 and IAO_0000033 and IAO_0000104 and DependentContinuant and GenericallyDependentContinuant) and (IAO_0000136 some &#10;(RealizableEntity and SpecificallyDependentContinuant)))"/>
            <Axiom axiom="IAO_0000016 SubClassOf part_of some &#10;((IAO_0000030 and IAO_0000033 and IAO_0000104 and DependentContinuant and GenericallyDependentContinuant) and (IAO_0000136 some &#10;(RealizableEntity and SpecificallyDependentContinuant)))"/>
            <Axiom axiom="IAO_0000011 SubClassOf part_of some &#10;((IAO_0000030 and IAO_0000033 and IAO_0000104 and DependentContinuant and GenericallyDependentContinuant) and (IAO_0000136 some &#10;(RealizableEntity and SpecificallyDependentContinuant)))"/>
         </Generalisation>
         <Generalisation axiom="Quality SubClassOf ?DependentContinuant_1" count="1" instantiationStats="?DependentContinuant_1 count: 1">
            <Axiom axiom="Quality SubClassOf SpecificallyDependentContinuant"/>
         </Generalisation>
         <Generalisation axiom="?cluster_1 SubClassOf has_part some &#10;((IAO_0000030 and ?DependentContinuant_conjunction and ?cluster_1_conjunction) and (IAO_0000136 some &#10;(?DependentContinuant_1_conjunction)))" count="10" instantiationStats="?DependentContinuant_1 count: 2; ?DependentContinuant count: 2; ?cluster_1 count: 8">
            <Axiom axiom="IAO_0000065 SubClassOf has_part some &#10;((IAO_0000005 and IAO_0000030 and IAO_0000033 and DependentContinuant and GenericallyDependentContinuant) and (IAO_0000136 some &#10;(RealizableEntity and SpecificallyDependentContinuant)))"/>
            <Axiom axiom="IAO_0000010 SubClassOf has_part some &#10;((IAO_0000007 and IAO_0000030 and IAO_0000033 and DependentContinuant and GenericallyDependentContinuant) and (IAO_0000136 some &#10;(RealizableEntity and SpecificallyDependentContinuant)))"/>
            <Axiom axiom="IAO_0000064 SubClassOf has_part some &#10;((IAO_0000007 and IAO_0000030 and IAO_0000033 and DependentContinuant and GenericallyDependentContinuant) and (IAO_0000136 some &#10;(RealizableEntity and SpecificallyDependentContinuant)))"/>
            <Axiom axiom="IAO_0000064 SubClassOf has_part some &#10;((IAO_0000005 and IAO_0000030 and IAO_0000033 and DependentContinuant and GenericallyDependentContinuant) and (IAO_0000136 some &#10;(RealizableEntity and SpecificallyDependentContinuant)))"/>
            <Axiom axiom="IAO_0000065 SubClassOf has_part some &#10;((IAO_0000007 and IAO_0000030 and IAO_0000033 and DependentContinuant and GenericallyDependentContinuant) and (IAO_0000136 some &#10;(RealizableEntity and SpecificallyDependentContinuant)))"/>
            <Axiom axiom="IAO_0000025 SubClassOf has_part some &#10;((IAO_0000007 and IAO_0000030 and IAO_0000033 and DependentContinuant and GenericallyDependentContinuant) and (IAO_0000136 some &#10;(RealizableEntity and SpecificallyDependentContinuant)))"/>
            <Axiom axiom="IAO_0000104 SubClassOf has_part some &#10;((IAO_0000007 and IAO_0000030 and IAO_0000033 and DependentContinuant and GenericallyDependentContinuant) and (IAO_0000136 some &#10;(RealizableEntity and SpecificallyDependentContinuant)))"/>
            <Axiom axiom="IAO_0000025 SubClassOf has_part some &#10;((IAO_0000005 and IAO_0000030 and IAO_0000033 and DependentContinuant and GenericallyDependentContinuant) and (IAO_0000136 some &#10;(RealizableEntity and SpecificallyDependentContinuant)))"/>
            <Axiom axiom="IAO_0000104 SubClassOf has_part some &#10;((IAO_0000005 and IAO_0000030 and IAO_0000033 and DependentContinuant and GenericallyDependentContinuant) and (IAO_0000136 some &#10;(RealizableEntity and SpecificallyDependentContinuant)))"/>
            <Axiom axiom="IAO_0000010 SubClassOf has_part some &#10;((IAO_0000005 and IAO_0000030 and IAO_0000033 and DependentContinuant and GenericallyDependentContinuant) and (IAO_0000136 some &#10;(RealizableEntity and SpecificallyDependentContinuant)))"/>
         </Generalisation>
         <Generalisation axiom="Role SubClassOf ?DependentContinuant_1" count="2" instantiationStats="?DependentContinuant_1 count: 2">
            <Axiom axiom="Role SubClassOf SpecificallyDependentContinuant"/>
            <Axiom axiom="Role SubClassOf RealizableEntity"/>
         </Generalisation>
         <Generalisation axiom="Disposition SubClassOf ?DependentContinuant_1" count="2" instantiationStats="?DependentContinuant_1 count: 2">
            <Axiom axiom="Disposition SubClassOf RealizableEntity"/>
            <Axiom axiom="Disposition SubClassOf SpecificallyDependentContinuant"/>
         </Generalisation>
         <Generalisation axiom="?cluster_1 SubClassOf part_of some &#10;((IAO_0000030 and ?DependentContinuant_conjunction and ?cluster_1_conjunction) and (has_part some &#10;((IAO_0000030 and ?DependentContinuant_conjunction and ?cluster_1_conjunction) and (IAO_0000136 some &#10;(?DependentContinuant_1_conjunction)))))" count="9" instantiationStats="?DependentContinuant_1 count: 2; ?DependentContinuant count: 2; ?cluster_1 count: 7">
            <Axiom axiom="IAO_0000011 SubClassOf part_of some &#10;((IAO_0000030 and IAO_0000033 and IAO_0000104 and DependentContinuant and GenericallyDependentContinuant) and (has_part some &#10;((IAO_0000011 and IAO_0000030 and IAO_0000033 and DependentContinuant and GenericallyDependentContinuant) and (IAO_0000136 some &#10;(RealizableEntity and SpecificallyDependentContinuant)))))"/>
            <Axiom axiom="IAO_0000011 SubClassOf part_of some &#10;((IAO_0000030 and IAO_0000033 and IAO_0000104 and DependentContinuant and GenericallyDependentContinuant) and (has_part some &#10;((IAO_0000007 and IAO_0000030 and IAO_0000033 and DependentContinuant and GenericallyDependentContinuant) and (IAO_0000136 some &#10;(RealizableEntity and SpecificallyDependentContinuant)))))"/>
            <Axiom axiom="IAO_0000016 SubClassOf part_of some &#10;((IAO_0000030 and IAO_0000033 and IAO_0000104 and DependentContinuant and GenericallyDependentContinuant) and (has_part some &#10;((IAO_0000016 and IAO_0000030 and IAO_0000033 and DependentContinuant and GenericallyDependentContinuant) and (IAO_0000136 some &#10;(RealizableEntity and SpecificallyDependentContinuant)))))"/>
            <Axiom axiom="IAO_0000014 SubClassOf part_of some &#10;((IAO_0000030 and IAO_0000033 and IAO_0000104 and DependentContinuant and GenericallyDependentContinuant) and (has_part some &#10;((IAO_0000007 and IAO_0000030 and IAO_0000033 and DependentContinuant and GenericallyDependentContinuant) and (IAO_0000136 some &#10;(RealizableEntity and SpecificallyDependentContinuant)))))"/>
            <Axiom axiom="IAO_0000016 SubClassOf part_of some &#10;((IAO_0000030 and IAO_0000033 and IAO_0000104 and DependentContinuant and GenericallyDependentContinuant) and (has_part some &#10;((IAO_0000005 and IAO_0000030 and IAO_0000033 and DependentContinuant and GenericallyDependentContinuant) and (IAO_0000136 some &#10;(RealizableEntity and SpecificallyDependentContinuant)))))"/>
            <Axiom axiom="IAO_0000014 SubClassOf part_of some &#10;((IAO_0000030 and IAO_0000033 and IAO_0000104 and DependentContinuant and GenericallyDependentContinuant) and (has_part some &#10;((IAO_0000014 and IAO_0000030 and IAO_0000033 and DependentContinuant and GenericallyDependentContinuant) and (IAO_0000136 some &#10;(RealizableEntity and SpecificallyDependentContinuant)))))"/>
            <Axiom axiom="IAO_0000011 SubClassOf part_of some &#10;((IAO_0000030 and IAO_0000033 and IAO_0000104 and DependentContinuant and GenericallyDependentContinuant) and (has_part some &#10;((IAO_0000005 and IAO_0000030 and IAO_0000033 and DependentContinuant and GenericallyDependentContinuant) and (IAO_0000136 some &#10;(RealizableEntity and SpecificallyDependentContinuant)))))"/>
            <Axiom axiom="IAO_0000014 SubClassOf part_of some &#10;((IAO_0000030 and IAO_0000033 and IAO_0000104 and DependentContinuant and GenericallyDependentContinuant) and (has_part some &#10;((IAO_0000005 and IAO_0000030 and IAO_0000033 and DependentContinuant and GenericallyDependentContinuant) and (IAO_0000136 some &#10;(RealizableEntity and SpecificallyDependentContinuant)))))"/>
            <Axiom axiom="IAO_0000016 SubClassOf part_of some &#10;((IAO_0000030 and IAO_0000033 and IAO_0000104 and DependentContinuant and GenericallyDependentContinuant) and (has_part some &#10;((IAO_0000007 and IAO_0000030 and IAO_0000033 and DependentContinuant and GenericallyDependentContinuant) and (IAO_0000136 some &#10;(RealizableEntity and SpecificallyDependentContinuant)))))"/>
         </Generalisation>
         <Generalisation axiom="IAO_0000015 SubClassOf ?DependentContinuant_1" count="1" instantiationStats="?DependentContinuant_1 count: 1">
            <Axiom axiom="IAO_0000015 SubClassOf SpecificallyDependentContinuant"/>
         </Generalisation>
         <Generalisation axiom="?DependentContinuant_1 SubClassOf ?DependentContinuant_1" count="1" instantiationStats="?DependentContinuant_1 count: 2">
            <Axiom axiom="RealizableEntity SubClassOf SpecificallyDependentContinuant"/>
         </Generalisation>
         <Generalisation axiom="IAO_0000024 SubClassOf ?DependentContinuant_1" count="1" instantiationStats="?DependentContinuant_1 count: 1">
            <Axiom axiom="IAO_0000024 SubClassOf SpecificallyDependentContinuant"/>
         </Generalisation>
      </Generalisations>
   </Cluster>
   <Cluster size="2">
      <Item iri="http://www.ifomis.org/bfo/1.1/snap#GenericallyDependentContinuant"/>
      <Item iri="http://www.ifomis.org/bfo/1.1/snap#DependentContinuant"/>
      <Generalisations>
         <Generalisation axiom="Synonym SubClassOf ?DependentContinuant" count="2" instantiationStats="?DependentContinuant count: 2">
            <Axiom axiom="Synonym SubClassOf DependentContinuant"/>
            <Axiom axiom="Synonym SubClassOf GenericallyDependentContinuant"/>
         </Generalisation>
         <Generalisation axiom="IAO_0000225 SubClassOf ?DependentContinuant" count="2" instantiationStats="?DependentContinuant count: 2">
            <Axiom axiom="IAO_0000225 SubClassOf GenericallyDependentContinuant"/>
            <Axiom axiom="IAO_0000225 SubClassOf DependentContinuant"/>
         </Generalisation>
         <Generalisation axiom="IAO_0000102 SubClassOf ?DependentContinuant" count="2" instantiationStats="?DependentContinuant count: 2">
            <Axiom axiom="IAO_0000102 SubClassOf GenericallyDependentContinuant"/>
            <Axiom axiom="IAO_0000102 SubClassOf DependentContinuant"/>
         </Generalisation>
         <Generalisation axiom="?cluster_1 SubClassOf part_of some &#10;((IAO_0000030 and ?DependentContinuant_conjunction and ?cluster_1_conjunction) and (IAO_0000136 some &#10;(?DependentContinuant_1_conjunction)))" count="3" instantiationStats="?DependentContinuant_1 count: 2; ?DependentContinuant count: 2; ?cluster_1 count: 5">
            <Axiom axiom="IAO_0000014 SubClassOf part_of some &#10;((IAO_0000030 and IAO_0000033 and IAO_0000104 and DependentContinuant and GenericallyDependentContinuant) and (IAO_0000136 some &#10;(RealizableEntity and SpecificallyDependentContinuant)))"/>
            <Axiom axiom="IAO_0000016 SubClassOf part_of some &#10;((IAO_0000030 and IAO_0000033 and IAO_0000104 and DependentContinuant and GenericallyDependentContinuant) and (IAO_0000136 some &#10;(RealizableEntity and SpecificallyDependentContinuant)))"/>
            <Axiom axiom="IAO_0000011 SubClassOf part_of some &#10;((IAO_0000030 and IAO_0000033 and IAO_0000104 and DependentContinuant and GenericallyDependentContinuant) and (IAO_0000136 some &#10;(RealizableEntity and SpecificallyDependentContinuant)))"/>
         </Generalisation>
         <Generalisation axiom="IAO_0000027 SubClassOf ?DependentContinuant" count="2" instantiationStats="?DependentContinuant count: 2">
            <Axiom axiom="IAO_0000027 SubClassOf GenericallyDependentContinuant"/>
            <Axiom axiom="IAO_0000027 SubClassOf DependentContinuant"/>
         </Generalisation>
         <Generalisation axiom="IAO_0000097 SubClassOf ?DependentContinuant" count="2" instantiationStats="?DependentContinuant count: 2">
            <Axiom axiom="IAO_0000097 SubClassOf DependentContinuant"/>
            <Axiom axiom="IAO_0000097 SubClassOf GenericallyDependentContinuant"/>
         </Generalisation>
         <Generalisation axiom="IAO_0000030 SubClassOf ?DependentContinuant" count="2" instantiationStats="?DependentContinuant count: 2">
            <Axiom axiom="IAO_0000030 SubClassOf GenericallyDependentContinuant"/>
            <Axiom axiom="IAO_0000030 SubClassOf DependentContinuant"/>
         </Generalisation>
         <Generalisation axiom="?cluster_1 SubClassOf has_part some &#10;((IAO_0000030 and ?DependentContinuant_conjunction and ?cluster_1_conjunction) and (IAO_0000136 some &#10;(?DependentContinuant_1_conjunction)))" count="10" instantiationStats="?DependentContinuant_1 count: 2; ?DependentContinuant count: 2; ?cluster_1 count: 8">
            <Axiom axiom="IAO_0000065 SubClassOf has_part some &#10;((IAO_0000005 and IAO_0000030 and IAO_0000033 and DependentContinuant and GenericallyDependentContinuant) and (IAO_0000136 some &#10;(RealizableEntity and SpecificallyDependentContinuant)))"/>
            <Axiom axiom="IAO_0000010 SubClassOf has_part some &#10;((IAO_0000007 and IAO_0000030 and IAO_0000033 and DependentContinuant and GenericallyDependentContinuant) and (IAO_0000136 some &#10;(RealizableEntity and SpecificallyDependentContinuant)))"/>
            <Axiom axiom="IAO_0000064 SubClassOf has_part some &#10;((IAO_0000007 and IAO_0000030 and IAO_0000033 and DependentContinuant and GenericallyDependentContinuant) and (IAO_0000136 some &#10;(RealizableEntity and SpecificallyDependentContinuant)))"/>
            <Axiom axiom="IAO_0000064 SubClassOf has_part some &#10;((IAO_0000005 and IAO_0000030 and IAO_0000033 and DependentContinuant and GenericallyDependentContinuant) and (IAO_0000136 some &#10;(RealizableEntity and SpecificallyDependentContinuant)))"/>
            <Axiom axiom="IAO_0000065 SubClassOf has_part some &#10;((IAO_0000007 and IAO_0000030 and IAO_0000033 and DependentContinuant and GenericallyDependentContinuant) and (IAO_0000136 some &#10;(RealizableEntity and SpecificallyDependentContinuant)))"/>
            <Axiom axiom="IAO_0000025 SubClassOf has_part some &#10;((IAO_0000007 and IAO_0000030 and IAO_0000033 and DependentContinuant and GenericallyDependentContinuant) and (IAO_0000136 some &#10;(RealizableEntity and SpecificallyDependentContinuant)))"/>
            <Axiom axiom="IAO_0000104 SubClassOf has_part some &#10;((IAO_0000007 and IAO_0000030 and IAO_0000033 and DependentContinuant and GenericallyDependentContinuant) and (IAO_0000136 some &#10;(RealizableEntity and SpecificallyDependentContinuant)))"/>
            <Axiom axiom="IAO_0000025 SubClassOf has_part some &#10;((IAO_0000005 and IAO_0000030 and IAO_0000033 and DependentContinuant and GenericallyDependentContinuant) and (IAO_0000136 some &#10;(RealizableEntity and SpecificallyDependentContinuant)))"/>
            <Axiom axiom="IAO_0000104 SubClassOf has_part some &#10;((IAO_0000005 and IAO_0000030 and IAO_0000033 and DependentContinuant and GenericallyDependentContinuant) and (IAO_0000136 some &#10;(RealizableEntity and SpecificallyDependentContinuant)))"/>
            <Axiom axiom="IAO_0000010 SubClassOf has_part some &#10;((IAO_0000005 and IAO_0000030 and IAO_0000033 and DependentContinuant and GenericallyDependentContinuant) and (IAO_0000136 some &#10;(RealizableEntity and SpecificallyDependentContinuant)))"/>
         </Generalisation>
         <Generalisation axiom="?cluster_1 SubClassOf part_of some &#10;((IAO_0000030 and ?DependentContinuant_conjunction and ?cluster_1_conjunction) and (has_part some &#10;((IAO_0000030 and ?DependentContinuant_conjunction and ?cluster_1_conjunction) and (IAO_0000136 some &#10;(?DependentContinuant_1_conjunction)))))" count="9" instantiationStats="?DependentContinuant_1 count: 2; ?DependentContinuant count: 2; ?cluster_1 count: 7">
            <Axiom axiom="IAO_0000011 SubClassOf part_of some &#10;((IAO_0000030 and IAO_0000033 and IAO_0000104 and DependentContinuant and GenericallyDependentContinuant) and (has_part some &#10;((IAO_0000011 and IAO_0000030 and IAO_0000033 and DependentContinuant and GenericallyDependentContinuant) and (IAO_0000136 some &#10;(RealizableEntity and SpecificallyDependentContinuant)))))"/>
            <Axiom axiom="IAO_0000011 SubClassOf part_of some &#10;((IAO_0000030 and IAO_0000033 and IAO_0000104 and DependentContinuant and GenericallyDependentContinuant) and (has_part some &#10;((IAO_0000007 and IAO_0000030 and IAO_0000033 and DependentContinuant and GenericallyDependentContinuant) and (IAO_0000136 some &#10;(RealizableEntity and SpecificallyDependentContinuant)))))"/>
            <Axiom axiom="IAO_0000016 SubClassOf part_of some &#10;((IAO_0000030 and IAO_0000033 and IAO_0000104 and DependentContinuant and GenericallyDependentContinuant) and (has_part some &#10;((IAO_0000016 and IAO_0000030 and IAO_0000033 and DependentContinuant and GenericallyDependentContinuant) and (IAO_0000136 some &#10;(RealizableEntity and SpecificallyDependentContinuant)))))"/>
            <Axiom axiom="IAO_0000014 SubClassOf part_of some &#10;((IAO_0000030 and IAO_0000033 and IAO_0000104 and DependentContinuant and GenericallyDependentContinuant) and (has_part some &#10;((IAO_0000007 and IAO_0000030 and IAO_0000033 and DependentContinuant and GenericallyDependentContinuant) and (IAO_0000136 some &#10;(RealizableEntity and SpecificallyDependentContinuant)))))"/>
            <Axiom axiom="IAO_0000016 SubClassOf part_of some &#10;((IAO_0000030 and IAO_0000033 and IAO_0000104 and DependentContinuant and GenericallyDependentContinuant) and (has_part some &#10;((IAO_0000005 and IAO_0000030 and IAO_0000033 and DependentContinuant and GenericallyDependentContinuant) and (IAO_0000136 some &#10;(RealizableEntity and SpecificallyDependentContinuant)))))"/>
            <Axiom axiom="IAO_0000014 SubClassOf part_of some &#10;((IAO_0000030 and IAO_0000033 and IAO_0000104 and DependentContinuant and GenericallyDependentContinuant) and (has_part some &#10;((IAO_0000014 and IAO_0000030 and IAO_0000033 and DependentContinuant and GenericallyDependentContinuant) and (IAO_0000136 some &#10;(RealizableEntity and SpecificallyDependentContinuant)))))"/>
            <Axiom axiom="IAO_0000011 SubClassOf part_of some &#10;((IAO_0000030 and IAO_0000033 and IAO_0000104 and DependentContinuant and GenericallyDependentContinuant) and (has_part some &#10;((IAO_0000005 and IAO_0000030 and IAO_0000033 and DependentContinuant and GenericallyDependentContinuant) and (IAO_0000136 some &#10;(RealizableEntity and SpecificallyDependentContinuant)))))"/>
            <Axiom axiom="IAO_0000014 SubClassOf part_of some &#10;((IAO_0000030 and IAO_0000033 and IAO_0000104 and DependentContinuant and GenericallyDependentContinuant) and (has_part some &#10;((IAO_0000005 and IAO_0000030 and IAO_0000033 and DependentContinuant and GenericallyDependentContinuant) and (IAO_0000136 some &#10;(RealizableEntity and SpecificallyDependentContinuant)))))"/>
            <Axiom axiom="IAO_0000016 SubClassOf part_of some &#10;((IAO_0000030 and IAO_0000033 and IAO_0000104 and DependentContinuant and GenericallyDependentContinuant) and (has_part some &#10;((IAO_0000007 and IAO_0000030 and IAO_0000033 and DependentContinuant and GenericallyDependentContinuant) and (IAO_0000136 some &#10;(RealizableEntity and SpecificallyDependentContinuant)))))"/>
         </Generalisation>
         <Generalisation axiom="IAO_0000128 SubClassOf ?DependentContinuant" count="2" instantiationStats="?DependentContinuant count: 2">
            <Axiom axiom="IAO_0000128 SubClassOf GenericallyDependentContinuant"/>
            <Axiom axiom="IAO_0000128 SubClassOf DependentContinuant"/>
         </Generalisation>
         <Generalisation axiom="?DependentContinuant SubClassOf ?DependentContinuant" count="1" instantiationStats="?DependentContinuant count: 2">
            <Axiom axiom="GenericallyDependentContinuant SubClassOf DependentContinuant"/>
         </Generalisation>
         <Generalisation axiom="IAO_0000078 SubClassOf ?DependentContinuant" count="2" instantiationStats="?DependentContinuant count: 2">
            <Axiom axiom="IAO_0000078 SubClassOf GenericallyDependentContinuant"/>
            <Axiom axiom="IAO_0000078 SubClassOf DependentContinuant"/>
         </Generalisation>
         <Generalisation axiom="IAO_0000091 SubClassOf ?DependentContinuant" count="2" instantiationStats="?DependentContinuant count: 2">
            <Axiom axiom="IAO_0000091 SubClassOf DependentContinuant"/>
            <Axiom axiom="IAO_0000091 SubClassOf GenericallyDependentContinuant"/>
         </Generalisation>
         <Generalisation axiom="IAO_0000035 SubClassOf ?DependentContinuant" count="2" instantiationStats="?DependentContinuant count: 2">
            <Axiom axiom="IAO_0000035 SubClassOf GenericallyDependentContinuant"/>
            <Axiom axiom="IAO_0000035 SubClassOf DependentContinuant"/>
         </Generalisation>
         <Generalisation axiom="Definition SubClassOf ?DependentContinuant" count="2" instantiationStats="?DependentContinuant count: 2">
            <Axiom axiom="Definition SubClassOf DependentContinuant"/>
            <Axiom axiom="Definition SubClassOf GenericallyDependentContinuant"/>
         </Generalisation>
         <Generalisation axiom="Subset SubClassOf ?DependentContinuant" count="2" instantiationStats="?DependentContinuant count: 2">
            <Axiom axiom="Subset SubClassOf DependentContinuant"/>
            <Axiom axiom="Subset SubClassOf GenericallyDependentContinuant"/>
         </Generalisation>
         <Generalisation axiom="DbXref SubClassOf ?DependentContinuant" count="2" instantiationStats="?DependentContinuant count: 2">
            <Axiom axiom="DbXref SubClassOf DependentContinuant"/>
            <Axiom axiom="DbXref SubClassOf GenericallyDependentContinuant"/>
         </Generalisation>
         <Generalisation axiom="?cluster_1 SubClassOf ?DependentContinuant" count="88" instantiationStats="?DependentContinuant count: 2; ?cluster_1 count: 44">
            <Axiom axiom="IAO_0000100 SubClassOf GenericallyDependentContinuant"/>
            <Axiom axiom="IAO_0000064 SubClassOf DependentContinuant"/>
            <Axiom axiom="IAO_0000088 SubClassOf GenericallyDependentContinuant"/>
            <Axiom axiom="IAO_0000079 SubClassOf GenericallyDependentContinuant"/>
            <Axiom axiom="IAO_0000059 SubClassOf DependentContinuant"/>
            <Axiom axiom="IAO_0000181 SubClassOf GenericallyDependentContinuant"/>
            <Axiom axiom="IAO_0000029 SubClassOf GenericallyDependentContinuant"/>
            <Axiom axiom="IAO_0000011 SubClassOf GenericallyDependentContinuant"/>
            <Axiom axiom="IAO_0000038 SubClassOf GenericallyDependentContinuant"/>
            <Axiom axiom="IAO_0000014 SubClassOf GenericallyDependentContinuant"/>
            <Axiom axiom="IAO_0000057 SubClassOf GenericallyDependentContinuant"/>
            <Axiom axiom="IAO_0000055 SubClassOf DependentContinuant"/>
            <Axiom axiom="IAO_0000037 SubClassOf DependentContinuant"/>
            <Axiom axiom="IAO_0000065 SubClassOf DependentContinuant"/>
            <Axiom axiom="IAO_0000016 SubClassOf GenericallyDependentContinuant"/>
            <Axiom axiom="IAO_0000038 SubClassOf DependentContinuant"/>
            <Axiom axiom="IAO_0000180 SubClassOf DependentContinuant"/>
            <Axiom axiom="IAO_0000140 SubClassOf GenericallyDependentContinuant"/>
            <Axiom axiom="IAO_0000029 SubClassOf DependentContinuant"/>
            <Axiom axiom="IAO_0000028 SubClassOf GenericallyDependentContinuant"/>
            <Axiom axiom="IAO_0000101 SubClassOf GenericallyDependentContinuant"/>
            <Axiom axiom="IAO_0000011 SubClassOf DependentContinuant"/>
            <Axiom axiom="IAO_0000033 SubClassOf DependentContinuant"/>
            <Axiom axiom="IAO_0000010 SubClassOf GenericallyDependentContinuant"/>
            <Axiom axiom="IAO_0000101 SubClassOf DependentContinuant"/>
            <Axiom axiom="IAO_0000131 SubClassOf GenericallyDependentContinuant"/>
            <Axiom axiom="IAO_0000057 SubClassOf DependentContinuant"/>
            <Axiom axiom="IAO_0000129 SubClassOf GenericallyDependentContinuant"/>
            <Axiom axiom="IAO_0000031 SubClassOf DependentContinuant"/>
            <Axiom axiom="IAO_0000037 SubClassOf GenericallyDependentContinuant"/>
            <Axiom axiom="IAO_0000010 SubClassOf DependentContinuant"/>
            <Axiom axiom="IAO_0000109 SubClassOf GenericallyDependentContinuant"/>
            <Axiom axiom="IAO_0000031 SubClassOf GenericallyDependentContinuant"/>
            <Axiom axiom="IAO_0000006 SubClassOf DependentContinuant"/>
            <Axiom axiom="IAO_0000028 SubClassOf DependentContinuant"/>
            <Axiom axiom="IAO_0000064 SubClassOf GenericallyDependentContinuant"/>
            <Axiom axiom="IAO_0000025 SubClassOf GenericallyDependentContinuant"/>
            <Axiom axiom="IAO_0000100 SubClassOf DependentContinuant"/>
            <Axiom axiom="IAO_0000179 SubClassOf DependentContinuant"/>
            <Axiom axiom="IAO_0000182 SubClassOf DependentContinuant"/>
            <Axiom axiom="IAO_0000032 SubClassOf GenericallyDependentContinuant"/>
            <Axiom axiom="IAO_0000184 SubClassOf DependentContinuant"/>
            <Axiom axiom="IAO_0000079 SubClassOf DependentContinuant"/>
            <Axiom axiom="IAO_0000017 SubClassOf DependentContinuant"/>
            <Axiom axiom="IAO_0000182 SubClassOf GenericallyDependentContinuant"/>
            <Axiom axiom="IAO_0000009 SubClassOf DependentContinuant"/>
            <Axiom axiom="IAO_0000014 SubClassOf DependentContinuant"/>
            <Axiom axiom="IAO_0000184 SubClassOf GenericallyDependentContinuant"/>
            <Axiom axiom="IAO_0000179 SubClassOf GenericallyDependentContinuant"/>
            <Axiom axiom="IAO_0000055 SubClassOf GenericallyDependentContinuant"/>
            <Axiom axiom="IAO_0000096 SubClassOf GenericallyDependentContinuant"/>
            <Axiom axiom="IAO_0000183 SubClassOf GenericallyDependentContinuant"/>
            <Axiom axiom="IAO_0000025 SubClassOf DependentContinuant"/>
            <Axiom axiom="IAO_0000003 SubClassOf GenericallyDependentContinuant"/>
            <Axiom axiom="IAO_0000132 SubClassOf DependentContinuant"/>
            <Axiom axiom="IAO_0000001 SubClassOf DependentContinuant"/>
            <Axiom axiom="IAO_0000005 SubClassOf GenericallyDependentContinuant"/>
            <Axiom axiom="IAO_0000098 SubClassOf DependentContinuant"/>
            <Axiom axiom="IAO_0000180 SubClassOf GenericallyDependentContinuant"/>
            <Axiom axiom="IAO_0000088 SubClassOf DependentContinuant"/>
            <Axiom axiom="IAO_0000034 SubClassOf DependentContinuant"/>
            <Axiom axiom="IAO_0000033 SubClassOf GenericallyDependentContinuant"/>
            <Axiom axiom="IAO_0000017 SubClassOf GenericallyDependentContinuant"/>
            <Axiom axiom="IAO_0000104 SubClassOf GenericallyDependentContinuant"/>
            <Axiom axiom="IAO_0000183 SubClassOf DependentContinuant"/>
            <Axiom axiom="IAO_0000003 SubClassOf DependentContinuant"/>
            <Axiom axiom="IAO_0000131 SubClassOf DependentContinuant"/>
            <Axiom axiom="IAO_0000096 SubClassOf DependentContinuant"/>
            <Axiom axiom="IAO_0000001 SubClassOf GenericallyDependentContinuant"/>
            <Axiom axiom="IAO_0000013 SubClassOf DependentContinuant"/>
            <Axiom axiom="IAO_0000007 SubClassOf DependentContinuant"/>
            <Axiom axiom="IAO_0000181 SubClassOf DependentContinuant"/>
            <Axiom axiom="IAO_0000013 SubClassOf GenericallyDependentContinuant"/>
            <Axiom axiom="IAO_0000009 SubClassOf GenericallyDependentContinuant"/>
            <Axiom axiom="IAO_0000104 SubClassOf DependentContinuant"/>
            <Axiom axiom="IAO_0000005 SubClassOf DependentContinuant"/>
            <Axiom axiom="IAO_0000006 SubClassOf GenericallyDependentContinuant"/>
            <Axiom axiom="IAO_0000129 SubClassOf DependentContinuant"/>
            <Axiom axiom="IAO_0000032 SubClassOf DependentContinuant"/>
            <Axiom axiom="IAO_0000007 SubClassOf GenericallyDependentContinuant"/>
            <Axiom axiom="IAO_0000016 SubClassOf DependentContinuant"/>
            <Axiom axiom="IAO_0000140 SubClassOf DependentContinuant"/>
            <Axiom axiom="IAO_0000109 SubClassOf DependentContinuant"/>
            <Axiom axiom="IAO_0000132 SubClassOf GenericallyDependentContinuant"/>
            <Axiom axiom="IAO_0000098 SubClassOf GenericallyDependentContinuant"/>
            <Axiom axiom="IAO_0000034 SubClassOf GenericallyDependentContinuant"/>
            <Axiom axiom="IAO_0000059 SubClassOf GenericallyDependentContinuant"/>
            <Axiom axiom="IAO_0000065 SubClassOf GenericallyDependentContinuant"/>
         </Generalisation>
         <Generalisation axiom="IAO_0000409 SubClassOf ?DependentContinuant" count="2" instantiationStats="?DependentContinuant count: 2">
            <Axiom axiom="IAO_0000409 SubClassOf DependentContinuant"/>
            <Axiom axiom="IAO_0000409 SubClassOf GenericallyDependentContinuant"/>
         </Generalisation>
         <Generalisation axiom="IAO_0000030 SubClassOf ?DependentContinuant" count="2" instantiationStats="?DependentContinuant count: 2">
            <Axiom axiom="IAO_0000030 SubClassOf DependentContinuant"/>
            <Axiom axiom="IAO_0000030 SubClassOf GenericallyDependentContinuant"/>
         </Generalisation>
         <Generalisation axiom="IAO_0000027 SubClassOf ?DependentContinuant" count="2" instantiationStats="?DependentContinuant count: 2">
            <Axiom axiom="IAO_0000027 SubClassOf GenericallyDependentContinuant"/>
            <Axiom axiom="IAO_0000027 SubClassOf DependentContinuant"/>
         </Generalisation>
         <Generalisation axiom="SynonymType SubClassOf ?DependentContinuant" count="2" instantiationStats="?DependentContinuant count: 2">
            <Axiom axiom="SynonymType SubClassOf GenericallyDependentContinuant"/>
            <Axiom axiom="SynonymType SubClassOf DependentContinuant"/>
         </Generalisation>
      </Generalisations>
   </Cluster>
</Clusters>
