<?xml version="1.0" encoding="UTF-8" standalone="no"?>
<Clusters>
   <Cluster size="4">
      <Item iri="http://www.biopax.org/release/biopax-level3.owl#UtilityClass"/>
      <Item iri="http://www.biopax.org/release/biopax-level3.owl#ExperimentalFormVocabulary"/>
      <Item iri="http://www.biopax.org/release/biopax-level3.owl#PhenotypeVocabulary"/>
      <Item iri="http://www.biopax.org/release/biopax-level3.owl#ControlledVocabulary"/>
      <Generalisations>
         <Generalisation axiom="TissueVocabulary SubClassOf ?cluster_1" count="2" instantiationStats="?cluster_1 count: 2">
            <Axiom axiom="TissueVocabulary SubClassOf ControlledVocabulary"/>
            <Axiom axiom="TissueVocabulary SubClassOf UtilityClass"/>
         </Generalisation>
         <Generalisation axiom="BindingFeature SubClassOf ?cluster_1" count="1" instantiationStats="?cluster_1 count: 1">
            <Axiom axiom="BindingFeature SubClassOf UtilityClass"/>
         </Generalisation>
         <Generalisation axiom="Xref SubClassOf ?cluster_1" count="1" instantiationStats="?cluster_1 count: 1">
            <Axiom axiom="Xref SubClassOf UtilityClass"/>
         </Generalisation>
         <Generalisation axiom="RelationshipTypeVocabulary SubClassOf ?cluster_1" count="2" instantiationStats="?cluster_1 count: 2">
            <Axiom axiom="RelationshipTypeVocabulary SubClassOf ControlledVocabulary"/>
            <Axiom axiom="RelationshipTypeVocabulary SubClassOf UtilityClass"/>
         </Generalisation>
         <Generalisation axiom="CovalentBindingFeature SubClassOf ?cluster_1" count="1" instantiationStats="?cluster_1 count: 1">
            <Axiom axiom="CovalentBindingFeature SubClassOf UtilityClass"/>
         </Generalisation>
         <Generalisation axiom="SequenceRegionVocabulary SubClassOf ?cluster_1" count="2" instantiationStats="?cluster_1 count: 2">
            <Axiom axiom="SequenceRegionVocabulary SubClassOf UtilityClass"/>
            <Axiom axiom="SequenceRegionVocabulary SubClassOf ControlledVocabulary"/>
         </Generalisation>
         <Generalisation axiom="?cluster_2 SubClassOf experimentalFormDescription some &#10;(?cluster_1_conjunction)" count="1" instantiationStats="?cluster_2 count: 1; ?cluster_1 count: 3">
            <Axiom axiom="ExperimentalForm SubClassOf experimentalFormDescription some &#10;(ControlledVocabulary and ExperimentalFormVocabulary and UtilityClass)"/>
         </Generalisation>
         <Generalisation axiom="BioSource SubClassOf ?cluster_1" count="1" instantiationStats="?cluster_1 count: 1">
            <Axiom axiom="BioSource SubClassOf UtilityClass"/>
         </Generalisation>
         <Generalisation axiom="SequenceLocation SubClassOf ?cluster_1" count="1" instantiationStats="?cluster_1 count: 1">
            <Axiom axiom="SequenceLocation SubClassOf UtilityClass"/>
         </Generalisation>
         <Generalisation axiom="ChemicalStructure SubClassOf ?cluster_1" count="1" instantiationStats="?cluster_1 count: 1">
            <Axiom axiom="ChemicalStructure SubClassOf UtilityClass"/>
         </Generalisation>
         <Generalisation axiom="SmallMoleculeReference SubClassOf ?cluster_1" count="1" instantiationStats="?cluster_1 count: 1">
            <Axiom axiom="SmallMoleculeReference SubClassOf UtilityClass"/>
         </Generalisation>
         <Generalisation axiom="?cluster_1 SubClassOf ?cluster_1" count="5" instantiationStats="?cluster_1 count: 4">
            <Axiom axiom="PhenotypeVocabulary SubClassOf ControlledVocabulary"/>
            <Axiom axiom="ExperimentalFormVocabulary SubClassOf UtilityClass"/>
            <Axiom axiom="PhenotypeVocabulary SubClassOf UtilityClass"/>
            <Axiom axiom="ControlledVocabulary SubClassOf UtilityClass"/>
            <Axiom axiom="ExperimentalFormVocabulary SubClassOf ControlledVocabulary"/>
         </Generalisation>
         <Generalisation axiom="PathwayStep SubClassOf ?cluster_1" count="1" instantiationStats="?cluster_1 count: 1">
            <Axiom axiom="PathwayStep SubClassOf UtilityClass"/>
         </Generalisation>
         <Generalisation axiom="ModificationFeature SubClassOf ?cluster_1" count="1" instantiationStats="?cluster_1 count: 1">
            <Axiom axiom="ModificationFeature SubClassOf UtilityClass"/>
         </Generalisation>
         <Generalisation axiom="InteractionVocabulary SubClassOf ?cluster_1" count="2" instantiationStats="?cluster_1 count: 2">
            <Axiom axiom="InteractionVocabulary SubClassOf UtilityClass"/>
            <Axiom axiom="InteractionVocabulary SubClassOf ControlledVocabulary"/>
         </Generalisation>
         <Generalisation axiom="KPrime SubClassOf ?cluster_1" count="1" instantiationStats="?cluster_1 count: 1">
            <Axiom axiom="KPrime SubClassOf UtilityClass"/>
         </Generalisation>
         <Generalisation axiom="SequenceInterval SubClassOf ?cluster_1" count="1" instantiationStats="?cluster_1 count: 1">
            <Axiom axiom="SequenceInterval SubClassOf UtilityClass"/>
         </Generalisation>
         <Generalisation axiom="CellVocabulary SubClassOf ?cluster_1" count="2" instantiationStats="?cluster_1 count: 2">
            <Axiom axiom="CellVocabulary SubClassOf ControlledVocabulary"/>
            <Axiom axiom="CellVocabulary SubClassOf UtilityClass"/>
         </Generalisation>
         <Generalisation axiom="?cluster_2 SubClassOf phenotype only &#10;(?cluster_1_conjunction)" count="1" instantiationStats="?cluster_2 count: 1; ?cluster_1 count: 3">
            <Axiom axiom="GeneticInteraction SubClassOf phenotype only &#10;(ControlledVocabulary and PhenotypeVocabulary and UtilityClass)"/>
         </Generalisation>
         <Generalisation axiom="CellularLocationVocabulary SubClassOf ?cluster_1" count="2" instantiationStats="?cluster_1 count: 2">
            <Axiom axiom="CellularLocationVocabulary SubClassOf UtilityClass"/>
            <Axiom axiom="CellularLocationVocabulary SubClassOf ControlledVocabulary"/>
         </Generalisation>
         <Generalisation axiom="EntityReferenceTypeVocabulary SubClassOf ?cluster_1" count="2" instantiationStats="?cluster_1 count: 2">
            <Axiom axiom="EntityReferenceTypeVocabulary SubClassOf ControlledVocabulary"/>
            <Axiom axiom="EntityReferenceTypeVocabulary SubClassOf UtilityClass"/>
         </Generalisation>
         <Generalisation axiom="?cluster_2 SubClassOf ?cluster_1" count="2" instantiationStats="?cluster_2 count: 2; ?cluster_1 count: 1">
            <Axiom axiom="ExperimentalForm SubClassOf UtilityClass"/>
            <Axiom axiom="Stoichiometry SubClassOf UtilityClass"/>
         </Generalisation>
         <Generalisation axiom="RnaReference SubClassOf ?cluster_1" count="1" instantiationStats="?cluster_1 count: 1">
            <Axiom axiom="RnaReference SubClassOf UtilityClass"/>
         </Generalisation>
         <Generalisation axiom="Evidence SubClassOf confidence only &#10;(Score and ?cluster_1)" count="1" instantiationStats="?cluster_1 count: 1">
            <Axiom axiom="Evidence SubClassOf confidence only &#10;(Score and UtilityClass)"/>
         </Generalisation>
         <Generalisation axiom="?cluster_2 EquivalentTo experimentalFormDescription some &#10;(?cluster_1_conjunction)" count="1" instantiationStats="?cluster_2 count: 1; ?cluster_1 count: 3">
            <Axiom axiom="ExperimentalForm EquivalentTo experimentalFormDescription some &#10;(ControlledVocabulary and ExperimentalFormVocabulary and UtilityClass)"/>
         </Generalisation>
         <Generalisation axiom="UnificationXref SubClassOf ?cluster_1" count="1" instantiationStats="?cluster_1 count: 1">
            <Axiom axiom="UnificationXref SubClassOf UtilityClass"/>
         </Generalisation>
         <Generalisation axiom="FragmentFeature SubClassOf ?cluster_1" count="1" instantiationStats="?cluster_1 count: 1">
            <Axiom axiom="FragmentFeature SubClassOf UtilityClass"/>
         </Generalisation>
         <Generalisation axiom="RnaRegionReference SubClassOf ?cluster_1" count="1" instantiationStats="?cluster_1 count: 1">
            <Axiom axiom="RnaRegionReference SubClassOf UtilityClass"/>
         </Generalisation>
         <Generalisation axiom="EntityFeature SubClassOf ?cluster_1" count="1" instantiationStats="?cluster_1 count: 1">
            <Axiom axiom="EntityFeature SubClassOf UtilityClass"/>
         </Generalisation>
         <Generalisation axiom="Score SubClassOf ?cluster_1" count="1" instantiationStats="?cluster_1 count: 1">
            <Axiom axiom="Score SubClassOf UtilityClass"/>
         </Generalisation>
         <Generalisation axiom="?cluster_2 SubClassOf phenotype some &#10;(?cluster_1_conjunction)" count="1" instantiationStats="?cluster_2 count: 1; ?cluster_1 count: 3">
            <Axiom axiom="GeneticInteraction SubClassOf phenotype some &#10;(ControlledVocabulary and PhenotypeVocabulary and UtilityClass)"/>
         </Generalisation>
         <Generalisation axiom="DnaReference SubClassOf ?cluster_1" count="1" instantiationStats="?cluster_1 count: 1">
            <Axiom axiom="DnaReference SubClassOf UtilityClass"/>
         </Generalisation>
         <Generalisation axiom="Evidence SubClassOf ?cluster_1" count="1" instantiationStats="?cluster_1 count: 1">
            <Axiom axiom="Evidence SubClassOf UtilityClass"/>
         </Generalisation>
         <Generalisation axiom="RelationshipXref SubClassOf ?cluster_1" count="1" instantiationStats="?cluster_1 count: 1">
            <Axiom axiom="RelationshipXref SubClassOf UtilityClass"/>
         </Generalisation>
         <Generalisation axiom="EntityReference SubClassOf ?cluster_1" count="1" instantiationStats="?cluster_1 count: 1">
            <Axiom axiom="EntityReference SubClassOf UtilityClass"/>
         </Generalisation>
         <Generalisation axiom="ProteinReference SubClassOf ?cluster_1" count="1" instantiationStats="?cluster_1 count: 1">
            <Axiom axiom="ProteinReference SubClassOf UtilityClass"/>
         </Generalisation>
         <Generalisation axiom="PublicationXref SubClassOf ?cluster_1" count="1" instantiationStats="?cluster_1 count: 1">
            <Axiom axiom="PublicationXref SubClassOf UtilityClass"/>
         </Generalisation>
         <Generalisation axiom="EvidenceCodeVocabulary SubClassOf ?cluster_1" count="2" instantiationStats="?cluster_1 count: 2">
            <Axiom axiom="EvidenceCodeVocabulary SubClassOf ControlledVocabulary"/>
            <Axiom axiom="EvidenceCodeVocabulary SubClassOf UtilityClass"/>
         </Generalisation>
         <Generalisation axiom="SequenceSite SubClassOf ?cluster_1" count="1" instantiationStats="?cluster_1 count: 1">
            <Axiom axiom="SequenceSite SubClassOf UtilityClass"/>
         </Generalisation>
         <Generalisation axiom="BiochemicalPathwayStep SubClassOf ?cluster_1" count="1" instantiationStats="?cluster_1 count: 1">
            <Axiom axiom="BiochemicalPathwayStep SubClassOf UtilityClass"/>
         </Generalisation>
         <Generalisation axiom="?cluster_2 SubClassOf experimentalFormDescription only &#10;(?cluster_1_conjunction)" count="1" instantiationStats="?cluster_2 count: 1; ?cluster_1 count: 3">
            <Axiom axiom="ExperimentalForm SubClassOf experimentalFormDescription only &#10;(ControlledVocabulary and ExperimentalFormVocabulary and UtilityClass)"/>
         </Generalisation>
         <Generalisation axiom="DnaRegionReference SubClassOf ?cluster_1" count="1" instantiationStats="?cluster_1 count: 1">
            <Axiom axiom="DnaRegionReference SubClassOf UtilityClass"/>
         </Generalisation>
         <Generalisation axiom="Provenance SubClassOf ?cluster_1" count="1" instantiationStats="?cluster_1 count: 1">
            <Axiom axiom="Provenance SubClassOf UtilityClass"/>
         </Generalisation>
         <Generalisation axiom="?cluster_2 EquivalentTo phenotype some &#10;(?cluster_1_conjunction)" count="1" instantiationStats="?cluster_2 count: 1; ?cluster_1 count: 3">
            <Axiom axiom="GeneticInteraction EquivalentTo phenotype some &#10;(ControlledVocabulary and PhenotypeVocabulary and UtilityClass)"/>
         </Generalisation>
         <Generalisation axiom="SequenceModificationVocabulary SubClassOf ?cluster_1" count="2" instantiationStats="?cluster_1 count: 2">
            <Axiom axiom="SequenceModificationVocabulary SubClassOf ControlledVocabulary"/>
            <Axiom axiom="SequenceModificationVocabulary SubClassOf UtilityClass"/>
         </Generalisation>
         <Generalisation axiom="DeltaG SubClassOf ?cluster_1" count="1" instantiationStats="?cluster_1 count: 1">
            <Axiom axiom="DeltaG SubClassOf UtilityClass"/>
         </Generalisation>
      </Generalisations>
   </Cluster>
   <Cluster size="3">
      <Item iri="http://www.biopax.org/release/biopax-level3.owl#Stoichiometry"/>
      <Item iri="http://www.biopax.org/release/biopax-level3.owl#ExperimentalForm"/>
      <Item iri="http://www.biopax.org/release/biopax-level3.owl#GeneticInteraction"/>
      <Generalisations>
         <Generalisation axiom="?cluster_2 SubClassOf ?cluster_1" count="2" instantiationStats="?cluster_2 count: 2; ?cluster_1 count: 1">
            <Axiom axiom="ExperimentalForm SubClassOf UtilityClass"/>
            <Axiom axiom="Stoichiometry SubClassOf UtilityClass"/>
         </Generalisation>
         <Generalisation axiom="?cluster_2 EquivalentTo experimentalFormDescription some &#10;(?cluster_1_conjunction)" count="1" instantiationStats="?cluster_2 count: 1; ?cluster_1 count: 3">
            <Axiom axiom="ExperimentalForm EquivalentTo experimentalFormDescription some &#10;(ControlledVocabulary and ExperimentalFormVocabulary and UtilityClass)"/>
         </Generalisation>
         <Generalisation axiom="?cluster_2 SubClassOf participant some &#10;(?Entity_conjunction)" count="1" instantiationStats="?Entity count: 2; ?cluster_2 count: 1">
            <Axiom axiom="GeneticInteraction SubClassOf participant some &#10;(Entity and Gene)"/>
         </Generalisation>
         <Generalisation axiom="?cluster_2 EquivalentTo phenotype some Thing" count="1" instantiationStats="?cluster_2 count: 1">
            <Axiom axiom="GeneticInteraction EquivalentTo phenotype some Thing"/>
         </Generalisation>
         <Generalisation axiom="?cluster_2 SubClassOf Interaction" count="1" instantiationStats="?cluster_2 count: 1">
            <Axiom axiom="GeneticInteraction SubClassOf Interaction"/>
         </Generalisation>
         <Generalisation axiom="?cluster_2 SubClassOf physicalEntity some &#10;(?Entity_conjunction)" count="1" instantiationStats="?Entity count: 2; ?cluster_2 count: 1">
            <Axiom axiom="Stoichiometry SubClassOf physicalEntity some &#10;(Entity and PhysicalEntity)"/>
         </Generalisation>
         <Generalisation axiom="?cluster_2 SubClassOf experimentalFormDescription some Thing" count="1" instantiationStats="?cluster_2 count: 1">
            <Axiom axiom="ExperimentalForm SubClassOf experimentalFormDescription some Thing"/>
         </Generalisation>
         <Generalisation axiom="?cluster_2 SubClassOf experimentalFormDescription some &#10;(?cluster_1_conjunction)" count="1" instantiationStats="?cluster_2 count: 1; ?cluster_1 count: 3">
            <Axiom axiom="ExperimentalForm SubClassOf experimentalFormDescription some &#10;(ControlledVocabulary and ExperimentalFormVocabulary and UtilityClass)"/>
         </Generalisation>
         <Generalisation axiom="?cluster_2 SubClassOf phenotype some &#10;(?cluster_1_conjunction)" count="1" instantiationStats="?cluster_2 count: 1; ?cluster_1 count: 3">
            <Axiom axiom="GeneticInteraction SubClassOf phenotype some &#10;(ControlledVocabulary and PhenotypeVocabulary and UtilityClass)"/>
         </Generalisation>
         <Generalisation axiom="?cluster_2 EquivalentTo physicalEntity some Thing" count="1" instantiationStats="?cluster_2 count: 1">
            <Axiom axiom="Stoichiometry EquivalentTo physicalEntity some Thing"/>
         </Generalisation>
         <Generalisation axiom="?cluster_2 SubClassOf ?Entity" count="1" instantiationStats="?Entity count: 1; ?cluster_2 count: 1">
            <Axiom axiom="GeneticInteraction SubClassOf Entity"/>
         </Generalisation>
         <Generalisation axiom="?cluster_2 SubClassOf physicalEntity some Thing" count="1" instantiationStats="?cluster_2 count: 1">
            <Axiom axiom="Stoichiometry SubClassOf physicalEntity some Thing"/>
         </Generalisation>
         <Generalisation axiom="?cluster_2 SubClassOf physicalEntity only &#10;(?Entity_conjunction)" count="1" instantiationStats="?Entity count: 2; ?cluster_2 count: 1">
            <Axiom axiom="Stoichiometry SubClassOf physicalEntity only &#10;(Entity and PhysicalEntity)"/>
         </Generalisation>
         <Generalisation axiom="?cluster_2 EquivalentTo physicalEntity some &#10;(?Entity_conjunction)" count="1" instantiationStats="?Entity count: 2; ?cluster_2 count: 1">
            <Axiom axiom="Stoichiometry EquivalentTo physicalEntity some &#10;(Entity and PhysicalEntity)"/>
         </Generalisation>
         <Generalisation axiom="?cluster_2 EquivalentTo experimentalFormDescription some Thing" count="1" instantiationStats="?cluster_2 count: 1">
            <Axiom axiom="ExperimentalForm EquivalentTo experimentalFormDescription some Thing"/>
         </Generalisation>
         <Generalisation axiom="?cluster_2 SubClassOf participant only &#10;(?Entity_conjunction)" count="1" instantiationStats="?Entity count: 2; ?cluster_2 count: 1">
            <Axiom axiom="GeneticInteraction SubClassOf participant only &#10;(Entity and Gene)"/>
         </Generalisation>
         <Generalisation axiom="?cluster_2 SubClassOf participant some Thing" count="1" instantiationStats="?cluster_2 count: 1">
            <Axiom axiom="GeneticInteraction SubClassOf participant some Thing"/>
         </Generalisation>
         <Generalisation axiom="?cluster_2 SubClassOf experimentalFormDescription only &#10;(?cluster_1_conjunction)" count="1" instantiationStats="?cluster_2 count: 1; ?cluster_1 count: 3">
            <Axiom axiom="ExperimentalForm SubClassOf experimentalFormDescription only &#10;(ControlledVocabulary and ExperimentalFormVocabulary and UtilityClass)"/>
         </Generalisation>
         <Generalisation axiom="?cluster_2 SubClassOf phenotype some Thing" count="1" instantiationStats="?cluster_2 count: 1">
            <Axiom axiom="GeneticInteraction SubClassOf phenotype some Thing"/>
         </Generalisation>
         <Generalisation axiom="?cluster_2 SubClassOf phenotype only &#10;(?cluster_1_conjunction)" count="1" instantiationStats="?cluster_2 count: 1; ?cluster_1 count: 3">
            <Axiom axiom="GeneticInteraction SubClassOf phenotype only &#10;(ControlledVocabulary and PhenotypeVocabulary and UtilityClass)"/>
         </Generalisation>
         <Generalisation axiom="?cluster_2 EquivalentTo phenotype some &#10;(?cluster_1_conjunction)" count="1" instantiationStats="?cluster_2 count: 1; ?cluster_1 count: 3">
            <Axiom axiom="GeneticInteraction EquivalentTo phenotype some &#10;(ControlledVocabulary and PhenotypeVocabulary and UtilityClass)"/>
         </Generalisation>
      </Generalisations>
   </Cluster>
   <Cluster size="3">
      <Item iri="http://www.biopax.org/release/biopax-level3.owl#PhysicalEntity"/>
      <Item iri="http://www.biopax.org/release/biopax-level3.owl#Entity"/>
      <Item iri="http://www.biopax.org/release/biopax-level3.owl#Gene"/>
      <Generalisations>
         <Generalisation axiom="Catalysis SubClassOf ?Entity" count="1" instantiationStats="?Entity count: 1">
            <Axiom axiom="Catalysis SubClassOf Entity"/>
         </Generalisation>
         <Generalisation axiom="?cluster_2 SubClassOf participant some &#10;(?Entity_conjunction)" count="1" instantiationStats="?Entity count: 2; ?cluster_2 count: 1">
            <Axiom axiom="GeneticInteraction SubClassOf participant some &#10;(Entity and Gene)"/>
         </Generalisation>
         <Generalisation axiom="TemplateReaction SubClassOf ?Entity" count="1" instantiationStats="?Entity count: 1">
            <Axiom axiom="TemplateReaction SubClassOf Entity"/>
         </Generalisation>
         <Generalisation axiom="?Entity SubClassOf ?Entity" count="2" instantiationStats="?Entity count: 3">
            <Axiom axiom="PhysicalEntity SubClassOf Entity"/>
            <Axiom axiom="Gene SubClassOf Entity"/>
         </Generalisation>
         <Generalisation axiom="Complex SubClassOf ?Entity" count="2" instantiationStats="?Entity count: 2">
            <Axiom axiom="Complex SubClassOf Entity"/>
            <Axiom axiom="Complex SubClassOf PhysicalEntity"/>
         </Generalisation>
         <Generalisation axiom="Interaction SubClassOf ?Entity" count="1" instantiationStats="?Entity count: 1">
            <Axiom axiom="Interaction SubClassOf Entity"/>
         </Generalisation>
         <Generalisation axiom="TransportWithBiochemicalReaction SubClassOf ?Entity" count="1" instantiationStats="?Entity count: 1">
            <Axiom axiom="TransportWithBiochemicalReaction SubClassOf Entity"/>
         </Generalisation>
         <Generalisation axiom="Pathway SubClassOf ?Entity" count="1" instantiationStats="?Entity count: 1">
            <Axiom axiom="Pathway SubClassOf Entity"/>
         </Generalisation>
         <Generalisation axiom="?cluster_2 SubClassOf ?Entity" count="1" instantiationStats="?Entity count: 1; ?cluster_2 count: 1">
            <Axiom axiom="GeneticInteraction SubClassOf Entity"/>
         </Generalisation>
         <Generalisation axiom="Protein SubClassOf ?Entity" count="2" instantiationStats="?Entity count: 2">
            <Axiom axiom="Protein SubClassOf PhysicalEntity"/>
            <Axiom axiom="Protein SubClassOf Entity"/>
         </Generalisation>
         <Generalisation axiom="Rna SubClassOf ?Entity" count="2" instantiationStats="?Entity count: 2">
            <Axiom axiom="Rna SubClassOf Entity"/>
            <Axiom axiom="Rna SubClassOf PhysicalEntity"/>
         </Generalisation>
         <Generalisation axiom="?cluster_2 SubClassOf physicalEntity only &#10;(?Entity_conjunction)" count="1" instantiationStats="?Entity count: 2; ?cluster_2 count: 1">
            <Axiom axiom="Stoichiometry SubClassOf physicalEntity only &#10;(Entity and PhysicalEntity)"/>
         </Generalisation>
         <Generalisation axiom="Degradation SubClassOf ?Entity" count="1" instantiationStats="?Entity count: 1">
            <Axiom axiom="Degradation SubClassOf Entity"/>
         </Generalisation>
         <Generalisation axiom="SmallMolecule SubClassOf ?Entity" count="2" instantiationStats="?Entity count: 2">
            <Axiom axiom="SmallMolecule SubClassOf Entity"/>
            <Axiom axiom="SmallMolecule SubClassOf PhysicalEntity"/>
         </Generalisation>
         <Generalisation axiom="DnaRegion SubClassOf ?Entity" count="2" instantiationStats="?Entity count: 2">
            <Axiom axiom="DnaRegion SubClassOf PhysicalEntity"/>
            <Axiom axiom="DnaRegion SubClassOf Entity"/>
         </Generalisation>
         <Generalisation axiom="Control SubClassOf ?Entity" count="1" instantiationStats="?Entity count: 1">
            <Axiom axiom="Control SubClassOf Entity"/>
         </Generalisation>
         <Generalisation axiom="?cluster_2 SubClassOf physicalEntity some &#10;(?Entity_conjunction)" count="1" instantiationStats="?Entity count: 2; ?cluster_2 count: 1">
            <Axiom axiom="Stoichiometry SubClassOf physicalEntity some &#10;(Entity and PhysicalEntity)"/>
         </Generalisation>
         <Generalisation axiom="Conversion SubClassOf ?Entity" count="1" instantiationStats="?Entity count: 1">
            <Axiom axiom="Conversion SubClassOf Entity"/>
         </Generalisation>
         <Generalisation axiom="BiochemicalReaction SubClassOf ?Entity" count="1" instantiationStats="?Entity count: 1">
            <Axiom axiom="BiochemicalReaction SubClassOf Entity"/>
         </Generalisation>
         <Generalisation axiom="Modulation SubClassOf ?Entity" count="1" instantiationStats="?Entity count: 1">
            <Axiom axiom="Modulation SubClassOf Entity"/>
         </Generalisation>
         <Generalisation axiom="Dna SubClassOf ?Entity" count="2" instantiationStats="?Entity count: 2">
            <Axiom axiom="Dna SubClassOf Entity"/>
            <Axiom axiom="Dna SubClassOf PhysicalEntity"/>
         </Generalisation>
         <Generalisation axiom="Transport SubClassOf ?Entity" count="1" instantiationStats="?Entity count: 1">
            <Axiom axiom="Transport SubClassOf Entity"/>
         </Generalisation>
         <Generalisation axiom="ComplexAssembly SubClassOf ?Entity" count="1" instantiationStats="?Entity count: 1">
            <Axiom axiom="ComplexAssembly SubClassOf Entity"/>
         </Generalisation>
         <Generalisation axiom="?cluster_2 EquivalentTo physicalEntity some &#10;(?Entity_conjunction)" count="1" instantiationStats="?Entity count: 2; ?cluster_2 count: 1">
            <Axiom axiom="Stoichiometry EquivalentTo physicalEntity some &#10;(Entity and PhysicalEntity)"/>
         </Generalisation>
         <Generalisation axiom="?cluster_2 SubClassOf participant only &#10;(?Entity_conjunction)" count="1" instantiationStats="?Entity count: 2; ?cluster_2 count: 1">
            <Axiom axiom="GeneticInteraction SubClassOf participant only &#10;(Entity and Gene)"/>
         </Generalisation>
         <Generalisation axiom="TemplateReactionRegulation SubClassOf ?Entity" count="1" instantiationStats="?Entity count: 1">
            <Axiom axiom="TemplateReactionRegulation SubClassOf Entity"/>
         </Generalisation>
         <Generalisation axiom="MolecularInteraction SubClassOf ?Entity" count="1" instantiationStats="?Entity count: 1">
            <Axiom axiom="MolecularInteraction SubClassOf Entity"/>
         </Generalisation>
         <Generalisation axiom="RnaRegion SubClassOf ?Entity" count="2" instantiationStats="?Entity count: 2">
            <Axiom axiom="RnaRegion SubClassOf PhysicalEntity"/>
            <Axiom axiom="RnaRegion SubClassOf Entity"/>
         </Generalisation>
      </Generalisations>
   </Cluster>
</Clusters>
